﻿名称,省,市,985,211,学校类型,学校属性,2023年理科录取分数,2023年文科录取分数,2022年理科录取分数,2022年文科录取分数,2021年理科录取分数,2021年文科录取分数
南京审计大学金审学院,江苏,南京市,否,否,财经类,民办,395,429,382,406,404,426
中国石油大学（北京）克拉玛依校区,新疆,克拉玛依市,否,是,理工类,公办,441,481,426,458,432,478
山西传媒学院,山西,晋中市,否,否,艺术类,公办,381,394,379,429,387,439
陕西服装工程学院,陕西,咸阳市,否,否,综合类,民办,306,358,315,337,303,204
河北科技学院,河北,唐山市,否,否,理工类,民办,296,355,294,334,311,355
山东协和学院,山东,济南市,否,否,医药类,民办,311,366,309,344,319,360
郑州升达经贸管理学院,河南,郑州市,否,否,财经类,民办,309,372,305,354,332,367
广东科技学院,广东,东莞市,否,否,综合类,民办,292,355,294,335,302,355
陕西学前师范学院,陕西,西安市,否,否,师范类,公办,388,414,384,414,394,442
天津外国语大学滨海外事学院,天津,天津市,否,否,语言类,民办,298,363,292,341,336,368
浙江外国语学院,浙江,杭州市,否,否,语言类,公办,377,449,323,438,410,465
新疆政法学院,新疆,自治区直辖县级行政区划,否,否,政法类,公办,316,385,320,366,322,378
内蒙古科技大学包头师范学院,内蒙古,包头市,否,否,师范类,公办,335,408,331,393,295,266
北京第二外国语学院,北京,北京市,否,否,语言类,公办,482,468,488,497,507,537
福建江夏学院,福建,福州市,否,否,财经类,公办,374,430,363,407,386,443
贵州黔南经济学院,贵州,黔南布依族苗族自治州,否,否,财经类,民办,305,365,308,349,325,369
西安科技大学高新学院,陕西,西安市,否,否,理工类,民办,319,364,318,346,333,369
西安明德理工学院,陕西,西安市,否,否,综合类,民办,307,358,305,334,302,353
西安工商学院,陕西,西安市,否,否,综合类,民办,307,363,306,341,318,352
西安交通大学城市学院,陕西,西安市,否,否,理工类,民办,327,377,343,392,361,411
南京邮电大学通达学院,江苏,扬州市,否,否,综合类,民办,357,408,352,387,366,403
扬州大学广陵学院,江苏,扬州市,否,否,综合类,民办,340,420,335,396,363,417
苏州大学应用技术学院,江苏,苏州市,否,否,综合类,民办,333,374,328,351,356,408
南京航空航天大学金城学院,江苏,南京市,否,否,理工类,民办,347,409,341,407,359,424
黑龙江财经学院,黑龙江,哈尔滨市,否,否,财经类,民办,295,355,292,335,308,351
黑龙江工程学院昆仑旅游学院,黑龙江,哈尔滨市,否,否,理工类,民办,285,354,296,334,302,352
哈尔滨剑桥学院,黑龙江,哈尔滨市,否,否,综合类,民办,285,355,291,336,303,350
哈尔滨华德学院,黑龙江,哈尔滨市,否,否,理工类,民办,285,355,293,336,302,359
哈尔滨远东理工学院,黑龙江,哈尔滨市,否,否,理工类,民办,293,354,291,334,303,351
滇池学院,云南,昆明市,否,否,综合类,民办,299,364,298,341,305,350
聊城大学东昌学院,山东,聊城市,否,否,综合类,民办,315,379,315,355,308,375
齐鲁理工学院,山东,济南市,否,否,综合类,民办,296,356,303,334,309,353
青岛工学院,山东,青岛市,否,否,综合类,民办,296,357,294,335,302,350
泰山科技学院,山东,泰安市,否,否,理工类,民办,156,223,178,222,174,281
西南交通大学希望学院,四川,成都市,否,否,综合类,民办,334,378,336,348,353,392
西南财经大学天府学院,四川,绵阳市,否,否,财经类,民办,341,377,342,361,346,381
四川大学锦江学院,四川,眉山市,否,否,综合类,民办,347,398,349,379,363,404
四川文化艺术学院,四川,绵阳市,否,否,艺术类,民办,306,371,297,355,327,366
绵阳城市学院,四川,绵阳市,否,否,理工类,民办,314,367,321,353,334,370
成都外国语学院,四川,成都市,否,否,语言类,民办,335,357,293,376,361,407
成都文理学院,四川,成都市,否,否,综合类,民办,337,390,339,368,355,395
成都银杏酒店管理学院,四川,成都市,否,否,财经类,民办,300,358,308,344,322,363
成都理工大学工程技术学院,四川,乐山市,否,否,理工类,民办,338,383,340,365,352,386
成都大学,四川,成都市,否,否,综合类,公办,449,503,446,480,459,508
新疆科技学院,新疆,巴音郭楞蒙古自治州,否,否,财经类,公办,320,385,320,367,322,383
新疆理工学院,新疆,阿克苏地区,否,否,理工类,公办,319,383,324,364,325,377
电子科技大学中山学院,广东,中山市,否,否,理工类,民办,347,359,345,338,349,358
湖南中医药大学湘杏学院,湖南,岳阳市,否,否,医药类,民办,345,425,304,383,386,417
湖南理工学院南湖学院,湖南,岳阳市,否,否,理工类,民办,313,395,314,365,333,390
湘潭大学兴湘学院,湖南,湘潭市,否,否,综合类,民办,323,406,330,371,342,403
长沙理工大学城南学院,湖南,长沙市,否,否,理工类,民办,339,395,343,387,358,414
湖北工程学院新技术学院,湖北,孝感市,否,否,综合类,民办,326,377,326,356,339,374
武汉文理学院,湖北,武汉市,否,否,综合类,民办,308,369,300,355,346,385
郑州商学院,河南,郑州市,否,否,财经类,民办,312,371,315,351,330,373
南昌医学院,江西,南昌市,否,否,医药类,公办,387,449,386,411,399,433
赣东学院,江西,抚州市,否,否,综合类,公办,366,420,362,399,365,417
赣南科技学院,江西,赣州市,否,否,理工类,公办,365,415,363,399,368,417
南昌交通学院,江西,南昌市,否,否,理工类,民办,307,360,299,335,305,356
厦门工学院,福建,厦门市,否,否,理工类,民办,353,407,355,385,359,402
淮北理工学院,安徽,淮北市,否,否,理工类,民办,302,360,312,342,329,372
浙江越秀外国语学院,浙江,绍兴市,否,否,语言类,民办,317,354,310,334,319,351
宁波财经学院,浙江,宁波市,否,否,财经类,民办,298,354,290,334,321,366
温州商学院,浙江,温州市,否,否,财经类,民办,254,325,184,182,142,205
嘉兴南湖学院,浙江,嘉兴市,否,否,财经类,公办,379,448,377,419,379,433
绍兴文理学院元培学院,浙江,绍兴市,否,否,综合类,民办,304,362,314,352,320,370
宁波大学科学技术学院,浙江,宁波市,否,否,综合类,民办,297,377,300,351,314,368
浙江师范大学行知学院,浙江,金华市,否,否,综合类,民办,338,430,328,409,349,444
浙江工业大学之江学院,浙江,绍兴市,否,否,理工类,民办,295,378,310,354,310,363
浙大城市学院,浙江,杭州市,否,否,综合类,公办,403,459,397,449,425,476
桂林学院,广西,桂林市,否,否,综合类,民办,309,372,313,355,320,371
兰州信息科技学院,甘肃,兰州市,否,否,理工类,民办,296,360,296,350,302,360
沈阳科技学院,辽宁,沈阳市,否,否,理工类,民办,287,355,290,334,302,353
辽宁中医药大学杏林学院,辽宁,沈阳市,否,否,医药类,民办,320,375,311,337,319,371
沈阳城市建设学院,辽宁,沈阳市,否,否,理工类,民办,287,357,290,338,302,350
辽宁师范大学海华学院,辽宁,大连市,否,否,综合类,民办,298,362,300,341,311,350
沈阳城市学院,辽宁,沈阳市,否,否,综合类,民办,286,355,290,335,302,357
晋中信息学院,山西,晋中市,否,否,理工类,民办,324,371,322,349,324,366
内蒙古大学创业学院,内蒙古,呼和浩特市,否,否,综合类,民办,305,375,309,356,315,369
呼和浩特民族学院,内蒙古,呼和浩特市,否,否,民族类,公办,331,395,337,381,351,407
长春大学旅游学院,吉林,长春市,否,否,综合类,民办,288,355,290,336,302,355
长春财经学院,吉林,长春市,否,否,财经类,民办,290,354,290,335,304,354
长春光华学院,吉林,长春市,否,否,综合类,民办,292,356,290,336,305,358
天津天狮学院,天津,天津市,否,否,综合类,民办,294,354,290,335,319,360
天津财经大学珠江学院,天津,天津市,否,否,综合类,民办,316,371,309,349,338,375
北京科技大学天津学院,天津,天津市,否,否,综合类,民办,313,383,310,361,324,388
天津商业大学宝德学院,天津,天津市,否,否,财经类,民办,304,363,307,344,311,364
民政职业大学,北京,北京市,否,否,政法类,公办,263,343,258,299,245,266
西安交通工程学院,陕西,西安市,否,否,理工类,民办,313,365,327,357,340,367
西安信息职业大学,陕西,西安市,否,否,理工类,民办,307,359,306,337,317,177
西安汽车职业大学,陕西,西安市,否,否,理工类,民办,303,355,300,346,309,153
西安欧亚学院,陕西,西安市,否,否,财经类,民办,311,357,310,342,321,350
陕西国际商贸学院,陕西,咸阳市,否,否,财经类,民办,303,358,305,345,313,358
陕西科技大学镐京学院,陕西,咸阳市,否,否,理工类,民办,306,356,305,334,310,356
西安建筑科技大学华清学院,陕西,西安市,否,否,理工类,民办,313,382,316,366,330,384
云南经济管理学院,云南,昆明市,否,否,财经类,民办,305,363,297,336,306,350
昆明文理学院,云南,昆明市,否,否,师范类,民办,302,360,305,347,313,357
青岛黄海学院,山东,青岛市,否,否,综合类,民办,305,359,304,335,312,355
山东现代学院,山东,济南市,否,否,综合类,民办,303,356,303,349,312,354
山东外事职业大学,山东,威海市,否,否,综合类,民办,144,191,147,165,216,222
青岛恒星科技学院,山东,青岛市,否,否,综合类,民办,295,354,293,149,302,177
烟台南山学院,山东,烟台市,否,否,综合类,民办,310,362,311,341,327,371
齐鲁医药学院,山东,淄博市,否,否,医药类,民办,353,388,315,358,359,398
山东石油化工学院,山东,东营市,否,否,理工类,公办,371,432,368,406,371,421
新疆天山职业技术大学,新疆,乌鲁木齐市,否,否,综合类,民办,299,363,300,348,309,359
新疆警察学院,新疆,乌鲁木齐市,否,否,政法类,公办,358,414,349,389,355,402
新疆工程学院,新疆,乌鲁木齐市,否,否,理工类,公办,326,389,330,371,329,385
广州华商学院,广东,广州市,否,否,财经类,民办,285,355,291,335,303,350
广州城市理工学院,广东,广州市,否,否,理工类,民办,314,354,302,342,305,383
广东轻工职业技术大学,广东,广州市,否,否,理工类,公办,280,337,282,312,238,231
湖南应用技术学院,湖南,常德市,否,否,综合类,民办,301,366,302,343,302,356
湖南女子学院,湖南,长沙市,否,否,综合类,公办,361,409,355,389,335,418
湖南医药学院,湖南,怀化市,否,否,医药类,公办,390,439,389,414,407,435
武汉生物工程学院,湖北,武汉市,否,否,理工类,民办,304,370,342,356,347,377
武汉晴川学院,湖北,武汉市,否,否,综合类,民办,312,360,320,335,335,365
长江大学文理学院,湖北,荆州市,否,否,综合类,民办,319,377,306,362,331,382
湖北文理学院理工学院,湖北,襄阳市,否,否,理工类,民办,328,385,334,360,342,375
武汉工程大学邮电与信息工程学院,湖北,武汉市,否,否,理工类,民办,307,378,315,355,327,366
武昌工学院,湖北,武汉市,否,否,综合类,民办,307,354,301,342,326,350
湖北商贸学院,湖北,武汉市,否,否,财经类,民办,306,362,296,339,324,350
湖北工业大学工程技术学院,湖北,武汉市,否,否,综合类,民办,328,363,326,342,339,364
武汉工商学院,湖北,武汉市,否,否,综合类,民办,307,369,314,348,318,357
湖北大学知行学院,湖北,武汉市,否,否,理工类,民办,320,387,308,379,344,397
河南财政金融学院,河南,郑州市,否,否,财经类,公办,367,432,367,413,388,433
福建师范大学协和学院,福建,福州市,否,否,综合类,民办,346,395,339,389,344,406
厦门大学嘉庚学院,福建,漳州市,否,否,综合类,民办,347,414,355,395,360,432
福建商学院,福建,福州市,否,否,财经类,公办,366,426,383,417,392,441
武夷学院,福建,南平市,否,否,综合类,公办,364,407,364,392,376,415
金华职业技术大学,浙江,金华市,否,否,综合类,公办,291,352,295,330,296,346
兰州文理学院,甘肃,兰州市,否,否,综合类,公办,358,424,353,403,377,435
兰州石化职业技术大学,甘肃,兰州市,否,否,理工类,公办,340,396,317,372,219,254
陇南师范学院,甘肃,陇南市,否,否,师范类,公办,247,312,236,298,247,298
沈阳工学院,辽宁,抚顺市,否,否,理工类,民办,294,354,290,335,302,358
朝阳师范学院,辽宁,朝阳市,否,否,师范类,公办,258,309,238,261,276,299
吕梁学院,山西,吕梁市,否,否,综合类,公办,360,416,362,400,381,418
长春人文学院,吉林,长春市,否,否,综合类,民办,290,357,290,344,302,368
吉林警察学院,吉林,长春市,否,否,政法类,公办,361,435,361,416,383,434
吉林工商学院,吉林,长春市,否,否,财经类,公办,359,413,368,392,378,423
天津仁爱学院,天津,天津市,否,否,综合类,民办,296,360,292,338,303,388
石家庄铁道大学四方学院,河北,石家庄市,否,否,理工类,民办,329,386,331,371,345,397
延安大学西安创新学院,陕西,西安市,否,否,综合类,民办,290,363,311,340,310,356
常州大学怀德学院,江苏,泰州市,否,否,理工类,民办,312,369,310,356,328,370
集宁师范学院,内蒙古,乌兰察布市,否,否,师范类,公办,339,397,346,383,357,406
大连财经学院,辽宁,大连市,否,否,财经类,民办,306,363,304,336,314,351
南通理工学院,江苏,南通市,否,否,综合类,民办,299,355,313,342,326,358
山东财经大学东方学院,山东,泰安市,否,否,综合类,民办,308,362,309,352,321,365
河北东方学院,河北,廊坊市,否,否,综合类,民办,304,361,301,336,320,364
信阳学院,河南,信阳市,否,否,综合类,民办,314,384,314,365,323,374
琼台师范学院,海南,海口市,否,否,师范类,公办,371,414,361,401,379,433
河南城建学院,河南,平顶山市,否,否,理工类,公办,357,400,357,388,369,418
郑州工业应用技术学院,河南,郑州市,否,否,理工类,民办,306,364,303,344,317,361
荆楚理工学院,湖北,荆门市,否,否,理工类,公办,365,426,368,389,377,424
重庆工程学院,重庆,重庆市,否,否,理工类,民办,337,380,352,369,360,393
重庆电子科技职业大学,重庆,重庆市,否,否,理工类,公办,285,340,289,318,292,340
重庆工商大学派斯学院,重庆,重庆市,否,否,财经类,民办,334,372,334,356,346,376
重庆移通学院,重庆,重庆市,否,否,理工类,民办,329,368,323,336,350,383
重庆财经学院,重庆,重庆市,否,否,财经类,民办,335,391,339,373,363,406
重庆外语外事学院,重庆,重庆市,否,否,语言类,民办,314,366,318,359,352,387
重庆对外经贸学院,重庆,重庆市,否,否,财经类,民办,329,389,329,369,351,401
沧州交通学院,河北,沧州市,否,否,理工类,民办,307,361,306,347,309,354
珠海科技学院,广东,珠海市,否,否,综合类,民办,343,367,341,339,351,402
烟台理工学院,山东,烟台市,否,否,综合类,民办,310,371,308,343,332,362
西安财经大学行知学院,陕西,西安市,否,否,财经类,民办,325,363,332,350,336,366
无锡学院,江苏,无锡市,否,否,理工类,公办,395,448,389,420,391,433
河北地质大学华信学院,河北,石家庄市,否,否,综合类,民办,298,361,290,334,318,364
北京中医药大学东方学院,河北,廊坊市,否,否,医药类,民办,344,398,321,364,343,387
青岛城市学院,山东,青岛市,否,否,理工类,民办,305,354,310,334,336,358
燕京理工学院,河北,廊坊市,否,否,理工类,民办,305,370,303,343,302,355
四川工商学院,四川,成都市,否,否,综合类,民办,326,370,293,360,360,397
海口经济学院,海南,海口市,否,否,综合类,民办,282,335,290,340,302,351
浙江水利水电学院,浙江,杭州市,否,否,理工类,公办,385,444,381,425,400,452
西交利物浦大学,江苏,苏州市,否,否,综合类,中外合作办学,438,487,413,460,428,493
新疆农业职业技术大学,新疆,昌吉回族自治州,否,否,农林类,公办,222,269,212,245,223,215
三亚学院,海南,三亚市,否,否,综合类,民办,285,354,271,306,303,351
河南开封科技传媒学院,河南,开封市,否,否,综合类,民办,304,373,305,349,314,353
武汉纺织大学外经贸学院,湖北,武汉市,否,否,综合类,民办,309,368,294,228,314,397
大连理工大学城市学院,辽宁,大连市,否,否,理工类,民办,303,355,299,335,306,352
上海外国语大学贤达经济人文学院,上海,上海市,否,否,财经类,民办,285,359,291,339,302,350
北京理工大学珠海学院,广东,珠海市,否,否,理工类,民办,358,402,351,377,361,394
广州新华学院,广东,广州市,否,否,综合类,民办,304,358,314,340,308,364
武汉体育学院体育科技学院,湖北,武汉市,否,否,体育类,民办,306,367,297,353,329,370
昆明城市学院,云南,昆明市,否,否,综合类,民办,298,357,298,337,302,350
昆明医科大学海源学院,云南,昆明市,否,否,医药类,民办,329,361,329,352,350,368
北京师范大学-香港浸会大学联合国际学院,广东,珠海市,否,否,综合类,内地与港澳台地区合作办学,397,460,400,450,406,466
安康学院,陕西,安康市,否,否,综合类,公办,362,423,364,402,370,421
商洛学院,陕西,商洛市,否,否,综合类,公办,355,423,344,389,375,436
三明学院,福建,三明市,否,否,综合类,公办,362,408,345,406,380,433
龙岩学院,福建,龙岩市,否,否,综合类,公办,360,406,363,392,374,424
海南热带海洋学院,海南,三亚市,否,否,综合类,公办,370,413,367,397,373,405
青岛滨海学院,山东,青岛市,否,否,综合类,民办,305,356,304,334,315,350
辽宁对外经贸学院,辽宁,大连市,否,否,财经类,民办,285,354,294,334,302,351
长沙医学院,湖南,长沙市,否,否,医药类,民办,350,391,316,340,371,393
重庆人文科技学院,重庆,重庆市,否,否,综合类,民办,321,379,320,359,346,380
山东大学（威海）,山东,威海市,是,是,综合类,公办,525,545,521,525,539,563
宁波诺丁汉大学,浙江,宁波市,否,否,综合类,中外合作办学,427,471,404,456,405,478
上海师范大学天华学院,上海,上海市,否,否,综合类,民办,291,355,310,334,302,350
集美大学诚毅学院,福建,厦门市,否,否,综合类,民办,353,410,354,397,367,425
山东航空学院,山东,滨州市,否,否,综合类,公办,385,433,368,414,380,439
信阳农林学院,河南,信阳市,否,否,农林类,公办,353,402,351,388,369,417
湖南涉外经济学院,湖南,长沙市,否,否,财经类,民办,285,354,290,334,303,351
西京学院,陕西,西安市,否,否,理工类,民办,331,376,337,362,346,381
西安翻译学院,陕西,西安市,否,否,语言类,民办,299,354,310,349,320,356
洛阳理工学院,河南,洛阳市,否,否,理工类,公办,372,435,380,418,386,438
武汉城市学院,湖北,武汉市,否,否,理工类,民办,305,364,314,366,340,391
保定理工学院,河北,保定市,否,否,理工类,民办,299,356,294,336,308,351
辽宁理工学院,辽宁,锦州市,否,否,理工类,民办,286,355,290,334,303,358
武汉东湖学院,湖北,武汉市,否,否,综合类,民办,316,369,321,340,335,373
武昌理工学院,湖北,武汉市,否,否,综合类,民办,305,366,318,348,327,361
郑州师范学院,河南,郑州市,否,否,师范类,公办,381,414,387,420,393,449
武汉工程科技学院,湖北,武汉市,否,否,理工类,民办,307,359,309,341,311,355
南京特殊教育师范学院,江苏,南京市,否,否,师范类,公办,363,417,355,405,382,431
电子科技大学成都学院,四川,成都市,否,否,理工类,民办,360,405,362,385,373,416
陕西警察学院,陕西,西安市,否,否,政法类,公办,263,313,254,279,261,281
三峡大学科技学院,湖北,宜昌市,否,否,综合类,民办,326,378,322,359,341,380
北京邮电大学世纪学院,北京,北京市,否,否,综合类,民办,333,380,318,346,318,373
汉口学院,湖北,武汉市,否,否,综合类,民办,323,367,318,345,324,350
武昌首义学院,湖北,武汉市,否,否,理工类,民办,336,395,338,379,354,393
西安航空学院,陕西,西安市,否,否,理工类,公办,382,428,387,410,402,433
武汉华夏理工学院,湖北,武汉市,否,否,理工类,民办,308,358,307,334,319,352
天水师范学院,甘肃,天水市,否,否,师范类,公办,352,425,335,405,372,425
陇东学院,甘肃,庆阳市,否,否,综合类,公办,345,412,342,390,367,417
上海电机学院,上海,上海市,否,否,理工类,公办,424,466,420,450,433,484
塔里木大学,新疆,自治区直辖县级行政区划,否,否,综合类,公办,399,401,407,391,405,401
榆林学院,陕西,榆林市,否,否,综合类,公办,361,433,362,409,371,427
曲靖师范学院,云南,曲靖市,否,否,师范类,公办,358,417,330,393,379,432
宜宾学院,四川,宜宾市,否,否,综合类,公办,377,430,380,407,386,436
内江师范学院,四川,内江市,否,否,师范类,公办,386,453,389,433,388,452
绵阳师范学院,四川,绵阳市,否,否,师范类,公办,383,445,383,428,391,459
文华学院,湖北,武汉市,否,否,综合类,民办,333,381,327,369,347,382
重庆工商大学,重庆,重庆市,否,否,财经类,公办,419,476,404,455,470,515
浙江传媒学院,浙江,杭州市,否,否,艺术类,公办,412,462,404,457,425,484
绥化学院,黑龙江,绥化市,否,否,综合类,公办,335,396,337,382,362,409
厦门理工学院,福建,厦门市,否,否,理工类,公办,393,435,389,429,405,457
金陵科技学院,江苏,南京市,否,否,理工类,公办,404,441,396,421,409,454
黑河学院,黑龙江,黑河市,否,否,综合类,公办,342,396,342,377,343,387
西安文理学院,陕西,西安市,否,否,综合类,公办,379,459,393,440,401,463
重庆文理学院,重庆,重庆市,否,否,综合类,公办,384,413,387,425,399,460
伊犁师范大学,新疆,伊犁哈萨克自治州,否,否,师范类,公办,339,403,344,397,357,410
广东金融学院,广东,广州市,否,否,财经类,公办,400,452,404,438,427,469
湖北理工学院,湖北,黄石市,否,否,理工类,公办,369,421,372,406,382,429
吉林农业科技学院,吉林,吉林市,否,否,农林类,公办,351,398,351,382,361,406
大庆师范学院,黑龙江,大庆市,否,否,师范类,公办,338,399,340,363,356,417
上海政法学院,上海,上海市,否,否,政法类,公办,455,523,463,496,499,537
上海商学院,上海,上海市,否,否,财经类,公办,383,441,385,421,407,461
重庆科技大学,重庆,重庆市,否,否,理工类,公办,383,428,379,424,396,447
武汉科技大学,湖北,武汉市,否,否,综合类,公办,422,495,458,476,480,507
广州科技职业技术大学,广东,广州市,否,否,综合类,民办,158,171,165,144,185,171
广东工商职业技术大学,广东,肇庆市,否,否,综合类,民办,286,244,292,226,304,354
广东白云学院,广东,广州市,否,否,综合类,民办,299,358,298,336,307,362
广东培正学院,广东,广州市,否,否,财经类,民办,288,418,291,334,302,351
广东技术师范大学,广东,广州市,否,否,师范类,公办,374,440,384,412,391,442
南方医科大学,广东,广州市,否,否,医药类,公办,502,499,491,481,565,499
贵州大学,贵州,贵阳市,否,是,综合类,公办,404,484,449,484,463,513
西南大学,重庆,重庆市,否,是,综合类,公办,484,540,499,516,519,559
攀枝花学院,四川,攀枝花市,否,否,综合类,公办,368,438,374,413,378,437
新余学院,江西,新余市,否,否,综合类,公办,361,423,356,398,378,410
萍乡学院,江西,萍乡市,否,否,综合类,公办,356,413,355,398,374,420
河南科技学院,河南,新乡市,否,否,综合类,公办,369,434,371,411,383,430
信阳师范大学,河南,信阳市,否,否,师范类,公办,360,418,362,399,376,448
首都经济贸易大学,北京,北京市,否,否,财经类,公办,527,490,520,507,551,546
河南中医药大学,河南,郑州市,否,否,医药类,公办,370,442,382,425,399,452
江西科技学院,江西,南昌市,否,否,综合类,民办,312,359,308,337,315,350
南昌理工学院,江西,南昌市,否,否,综合类,民办,311,366,314,346,318,350
南昌工程学院,江西,南昌市,否,否,理工类,公办,391,424,385,411,393,440
北京体育大学,北京,北京市,否,是,体育类,公办,484,503,471,490,482,523
西安思源学院,陕西,西安市,否,否,综合类,民办,307,368,316,357,330,373
西安外事学院,陕西,西安市,否,否,综合类,民办,316,354,314,341,307,354
南阳理工学院,河南,南阳市,否,否,理工类,公办,366,402,366,377,379,424
安阳工学院,河南,安阳市,否,否,理工类,公办,357,401,351,367,373,420
中国石油大学（北京）,北京,北京市,否,是,理工类,公办,515,516,497,500,508,539
华北电力大学,北京,北京市,否,是,理工类,公办,536,531,518,503,532,555
吉利学院,四川,成都市,否,否,理工类,民办,325,357,323,339,319,355
汉江师范学院,湖北,十堰市,否,否,师范类,公办,361,421,365,415,377,443
武汉商学院,湖北,武汉市,否,否,财经类,公办,369,414,374,406,393,446
四川文理学院,四川,达州市,否,否,综合类,公办,363,426,370,412,388,436
四川工程职业技术大学,四川,德阳市,否,否,理工类,公办,270,335,266,304,278,308
辽宁工程技术大学,辽宁,阜新市,否,否,理工类,公办,413,466,412,449,423,484
成都东软学院,四川,成都市,否,否,理工类,民办,338,369,333,348,361,392
黑龙江工业学院,黑龙江,鸡西市,否,否,综合类,公办,345,394,347,382,360,405
哈尔滨信息工程学院,黑龙江,哈尔滨市,否,否,理工类,民办,285,356,290,334,302,350
河北外国语学院,河北,石家庄市,否,否,语言类,民办,287,354,291,334,305,357
哈尔滨职业技术大学,黑龙江,哈尔滨市,否,否,综合类,公办,237,255,216,200,183,172
哈尔滨金融学院,黑龙江,哈尔滨市,否,否,财经类,公办,365,414,370,401,382,421
上海中侨职业技术大学,上海,上海市,否,否,财经类,民办,195,218,159,155,187,154
河北工业职业技术大学,河北,石家庄市,否,否,理工类,公办,343,401,228,188,223,236
河北金融学院,河北,保定市,否,否,财经类,公办,353,387,374,406,385,440
河北石油职业技术大学,河北,承德市,否,否,理工类,公办,350,410,337,388,216,323
上海建桥学院,上海,上海市,否,否,财经类,民办,311,356,317,335,327,352
广州工商学院,广东,广州市,否,否,财经类,民办,290,354,292,339,306,358
河北地质大学,河北,石家庄市,否,否,理工类,公办,370,435,368,414,396,462
华北科技学院,河北,廊坊市,否,否,理工类,公办,371,412,374,409,384,439
华北理工大学,河北,唐山市,否,否,综合类,公办,441,473,400,444,413,460
华北电力大学保定校区,河北,保定市,否,是,理工类,公办,527,518,508,495,518,538
北京印刷学院,北京,北京市,否,否,理工类,公办,433,482,434,480,440,516
北京物资学院,北京,北京市,否,否,财经类,公办,424,472,426,466,445,500
中国劳动关系学院,北京,北京市,否,否,政法类,公办,385,451,387,433,397,456
北京联合大学,北京,北京市,否,否,综合类,公办,461,497,459,485,477,517
北京工商大学,北京,北京市,否,否,财经类,公办,479,521,475,497,445,529
中国政法大学,北京,北京市,否,是,政法类,公办,512,584,567,545,587,589
中华女子学院,北京,北京市,否,否,语言类,公办,381,447,382,431,392,453
中央财经大学,北京,北京市,否,是,财经类,公办,560,566,552,541,449,587
北京城市学院,北京,北京市,否,否,综合类,民办,349,395,327,384,321,403
中国传媒大学,北京,北京市,否,是,综合类,公办,543,551,533,547,553,581
中国农业大学,北京,北京市,是,是,农林类,公办,544,538,522,513,548,547
北京化工大学,北京,北京市,否,是,理工类,公办,503,519,492,506,514,543
鲁东大学,山东,烟台市,否,否,综合类,公办,364,453,382,437,395,463
烟台大学,山东,烟台市,否,否,综合类,公办,412,489,400,471,405,506
潍坊学院,山东,潍坊市,否,否,综合类,公办,378,445,372,416,381,431
山东农业大学,山东,泰安市,否,否,农林类,公办,387,457,388,438,398,459
山东科技大学,山东,青岛市,否,否,理工类,公办,394,472,381,442,423,470
山东财经大学,山东,济南市,否,否,财经类,公办,401,467,397,448,422,479
山东交通学院,山东,济南市,否,否,理工类,公办,380,436,374,418,391,440
桂林理工大学,广西,桂林市,否,否,理工类,公办,375,415,374,411,394,440
山东建筑大学,山东,济南市,否,否,理工类,公办,391,444,390,363,405,490
山东工商学院,山东,烟台市,否,否,财经类,公办,373,447,372,427,390,452
贵州财经大学,贵州,贵阳市,否,否,财经类,公办,383,455,390,429,373,439
海南医科大学,海南,海口市,否,否,医药类,公办,480,427,473,406,485,432
海南师范大学,海南,海口市,否,否,师范类,公办,405,464,390,438,402,465
曲阜师范大学,山东,济宁市,否,否,师范类,公办,386,453,385,441,394,469
青岛理工大学,山东,青岛市,否,否,理工类,公办,409,444,402,440,418,471
青岛科技大学,山东,青岛市,否,否,理工类,公办,426,478,427,467,442,502
内蒙古科技大学,内蒙古,包头市,否,否,综合类,公办,357,410,352,407,371,423
海南大学,海南,海口市,否,是,综合类,公办,456,516,425,492,477,523
河西学院,甘肃,张掖市,否,否,综合类,公办,348,398,347,391,368,416
甘肃政法大学,甘肃,兰州市,否,否,政法类,公办,379,445,378,430,402,463
兰州财经大学,甘肃,兰州市,否,否,财经类,公办,372,421,376,422,400,453
青岛大学,山东,青岛市,否,否,综合类,公办,451,504,431,475,456,518
甘肃中医药大学,甘肃,兰州市,否,否,医药类,公办,369,420,345,405,398,433
临沂大学,山东,临沂市,否,否,综合类,公办,382,459,380,438,385,461
西北师范大学,甘肃,兰州市,否,否,师范类,公办,390,456,393,444,405,468
许昌学院,河南,许昌市,否,否,理工类,公办,383,426,376,404,381,423
青岛农业大学,山东,青岛市,否,否,农林类,公办,370,447,376,439,389,464
河南财经政法大学,河南,郑州市,否,否,财经类,公办,402,478,433,471,444,497
兰州交通大学,甘肃,兰州市,否,否,理工类,公办,394,410,398,436,411,362
南阳师范学院,河南,南阳市,否,否,师范类,公办,349,428,365,390,376,437
周口师范学院,河南,周口市,否,否,师范类,公办,365,429,374,419,379,440
中原工学院,河南,郑州市,否,否,理工类,公办,367,422,361,413,382,439
西北民族大学,甘肃,兰州市,否,否,综合类,公办,371,414,367,402,378,445
闽江学院,福建,福州市,否,否,综合类,公办,376,445,370,419,396,447
福建师范大学,福建,福州市,否,否,师范类,公办,378,458,374,447,399,481
集美大学,福建,厦门市,否,否,综合类,公办,414,482,404,460,430,488
黄河科技学院,河南,郑州市,否,否,理工类,民办,316,379,313,361,331,368
福建农林大学,福建,福州市,否,否,农林类,公办,411,459,403,460,436,491
河南工业大学,河南,郑州市,否,否,理工类,公办,380,418,385,437,406,461
华侨大学,福建,泉州市,否,否,综合类,公办,433,492,436,469,450,494
湖北文理学院,湖北,襄阳市,否,否,综合类,公办,380,456,381,437,394,458
河南科技大学,河南,洛阳市,否,否,综合类,公办,388,382,396,431,405,458
河南大学,河南,开封市,否,否,综合类,公办,418,508,454,489,469,518
郑州轻工业大学,河南,郑州市,否,否,理工类,公办,399,453,393,429,402,453
湖北科技学院,湖北,咸宁市,否,否,综合类,公办,388,409,376,405,398,435
黑龙江工程学院,黑龙江,哈尔滨市,否,否,理工类,公办,348,405,341,345,365,426
哈尔滨学院,黑龙江,哈尔滨市,否,否,综合类,公办,351,405,350,385,355,388
东北石油大学,黑龙江,大庆市,否,否,理工类,公办,425,467,421,451,432,482
湖北经济学院,湖北,武汉市,否,否,财经类,公办,332,436,399,439,412,467
哈尔滨商业大学,黑龙江,哈尔滨市,否,否,财经类,公办,333,450,375,437,386,457
武汉轻工大学,湖北,武汉市,否,否,理工类,公办,406,457,401,440,421,469
武汉工程大学,湖北,武汉市,否,否,理工类,公办,434,486,436,467,457,495
武汉纺织大学,湖北,武汉市,否,否,理工类,公办,397,451,388,432,404,457
三峡大学,湖北,宜昌市,否,否,综合类,公办,428,473,418,469,444,500
哈尔滨医科大学,黑龙江,哈尔滨市,否,否,医药类,公办,538,423,531,411,546,444
长江大学,湖北,荆州市,否,否,综合类,公办,426,487,422,472,441,500
黑龙江八一农垦大学,黑龙江,大庆市,否,否,农林类,公办,354,405,357,400,371,423
湖北大学,湖北,武汉市,否,否,综合类,公办,430,494,441,480,462,513
中南民族大学,湖北,武汉市,否,否,综合类,公办,417,482,441,459,457,515
黑龙江大学,黑龙江,哈尔滨市,否,否,综合类,公办,419,488,417,470,430,505
东北林业大学,黑龙江,哈尔滨市,否,是,农林类,公办,442,498,431,478,452,511
邵阳学院,湖南,邵阳市,否,否,综合类,公办,369,418,366,409,376,430
湖南文理学院,湖南,常德市,否,否,综合类,公办,369,430,365,418,393,450
中南财经政法大学,湖北,武汉市,否,是,财经类,公办,418,543,530,516,552,571
吉林财经大学,吉林,长春市,否,否,财经类,公办,382,450,391,437,403,459
吉林外国语大学,吉林,长春市,否,否,语言类,民办,300,355,296,348,342,350
白城师范学院,吉林,白城市,否,否,师范类,公办,344,402,344,388,363,416
通化师范学院,吉林,通化市,否,否,师范类,公办,350,403,347,389,363,418
湖南工商大学,湖南,长沙市,否,否,财经类,公办,410,465,403,441,420,477
衡阳师范学院,湖南,衡阳市,否,否,师范类,公办,372,414,371,424,388,449
吉林工程技术师范学院,吉林,长春市,否,否,师范类,公办,338,393,342,373,361,408
湖南中医药大学,湖南,长沙市,否,否,医药类,公办,526,471,512,454,544,515
中南林业科技大学,湖南,长沙市,否,否,农林类,公办,421,471,413,458,440,493
湖南工程学院,湖南,湘潭市,否,否,理工类,公办,379,425,378,408,346,438
湖南工业大学,湖南,株洲市,否,否,综合类,公办,424,472,422,459,440,495
湖南城市学院,湖南,益阳市,否,否,综合类,公办,366,426,370,407,380,436
湖南理工学院,湖南,岳阳市,否,否,理工类,公办,395,383,392,428,406,445
长春工程学院,吉林,长春市,否,否,理工类,公办,356,401,356,385,369,423
湖南农业大学,湖南,长沙市,否,否,农林类,公办,419,441,417,427,436,494
吉林师范大学,吉林,四平市,否,否,师范类,公办,366,443,371,425,378,450
长沙理工大学,湖南,长沙市,否,否,理工类,公办,468,487,454,473,476,502
湖南科技大学,湖南,湘潭市,否,否,综合类,公办,426,478,431,460,448,498
长春师范大学,吉林,长春市,否,否,师范类,公办,357,428,382,426,391,451
湘潭大学,湖南,湘潭市,否,否,综合类,公办,398,497,458,492,477,519
西安培华学院,陕西,西安市,否,否,综合类,民办,322,384,336,369,351,397
长春理工大学,吉林,长春市,否,否,理工类,公办,431,466,424,462,439,488
长春大学,吉林,长春市,否,否,综合类,公办,370,425,373,413,390,435
西北政法大学,陕西,西安市,否,否,政法类,公办,512,537,500,512,523,549
西安财经大学,陕西,西安市,否,否,财经类,公办,443,489,442,469,443,497
西安外国语大学,陕西,西安市,否,否,语言类,公办,410,492,435,474,460,502
青海民族大学,青海,西宁市,否,否,民族类,公办,330,408,340,394,314,425
陕西理工大学,陕西,汉中市,否,否,理工类,公办,390,449,394,430,408,455
青海师范大学,青海,西宁市,否,否,师范类,公办,368,431,380,427,380,443
咸阳师范学院,陕西,咸阳市,否,否,师范类,公办,374,446,375,424,392,450
陕西中医药大学,陕西,咸阳市,否,否,医药类,公办,451,513,450,498,461,514
西安邮电大学,陕西,西安市,否,否,理工类,公办,462,477,420,445,434,479
大理大学,云南,大理白族自治州,否,否,综合类,公办,387,445,391,426,401,450
西安工业大学,陕西,西安市,否,否,理工类,公办,473,465,463,449,475,477
云南警官学院,云南,昆明市,否,否,政法类,公办,371,455,346,419,388,435
西安工程大学,陕西,西安市,否,否,理工类,公办,428,470,422,460,448,493
云南财经大学,云南,昆明市,否,否,财经类,公办,395,459,395,437,414,462
西安石油大学,陕西,西安市,否,否,理工类,公办,432,484,430,466,449,502
楚雄师范学院,云南,楚雄彝族自治州,否,否,师范类,公办,363,409,364,394,375,417
西安科技大学,陕西,西安市,否,否,理工类,公办,454,487,452,474,466,508
西南林业大学,云南,昆明市,否,否,农林类,公办,369,429,375,420,390,451
云南农业大学,云南,昆明市,否,否,农林类,公办,432,454,370,394,446,402
延安大学,陕西,延安市,否,否,综合类,公办,403,447,389,435,393,460
安徽财经大学,安徽,蚌埠市,否,否,财经类,公办,423,478,424,464,450,499
淮南师范学院,安徽,淮南市,否,否,师范类,公办,358,392,372,414,379,440
西北农林科技大学,陕西,咸阳市,是,是,农林类,公办,481,522,482,504,499,538
淮北师范大学,安徽,淮北市,否,否,综合类,公办,389,453,388,438,406,463
华东政法大学,上海,上海市,否,否,政法类,公办,530,559,526,547,568,580
上海立信会计金融学院,上海,上海市,否,否,财经类,公办,474,516,480,496,510,539
上海对外经贸大学,上海,上海市,否,否,财经类,公办,493,499,486,474,506,532
上海应用技术大学,上海,上海市,否,否,理工类,公办,434,467,425,451,456,495
上海海事大学,上海,上海市,否,否,理工类,公办,442,503,402,465,465,532
上海师范大学,上海,上海市,否,否,综合类,公办,470,486,466,446,487,527
上海海洋大学,上海,上海市,否,否,农林类,公办,426,490,445,468,527,540
上海工程技术大学,上海,上海市,否,否,理工类,公办,389,459,386,442,417,487
广州大学,广东,广州市,否,否,综合类,公办,405,478,484,493,497,534
广州中医药大学,广东,广州市,否,否,医药类,公办,509,509,436,509,518,536
广东海洋大学,广东,湛江市,否,否,综合类,公办,391,456,390,445,402,470
五邑大学,广东,江门市,否,否,综合类,公办,415,464,404,442,418,459
深圳大学,广东,深圳市,否,否,综合类,公办,531,542,523,517,540,554
太原师范学院,山西,晋中市,否,否,师范类,公办,389,458,399,436,395,455
太原科技大学,山西,太原市,否,否,理工类,公办,399,446,400,426,407,449
川北医学院,四川,南充市,否,否,医药类,公办,452,473,460,455,477,486
山西财经大学,山西,太原市,否,否,财经类,公办,386,439,391,426,407,461
山西医科大学,山西,太原市,否,否,医药类,公办,424,434,393,399,418,444
成都信息工程大学,四川,成都市,否,否,理工类,公办,467,489,466,469,479,504
西南石油大学,四川,成都市,否,否,综合类,公办,466,508,457,486,467,516
中国民用航空飞行学院,四川,德阳市,否,否,理工类,公办,399,426,390,403,408,366
西华师范大学,四川,南充市,否,否,师范类,公办,367,421,379,428,391,454
西南科技大学,四川,绵阳市,否,否,理工类,公办,426,481,430,467,448,502
浙江万里学院,浙江,宁波市,否,否,理工类,公办,381,431,377,406,385,426
浙江工商大学,浙江,杭州市,否,否,财经类,公办,443,460,443,495,411,529
温州大学,浙江,温州市,否,否,综合类,公办,393,468,400,446,415,478
台州学院,浙江,台州市,否,否,综合类,公办,383,463,370,448,387,456
湖州师范学院,浙江,湖州市,否,否,综合类,公办,454,362,375,433,391,452
浙江工业大学,浙江,杭州市,否,否,理工类,公办,427,489,471,487,488,521
浙江师范大学,浙江,金华市,否,否,综合类,公办,473,507,474,490,479,522
宁波大学,浙江,宁波市,否,否,综合类,公办,457,504,434,482,469,506
昌吉学院,新疆,昌吉回族自治州,否,否,综合类,公办,318,386,328,371,331,385
新疆财经大学,新疆,乌鲁木齐市,否,否,财经类,公办,404,458,407,448,413,468
喀什大学,新疆,喀什地区,否,否,综合类,公办,328,397,335,379,338,390
新疆师范大学,新疆,乌鲁木齐市,否,否,师范类,公办,396,458,400,445,413,469
新疆医科大学,新疆,乌鲁木齐市,否,否,医药类,公办,408,486,459,466,448,483
新疆农业大学,新疆,乌鲁木齐市,否,否,农林类,公办,401,458,405,443,413,466
成都理工大学,四川,成都市,否,否,理工类,公办,446,492,447,479,487,515
西南民族大学,四川,成都市,否,否,民族类,公办,426,487,421,473,449,510
东北财经大学,辽宁,大连市,否,否,财经类,公办,439,518,485,447,511,552
辽宁师范大学,辽宁,大连市,否,否,师范类,公办,382,457,378,446,401,472
沈阳大学,辽宁,沈阳市,否,否,综合类,公办,365,418,363,421,386,452
沈阳师范大学,辽宁,沈阳市,否,否,师范类,公办,404,444,403,432,412,462
大连交通大学,辽宁,大连市,否,否,理工类,公办,430,443,427,426,442,472
大连大学,辽宁,大连市,否,否,综合类,公办,389,457,380,439,411,467
大连外国语大学,辽宁,大连市,否,否,语言类,公办,399,458,417,470,485,503
渤海大学,辽宁,锦州市,否,否,综合类,公办,373,442,384,423,389,455
辽宁工业大学,辽宁,锦州市,否,否,理工类,公办,369,428,377,418,388,441
沈阳航空航天大学,辽宁,沈阳市,否,否,理工类,公办,382,422,387,417,406,443
大连民族大学,辽宁,大连市,否,否,民族类,公办,414,464,413,453,429,487
鞍山师范学院,辽宁,鞍山市,否,否,师范类,公办,361,408,365,392,369,425
石河子大学,新疆,自治区直辖县级行政区划,否,是,综合类,公办,397,466,407,451,416,473
重庆三峡学院,重庆,重庆市,否,否,综合类,公办,382,443,384,425,396,455
九江学院,江西,九江市,否,否,综合类,公办,367,410,358,392,380,432
长江师范学院,重庆,重庆市,否,否,师范类,公办,365,418,374,427,389,453
赣南师范大学,江西,赣州市,否,否,师范类,公办,359,410,312,420,392,449
重庆理工大学,重庆,重庆市,否,否,理工类,公办,418,461,408,443,431,473
上饶师范学院,江西,上饶市,否,否,师范类,公办,370,416,379,394,381,429
西南政法大学,重庆,重庆市,否,否,政法类,公办,411,547,521,528,540,562
重庆师范大学,重庆,重庆市,否,否,师范类,公办,402,464,410,458,427,491
东华理工大学,江西,南昌市,否,否,理工类,公办,418,470,418,453,436,489
江西财经大学,江西,南昌市,否,否,财经类,公办,399,491,462,502,501,537
扬州大学,江苏,扬州市,否,否,综合类,公办,424,509,431,489,463,519
江苏大学,江苏,镇江市,否,否,综合类,公办,468,514,430,493,469,535
南京林业大学,江苏,南京市,否,否,农林类,公办,448,504,451,485,466,517
南京信息工程大学,江苏,南京市,否,否,综合类,公办,500,496,493,483,513,510
江西理工大学,江西,赣州市,否,否,理工类,公办,429,480,424,460,434,479
南京财经大学,江苏,南京市,否,否,财经类,公办,398,488,464,495,494,532
苏州科技大学,江苏,苏州市,否,否,综合类,公办,417,494,444,477,465,510
江苏科技大学,江苏,镇江市,否,否,理工类,公办,449,501,439,474,454,503
南京邮电大学,江苏,南京市,否,否,理工类,公办,535,514,517,495,536,525
杭州电子科技大学,浙江,杭州市,否,否,理工类,公办,477,502,466,476,474,519
常州大学,江苏,常州市,否,否,理工类,公办,426,478,426,466,442,500
南京审计大学,江苏,南京市,否,否,财经类,公办,472,521,453,490,521,542
江苏理工学院,江苏,常州市,否,否,理工类,公办,369,414,365,399,385,435
东北师范大学,吉林,长春市,否,是,师范类,公办,469,515,488,509,503,542
清华大学,北京,北京市,是,是,综合类,公办,655,624,642,602,651,638
东北农业大学,黑龙江,哈尔滨市,否,是,农林类,公办,411,495,466,475,477,485
上海外国语大学,上海,上海市,否,是,语言类,公办,510,554,544,536,571,578
复旦大学,上海,上海市,是,是,综合类,公办,649,610,632,578,646,619
华东师范大学,上海,上海市,是,是,师范类,公办,562,569,559,543,589,591
上海财经大学,上海,上海市,否,是,财经类,公办,571,574,556,555,583,609
延边大学,吉林,延边朝鲜族自治州,否,是,综合类,公办,435,488,435,463,445,499
武汉理工大学,湖北,武汉市,否,是,理工类,公办,520,516,507,510,532,544
华中科技大学,湖北,武汉市,是,是,综合类,公办,598,566,575,552,608,589
山东大学,山东,济南市,是,是,综合类,公办,551,556,542,525,561,579
上海交通大学,上海,上海市,是,是,综合类,公办,653,611,637,581,647,618
中南大学,湖南,长沙市,是,是,综合类,公办,532,558,403,531,558,577
吉林大学,吉林,长春市,是,是,综合类,公办,500,557,516,534,545,572
中国地质大学（武汉）,湖北,武汉市,否,是,理工类,公办,489,507,480,505,501,542
中国石油大学（华东）,山东,青岛市,否,是,理工类,公办,485,522,477,500,495,536
重庆大学,重庆,重庆市,是,是,综合类,公办,545,550,531,530,562,575
苏州大学,江苏,苏州市,否,是,综合类,公办,530,532,418,460,540,569
中国药科大学,江苏,南京市,否,是,医药类,公办,510,530,496,511,519,544
河海大学,江苏,南京市,否,是,综合类,公办,518,536,507,513,535,554
南京师范大学,江苏,南京市,否,是,师范类,公办,465,529,420,496,526,556
浙江大学,浙江,杭州市,是,是,综合类,公办,644,600,622,571,641,612
南京农业大学,江苏,南京市,否,是,农林类,公办,470,506,472,502,494,540
南京大学,江苏,南京市,是,是,综合类,公办,634,598,611,569,632,611
南昌大学,江西,南昌市,否,是,综合类,公办,477,498,493,496,521,542
西北工业大学,陕西,西安市,是,是,理工类,公办,592,549,566,523,584,558
暨南大学,广东,广州市,否,是,综合类,公办,517,545,509,517,523,561
中山大学,广东,广州市,是,是,综合类,公办,578,576,578,550,596,587
厦门大学,福建,厦门市,是,是,综合类,公办,578,577,559,552,584,593
西南财经大学,四川,成都市,否,是,财经类,公办,513,539,521,520,558,568
四川大学,四川,成都市,是,是,综合类,公办,517,546,540,540,565,580
华南师范大学,广东,广州市,否,是,师范类,公办,421,527,505,508,536,549
兰州大学,甘肃,兰州市,是,是,综合类,公办,468,525,488,506,509,542
天津农学院,天津,天津市,否,否,农林类,公办,369,436,369,411,384,452
天津职业技术师范大学,天津,天津市,否,否,师范类,公办,369,393,378,417,388,442
天津中医药大学,天津,天津市,否,否,医药类,公办,439,482,432,470,460,500
中国民航大学,天津,天津市,否,否,理工类,公办,462,505,443,491,454,527
天津外国语大学,天津,天津市,否,否,语言类,公办,413,480,421,447,470,517
江南大学,江苏,无锡市,否,是,综合类,公办,497,525,473,501,520,543
天津商业大学,天津,天津市,否,否,财经类,公办,418,470,421,455,444,493
天津财经大学,天津,天津市,否,否,财经类,公办,405,482,456,467,472,521
天津科技大学,天津,天津市,否,否,理工类,公办,439,481,438,461,448,499
天津工业大学,天津,天津市,否,否,综合类,公办,449,511,459,482,477,511
天津师范大学,天津,天津市,否,否,师范类,公办,396,495,430,485,469,520
上海大学,上海,上海市,否,是,综合类,公办,515,549,448,527,542,579
新疆大学,新疆,乌鲁木齐市,否,是,综合类,公办,397,470,414,456,427,485
同济大学,上海,上海市,是,是,综合类,公办,606,589,583,554,615,603
济南大学,山东,济南市,否,否,综合类,公办,418,464,411,450,427,479
安徽农业大学,安徽,合肥市,否,否,农林类,公办,399,452,398,431,405,447
德州学院,山东,德州市,否,否,综合类,公办,357,414,366,398,377,428
郑州大学,河南,郑州市,否,是,综合类,公办,464,520,400,455,501,547
中国海洋大学,山东,青岛市,是,是,综合类,公办,523,539,520,469,540,566
南开大学,天津,天津市,是,是,综合类,公办,588,587,579,556,611,602
湖南师范大学,湖南,长沙市,否,是,师范类,公办,484,515,488,490,496,538
河北科技大学,河北,石家庄市,否,否,理工类,公办,390,458,400,438,414,466
对外经济贸易大学,北京,北京市,否,是,财经类,公办,557,561,548,539,578,585
北京师范大学,北京,北京市,是,是,师范类,公办,572,578,571,554,591,598
西南交通大学,四川,成都市,否,是,理工类,公办,516,529,505,516,536,556
辽宁大学,辽宁,沈阳市,否,是,综合类,公办,475,518,472,494,492,534
北京中医药大学,北京,北京市,否,是,医药类,公办,450,556,482,535,529,541
中国人民大学,北京,北京市,是,是,综合类,公办,631,601,607,572,626,615
中央民族大学,北京,北京市,是,是,民族类,公办,505,540,507,519,530,561
湖南大学,湖南,长沙市,是,是,综合类,公办,537,557,537,532,556,575
北京林业大学,北京,北京市,否,是,农林类,公办,479,520,479,493,504,545
武汉大学,湖北,武汉市,是,是,综合类,公办,585,589,576,554,602,599
河北工业大学,天津,天津市,否,是,理工类,公办,494,491,488,496,506,533
中央音乐学院,北京,北京市,否,是,艺术类,公办,214,214,237,237,227,227
北京外国语大学,北京,北京市,否,是,语言类,公办,487,533,539,538,575,583
北京交通大学,北京,北京市,否,是,理工类,公办,544,460,513,531,436,574
西北大学,陕西,西安市,否,是,综合类,公办,487,534,458,511,517,552
长安大学,陕西,西安市,否,是,理工类,公办,480,519,472,500,493,540
云南大学,云南,昆明市,否,是,综合类,公办,473,524,482,498,492,535
大连海事大学,辽宁,大连市,否,是,理工类,公办,512,518,496,495,513,550
北京大学,北京,北京市,是,是,综合类,公办,663,621,644,594,654,628
