﻿名称,省,市,985,211,学校类型,学校属性,2023年物理类录取分数,2023年历史类录取分数,2022年物理类录取分数,2022年历史类录取分数,2021年物理类录取分数,2021年历史类录取分数
烟台科技学院,山东,烟台市,否,否,综合类,民办,441,418,447,435,450,458
江苏海洋大学,江苏,连云港市,否,否,理工类,公办,475,497,489,503,522,540
西藏农牧学院,西藏,林芝市,否,否,农林类,公办,450,466,456,475,484,517
南京审计大学金审学院,江苏,南京市,否,否,财经类,民办,446,463,459,476,490,513
中国石油大学（北京）克拉玛依校区,新疆,克拉玛依市,否,是,理工类,公办,518,525,525,531,555,564
滇西应用技术大学,云南,大理白族自治州,否,否,综合类,公办,455,469,469,484,495,520
哈尔滨工业大学（深圳）,广东,深圳市,是,是,理工类,公办,654,611,640,610,670,631
温州肯恩大学,浙江,温州市,否,否,综合类,中外合作办学,488,470,485,491,524,532
合肥工业大学宣城校区,安徽,宣城市,否,是,综合类,公办,534,537,531,555,566,584
中国人民大学（苏州校区）,江苏,苏州市,是,是,综合类,公办,630,619,623,623,650,637
河南牧业经济学院,河南,郑州市,否,否,财经类,公办,452,467,464,480,491,517
河北中医药大学,河北,石家庄市,否,否,医药类,公办,504,499,500,510,534,543
张家口学院,河北,张家口市,否,否,综合类,公办,450,466,467,483,501,522
南昌师范学院,江西,南昌市,否,否,师范类,公办,484,480,490,490,528,525
江西服装学院,江西,南昌市,否,否,艺术类,民办,419,421,424,424,451,460
成都师范学院,四川,成都市,否,否,师范类,公办,477,489,488,502,525,538
山西传媒学院,山西,晋中市,否,否,艺术类,公办,447,468,466,485,502,521
河北环境工程学院,河北,秦皇岛市,否,否,理工类,公办,452,466,463,480,499,520
陕西服装工程学院,陕西,咸阳市,否,否,综合类,民办,438,418,426,453,476,474
南昌工学院,江西,南昌市,否,否,理工类,民办,417,432,420,440,449,480
福州外语外贸学院,福建,福州市,否,否,财经类,民办,412,419,418,444,452,481
山东协和学院,山东,济南市,否,否,医药类,民办,447,446,452,447,474,491
华北理工大学轻工学院,河北,唐山市,否,否,理工类,民办,424,422,432,446,461,485
陕西学前师范学院,陕西,西安市,否,否,师范类,公办,460,470,462,482,517,525
天津外国语大学滨海外事学院,天津,天津市,否,否,语言类,民办,421,448,457,476,499,515
新疆政法学院,新疆,自治区直辖县级行政区划,否,否,政法类,公办,450,466,462,482,487,515
南宁理工学院,广西,南宁市,否,否,理工类,民办,414,414,432,432,451,460
北京第二外国语学院,北京,北京市,否,否,语言类,公办,534,528,541,543,598,584
山东女子学院,山东,济南市,否,否,综合类,公办,445,468,463,480,491,517
福建江夏学院,福建,福州市,否,否,财经类,公办,456,471,467,484,498,518
贵州黔南经济学院,贵州,黔南布依族苗族自治州,否,否,财经类,民办,441,450,452,465,481,503
兴义民族师范学院,贵州,黔西南布依族苗族自治州,否,否,师范类,公办,463,477,480,491,512,522
西安科技大学高新学院,陕西,西安市,否,否,理工类,民办,434,438,443,462,456,491
西安明德理工学院,陕西,西安市,否,否,综合类,民办,429,415,426,435,450,468
西安工商学院,陕西,西安市,否,否,综合类,民办,426,427,447,447,476,482
南通大学杏林学院,江苏,南通市,否,否,综合类,民办,442,452,442,463,449,488
南京邮电大学通达学院,江苏,扬州市,否,否,综合类,民办,451,465,456,474,459,503
扬州大学广陵学院,江苏,扬州市,否,否,综合类,民办,449,457,448,469,468,496
苏州城市学院,江苏,苏州市,否,否,综合类,公办,473,480,470,488,500,524
南京工业大学浦江学院,江苏,南京市,否,否,理工类,民办,444,451,449,464,471,501
南京航空航天大学金城学院,江苏,南京市,否,否,理工类,民办,445,461,458,471,481,508
南京理工大学紫金学院,江苏,南京市,否,否,理工类,民办,448,464,455,478,475,512
昆明理工大学津桥学院,云南,昆明市,否,否,理工类,民办,412,417,434,448,449,486
丽江文化旅游学院,云南,丽江市,否,否,综合类,民办,415,409,418,417,446,463
滇池学院,云南,昆明市,否,否,综合类,民办,412,415,416,441,455,470
保山学院,云南,保山市,否,否,综合类,公办,463,479,469,489,505,526
齐鲁理工学院,山东,济南市,否,否,综合类,民办,445,449,448,425,463,490
青岛工学院,山东,青岛市,否,否,综合类,民办,421,426,426,448,448,480
西南交通大学希望学院,四川,成都市,否,否,综合类,民办,448,454,448,469,464,506
西南财经大学天府学院,四川,绵阳市,否,否,财经类,民办,427,440,444,461,459,493
四川大学锦江学院,四川,眉山市,否,否,综合类,民办,444,458,453,470,472,501
四川文化艺术学院,四川,绵阳市,否,否,艺术类,民办,437,449,447,470,474,485
绵阳城市学院,四川,绵阳市,否,否,理工类,民办,436,438,440,454,459,487
成都锦城学院,四川,成都市,否,否,综合类,民办,443,456,454,471,463,502
成都外国语学院,四川,成都市,否,否,语言类,民办,440,414,429,462,448,496
成都银杏酒店管理学院,四川,成都市,否,否,财经类,民办,420,421,438,449,447,469
成都理工大学工程技术学院,四川,乐山市,否,否,理工类,民办,446,453,454,470,482,504
成都大学,四川,成都市,否,否,综合类,公办,466,506,503,521,537,551
新疆科技学院,新疆,巴音郭楞蒙古自治州,否,否,财经类,公办,439,465,458,478,487,516
湛江科技学院,广东,湛江市,否,否,综合类,民办,412,408,423,426,455,461
湖南中医药大学湘杏学院,湖南,岳阳市,否,否,医药类,民办,483,481,476,488,514,521
湖南文理学院芙蓉学院,湖南,常德市,否,否,综合类,民办,463,439,471,480,502,511
南华大学船山学院,湖南,衡阳市,否,否,综合类,民办,446,467,451,477,479,515
湘潭大学兴湘学院,湖南,湘潭市,否,否,综合类,民办,444,462,456,482,480,517
湖南科技大学潇湘学院,湖南,湘潭市,否,否,综合类,民办,430,465,460,476,478,516
长沙理工大学城南学院,湖南,长沙市,否,否,理工类,民办,444,462,454,474,473,514
湖南第一师范学院,湖南,长沙市,否,否,师范类,公办,493,516,505,509,537,539
湖北恩施学院,湖北,恩施土家族苗族自治州,否,否,综合类,民办,492,471,481,466,507,504
南昌应用技术师范学院,江西,南昌市,否,否,师范类,民办,414,425,448,450,477,458
江西财经大学现代经济管理学院,江西,九江市,否,否,财经类,民办,443,455,453,466,467,501
南昌医学院,江西,南昌市,否,否,医药类,公办,518,525,514,518,538,545
赣南科技学院,江西,赣州市,否,否,理工类,公办,453,468,466,482,500,520
南昌交通学院,江西,南昌市,否,否,理工类,民办,436,415,438,432,461,466
江西师范大学科学技术学院,江西,九江市,否,否,综合类,民办,451,465,457,475,481,506
江西农业大学南昌商学院,江西,九江市,否,否,综合类,民办,438,440,442,459,463,490
厦门工学院,福建,厦门市,否,否,理工类,民办,429,420,438,436,462,461
合肥城市学院,安徽,合肥市,否,否,理工类,民办,425,424,431,433,446,461
上海财经大学浙江学院,浙江,金华市,否,否,财经类,民办,459,450,471,466,515,503
温州商学院,浙江,温州市,否,否,财经类,民办,448,449,442,458,473,461
浙江工商大学杭州商学院,浙江,杭州市,否,否,财经类,民办,435,454,456,471,464,507
广西中医药大学赛恩斯新医药学院,广西,南宁市,否,否,医药类,民办,451,432,459,461,486,510
桂林信息科技学院,广西,桂林市,否,否,理工类,民办,412,407,419,420,455,459
甘肃民族师范学院,甘肃,甘南藏族自治州,否,否,师范类,公办,466,480,472,481,512,523
沈阳城市建设学院,辽宁,沈阳市,否,否,理工类,民办,415,417,423,421,447,459
沈阳城市学院,辽宁,沈阳市,否,否,综合类,民办,407,418,421,416,446,478
山西晋中理工学院,山西,晋中市,否,否,理工类,民办,430,426,437,435,451,474
长春财经学院,吉林,长春市,否,否,财经类,民办,417,412,428,422,458,462
天津财经大学珠江学院,天津,天津市,否,否,综合类,民办,410,424,450,459,471,496
天津理工大学中环信息学院,天津,天津市,否,否,综合类,民办,443,455,446,458,453,489
北京科技大学天津学院,天津,天津市,否,否,综合类,民办,444,459,454,470,482,508
天津医科大学临床医学院,天津,天津市,否,否,医药类,民办,454,422,459,457,503,500
天津商业大学宝德学院,天津,天津市,否,否,财经类,民办,436,442,441,458,463,493
民政职业大学,北京,北京市,否,否,政法类,公办,408,392,413,427,413,461
宁夏理工学院,宁夏,石嘴山市,否,否,理工类,民办,411,427,428,442,449,487
贵州黔南科技学院,贵州,黔南布依族苗族自治州,否,否,综合类,民办,444,443,420,476,483,510
贵州警察学院,贵州,贵阳市,否,否,政法类,公办,486,493,495,498,530,534
西安信息职业大学,陕西,西安市,否,否,理工类,民办,420,408,428,420,454,316
西安欧亚学院,陕西,西安市,否,否,财经类,民办,409,410,430,433,449,465
陕西国际商贸学院,陕西,咸阳市,否,否,财经类,民办,421,420,434,445,455,478
陕西科技大学镐京学院,陕西,咸阳市,否,否,理工类,民办,412,408,423,431,447,464
无锡太湖学院,江苏,无锡市,否,否,综合类,民办,412,427,450,457,469,492
云南经济管理学院,云南,昆明市,否,否,财经类,民办,418,422,430,418,450,461
昆明文理学院,云南,昆明市,否,否,师范类,民办,418,429,432,454,452,470
滇西科技师范学院,云南,临沧市,否,否,师范类,公办,463,473,468,487,503,523
昭通学院,云南,昭通市,否,否,综合类,公办,458,470,469,486,506,519
青岛黄海学院,山东,青岛市,否,否,综合类,民办,422,413,429,436,458,475
山东现代学院,山东,济南市,否,否,综合类,民办,435,442,448,429,456,492
青岛恒星科技学院,山东,青岛市,否,否,综合类,民办,439,420,445,429,484,465
烟台南山学院,山东,烟台市,否,否,综合类,民办,440,421,439,444,460,484
潍坊科技学院,山东,潍坊市,否,否,综合类,民办,444,420,448,447,460,483
山东英才学院,山东,济南市,否,否,综合类,民办,412,421,423,434,457,471
山东石油化工学院,山东,东营市,否,否,理工类,公办,458,473,465,485,495,522
济宁学院,山东,济宁市,否,否,综合类,公办,414,402,408,409,444,446
广东外语外贸大学南国商学院,广东,广州市,否,否,综合类,民办,429,439,439,457,457,489
广州城市理工学院,广东,广州市,否,否,理工类,民办,424,435,430,464,451,498
广州华立学院,广东,广州市,否,否,理工类,民办,414,417,422,436,447,468
广州商学院,广东,广州市,否,否,财经类,民办,427,438,425,463,488,465
湖南交通工程学院,湖南,衡阳市,否,否,理工类,民办,422,410,450,440,453,477
湖南应用技术学院,湖南,常德市,否,否,综合类,民办,427,451,441,466,464,484
湖南汽车工程职业大学,湖南,株洲市,否,否,理工类,公办,362,293,351,287,272,366
长沙师范学院,湖南,长沙市,否,否,师范类,公办,468,487,473,503,515,537
湖南医药学院,湖南,怀化市,否,否,医药类,公办,510,504,518,504,538,537
湖南财政经济学院,湖南,长沙市,否,否,财经类,公办,479,488,487,502,529,535
武汉生物工程学院,湖北,武汉市,否,否,理工类,民办,443,451,457,465,485,497
长江大学文理学院,湖北,荆州市,否,否,综合类,民办,443,457,454,471,479,508
武汉工程大学邮电与信息工程学院,湖北,武汉市,否,否,理工类,民办,437,422,443,442,464,478
湖北商贸学院,湖北,武汉市,否,否,财经类,民办,440,433,442,449,465,486
武汉工商学院,湖北,武汉市,否,否,综合类,民办,422,462,457,480,477,512
湖北大学知行学院,湖北,武汉市,否,否,理工类,民办,422,451,451,468,463,498
郑州工程技术学院,河南,郑州市,否,否,理工类,公办,455,475,466,487,500,522
河南财政金融学院,河南,郑州市,否,否,财经类,公办,463,467,462,481,503,515
厦门华厦学院,福建,厦门市,否,否,综合类,民办,444,433,449,459,474,495
福州大学至诚学院,福建,福州市,否,否,综合类,民办,444,457,448,465,470,503
福建师范大学协和学院,福建,福州市,否,否,综合类,民办,438,410,445,474,481,513
厦门大学嘉庚学院,福建,漳州市,否,否,综合类,民办,425,463,457,471,487,508
武夷学院,福建,南平市,否,否,综合类,公办,459,467,468,482,499,516
南宁学院,广西,南宁市,否,否,理工类,民办,408,433,446,463,465,491
桂林旅游学院,广西,桂林市,否,否,财经类,公办,453,467,462,480,498,514
桂林航天工业学院,广西,桂林市,否,否,理工类,公办,460,468,466,481,497,518
广西科技师范学院,广西,来宾市,否,否,师范类,公办,455,471,465,483,498,517
兰州文理学院,甘肃,兰州市,否,否,综合类,公办,460,469,468,485,504,518
朝阳师范学院,辽宁,朝阳市,否,否,师范类,公办,336,208,352,317,291,422
太原学院,山西,太原市,否,否,综合类,公办,446,473,463,487,498,522
吕梁学院,山西,吕梁市,否,否,综合类,公办,453,470,464,482,492,518
吉林工商学院,吉林,长春市,否,否,财经类,公办,455,469,464,484,496,519
天津仁爱学院,天津,天津市,否,否,综合类,民办,414,416,428,461,448,494
六盘水师范学院,贵州,六盘水市,否,否,师范类,公办,458,474,464,487,499,523
贵州师范学院,贵州,贵阳市,否,否,师范类,公办,460,475,469,492,504,524
贵州商学院,贵州,贵阳市,否,否,财经类,公办,454,484,466,495,505,529
兰州博文科技学院,甘肃,兰州市,否,否,理工类,民办,426,408,441,417,461,473
延安大学西安创新学院,陕西,西安市,否,否,综合类,民办,420,455,435,458,464,487
常州大学怀德学院,江苏,泰州市,否,否,理工类,民办,448,450,450,460,467,491
大连财经学院,辽宁,大连市,否,否,财经类,民办,432,435,429,450,468,487
南通理工学院,江苏,南通市,否,否,综合类,民办,410,419,422,426,446,466
山东财经大学东方学院,山东,泰安市,否,否,综合类,民办,414,431,442,449,466,483
河北东方学院,河北,廊坊市,否,否,综合类,民办,439,424,443,444,461,479
琼台师范学院,海南,海口市,否,否,师范类,公办,466,467,476,483,508,520
亳州学院,安徽,亳州市,否,否,综合类,公办,452,465,463,481,498,520
河南城建学院,河南,平顶山市,否,否,理工类,公办,454,473,462,484,500,515
荆楚理工学院,湖北,荆门市,否,否,理工类,公办,464,469,472,487,505,523
重庆工程学院,重庆,重庆市,否,否,理工类,民办,418,411,425,419,450,460
重庆第二师范学院,重庆,重庆市,否,否,师范类,公办,454,467,464,483,496,503
重庆电子科技职业大学,重庆,重庆市,否,否,理工类,公办,385,386,390,387,315,428
重庆机电职业技术大学,重庆,重庆市,否,否,理工类,民办,412,409,415,419,448,462
重庆工商大学派斯学院,重庆,重庆市,否,否,财经类,民办,420,408,433,422,450,462
重庆移通学院,重庆,重庆市,否,否,理工类,民办,417,407,422,415,447,466
重庆财经学院,重庆,重庆市,否,否,财经类,民办,420,420,440,442,461,473
重庆城市科技学院,重庆,重庆市,否,否,综合类,民办,413,407,421,419,447,459
重庆外语外事学院,重庆,重庆市,否,否,语言类,民办,413,408,430,419,459,463
重庆对外经贸学院,重庆,重庆市,否,否,财经类,民办,421,420,436,442,457,462
上海视觉艺术学院,上海,上海市,否,否,艺术类,民办,449,455,461,469,500,511
珠海科技学院,广东,珠海市,否,否,综合类,民办,435,440,435,455,452,486
江苏大学京江学院,江苏,镇江市,否,否,综合类,民办,448,458,453,471,470,503
长春工业大学人文信息学院,吉林,长春市,否,否,综合类,民办,413,410,420,422,446,461
无锡学院,江苏,无锡市,否,否,理工类,公办,502,487,498,490,505,526
河北地质大学华信学院,河北,石家庄市,否,否,综合类,民办,419,422,439,452,463,495
北京中医药大学东方学院,河北,廊坊市,否,否,医药类,民办,437,456,432,448,472,478
青岛城市学院,山东,青岛市,否,否,理工类,民办,417,419,428,426,448,464
燕京理工学院,河北,廊坊市,否,否,理工类,民办,444,435,449,455,456,474
四川工商学院,四川,成都市,否,否,综合类,民办,451,467,462,479,495,516
海口经济学院,海南,海口市,否,否,综合类,民办,410,396,418,416,446,458
四川音乐学院,四川,成都市,否,否,艺术类,公办,453,478,475,487,505,508
湖北第二师范学院,湖北,武汉市,否,否,师范类,公办,485,483,489,496,526,530
四川警察学院,四川,泸州市,否,否,政法类,公办,528,531,507,518,544,548
西交利物浦大学,江苏,苏州市,否,否,综合类,中外合作办学,519,509,512,503,551,541
三亚学院,海南,三亚市,否,否,综合类,民办,408,413,424,429,450,457
河南工程学院,河南,郑州市,否,否,理工类,公办,455,467,463,483,497,522
武汉纺织大学外经贸学院,湖北,武汉市,否,否,综合类,民办,438,424,440,439,459,472
广州软件学院,广东,广州市,否,否,理工类,民办,442,447,454,457,478,478
上海外国语大学贤达经济人文学院,上海,上海市,否,否,财经类,民办,408,415,431,416,490,491
北京理工大学珠海学院,广东,珠海市,否,否,理工类,民办,447,460,450,469,471,501
广州新华学院,广东,广州市,否,否,综合类,民办,411,435,430,431,463,485
昆明城市学院,云南,昆明市,否,否,综合类,民办,437,459,451,471,473,503
昆明医科大学海源学院,云南,昆明市,否,否,医药类,民办,463,471,465,483,488,511
吉林师范大学博达学院,吉林,四平市,否,否,师范类,民办,414,420,433,438,459,473
北京师范大学-香港浸会大学联合国际学院,广东,珠海市,否,否,综合类,内地与港澳台地区合作办学,507,492,502,503,524,538
长春科技学院,吉林,长春市,否,否,综合类,民办,431,414,423,440,461,495
安顺学院,贵州,安顺市,否,否,综合类,公办,451,467,470,478,500,525
铜仁学院,贵州,铜仁市,否,否,综合类,公办,457,471,463,485,499,518
西安医学院,陕西,西安市,否,否,医药类,公办,514,472,518,484,547,537
安康学院,陕西,安康市,否,否,综合类,公办,456,478,467,487,500,522
商洛学院,陕西,商洛市,否,否,综合类,公办,466,469,471,483,507,520
三明学院,福建,三明市,否,否,综合类,公办,463,470,465,486,485,515
贺州学院,广西,贺州市,否,否,综合类,公办,453,472,464,488,500,523
北部湾大学,广西,钦州市,否,否,综合类,公办,475,474,468,495,510,520
百色学院,广西,百色市,否,否,综合类,公办,455,466,463,482,496,516
梧州学院,广西,梧州市,否,否,综合类,公办,448,462,470,487,502,517
海南热带海洋学院,海南,三亚市,否,否,综合类,公办,454,465,465,483,503,523
辽宁对外经贸学院,辽宁,大连市,否,否,财经类,民办,408,408,426,417,447,462
长沙医学院,湖南,长沙市,否,否,医药类,民办,465,469,465,479,501,518
贵州工程应用技术学院,贵州,毕节市,否,否,师范类,公办,455,480,464,488,501,524
重庆人文科技学院,重庆,重庆市,否,否,综合类,民办,442,421,448,455,467,476
山东大学（威海）,山东,威海市,是,是,综合类,公办,595,587,590,586,624,612
东北大学秦皇岛分校,河北,秦皇岛市,是,是,理工类,公办,573,568,576,576,612,597
北京大学医学部,北京,北京市,是,是,医药类,公办,667,653,653,643,682,661
宁波诺丁汉大学,浙江,宁波市,否,否,综合类,中外合作办学,533,521,512,532,545,548
集美大学诚毅学院,福建,厦门市,否,否,综合类,民办,444,461,449,473,469,506
山东航空学院,山东,滨州市,否,否,综合类,公办,460,476,463,485,500,523
信阳农林学院,河南,信阳市,否,否,农林类,公办,461,466,465,479,499,518
南京财经大学红山学院,江苏,镇江市,否,否,综合类,民办,441,456,449,467,470,495
宁波工程学院,浙江,宁波市,否,否,理工类,公办,477,475,476,485,521,523
湖南涉外经济学院,湖南,长沙市,否,否,财经类,民办,410,409,429,438,450,472
西京学院,陕西,西安市,否,否,理工类,民办,441,430,458,455,480,487
西安翻译学院,陕西,西安市,否,否,语言类,民办,410,411,443,452,476,492
常熟理工学院,江苏,苏州市,否,否,理工类,公办,461,475,474,488,509,529
三江学院,江苏,南京市,否,否,综合类,民办,440,451,448,478,472,514
洛阳理工学院,河南,洛阳市,否,否,理工类,公办,455,471,464,484,500,522
武汉城市学院,湖北,武汉市,否,否,理工类,民办,435,442,444,455,466,481
保定理工学院,河北,保定市,否,否,理工类,民办,412,417,435,443,459,489
辽宁理工学院,辽宁,锦州市,否,否,理工类,民办,422,418,439,443,468,479
武昌理工学院,湖北,武汉市,否,否,综合类,民办,446,451,457,469,492,495
郑州师范学院,河南,郑州市,否,否,师范类,公办,474,478,481,491,522,528
东南大学成贤学院,江苏,南京市,否,否,综合类,民办,448,450,455,469,483,502
南京特殊教育师范学院,江苏,南京市,否,否,师范类,公办,474,476,481,489,514,522
电子科技大学成都学院,四川,成都市,否,否,理工类,民办,444,448,454,467,476,502
陕西警察学院,陕西,西安市,否,否,政法类,公办,440,386,421,389,469,441
中国矿业大学徐海学院,江苏,徐州市,否,否,综合类,民办,445,465,445,474,468,508
郑州财经学院,河南,郑州市,否,否,财经类,民办,443,454,454,471,485,512
三峡大学科技学院,湖北,宜昌市,否,否,综合类,民办,451,462,462,478,499,514
武汉华夏理工学院,湖北,武汉市,否,否,理工类,民办,444,439,449,449,470,476
广州南方学院,广东,广州市,否,否,综合类,民办,431,446,455,451,482,492
天水师范学院,甘肃,天水市,否,否,师范类,公办,453,480,466,491,498,526
上海电机学院,上海,上海市,否,否,理工类,公办,488,487,493,497,528,533
榆林学院,陕西,榆林市,否,否,综合类,公办,461,467,468,481,500,519
曲靖师范学院,云南,曲靖市,否,否,师范类,公办,455,467,465,482,505,519
成都体育学院,四川,成都市,否,否,体育类,公办,463,470,468,485,506,519
乐山师范学院,四川,乐山市,否,否,师范类,公办,457,469,466,486,504,525
宜宾学院,四川,宜宾市,否,否,综合类,公办,458,477,473,487,512,522
内江师范学院,四川,内江市,否,否,师范类,公办,461,450,476,497,506,529
绵阳师范学院,四川,绵阳市,否,否,师范类,公办,478,480,489,500,514,528
重庆工商大学,重庆,重庆市,否,否,财经类,公办,476,483,473,500,528,523
贵阳学院,贵州,贵阳市,否,否,综合类,公办,464,470,468,484,505,521
浙江传媒学院,浙江,杭州市,否,否,艺术类,公办,494,517,517,533,552,556
南京工业职业技术大学,江苏,南京市,否,否,理工类,公办,472,471,463,483,431,455
绥化学院,黑龙江,绥化市,否,否,综合类,公办,454,471,463,483,497,518
哈尔滨师范大学,黑龙江,哈尔滨市,否,否,师范类,公办,436,428,485,498,519,536
厦门理工学院,福建,厦门市,否,否,理工类,公办,505,504,498,495,534,531
湖北经济学院法商学院,湖北,武汉市,否,否,财经类,民办,452,448,448,461,465,494
徐州工程学院,江苏,徐州市,否,否,综合类,公办,466,470,470,485,503,524
金陵科技学院,江苏,南京市,否,否,理工类,公办,482,483,482,491,517,534
广西财经学院,广西,南宁市,否,否,财经类,公办,464,471,480,487,517,523
昆明学院,云南,昆明市,否,否,综合类,公办,462,464,467,485,497,526
西安文理学院,陕西,西安市,否,否,综合类,公办,479,469,483,500,519,527
重庆文理学院,重庆,重庆市,否,否,综合类,公办,447,468,465,486,502,518
伊犁师范大学,新疆,伊犁哈萨克自治州,否,否,师范类,公办,450,467,459,484,491,521
河池学院,广西,河池市,否,否,综合类,公办,456,470,462,484,495,522
广西中医药大学,广西,南宁市,否,否,医药类,公办,514,508,510,507,542,540
右江民族医学院,广西,百色市,否,否,医药类,公办,456,485,484,498,504,533
广东金融学院,广东,广州市,否,否,财经类,公办,511,502,487,502,527,539
长沙学院,湖南,长沙市,否,否,综合类,公办,481,479,486,501,526,539
湖北理工学院,湖北,黄石市,否,否,理工类,公办,472,473,485,490,522,529
安庆师范大学,安徽,安庆市,否,否,师范类,公办,488,480,490,497,526,534
阜阳师范大学,安徽,阜阳市,否,否,师范类,公办,468,479,478,496,512,532
重庆交通大学,重庆,重庆市,否,否,理工类,公办,492,486,502,501,539,536
吉林农业科技学院,吉林,吉林市,否,否,农林类,公办,452,470,463,483,501,518
上海政法学院,上海,上海市,否,否,政法类,公办,536,533,541,541,580,571
上海商学院,上海,上海市,否,否,财经类,公办,477,486,499,504,536,543
重庆科技大学,重庆,重庆市,否,否,理工类,公办,461,471,471,485,509,519
武汉科技大学,湖北,武汉市,否,否,综合类,公办,523,530,535,538,574,564
广东培正学院,广东,广州市,否,否,财经类,民办,418,419,429,434,458,467
南方医科大学,广东,广州市,否,否,医药类,公办,542,513,547,533,590,568
贵州大学,贵州,贵阳市,否,是,综合类,公办,532,544,543,551,577,582
西南大学,重庆,重庆市,否,是,综合类,公办,565,590,545,557,581,589
攀枝花学院,四川,攀枝花市,否,否,综合类,公办,451,480,482,492,518,520
西昌学院,四川,凉山彝族自治州,否,否,综合类,公办,457,476,464,489,505,522
江西应用科技学院,江西,南昌市,否,否,综合类,民办,416,428,420,442,453,480
晋中学院,山西,晋中市,否,否,综合类,公办,456,474,465,488,499,526
山西中医药大学,山西,晋中市,否,否,医药类,公办,483,509,492,508,517,541
南昌职业大学,江西,南昌市,否,否,综合类,民办,414,420,426,438,469,471
江西职业技术大学,江西,九江市,否,否,综合类,公办,352,339,361,334,415,326
新余学院,江西,新余市,否,否,综合类,公办,457,469,465,484,499,520
景德镇学院,江西,景德镇市,否,否,综合类,公办,459,486,469,495,503,529
萍乡学院,江西,萍乡市,否,否,综合类,公办,453,468,465,484,499,524
河南科技学院,河南,新乡市,否,否,综合类,公办,452,487,465,496,503,529
平顶山学院,河南,平顶山市,否,否,综合类,公办,451,467,466,483,503,524
安阳师范学院,河南,安阳市,否,否,师范类,公办,480,470,486,485,529,522
信阳师范大学,河南,信阳市,否,否,师范类,公办,461,472,468,485,507,522
首都经济贸易大学,北京,北京市,否,否,财经类,公办,530,552,561,560,599,593
江西警察学院,江西,南昌市,否,否,政法类,公办,496,499,495,499,528,534
河南中医药大学,河南,郑州市,否,否,医药类,公办,479,478,497,504,537,542
南昌理工学院,江西,南昌市,否,否,综合类,民办,442,436,448,452,466,489
南昌工程学院,江西,南昌市,否,否,理工类,公办,465,470,467,482,499,521
北京体育大学,北京,北京市,否,是,体育类,公办,539,547,564,559,588,587
西安思源学院,陕西,西安市,否,否,综合类,民办,446,434,459,463,494,491
南阳理工学院,河南,南阳市,否,否,理工类,公办,458,470,464,486,501,524
安阳工学院,河南,安阳市,否,否,理工类,公办,458,467,463,482,499,521
河南师范大学,河南,新乡市,否,否,师范类,公办,438,519,482,528,528,558
中国石油大学（北京）,北京,北京市,否,是,理工类,公办,564,569,566,573,600,600
华北电力大学,北京,北京市,否,是,理工类,公办,575,551,579,574,596,604
中国地质大学（北京）,北京,北京市,否,是,理工类,公办,561,551,566,569,603,601
吉利学院,四川,成都市,否,否,理工类,民办,414,408,421,422,449,462
四川工业科技学院,四川,德阳市,否,否,综合类,民办,440,427,453,447,459,477
四川文理学院,四川,达州市,否,否,综合类,公办,463,472,468,487,505,522
四川工程职业技术大学,四川,德阳市,否,否,理工类,公办,388,355,391,370,344,423
南通大学,江苏,南通市,否,否,综合类,公办,524,519,503,526,537,554
辽宁工程技术大学,辽宁,阜新市,否,否,理工类,公办,468,473,491,490,474,519
阿坝师范学院,四川,阿坝藏族羌族自治州,否,否,师范类,公办,470,479,485,488,524,525
四川民族学院,四川,甘孜藏族自治州,否,否,民族类,公办,471,482,480,497,515,531
四川旅游学院,四川,成都市,否,否,综合类,公办,458,468,465,485,506,521
成都东软学院,四川,成都市,否,否,理工类,民办,450,443,460,471,486,509
成都工业学院,四川,成都市,否,否,理工类,公办,465,474,478,488,523,523
齐齐哈尔工程学院,黑龙江,齐齐哈尔市,否,否,综合类,民办,424,445,436,452,455,462
河北外国语学院,河北,石家庄市,否,否,语言类,民办,430,432,434,451,475,492
河北工程技术学院,河北,石家庄市,否,否,理工类,民办,411,421,420,431,455,469
上海中侨职业技术大学,上海,上海市,否,否,财经类,民办,289,407,313,416,314,295
河北工业职业技术大学,河北,石家庄市,否,否,理工类,公办,457,473,384,265,244,275
河北科技工程职业技术大学,河北,邢台市,否,否,理工类,公办,455,460,464,468,367,415
河北金融学院,河北,保定市,否,否,财经类,公办,435,468,470,482,517,520
邢台医学院,河北,邢台市,否,否,医药类,公办,361,266,371,278,399,440
河北石油职业技术大学,河北,承德市,否,否,理工类,公办,451,467,461,478,410,346
北华航天工业学院,河北,廊坊市,否,否,理工类,公办,464,471,471,483,494,520
上海建桥学院,上海,上海市,否,否,财经类,民办,418,431,432,445,475,482
电子科技大学,四川,成都市,是,是,理工类,公办,640,579,631,588,661,613
防灾科技学院,河北,廊坊市,否,否,综合类,公办,470,480,473,495,508,529
沧州师范学院,河北,沧州市,否,否,师范类,公办,462,469,463,486,509,529
保定学院,河北,保定市,否,否,综合类,公办,471,470,484,483,521,519
衡水学院,河北,衡水市,否,否,综合类,公办,459,489,469,498,504,533
廊坊师范学院,河北,廊坊市,否,否,师范类,公办,454,467,464,482,505,519
唐山师范学院,河北,唐山市,否,否,师范类,公办,457,468,466,484,507,519
山东师范大学,山东,济南市,否,否,师范类,公办,506,513,512,549,524,537
邢台学院,河北,邢台市,否,否,综合类,公办,458,468,465,484,501,521
石家庄铁道大学,河北,石家庄市,否,否,理工类,公办,454,499,494,507,535,545
河北地质大学,河北,石家庄市,否,否,理工类,公办,473,477,485,501,521,537
华北科技学院,河北,廊坊市,否,否,理工类,公办,457,472,463,487,504,518
燕山大学,河北,秦皇岛市,否,否,综合类,公办,469,522,426,533,568,564
华北理工大学,河北,唐山市,否,否,综合类,公办,484,487,498,505,532,539
河北医科大学,河北,石家庄市,否,否,医药类,公办,517,513,519,512,551,542
河北师范大学,河北,石家庄市,否,否,师范类,公办,526,448,537,533,570,566
北京语言大学,北京,北京市,否,否,语言类,公办,544,555,562,563,594,599
华北电力大学保定校区,河北,保定市,否,是,理工类,公办,556,543,557,548,595,583
北京印刷学院,北京,北京市,否,否,理工类,公办,479,523,478,539,540,569
首都师范大学,北京,北京市,否,否,师范类,公办,569,551,582,567,616,599
北京物资学院,北京,北京市,否,否,财经类,公办,460,498,516,513,558,552
中国劳动关系学院,北京,北京市,否,否,政法类,公办,473,506,494,517,534,545
北京联合大学,北京,北京市,否,否,综合类,公办,487,490,499,532,537,541
北京工商大学,北京,北京市,否,否,财经类,公办,532,522,543,546,583,584
中国政法大学,北京,北京市,否,是,政法类,公办,609,608,617,611,650,635
中华女子学院,北京,北京市,否,否,语言类,公办,477,494,492,509,531,540
中央财经大学,北京,北京市,否,是,财经类,公办,623,607,619,611,657,635
北京城市学院,北京,北京市,否,否,综合类,民办,447,464,470,483,483,515
中国传媒大学,北京,北京市,否,是,综合类,公办,600,585,591,601,629,623
中国农业大学,北京,北京市,是,是,农林类,公办,574,568,572,580,607,609
北京化工大学,北京,北京市,否,是,理工类,公办,580,556,574,563,609,594
鲁东大学,山东,烟台市,否,否,综合类,公办,474,480,483,495,517,533
烟台大学,山东,烟台市,否,否,综合类,公办,481,512,487,522,524,555
潍坊学院,山东,潍坊市,否,否,综合类,公办,454,474,463,485,500,522
山东第一医科大学,山东,济南市,否,否,医药类,公办,488,482,485,490,510,520
北方民族大学,宁夏,银川市,否,否,综合类,公办,463,472,467,488,504,518
宁夏大学,宁夏,银川市,否,是,综合类,公办,471,529,534,546,571,577
广西民族大学,广西,南宁市,否,否,民族类,公办,460,451,483,506,510,538
山东农业大学,山东,泰安市,否,否,农林类,公办,478,471,489,501,525,535
南宁师范大学,广西,南宁市,否,否,师范类,公办,456,497,482,517,517,549
山东理工大学,山东,淄博市,否,否,理工类,公办,480,502,489,523,521,561
山东财经大学,山东,济南市,否,否,财经类,公办,484,489,505,520,566,556
桂林理工大学,广西,桂林市,否,否,理工类,公办,479,477,486,491,525,527
桂林电子科技大学,广西,桂林市,否,否,理工类,公办,495,489,496,506,534,532
广西师范大学,广西,桂林市,否,否,师范类,公办,419,536,482,492,525,520
内蒙古财经大学,内蒙古,呼和浩特市,否,否,财经类,公办,463,485,471,497,511,532
山东工商学院,山东,烟台市,否,否,财经类,公办,458,468,469,488,508,527
黔南民族师范学院,贵州,黔南布依族苗族自治州,否,否,师范类,公办,460,457,461,486,508,523
贵州中医药大学,贵州,贵阳市,否,否,医药类,公办,502,483,505,515,535,543
贵州财经大学,贵州,贵阳市,否,否,财经类,公办,494,494,503,508,535,551
内蒙古师范大学,内蒙古,呼和浩特市,否,否,师范类,公办,476,506,478,505,526,542
遵义医科大学,贵州,遵义市,否,否,医药类,公办,514,493,516,509,545,538
贵州民族大学,贵州,贵阳市,否,否,民族类,公办,476,477,487,493,517,529
贵州师范大学,贵州,贵阳市,否,否,师范类,公办,492,505,505,515,540,550
海南医科大学,海南,海口市,否,否,医药类,公办,482,471,489,484,521,520
海南师范大学,海南,海口市,否,否,师范类,公办,475,483,486,510,532,546
曲阜师范大学,山东,济宁市,否,否,师范类,公办,497,488,503,501,540,538
青岛理工大学,山东,青岛市,否,否,理工类,公办,454,487,494,498,531,529
内蒙古民族大学,内蒙古,通辽市,否,否,综合类,公办,456,453,462,496,497,535
内蒙古科技大学,内蒙古,包头市,否,否,综合类,公办,454,469,462,506,497,522
海南大学,海南,海口市,否,是,综合类,公办,532,494,535,550,568,584
河西学院,甘肃,张掖市,否,否,综合类,公办,452,463,463,480,497,516
甘肃政法大学,甘肃,兰州市,否,否,政法类,公办,508,499,507,514,529,544
兰州财经大学,甘肃,兰州市,否,否,财经类,公办,472,470,479,492,511,531
青岛大学,山东,青岛市,否,否,综合类,公办,501,506,508,519,553,551
甘肃中医药大学,甘肃,兰州市,否,否,医药类,公办,417,480,485,495,504,530
临沂大学,山东,临沂市,否,否,综合类,公办,484,518,482,515,509,549
西北师范大学,甘肃,兰州市,否,否,师范类,公办,474,451,508,519,530,548
聊城大学,山东,聊城市,否,否,综合类,公办,471,515,488,525,523,554
甘肃农业大学,甘肃,兰州市,否,否,农林类,公办,474,474,480,493,517,522
青岛农业大学,山东,青岛市,否,否,农林类,公办,473,428,480,500,519,537
河南财经政法大学,河南,郑州市,否,否,财经类,公办,470,494,482,516,533,547
商丘师范学院,河南,商丘市,否,否,师范类,公办,455,467,463,485,501,517
南阳师范学院,河南,南阳市,否,否,师范类,公办,458,466,471,480,508,519
洛阳师范学院,河南,洛阳市,否,否,综合类,公办,461,480,469,488,503,529
兰州理工大学,甘肃,兰州市,否,否,理工类,公办,455,487,486,501,523,538
西北民族大学,甘肃,兰州市,否,否,综合类,公办,426,477,463,481,498,518
郑州航空工业管理学院,河南,郑州市,否,否,综合类,公办,455,470,468,484,503,523
莆田学院,福建,莆田市,否,否,综合类,公办,526,467,458,482,485,516
闽江学院,福建,福州市,否,否,综合类,公办,485,486,481,501,519,533
福建师范大学,福建,福州市,否,否,师范类,公办,496,493,490,505,523,544
仰恩大学,福建,泉州市,否,否,综合类,民办,419,433,441,455,446,476
集美大学,福建,厦门市,否,否,综合类,公办,506,505,508,523,539,555
西藏民族大学,陕西,咸阳市,否,否,民族类,公办,472,478,476,492,504,525
福建农林大学,福建,福州市,否,否,农林类,公办,481,493,482,509,530,548
河南工业大学,河南,郑州市,否,否,理工类,公办,459,489,485,508,515,539
华侨大学,福建,泉州市,否,否,综合类,公办,482,501,523,532,556,560
河南理工大学,河南,焦作市,否,否,理工类,公办,473,495,489,496,528,534
河南农业大学,河南,郑州市,否,否,农林类,公办,493,492,491,506,521,540
湖北文理学院,湖北,襄阳市,否,否,综合类,公办,455,475,480,487,514,523
河南大学,河南,开封市,否,否,综合类,公办,492,494,530,542,575,580
郑州轻工业大学,河南,郑州市,否,否,理工类,公办,482,485,488,498,521,533
湖北科技学院,湖北,咸宁市,否,否,综合类,公办,491,480,490,498,531,532
齐齐哈尔医学院,黑龙江,齐齐哈尔市,否,否,医药类,公办,486,462,464,487,524,522
湖北民族大学,湖北,恩施土家族苗族自治州,否,否,综合类,公办,516,484,494,497,540,530
黑龙江科技大学,黑龙江,哈尔滨市,否,否,理工类,公办,461,471,478,484,513,518
黑龙江工程学院,黑龙江,哈尔滨市,否,否,理工类,公办,451,467,461,483,499,520
哈尔滨学院,黑龙江,哈尔滨市,否,否,综合类,公办,455,466,463,482,502,516
东北石油大学,黑龙江,大庆市,否,否,理工类,公办,454,485,487,489,516,475
湖北经济学院,湖北,武汉市,否,否,财经类,公办,453,488,492,501,531,540
哈尔滨商业大学,黑龙江,哈尔滨市,否,否,财经类,公办,452,467,490,506,535,546
黑龙江中医药大学,黑龙江,哈尔滨市,否,否,医药类,公办,484,498,487,535,519,543
湖北师范大学,湖北,黄石市,否,否,师范类,公办,501,513,500,528,535,558
湖北中医药大学,湖北,武汉市,否,否,医药类,公办,498,488,506,501,537,537
武汉轻工大学,湖北,武汉市,否,否,理工类,公办,496,505,500,507,532,535
武汉工程大学,湖北,武汉市,否,否,理工类,公办,525,513,533,526,567,564
三峡大学,湖北,宜昌市,否,否,综合类,公办,514,456,523,526,558,560
哈尔滨医科大学,黑龙江,哈尔滨市,否,否,医药类,公办,517,457,510,518,538,542
长江大学,湖北,荆州市,否,否,综合类,公办,472,509,511,520,550,554
哈尔滨理工大学,黑龙江,哈尔滨市,否,否,理工类,公办,443,478,461,495,464,526
湖北大学,湖北,武汉市,否,否,综合类,公办,519,533,529,542,566,578
齐齐哈尔大学,黑龙江,齐齐哈尔市,否,否,综合类,公办,467,473,477,490,509,529
中南民族大学,湖北,武汉市,否,否,综合类,公办,488,494,499,523,538,555
黑龙江大学,黑龙江,哈尔滨市,否,否,综合类,公办,494,496,489,524,539,554
华中师范大学,湖北,武汉市,否,是,师范类,公办,556,548,579,571,605,601
东北林业大学,黑龙江,哈尔滨市,否,是,农林类,公办,539,543,547,550,582,581
邵阳学院,湖南,邵阳市,否,否,综合类,公办,457,469,465,484,503,523
华中农业大学,湖北,武汉市,否,是,农林类,公办,545,551,551,562,590,593
怀化学院,湖南,怀化市,否,否,综合类,公办,461,467,467,488,505,521
湖南文理学院,湖南,常德市,否,否,综合类,公办,464,496,474,504,513,538
中南财经政法大学,湖北,武汉市,否,是,财经类,公办,575,571,581,578,615,603
吉林财经大学,吉林,长春市,否,否,财经类,公办,447,464,485,501,526,540
吉林外国语大学,吉林,长春市,否,否,语言类,民办,452,461,454,463,499,518
白城师范学院,吉林,白城市,否,否,师范类,公办,455,473,462,488,500,526
湖南科技学院,湖南,永州市,否,否,综合类,公办,468,467,481,485,527,523
湖南工商大学,湖南,长沙市,否,否,财经类,公办,490,494,504,512,541,546
衡阳师范学院,湖南,衡阳市,否,否,师范类,公办,465,479,429,487,526,523
湘南学院,湖南,郴州市,否,否,综合类,公办,462,491,468,490,522,521
湖南中医药大学,湖南,长沙市,否,否,医药类,公办,477,477,499,504,534,541
中南林业科技大学,湖南,长沙市,否,否,农林类,公办,466,468,478,494,536,547
湖南工程学院,湖南,湘潭市,否,否,理工类,公办,463,471,468,490,507,519
湖南工业大学,湖南,株洲市,否,否,综合类,公办,476,420,485,514,465,550
湖南城市学院,湖南,益阳市,否,否,综合类,公办,457,465,458,487,500,523
湖南理工学院,湖南,岳阳市,否,否,理工类,公办,465,492,496,511,532,547
东北电力大学,吉林,吉林市,否,否,理工类,公办,504,480,503,501,534,535
湖南农业大学,湖南,长沙市,否,否,农林类,公办,485,496,493,509,531,543
南华大学,湖南,衡阳市,否,否,综合类,公办,489,506,412,519,547,555
吉林师范大学,吉林,四平市,否,否,师范类,公办,522,491,471,486,508,524
长沙理工大学,湖南,长沙市,否,否,理工类,公办,513,519,528,530,566,560
湖南科技大学,湖南,湘潭市,否,否,综合类,公办,478,513,492,525,547,554
长春师范大学,吉林,长春市,否,否,师范类,公办,491,505,499,500,535,532
吉首大学,湖南,湘西土家族苗族自治州,否,否,综合类,公办,494,503,498,513,534,539
湘潭大学,湖南,湘潭市,否,否,综合类,公办,524,527,533,539,567,559
西安培华学院,陕西,西安市,否,否,综合类,民办,442,429,457,454,482,493
长春理工大学,吉林,长春市,否,否,理工类,公办,460,475,497,507,544,543
长春大学,吉林,长春市,否,否,综合类,公办,489,491,489,504,526,533
西北政法大学,陕西,西安市,否,否,政法类,公办,544,529,551,540,590,571
西安财经大学,陕西,西安市,否,否,财经类,公办,491,502,500,517,534,551
北华大学,吉林,吉林市,否,否,综合类,公办,477,481,490,503,523,540
青海民族大学,青海,西宁市,否,否,民族类,公办,458,467,461,484,501,519
陕西理工大学,陕西,汉中市,否,否,理工类,公办,491,486,497,507,533,535
青海师范大学,青海,西宁市,否,否,师范类,公办,481,477,486,496,522,531
宝鸡文理学院,陕西,宝鸡市,否,否,师范类,公办,459,474,465,483,496,518
咸阳师范学院,陕西,咸阳市,否,否,师范类,公办,475,486,485,497,521,524
西藏大学,西藏,拉萨市,否,是,综合类,公办,490,499,506,520,535,544
大理大学,云南,大理白族自治州,否,否,综合类,公办,485,468,486,485,521,517
西安工业大学,陕西,西安市,否,否,理工类,公办,488,517,499,511,542,544
云南警官学院,云南,昆明市,否,否,政法类,公办,528,497,542,504,537,539
陕西科技大学,陕西,西安市,否,否,理工类,公办,496,501,503,509,543,538
云南财经大学,云南,昆明市,否,否,财经类,公办,459,464,482,501,523,533
红河学院,云南,红河哈尼族彝族自治州,否,否,综合类,公办,450,466,464,480,497,515
西安石油大学,陕西,西安市,否,否,理工类,公办,487,486,496,504,536,541
楚雄师范学院,云南,楚雄彝族自治州,否,否,师范类,公办,455,484,463,493,495,518
玉溪师范学院,云南,玉溪市,否,否,师范类,公办,475,481,486,495,526,526
云南中医药大学,云南,昆明市,否,否,医药类,公办,494,493,493,501,529,530
西南林业大学,云南,昆明市,否,否,农林类,公办,469,483,486,494,520,534
云南民族大学,云南,昆明市,否,否,综合类,公办,482,471,491,477,527,525
云南师范大学,云南,昆明市,否,否,师范类,公办,491,478,498,500,549,569
云南农业大学,云南,昆明市,否,否,农林类,公办,473,482,480,503,508,531
昆明理工大学,云南,昆明市,否,否,理工类,公办,489,513,489,518,536,552
合肥大学,安徽,合肥市,否,否,综合类,公办,471,467,472,483,508,516
延安大学,陕西,延安市,否,否,综合类,公办,479,516,485,517,524,547
安徽财经大学,安徽,蚌埠市,否,否,财经类,公办,486,509,520,522,559,558
陕西师范大学,陕西,西安市,否,是,师范类,公办,608,592,559,562,564,573
西北农林科技大学,陕西,咸阳市,是,是,农林类,公办,554,575,568,566,598,602
西安交通大学,陕西,西安市,是,是,综合类,公办,633,606,626,610,659,628
淮北师范大学,安徽,淮北市,否,否,综合类,公办,430,494,487,501,528,533
华东政法大学,上海,上海市,否,否,政法类,公办,556,582,557,583,620,609
上海立信会计金融学院,上海,上海市,否,否,财经类,公办,480,507,512,519,536,553
上海对外经贸大学,上海,上海市,否,否,财经类,公办,556,545,560,556,600,600
安徽师范大学,安徽,芜湖市,否,否,师范类,公办,456,487,498,504,539,533
上海海事大学,上海,上海市,否,否,理工类,公办,526,536,537,543,577,578
上海师范大学,上海,上海市,否,否,综合类,公办,521,548,517,554,580,580
上海海洋大学,上海,上海市,否,否,农林类,公办,532,536,536,542,573,573
广东财经大学,广东,广州市,否,否,财经类,公办,523,527,526,526,557,550
嘉应学院,广东,梅州市,否,否,综合类,公办,455,471,463,485,501,521
岭南师范学院,广东,湛江市,否,否,师范类,公办,451,478,476,491,515,530
广东医科大学,广东,湛江市,否,否,医药类,公办,530,492,536,513,559,544
广州大学,广东,广州市,否,否,综合类,公办,534,539,544,546,581,580
东莞理工学院,广东,东莞市,否,否,理工类,公办,482,488,487,500,523,533
广东外语外贸大学,广东,广州市,否,否,语言类,公办,512,510,516,523,534,569
广州中医药大学,广东,广州市,否,否,医药类,公办,526,550,530,554,557,577
广东海洋大学,广东,湛江市,否,否,综合类,公办,464,473,484,488,521,542
广东工业大学,广东,广州市,否,否,理工类,公办,495,497,524,514,534,534
五邑大学,广东,江门市,否,否,综合类,公办,495,521,499,522,530,550
深圳大学,广东,深圳市,否,否,综合类,公办,576,563,576,573,609,604
汕头大学,广东,汕头市,否,否,综合类,公办,515,488,530,469,574,575
太原师范学院,山西,晋中市,否,否,师范类,公办,477,483,488,504,526,531
山西大同大学,山西,大同市,否,否,综合类,公办,470,508,485,506,525,535
忻州师范学院,山西,忻州市,否,否,师范类,公办,453,467,461,484,502,510
长治医学院,山西,长治市,否,否,医药类,公办,462,472,471,488,481,526
太原科技大学,山西,太原市,否,否,理工类,公办,475,483,482,505,514,538
川北医学院,四川,南充市,否,否,医药类,公办,495,478,501,496,540,532
山西财经大学,山西,太原市,否,否,财经类,公办,476,488,488,503,522,538
西南医科大学,四川,泸州市,否,否,医药类,公办,457,473,501,502,533,537
四川轻化工大学,四川,自贡市,否,否,理工类,公办,489,491,495,503,528,535
山西师范大学,山西,太原市,否,否,师范类,公办,479,467,486,495,518,533
山西医科大学,山西,太原市,否,否,医药类,公办,499,487,501,500,534,535
成都信息工程大学,四川,成都市,否,否,理工类,公办,503,490,530,501,566,533
山西农业大学,山西,晋中市,否,否,农林类,公办,473,408,479,489,508,534
西南石油大学,四川,成都市,否,否,综合类,公办,529,526,533,540,570,570
中国民用航空飞行学院,四川,德阳市,否,否,理工类,公办,490,473,495,492,537,529
西华师范大学,四川,南充市,否,否,师范类,公办,457,459,491,509,497,538
四川师范大学,四川,成都市,否,否,师范类,公办,483,512,520,532,544,555
成都中医药大学,四川,成都市,否,否,医药类,公办,511,506,509,520,531,554
西南科技大学,四川,绵阳市,否,否,理工类,公办,492,490,497,508,531,545
山西大学,山西,太原市,否,否,综合类,公办,525,538,529,543,565,547
浙江万里学院,浙江,宁波市,否,否,理工类,公办,453,466,461,482,503,519
浙江财经大学,浙江,杭州市,否,否,财经类,公办,528,542,544,542,590,573
浙江工商大学,浙江,杭州市,否,否,财经类,公办,515,521,528,540,567,561
温州大学,浙江,温州市,否,否,综合类,公办,498,503,506,533,539,561
绍兴文理学院,浙江,绍兴市,否,否,综合类,公办,492,493,487,496,519,529
湖州师范学院,浙江,湖州市,否,否,综合类,公办,481,433,487,506,506,549
浙江农林大学,浙江,杭州市,否,否,农林类,公办,506,511,500,512,544,548
中国计量大学,浙江,杭州市,否,否,理工类,公办,532,539,538,548,576,579
西华大学,四川,成都市,否,否,综合类,公办,482,504,495,518,513,546
浙江理工大学,浙江,杭州市,否,否,理工类,公办,520,532,535,540,561,572
浙江师范大学,浙江,金华市,否,否,综合类,公办,514,509,524,545,564,583
宁波大学,浙江,宁波市,否,否,综合类,公办,533,563,543,560,585,589
新疆财经大学,新疆,乌鲁木齐市,否,否,财经类,公办,449,466,457,476,497,520
喀什大学,新疆,喀什地区,否,否,综合类,公办,450,467,458,476,496,517
新疆师范大学,新疆,乌鲁木齐市,否,否,师范类,公办,452,459,443,493,492,525
新疆农业大学,新疆,乌鲁木齐市,否,否,农林类,公办,452,462,462,474,485,522
成都理工大学,四川,成都市,否,否,理工类,公办,526,520,533,537,564,566
西南民族大学,四川,成都市,否,否,民族类,公办,478,454,507,521,538,550
东北财经大学,辽宁,大连市,否,否,财经类,公办,559,561,568,574,606,592
沈阳农业大学,辽宁,沈阳市,否,否,农林类,公办,492,487,501,502,545,545
辽宁师范大学,辽宁,大连市,否,否,师范类,公办,453,471,470,485,504,528
沈阳大学,辽宁,沈阳市,否,否,综合类,公办,502,481,506,501,540,541
大连交通大学,辽宁,大连市,否,否,理工类,公办,485,504,492,505,529,541
大连医科大学,辽宁,大连市,否,否,医药类,公办,515,502,527,512,565,544
大连大学,辽宁,大连市,否,否,综合类,公办,478,513,485,510,522,541
沈阳理工大学,辽宁,沈阳市,否,否,理工类,公办,441,476,486,501,522,532
渤海大学,辽宁,锦州市,否,否,综合类,公办,485,491,493,504,529,540
大连海洋大学,辽宁,大连市,否,否,农林类,公办,480,497,483,499,519,531
大连民族大学,辽宁,大连市,否,否,民族类,公办,473,477,482,490,512,528
鞍山师范学院,辽宁,鞍山市,否,否,师范类,公办,517,506,521,505,557,544
沈阳医学院,辽宁,沈阳市,否,否,医药类,公办,499,431,496,503,529,532
石河子大学,新疆,自治区直辖县级行政区划,否,是,综合类,公办,471,500,502,526,544,555
重庆三峡学院,重庆,重庆市,否,否,综合类,公办,448,466,461,482,501,514
井冈山大学,江西,吉安市,否,否,综合类,公办,472,479,479,495,515,534
四川美术学院,重庆,重庆市,否,否,艺术类,公办,492,487,499,499,532,528
赣南医科大学,江西,赣州市,否,否,医药类,公办,455,469,477,489,507,521
九江学院,江西,九江市,否,否,综合类,公办,456,470,466,484,503,521
四川外国语大学,重庆,重庆市,否,否,语言类,公办,470,491,495,506,534,541
宜春学院,江西,宜春市,否,否,综合类,公办,465,490,464,483,501,519
长江师范学院,重庆,重庆市,否,否,师范类,公办,456,470,465,485,499,518
江西科技师范大学,江西,南昌市,否,否,师范类,公办,471,489,481,502,509,533
赣南师范大学,江西,赣州市,否,否,师范类,公办,460,483,484,508,520,538
重庆理工大学,重庆,重庆市,否,否,理工类,公办,471,484,489,499,522,532
上饶师范学院,江西,上饶市,否,否,师范类,公办,451,468,472,483,509,515
江西中医药大学,江西,南昌市,否,否,医药类,公办,478,479,479,505,521,539
重庆邮电大学,重庆,重庆市,否,否,理工类,公办,522,526,531,536,566,569
西南政法大学,重庆,重庆市,否,否,政法类,公办,528,532,538,539,586,566
重庆师范大学,重庆,重庆市,否,否,师范类,公办,489,499,499,514,533,546
重庆医科大学,重庆,重庆市,否,否,医药类,公办,512,490,515,509,545,540
南昌航空大学,江西,南昌市,否,否,理工类,公办,479,497,491,503,520,530
江西财经大学,江西,南昌市,否,否,财经类,公办,479,506,459,517,571,550
江西师范大学,江西,南昌市,否,否,师范类,公办,460,557,528,534,561,521
扬州大学,江苏,扬州市,否,否,综合类,公办,508,550,520,556,571,588
江西农业大学,江西,南昌市,否,否,农林类,公办,480,503,486,515,514,541
南京工业大学,江苏,南京市,否,否,理工类,公办,491,518,530,535,571,565
江苏大学,江苏,镇江市,否,否,综合类,公办,529,536,533,548,571,576
江西理工大学,江西,赣州市,否,否,理工类,公办,475,488,482,504,501,542
南京财经大学,江苏,南京市,否,否,财经类,公办,509,525,528,538,563,572
南京中医药大学,江苏,南京市,否,否,医药类,公办,551,554,551,569,569,575
江苏科技大学,江苏,镇江市,否,否,理工类,公办,488,509,508,523,543,558
杭州电子科技大学,浙江,杭州市,否,否,理工类,公办,530,527,557,536,591,569
常州大学,江苏,常州市,否,否,理工类,公办,488,499,496,511,538,546
南京审计大学,江苏,南京市,否,否,财经类,公办,561,579,566,584,602,612
江苏理工学院,江苏,常州市,否,否,理工类,公办,466,466,482,498,531,536
南京工程学院,江苏,南京市,否,否,理工类,公办,479,478,486,497,527,536
北京科技大学,北京,北京市,否,是,理工类,公办,590,565,586,578,620,609
北京理工大学,北京,北京市,是,是,理工类,公办,647,604,634,601,662,625
东北师范大学,吉林,长春市,否,是,师范类,公办,539,554,549,567,589,598
清华大学,北京,北京市,是,是,综合类,公办,689,667,681,662,704,682
太原理工大学,山西,太原市,否,是,理工类,公办,529,545,534,551,552,582
东北农业大学,黑龙江,哈尔滨市,否,是,农林类,公办,530,536,536,546,572,576
上海外国语大学,上海,上海市,否,是,语言类,公办,589,593,607,589,641,627
东华大学,上海,上海市,否,是,综合类,公办,573,573,574,574,612,603
复旦大学,上海,上海市,是,是,综合类,公办,668,650,657,646,686,665
华东师范大学,上海,上海市,是,是,师范类,公办,627,630,619,610,643,633
上海财经大学,上海,上海市,否,是,财经类,公办,624,614,626,619,659,644
延边大学,吉林,延边朝鲜族自治州,否,是,综合类,公办,516,517,532,531,572,563
武汉理工大学,湖北,武汉市,否,是,理工类,公办,576,551,575,566,609,596
华中科技大学,湖北,武汉市,是,是,综合类,公办,626,606,629,606,662,627
山东大学,山东,济南市,是,是,综合类,公办,588,591,597,597,635,623
中南大学,湖南,长沙市,是,是,综合类,公办,597,593,600,598,631,624
吉林大学,吉林,长春市,是,是,综合类,公办,576,584,585,598,614,620
中国地质大学（武汉）,湖北,武汉市,否,是,理工类,公办,550,556,565,564,602,597
重庆大学,重庆,重庆市,是,是,综合类,公办,584,600,585,584,619,612
苏州大学,江苏,苏州市,否,是,综合类,公办,565,585,563,583,593,605
中国药科大学,江苏,南京市,否,是,医药类,公办,577,549,570,561,607,595
河海大学,江苏,南京市,否,是,综合类,公办,570,565,570,567,609,598
南京师范大学,江苏,南京市,否,是,师范类,公办,561,579,567,582,608,608
浙江大学,浙江,杭州市,是,是,综合类,公办,669,640,658,639,685,655
南京大学,江苏,南京市,是,是,综合类,公办,663,639,654,638,682,654
中国矿业大学,江苏,徐州市,否,是,综合类,公办,526,553,561,560,597,592
东南大学,江苏,南京市,是,是,综合类,公办,628,609,623,608,654,631
南昌大学,江西,南昌市,否,是,综合类,公办,527,541,559,547,586,576
西北工业大学,陕西,西安市,是,是,理工类,公办,624,580,611,583,637,610
暨南大学,广东,广州市,否,是,综合类,公办,559,555,575,566,606,602
华南理工大学,广东,广州市,是,是,综合类,公办,613,571,613,593,646,616
中山大学,广东,广州市,是,是,综合类,公办,630,613,622,611,659,635
福州大学,福建,福州市,否,是,理工类,公办,554,546,560,559,596,586
厦门大学,福建,厦门市,是,是,综合类,公办,623,616,622,616,651,638
西南财经大学,四川,成都市,否,是,财经类,公办,575,575,585,579,616,608
四川农业大学,四川,成都市,否,是,农林类,公办,521,527,527,538,448,552
四川大学,四川,成都市,是,是,综合类,公办,596,607,600,597,632,622
华南师范大学,广东,广州市,否,是,师范类,公办,553,550,559,563,607,607
兰州大学,甘肃,兰州市,是,是,综合类,公办,572,569,586,582,620,611
广西大学,广西,南宁市,否,是,综合类,公办,532,553,549,556,581,587
天津体育学院,天津,天津市,否,否,体育类,公办,463,478,467,488,509,524
天津职业技术师范大学,天津,天津市,否,否,师范类,公办,462,484,474,499,509,535
天津中医药大学,天津,天津市,否,否,医药类,公办,506,543,520,525,550,560
中国民航大学,天津,天津市,否,否,理工类,公办,520,523,521,526,556,554
天津外国语大学,天津,天津市,否,否,语言类,公办,444,513,506,521,553,553
江南大学,江苏,无锡市,否,是,综合类,公办,555,550,564,560,601,592
天津商业大学,天津,天津市,否,否,财经类,公办,467,479,481,493,525,534
天津财经大学,天津,天津市,否,否,财经类,公办,468,489,533,537,578,580
天津科技大学,天津,天津市,否,否,理工类,公办,498,508,528,523,564,558
天津师范大学,天津,天津市,否,否,师范类,公办,449,551,527,558,565,587
上海大学,上海,上海市,否,是,综合类,公办,583,585,591,588,622,618
新疆大学,新疆,乌鲁木齐市,否,是,综合类,公办,508,519,512,530,546,571
同济大学,上海,上海市,是,是,综合类,公办,643,616,638,616,673,637
济南大学,山东,济南市,否,否,综合类,公办,475,486,501,526,545,559
安徽农业大学,安徽,合肥市,否,否,农林类,公办,486,474,491,512,528,539
安徽工业大学,安徽,马鞍山市,否,否,理工类,公办,472,494,491,499,526,528
安徽大学,安徽,合肥市,否,是,综合类,公办,580,540,577,561,610,587
滨州医学院,山东,烟台市,否,否,医药类,公办,478,480,480,487,525,524
郑州大学,河南,郑州市,否,是,综合类,公办,550,547,561,564,595,591
中国海洋大学,山东,青岛市,是,是,综合类,公办,580,574,580,582,616,608
南开大学,天津,天津市,是,是,综合类,公办,638,615,633,616,666,639
湖南师范大学,湖南,长沙市,否,是,师范类,公办,540,536,548,556,592,586
河北经贸大学,河北,石家庄市,否,否,财经类,公办,464,473,475,496,526,528
河北大学,河北,保定市,否,否,综合类,公办,472,507,516,521,554,558
对外经济贸易大学,北京,北京市,否,是,财经类,公办,622,610,621,614,654,634
北京师范大学,北京,北京市,是,是,师范类,公办,630,627,626,628,659,646
西南交通大学,四川,成都市,否,是,理工类,公办,563,553,566,567,604,596
辽宁大学,辽宁,沈阳市,否,是,综合类,公办,565,547,570,557,605,586
北京中医药大学,北京,北京市,否,是,医药类,公办,557,551,562,568,597,592
北京航空航天大学,北京,北京市,是,是,理工类,公办,658,612,648,613,677,633
中国人民大学,北京,北京市,是,是,综合类,公办,663,644,653,642,682,659
中央民族大学,北京,北京市,是,是,民族类,公办,581,583,584,588,617,608
湖南大学,湖南,长沙市,是,是,综合类,公办,591,588,593,592,627,618
北京林业大学,北京,北京市,否,是,农林类,公办,553,550,561,526,583,604
武汉大学,湖北,武汉市,是,是,综合类,公办,638,630,634,628,665,646
河北工业大学,天津,天津市,否,是,理工类,公办,555,542,559,553,593,588
中央音乐学院,北京,北京市,否,是,艺术类,公办,280,280,265,265,280,280
北京外国语大学,北京,北京市,否,是,语言类,公办,596,596,600,600,642,631
北京交通大学,北京,北京市,否,是,理工类,公办,605,573,603,581,636,613
西北大学,陕西,西安市,否,是,综合类,公办,554,552,563,565,600,594
长安大学,陕西,西安市,否,是,理工类,公办,555,558,558,562,596,591
云南大学,云南,昆明市,否,是,综合类,公办,546,539,549,545,591,557
大连海事大学,辽宁,大连市,否,是,理工类,公办,547,548,558,557,595,588
内蒙古大学,内蒙古,呼和浩特市,否,是,综合类,公办,516,531,519,536,562,539
北京大学,北京,北京市,是,是,综合类,公办,689,662,679,655,704,675
