﻿名称,省,市,985,211,学校类型,学校属性,2023年理科录取分数,2023年文科录取分数,2022年理科录取分数,2022年文科录取分数,2021年理科录取分数,2021年文科录取分数
江苏海洋大学,江苏,连云港市,否,否,理工类,公办,458,499,454,513,463,521
江西软件职业技术大学,江西,南昌市,否,否,理工类,民办,186,229,182,244,183,249
郑州西亚斯学院,河南,郑州市,否,否,综合类,民办,392,459,381,449,367,422
南京审计大学金审学院,江苏,南京市,否,否,财经类,民办,391,466,384,459,372,438
中国石油大学（北京）克拉玛依校区,新疆,克拉玛依市,否,是,理工类,公办,515,561,506,557,517,548
滇西应用技术大学,云南,大理白族自治州,否,否,综合类,公办,422,466,413,498,423,483
鄂尔多斯应用技术学院,内蒙古,鄂尔多斯市,否,否,理工类,公办,393,463,382,453,383,433
温州肯恩大学,浙江,温州市,否,否,综合类,中外合作办学,479,529,477,533,487,530
合肥工业大学宣城校区,安徽,宣城市,否,是,综合类,公办,554,583,537,582,535,576
江苏第二师范学院,江苏,南京市,否,否,师范类,公办,449,505,455,513,474,525
广西职业师范学院,广西,南宁市,否,否,师范类,公办,397,468,400,467,394,452
泰州学院,江苏,泰州市,否,否,综合类,公办,419,500,415,500,408,491
河北中医药大学,河北,石家庄市,否,否,医药类,公办,466,535,446,531,399,514
山东管理学院,山东,济南市,否,否,综合类,公办,352,444,422,491,429,484
张家口学院,河北,张家口市,否,否,综合类,公办,411,485,385,475,415,471
南昌师范学院,江西,南昌市,否,否,师范类,公办,370,505,450,459,456,512
山西传媒学院,山西,晋中市,否,否,艺术类,公办,428,506,435,515,424,511
南昌工学院,江西,南昌市,否,否,理工类,民办,362,457,348,430,349,416
福州外语外贸学院,福建,福州市,否,否,财经类,民办,347,428,356,423,350,413
山东协和学院,山东,济南市,否,否,医药类,民办,384,448,368,426,357,414
广东科技学院,广东,东莞市,否,否,综合类,民办,353,428,362,422,356,413
广西外国语学院,广西,南宁市,否,否,语言类,民办,347,428,343,421,352,413
华北理工大学轻工学院,河北,唐山市,否,否,理工类,民办,365,437,376,425,353,415
陕西学前师范学院,陕西,西安市,否,否,师范类,公办,408,462,371,484,417,479
天津外国语大学滨海外事学院,天津,天津市,否,否,语言类,民办,365,453,345,428,367,429
浙江外国语学院,浙江,杭州市,否,否,语言类,公办,418,506,467,518,473,527
新疆政法学院,新疆,自治区直辖县级行政区划,否,否,政法类,公办,400,479,392,466,375,439
南宁理工学院,广西,南宁市,否,否,理工类,民办,351,430,343,421,348,413
内蒙古科技大学包头师范学院,内蒙古,包头市,否,否,师范类,公办,399,473,392,462,389,389
北京第二外国语学院,北京,北京市,否,否,语言类,公办,513,557,509,543,538,580
福建江夏学院,福建,福州市,否,否,财经类,公办,421,518,366,496,453,512
衢州学院,浙江,衢州市,否,否,综合类,公办,427,498,402,495,424,490
贵州医科大学神奇民族医药学院,贵州,贵阳市,否,否,医药类,民办,396,468,421,462,411,444
贵州黔南经济学院,贵州,黔南布依族苗族自治州,否,否,财经类,民办,367,453,376,449,379,421
兴义民族师范学院,贵州,黔西南布依族苗族自治州,否,否,师范类,公办,428,496,415,488,413,482
西安科技大学高新学院,陕西,西安市,否,否,理工类,民办,350,436,351,428,362,414
南通大学杏林学院,江苏,南通市,否,否,综合类,民办,379,449,364,442,348,421
江苏科技大学苏州理工学院,江苏,苏州市,否,否,理工类,民办,382,453,374,443,365,423
南京邮电大学通达学院,江苏,扬州市,否,否,综合类,民办,392,456,386,450,376,435
江苏师范大学科文学院,江苏,徐州市,否,否,综合类,民办,378,429,377,464,362,438
扬州大学广陵学院,江苏,扬州市,否,否,综合类,民办,388,466,373,455,360,444
苏州科技大学天平学院,江苏,苏州市,否,否,综合类,民办,377,453,374,446,369,421
苏州大学应用技术学院,江苏,苏州市,否,否,综合类,民办,381,454,374,442,366,422
苏州城市学院,江苏,苏州市,否,否,综合类,公办,453,509,444,514,431,497
南京师范大学中北学院,江苏,镇江市,否,否,综合类,民办,383,465,377,453,370,443
南京工业大学浦江学院,江苏,南京市,否,否,理工类,民办,387,450,371,442,365,416
南京理工大学紫金学院,江苏,南京市,否,否,理工类,民办,401,475,391,469,387,455
黑龙江财经学院,黑龙江,哈尔滨市,否,否,财经类,民办,347,428,347,422,348,454
昆明理工大学津桥学院,云南,昆明市,否,否,理工类,民办,360,447,344,423,364,416
滇池学院,云南,昆明市,否,否,综合类,民办,367,443,361,433,354,418
文山学院,云南,文山壮族苗族自治州,否,否,综合类,公办,427,476,424,424,428,462
保山学院,云南,保山市,否,否,综合类,公办,416,494,406,479,410,483
聊城大学东昌学院,山东,聊城市,否,否,综合类,民办,382,452,373,443,358,428
西南财经大学天府学院,四川,绵阳市,否,否,财经类,民办,385,458,374,447,381,424
四川大学锦江学院,四川,眉山市,否,否,综合类,民办,391,458,379,455,365,432
成都锦城学院,四川,成都市,否,否,综合类,民办,349,462,404,476,406,474
成都外国语学院,四川,成都市,否,否,语言类,民办,384,433,375,449,389,438
成都银杏酒店管理学院,四川,成都市,否,否,财经类,民办,363,443,359,424,360,438
成都理工大学工程技术学院,四川,乐山市,否,否,理工类,民办,385,456,374,445,353,416
成都大学,四川,成都市,否,否,综合类,公办,485,545,450,531,504,539
新疆科技学院,新疆,巴音郭楞蒙古自治州,否,否,财经类,公办,396,469,387,458,384,440
湛江科技学院,广东,湛江市,否,否,综合类,民办,353,439,345,421,348,413
东莞城市学院,广东,东莞市,否,否,理工类,民办,347,428,346,425,352,416
衡阳师范学院南岳学院,湖南,衡阳市,否,否,师范类,民办,394,475,393,469,400,457
湖南中医药大学湘杏学院,湖南,岳阳市,否,否,医药类,民办,416,504,385,491,441,490
南华大学船山学院,湖南,衡阳市,否,否,综合类,民办,390,466,388,465,380,450
湘潭大学兴湘学院,湖南,湘潭市,否,否,综合类,民办,390,472,396,459,382,413
湖南工业大学科技学院,湖南,株洲市,否,否,综合类,民办,401,457,403,453,395,439
湖南科技大学潇湘学院,湖南,湘潭市,否,否,综合类,民办,399,476,385,465,348,460
长沙理工大学城南学院,湖南,长沙市,否,否,理工类,民办,398,460,389,461,357,446
湘潭理工学院,湖南,湘潭市,否,否,理工类,民办,375,428,389,450,382,452
湖南第一师范学院,湖南,长沙市,否,否,师范类,公办,467,536,446,540,487,529
武汉传媒学院,湖北,武汉市,否,否,艺术类,民办,371,461,362,449,354,442
湖北恩施学院,湖北,恩施土家族苗族自治州,否,否,综合类,民办,397,454,399,437,381,413
湖北工程学院新技术学院,湖北,孝感市,否,否,综合类,民办,383,459,377,450,367,431
武汉文理学院,湖北,武汉市,否,否,综合类,民办,382,455,381,445,377,423
江西财经大学现代经济管理学院,江西,九江市,否,否,财经类,民办,390,461,381,449,348,421
南昌医学院,江西,南昌市,否,否,医药类,公办,457,527,473,527,473,513
赣南科技学院,江西,赣州市,否,否,理工类,公办,435,460,419,488,407,465
南昌交通学院,江西,南昌市,否,否,理工类,民办,364,448,343,429,357,437
江西师范大学科学技术学院,江西,九江市,否,否,综合类,民办,390,463,381,454,375,439
南昌大学科学技术学院,江西,九江市,否,否,综合类,民办,368,454,383,448,349,438
厦门工学院,福建,厦门市,否,否,理工类,民办,365,439,343,422,348,415
浙江越秀外国语学院,浙江,绍兴市,否,否,语言类,民办,347,428,343,421,352,413
宁波财经学院,浙江,宁波市,否,否,财经类,民办,347,428,343,423,350,414
上海财经大学浙江学院,浙江,金华市,否,否,财经类,民办,376,449,367,442,382,428
温州商学院,浙江,温州市,否,否,财经类,民办,347,429,349,421,348,417
嘉兴南湖学院,浙江,嘉兴市,否,否,财经类,公办,447,522,430,505,418,478
浙江财经大学东方学院,浙江,嘉兴市,否,否,财经类,民办,360,449,344,437,348,417
浙江工商大学杭州商学院,浙江,杭州市,否,否,财经类,民办,361,442,346,430,356,426
温州理工学院,浙江,温州市,否,否,理工类,公办,467,514,449,502,429,481
绍兴文理学院元培学院,浙江,绍兴市,否,否,综合类,民办,370,450,343,439,352,414
湖州学院,浙江,湖州市,否,否,综合类,公办,446,477,428,498,413,474
浙江农林大学暨阳学院,浙江,绍兴市,否,否,农林类,民办,357,433,344,422,349,424
宁波大学科学技术学院,浙江,宁波市,否,否,综合类,民办,359,438,343,427,348,418
浙江师范大学行知学院,浙江,金华市,否,否,综合类,民办,373,448,355,429,349,414
浙江工业大学之江学院,浙江,绍兴市,否,否,理工类,民办,366,436,345,441,353,421
浙大宁波理工学院,浙江,宁波市,否,否,理工类,公办,500,550,494,544,502,540
浙大城市学院,浙江,杭州市,否,否,综合类,公办,491,546,494,551,493,538
广西中医药大学赛恩斯新医药学院,广西,南宁市,否,否,医药类,民办,400,469,390,451,396,432
广西民族大学相思湖学院,广西,南宁市,否,否,民族类,民办,391,462,388,456,378,438
南宁师范大学师园学院,广西,南宁市,否,否,综合类,民办,390,463,385,453,381,435
柳州工学院,广西,柳州市,否,否,理工类,民办,353,431,365,444,348,421
桂林信息科技学院,广西,桂林市,否,否,理工类,民办,347,433,343,422,348,425
桂林学院,广西,桂林市,否,否,综合类,民办,382,457,380,446,370,440
广西民族师范学院,广西,崇左市,否,否,师范类,公办,416,482,431,496,433,486
甘肃民族师范学院,甘肃,甘南藏族自治州,否,否,师范类,公办,411,473,401,472,401,462
辽宁中医药大学杏林学院,辽宁,沈阳市,否,否,医药类,民办,383,451,370,430,363,413
沈阳城市建设学院,辽宁,沈阳市,否,否,理工类,民办,347,390,343,439,348,424
大连科技学院,辽宁,大连市,否,否,理工类,民办,347,266,346,277,352,247
山西晋中理工学院,山西,晋中市,否,否,理工类,民办,376,443,364,424,367,417
内蒙古大学创业学院,内蒙古,呼和浩特市,否,否,综合类,民办,366,450,350,441,349,417
呼和浩特民族学院,内蒙古,呼和浩特市,否,否,民族类,公办,398,472,390,467,364,450
长春财经学院,吉林,长春市,否,否,财经类,民办,348,428,348,424,387,432
长春光华学院,吉林,长春市,否,否,综合类,民办,363,437,360,435,390,430
天津天狮学院,天津,天津市,否,否,综合类,民办,347,428,343,421,348,413
天津财经大学珠江学院,天津,天津市,否,否,综合类,民办,366,444,350,429,348,413
天津理工大学中环信息学院,天津,天津市,否,否,综合类,民办,368,441,352,425,348,413
北京科技大学天津学院,天津,天津市,否,否,综合类,民办,368,445,352,439,353,419
天津医科大学临床医学院,天津,天津市,否,否,医药类,民办,409,448,381,435,392,415
天津商业大学宝德学院,天津,天津市,否,否,财经类,民办,358,441,343,421,348,413
民政职业大学,北京,北京市,否,否,政法类,公办,351,390,353,371,338,404
贵州警察学院,贵州,贵阳市,否,否,政法类,公办,441,503,439,488,415,475
西安交通工程学院,陕西,西安市,否,否,理工类,民办,353,429,344,424,361,415
西安信息职业大学,陕西,西安市,否,否,理工类,民办,348,438,343,433,359,363
西安汽车职业大学,陕西,西安市,否,否,理工类,民办,348,428,344,387,353,349
西安欧亚学院,陕西,西安市,否,否,财经类,民办,347,428,344,436,353,424
无锡太湖学院,江苏,无锡市,否,否,综合类,民办,354,443,344,430,354,413
昭通学院,云南,昭通市,否,否,综合类,公办,427,483,413,491,416,482
青岛黄海学院,山东,青岛市,否,否,综合类,民办,353,430,223,430,354,294
烟台南山学院,山东,烟台市,否,否,综合类,民办,366,449,362,424,375,416
山东英才学院,山东,济南市,否,否,综合类,民办,349,254,215,424,348,383
山东石油化工学院,山东,东营市,否,否,理工类,公办,418,474,405,465,403,452
济宁学院,山东,济宁市,否,否,综合类,公办,383,480,400,470,399,470
广东外语外贸大学南国商学院,广东,广州市,否,否,综合类,民办,357,438,346,423,395,468
广州华商学院,广东,广州市,否,否,财经类,民办,372,435,382,425,364,414
广州城市理工学院,广东,广州市,否,否,理工类,民办,382,428,368,436,349,414
广州华立学院,广东,广州市,否,否,理工类,民办,349,429,343,429,381,423
广州商学院,广东,广州市,否,否,财经类,民办,366,475,347,477,437,482
广东轻工职业技术大学,广东,广州市,否,否,理工类,公办,396,457,383,437,375,411
湖南软件职业技术大学,湖南,湘潭市,否,否,理工类,民办,286,293,268,277,225,248
湖南汽车工程职业大学,湖南,株洲市,否,否,理工类,公办,307,389,266,308,239,254
湖南女子学院,湖南,长沙市,否,否,综合类,公办,404,475,350,481,429,475
长沙师范学院,湖南,长沙市,否,否,师范类,公办,355,459,437,515,453,504
湖南医药学院,湖南,怀化市,否,否,医药类,公办,484,524,475,523,472,514
湖南警察学院,湖南,长沙市,否,否,政法类,公办,418,515,399,505,451,507
湖南财政经济学院,湖南,长沙市,否,否,财经类,公办,450,497,422,433,481,523
武汉生物工程学院,湖北,武汉市,否,否,理工类,民办,382,456,382,443,353,415
武汉晴川学院,湖北,武汉市,否,否,综合类,民办,369,444,351,423,348,415
荆州学院,湖北,荆州市,否,否,理工类,民办,370,446,352,433,351,417
长江大学文理学院,湖北,荆州市,否,否,综合类,民办,390,460,362,451,391,433
湖北文理学院理工学院,湖北,襄阳市,否,否,理工类,民办,387,460,369,447,360,430
湖北师范大学文理学院,湖北,黄石市,否,否,师范类,民办,380,455,363,447,349,436
武汉工程大学邮电与信息工程学院,湖北,武汉市,否,否,理工类,民办,371,445,355,426,349,413
湖北商贸学院,湖北,武汉市,否,否,财经类,民办,361,438,345,424,348,417
湖北工业大学工程技术学院,湖北,武汉市,否,否,综合类,民办,379,448,360,427,348,418
武汉工商学院,湖北,武汉市,否,否,综合类,民办,367,444,343,427,354,413
湖北大学知行学院,湖北,武汉市,否,否,理工类,民办,379,460,367,447,356,431
郑州工程技术学院,河南,郑州市,否,否,理工类,公办,407,483,407,474,407,438
河南财政金融学院,河南,郑州市,否,否,财经类,公办,409,470,368,480,422,483
泉州信息工程学院,福建,泉州市,否,否,理工类,民办,353,435,344,422,352,415
厦门华厦学院,福建,厦门市,否,否,综合类,民办,364,437,356,435,356,441
闽南理工学院,福建,泉州市,否,否,理工类,民办,356,428,345,424,348,418
福建农林大学金山学院,福建,福州市,否,否,综合类,民办,389,452,367,437,359,418
福州大学至诚学院,福建,福州市,否,否,综合类,民办,385,463,369,469,361,458
闽南科技学院,福建,泉州市,否,否,理工类,民办,358,430,343,422,361,425
福建师范大学协和学院,福建,福州市,否,否,综合类,民办,373,429,376,457,350,440
阳光学院,福建,福州市,否,否,综合类,民办,348,428,345,421,348,417
厦门大学嘉庚学院,福建,漳州市,否,否,综合类,民办,390,430,386,482,408,469
福建商学院,福建,福州市,否,否,财经类,公办,416,490,393,422,454,503
宁德师范学院,福建,宁德市,否,否,师范类,公办,434,519,427,490,432,500
武夷学院,福建,南平市,否,否,综合类,公办,422,481,415,439,418,492
蚌埠学院,安徽,蚌埠市,否,否,理工类,公办,417,479,407,482,404,476
浙江树人学院,浙江,杭州市,否,否,综合类,民办,355,449,346,432,348,413
南宁学院,广西,南宁市,否,否,理工类,民办,347,447,369,443,356,424
广西城市职业大学,广西,崇左市,否,否,综合类,民办,347,428,343,421,348,413
广西农业职业技术大学,广西,南宁市,否,否,农林类,公办,400,466,393,456,350,413
广西警察学院,广西,南宁市,否,否,政法类,公办,432,489,414,472,401,460
桂林旅游学院,广西,桂林市,否,否,财经类,公办,394,472,400,467,386,458
桂林航天工业学院,广西,桂林市,否,否,理工类,公办,422,460,411,468,401,462
广西科技师范学院,广西,来宾市,否,否,师范类,公办,423,496,414,488,409,473
辽宁理工职业大学,辽宁,锦州市,否,否,理工类,民办,253,392,261,354,268,364
辽宁传媒学院,辽宁,沈阳市,否,否,艺术类,民办,348,429,350,422,348,232
朝阳师范学院,辽宁,朝阳市,否,否,师范类,公办,309,384,283,363,291,352
太原学院,山西,太原市,否,否,综合类,公办,412,488,405,470,406,486
吕梁学院,山西,吕梁市,否,否,综合类,公办,369,476,403,468,395,451
河套学院,内蒙古,巴彦淖尔市,否,否,综合类,公办,396,465,389,459,389,443
吉林警察学院,吉林,长春市,否,否,政法类,公办,418,484,403,463,398,466
吉林工商学院,吉林,长春市,否,否,财经类,公办,399,471,392,466,396,461
天津仁爱学院,天津,天津市,否,否,综合类,民办,347,433,343,422,348,414
石家庄铁道大学四方学院,河北,石家庄市,否,否,理工类,民办,404,449,394,450,399,436
内蒙古鸿德文理学院,内蒙古,呼和浩特市,否,否,综合类,民办,351,447,358,424,349,420
贵州师范学院,贵州,贵阳市,否,否,师范类,公办,406,482,430,506,428,498
贵州商学院,贵州,贵阳市,否,否,财经类,公办,421,493,419,484,416,477
常州大学怀德学院,江苏,泰州市,否,否,理工类,民办,382,453,369,442,364,414
集宁师范学院,内蒙古,乌兰察布市,否,否,师范类,公办,404,471,387,463,396,454
大连财经学院,辽宁,大连市,否,否,财经类,民办,350,431,343,422,348,414
南通理工学院,江苏,南通市,否,否,综合类,民办,347,428,345,421,349,418
信阳学院,河南,信阳市,否,否,综合类,民办,403,472,392,466,378,449
琼台师范学院,海南,海口市,否,否,师范类,公办,412,493,380,463,419,487
河南城建学院,河南,平顶山市,否,否,理工类,公办,401,463,401,465,348,451
郑州工业应用技术学院,河南,郑州市,否,否,理工类,民办,379,437,366,440,372,418
荆楚理工学院,湖北,荆门市,否,否,理工类,公办,429,496,418,487,420,475
重庆工程学院,重庆,重庆市,否,否,理工类,民办,360,444,392,453,390,432
重庆第二师范学院,重庆,重庆市,否,否,师范类,公办,437,473,411,517,471,520
重庆电子科技职业大学,重庆,重庆市,否,否,理工类,公办,374,428,349,412,337,398
重庆机电职业技术大学,重庆,重庆市,否,否,理工类,民办,384,448,372,434,361,415
重庆工商大学派斯学院,重庆,重庆市,否,否,财经类,民办,369,454,387,446,385,427
重庆移通学院,重庆,重庆市,否,否,理工类,民办,385,452,369,440,348,415
重庆财经学院,重庆,重庆市,否,否,财经类,民办,386,441,380,464,369,463
重庆外语外事学院,重庆,重庆市,否,否,语言类,民办,365,451,378,449,371,435
重庆对外经贸学院,重庆,重庆市,否,否,财经类,民办,382,461,380,453,369,433
珠海科技学院,广东,珠海市,否,否,综合类,民办,397,441,388,474,349,446
南京师范大学泰州学院,江苏,泰州市,否,否,师范类,民办,381,471,377,466,353,445
江苏大学京江学院,江苏,镇江市,否,否,综合类,民办,387,461,373,449,352,430
无锡学院,江苏,无锡市,否,否,理工类,公办,475,528,456,508,438,484
北京中医药大学东方学院,河北,廊坊市,否,否,医药类,民办,402,464,383,447,383,436
四川工商学院,四川,成都市,否,否,综合类,民办,397,464,393,456,368,453
海口经济学院,海南,海口市,否,否,综合类,民办,316,393,343,422,351,426
广西艺术学院,广西,南宁市,否,否,艺术类,公办,406,430,390,478,424,459
浙江水利水电学院,浙江,杭州市,否,否,理工类,公办,438,481,446,491,455,503
湖北第二师范学院,湖北,武汉市,否,否,师范类,公办,351,522,454,529,464,523
四川警察学院,四川,泸州市,否,否,政法类,公办,457,510,438,485,462,505
西交利物浦大学,江苏,苏州市,否,否,综合类,中外合作办学,486,535,475,532,494,538
三亚学院,海南,三亚市,否,否,综合类,民办,347,430,353,422,348,413
河南开封科技传媒学院,河南,开封市,否,否,综合类,民办,376,454,363,445,348,429
河南工程学院,河南,郑州市,否,否,理工类,公办,357,461,426,490,433,476
武汉纺织大学外经贸学院,湖北,武汉市,否,否,综合类,民办,363,437,351,429,357,428
广州软件学院,广东,广州市,否,否,理工类,民办,382,428,390,434,389,417
上海外国语大学贤达经济人文学院,上海,上海市,否,否,财经类,民办,350,429,346,436,348,418
北京理工大学珠海学院,广东,珠海市,否,否,理工类,民办,434,452,434,487,439,472
广州应用科技学院,广东,广州市,否,否,综合类,民办,357,440,346,425,353,418
广州新华学院,广东,广州市,否,否,综合类,民办,364,458,378,447,392,421
武汉体育学院体育科技学院,湖北,武汉市,否,否,体育类,民办,355,428,343,435,359,415
昆明城市学院,云南,昆明市,否,否,综合类,民办,373,452,363,435,348,413
山东政法学院,山东,济南市,否,否,政法类,公办,374,493,431,537,482,529
吉林师范大学博达学院,吉林,四平市,否,否,师范类,民办,347,428,348,422,351,413
北京师范大学-香港浸会大学联合国际学院,广东,珠海市,否,否,综合类,内地与港澳台地区合作办学,475,536,476,538,495,547
安顺学院,贵州,安顺市,否,否,综合类,公办,417,488,400,464,427,472
西安医学院,陕西,西安市,否,否,医药类,公办,377,480,466,486,475,492
菏泽学院,山东,菏泽市,否,否,综合类,公办,412,481,402,468,396,480
安康学院,陕西,安康市,否,否,综合类,公办,392,478,399,482,356,472
商洛学院,陕西,商洛市,否,否,综合类,公办,393,483,399,479,406,465
三明学院,福建,三明市,否,否,综合类,公办,425,499,420,486,419,474
贺州学院,广西,贺州市,否,否,综合类,公办,420,493,408,489,401,472
长治学院,山西,长治市,否,否,综合类,公办,411,478,387,451,409,483
北部湾大学,广西,钦州市,否,否,综合类,公办,475,528,477,545,431,496
丽水学院,浙江,丽水市,否,否,综合类,公办,428,489,433,490,439,502
百色学院,广西,百色市,否,否,综合类,公办,424,479,404,473,404,464
梧州学院,广西,梧州市,否,否,综合类,公办,416,480,405,478,415,470
龙岩学院,福建,龙岩市,否,否,综合类,公办,425,482,414,480,408,488
海南热带海洋学院,海南,三亚市,否,否,综合类,公办,423,489,401,465,400,485
长沙医学院,湖南,长沙市,否,否,医药类,民办,444,505,460,487,471,473
呼伦贝尔学院,内蒙古,呼伦贝尔市,否,否,综合类,公办,388,463,388,465,384,444
贵州工程应用技术学院,贵州,毕节市,否,否,师范类,公办,407,476,401,474,414,467
重庆人文科技学院,重庆,重庆市,否,否,综合类,民办,380,456,386,449,375,435
山东大学（威海）,山东,威海市,是,是,综合类,公办,574,603,560,604,581,603
宁波诺丁汉大学,浙江,宁波市,否,否,综合类,中外合作办学,514,534,475,551,523,543
上海师范大学天华学院,上海,上海市,否,否,综合类,民办,347,428,344,423,349,417
集美大学诚毅学院,福建,厦门市,否,否,综合类,民办,390,474,386,478,358,468
安徽中医药大学,安徽,合肥市,否,否,医药类,公办,466,500,355,477,479,515
南京财经大学红山学院,江苏,镇江市,否,否,综合类,民办,376,451,366,438,372,414
宁波工程学院,浙江,宁波市,否,否,理工类,公办,449,494,428,494,383,507
湖南涉外经济学院,湖南,长沙市,否,否,财经类,民办,348,430,344,422,356,421
西京学院,陕西,西安市,否,否,理工类,民办,363,434,356,422,354,414
常熟理工学院,江苏,苏州市,否,否,理工类,公办,450,510,431,507,443,503
三江学院,江苏,南京市,否,否,综合类,民办,364,442,343,454,374,436
洛阳理工学院,河南,洛阳市,否,否,理工类,公办,406,489,346,446,441,492
武汉城市学院,湖北,武汉市,否,否,理工类,民办,365,438,349,421,349,413
宿迁学院,江苏,宿迁市,否,否,综合类,公办,419,499,409,458,426,491
武汉学院,湖北,武汉市,否,否,综合类,民办,371,449,359,441,349,424
辽宁理工学院,辽宁,锦州市,否,否,理工类,民办,348,429,353,425,351,415
武汉东湖学院,湖北,武汉市,否,否,综合类,民办,384,451,367,437,359,421
武昌理工学院,湖北,武汉市,否,否,综合类,民办,374,447,357,433,349,413
郑州师范学院,河南,郑州市,否,否,师范类,公办,430,537,444,530,449,525
东南大学成贤学院,江苏,南京市,否,否,综合类,民办,405,462,387,453,363,436
武汉工程科技学院,湖北,武汉市,否,否,理工类,民办,358,439,343,421,348,413
南京理工大学泰州科技学院,江苏,泰州市,否,否,理工类,民办,384,452,378,448,370,418
山东中医药大学,山东,济南市,否,否,医药类,公办,430,460,473,519,466,530
南京特殊教育师范学院,江苏,南京市,否,否,师范类,公办,396,491,406,486,417,476
中南林业科技大学涉外学院,湖南,长沙市,否,否,综合类,民办,390,461,378,448,348,422
电子科技大学成都学院,四川,成都市,否,否,理工类,民办,405,447,396,445,390,442
陕西警察学院,陕西,西安市,否,否,政法类,公办,337,413,318,375,303,355
中国矿业大学徐海学院,江苏,徐州市,否,否,综合类,民办,383,463,377,452,357,442
郑州财经学院,河南,郑州市,否,否,财经类,民办,372,456,367,447,387,438
三峡大学科技学院,湖北,宜昌市,否,否,综合类,民办,386,457,371,447,354,419
北京邮电大学世纪学院,北京,北京市,否,否,综合类,民办,403,448,354,428,364,427
汉口学院,湖北,武汉市,否,否,综合类,民办,355,448,345,433,350,414
武昌首义学院,湖北,武汉市,否,否,理工类,民办,384,453,368,446,348,419
西安航空学院,陕西,西安市,否,否,理工类,公办,420,449,413,477,421,474
武汉华夏理工学院,湖北,武汉市,否,否,理工类,民办,376,439,363,428,358,413
广州南方学院,广东,广州市,否,否,综合类,民办,380,455,367,453,360,424
天水师范学院,甘肃,天水市,否,否,师范类,公办,401,487,399,473,378,444
陇东学院,甘肃,庆阳市,否,否,综合类,公办,390,480,403,472,393,463
上海电机学院,上海,上海市,否,否,理工类,公办,445,489,443,469,446,495
塔里木大学,新疆,自治区直辖县级行政区划,否,否,综合类,公办,390,468,399,476,384,448
榆林学院,陕西,榆林市,否,否,综合类,公办,411,484,403,474,395,468
曲靖师范学院,云南,曲靖市,否,否,师范类,公办,372,447,413,484,413,477
成都体育学院,四川,成都市,否,否,体育类,公办,352,440,438,510,444,505
乐山师范学院,四川,乐山市,否,否,师范类,公办,433,511,433,500,433,482
宜宾学院,四川,宜宾市,否,否,综合类,公办,440,498,426,488,439,488
内江师范学院,四川,内江市,否,否,师范类,公办,402,496,458,525,434,504
绵阳师范学院,四川,绵阳市,否,否,师范类,公办,440,515,443,514,453,513
文华学院,湖北,武汉市,否,否,综合类,民办,374,435,358,447,353,425
重庆工商大学,重庆,重庆市,否,否,财经类,公办,482,547,500,558,528,555
湖南人文科技学院,湖南,娄底市,否,否,综合类,公办,420,485,408,458,440,490
辽宁科技学院,辽宁,本溪市,否,否,理工类,公办,399,471,394,463,396,456
浙江传媒学院,浙江,杭州市,否,否,艺术类,公办,451,526,485,545,510,550
南京工业职业技术大学,江苏,南京市,否,否,理工类,公办,425,489,399,463,351,410
淮阴师范学院,江苏,淮安市,否,否,师范类,公办,436,501,430,504,430,501
绥化学院,黑龙江,绥化市,否,否,综合类,公办,394,446,390,463,383,450
哈尔滨师范大学,黑龙江,哈尔滨市,否,否,师范类,公办,407,480,354,423,444,492
厦门理工学院,福建,厦门市,否,否,理工类,公办,474,455,468,526,476,518
湖北经济学院法商学院,湖北,武汉市,否,否,财经类,民办,357,446,349,429,348,413
徐州工程学院,江苏,徐州市,否,否,综合类,公办,435,515,426,501,428,496
金陵科技学院,江苏,南京市,否,否,理工类,公办,462,503,446,451,438,508
吉林医药学院,吉林,吉林市,否,否,医药类,公办,412,456,449,467,396,452
广西财经学院,广西,南宁市,否,否,财经类,公办,347,454,435,491,441,499
黑河学院,黑龙江,黑河市,否,否,综合类,公办,393,472,394,472,383,453
昆明学院,云南,昆明市,否,否,综合类,公办,446,505,419,510,443,510
西安文理学院,陕西,西安市,否,否,综合类,公办,406,486,352,437,437,501
赤峰学院,内蒙古,赤峰市,否,否,综合类,公办,400,475,395,465,386,459
重庆文理学院,重庆,重庆市,否,否,综合类,公办,488,542,488,537,488,520
河池学院,广西,河池市,否,否,综合类,公办,419,481,406,474,407,465
广西中医药大学,广西,南宁市,否,否,医药类,公办,519,544,508,541,496,533
右江民族医学院,广西,百色市,否,否,医药类,公办,520,469,512,471,512,471
广东金融学院,广东,广州市,否,否,财经类,公办,476,537,481,529,482,531
长沙学院,湖南,长沙市,否,否,综合类,公办,447,495,396,491,479,525
湖北警官学院,湖北,武汉市,否,否,政法类,公办,435,505,417,487,435,497
湖北理工学院,湖北,黄石市,否,否,理工类,公办,446,501,437,470,446,502
安庆师范大学,安徽,安庆市,否,否,师范类,公办,452,515,448,525,465,520
阜阳师范大学,安徽,阜阳市,否,否,师范类,公办,419,526,373,525,464,517
福建中医药大学,福建,福州市,否,否,医药类,公办,465,520,455,487,480,533
福建医科大学,福建,福州市,否,否,医药类,公办,547,535,489,544,525,547
重庆交通大学,重庆,重庆市,否,否,理工类,公办,520,536,509,562,532,560
吉林农业科技学院,吉林,吉林市,否,否,农林类,公办,397,458,393,462,384,453
大庆师范学院,黑龙江,大庆市,否,否,师范类,公办,391,476,389,461,395,459
上海政法学院,上海,上海市,否,否,政法类,公办,532,573,522,578,544,570
上海商学院,上海,上海市,否,否,财经类,公办,473,564,454,548,468,527
武汉科技大学,湖北,武汉市,否,否,综合类,公办,522,557,514,565,537,560
广州科技职业技术大学,广东,广州市,否,否,综合类,民办,350,433,345,456,348,444
广东理工学院,广东,肇庆市,否,否,理工类,民办,352,428,347,424,348,413
广东工商职业技术大学,广东,肇庆市,否,否,综合类,民办,347,357,347,315,364,441
广东白云学院,广东,广州市,否,否,综合类,民办,380,446,360,440,351,429
广东培正学院,广东,广州市,否,否,财经类,民办,353,442,371,439,353,419
广东技术师范大学,广东,广州市,否,否,师范类,公办,476,520,470,525,477,518
广东警官学院,广东,广州市,否,否,政法类,公办,485,540,473,530,497,538
肇庆学院,广东,肇庆市,否,否,师范类,公办,444,486,436,439,446,509
南方医科大学,广东,广州市,否,否,医药类,公办,583,565,596,551,515,557
贵州大学,贵州,贵阳市,否,是,综合类,公办,520,569,540,576,546,575
西南大学,重庆,重庆市,否,是,综合类,公办,578,603,568,597,581,608
攀枝花学院,四川,攀枝花市,否,否,综合类,公办,364,464,415,491,421,472
晋中学院,山西,晋中市,否,否,综合类,公办,398,469,350,425,404,463
运城学院,山西,运城市,否,否,综合类,公办,404,487,359,478,405,466
山西中医药大学,山西,晋中市,否,否,医药类,公办,437,525,474,421,463,514
江西职业技术大学,江西,九江市,否,否,综合类,公办,350,421,314,384,295,334
新余学院,江西,新余市,否,否,综合类,公办,426,501,418,494,436,490
萍乡学院,江西,萍乡市,否,否,综合类,公办,417,492,388,466,418,473
黄淮学院,河南,驻马店市,否,否,综合类,公办,411,493,406,484,398,472
河南科技学院,河南,新乡市,否,否,综合类,公办,411,459,408,481,409,462
平顶山学院,河南,平顶山市,否,否,综合类,公办,382,496,410,484,411,463
信阳师范大学,河南,信阳市,否,否,师范类,公办,434,494,419,492,413,477
首都经济贸易大学,北京,北京市,否,否,财经类,公办,505,579,530,578,552,578
河南中医药大学,河南,郑州市,否,否,医药类,公办,448,525,360,438,472,515
江西科技学院,江西,南昌市,否,否,综合类,民办,350,445,392,427,376,413
南昌理工学院,江西,南昌市,否,否,综合类,民办,377,451,350,440,350,423
南昌工程学院,江西,南昌市,否,否,理工类,公办,450,508,410,504,471,508
北京体育大学,北京,北京市,否,是,体育类,公办,495,579,543,586,551,579
西安思源学院,陕西,西安市,否,否,综合类,民办,347,437,373,444,364,420
西安外事学院,陕西,西安市,否,否,综合类,民办,353,441,352,422,361,413
天津中德应用技术大学,天津,天津市,否,否,理工类,公办,411,419,401,409,407,453
南阳理工学院,河南,南阳市,否,否,理工类,公办,414,488,375,476,421,468
河南师范大学,河南,新乡市,否,否,师范类,公办,475,540,516,553,509,552
中国石油大学（北京）,北京,北京市,否,是,理工类,公办,568,593,554,589,560,586
华北电力大学,北京,北京市,否,是,理工类,公办,596,594,576,590,574,595
吉利学院,四川,成都市,否,否,理工类,民办,357,430,330,406,351,435
汉江师范学院,湖北,十堰市,否,否,师范类,公办,417,508,389,506,434,506
武汉商学院,湖北,武汉市,否,否,财经类,公办,429,510,361,514,467,516
四川工业科技学院,四川,德阳市,否,否,综合类,民办,361,451,390,429,380,452
四川文理学院,四川,达州市,否,否,综合类,公办,416,464,408,499,408,494
四川工程职业技术大学,四川,德阳市,否,否,理工类,公办,373,408,344,378,328,367
南通大学,江苏,南通市,否,否,综合类,公办,498,563,485,561,523,558
阿坝师范学院,四川,阿坝藏族羌族自治州,否,否,师范类,公办,425,496,422,484,422,472
成都东软学院,四川,成都市,否,否,理工类,民办,374,456,405,439,415,316
黑龙江工业学院,黑龙江,鸡西市,否,否,综合类,公办,391,464,387,460,385,447
哈尔滨信息工程学院,黑龙江,哈尔滨市,否,否,理工类,民办,347,429,343,421,348,413
河北外国语学院,河北,石家庄市,否,否,语言类,民办,347,433,356,428,352,416
哈尔滨职业技术大学,黑龙江,哈尔滨市,否,否,综合类,公办,255,310,188,201,187,205
哈尔滨金融学院,黑龙江,哈尔滨市,否,否,财经类,公办,373,472,395,455,391,468
上海中侨职业技术大学,上海,上海市,否,否,财经类,民办,353,307,345,237,370,207
河北科技工程职业技术大学,河北,邢台市,否,否,理工类,公办,403,463,400,456,208,291
河北金融学院,河北,保定市,否,否,财经类,公办,368,499,402,483,431,491
邢台医学院,河北,邢台市,否,否,医药类,公办,335,406,296,368,312,361
北华航天工业学院,河北,廊坊市,否,否,理工类,公办,441,478,425,479,435,474
上海建桥学院,上海,上海市,否,否,财经类,民办,347,428,343,422,348,413
电子科技大学,四川,成都市,是,是,理工类,公办,628,596,614,609,616,604
防灾科技学院,河北,廊坊市,否,否,综合类,公办,425,489,413,490,431,489
沧州师范学院,河北,沧州市,否,否,师范类,公办,411,488,409,481,389,453
保定学院,河北,保定市,否,否,综合类,公办,404,477,354,471,420,480
深圳职业技术大学,广东,深圳市,否,否,综合类,公办,402,460,390,453,387,445
广州工商学院,广东,广州市,否,否,财经类,民办,352,428,362,421,355,415
邯郸学院,河北,邯郸市,否,否,师范类,公办,408,475,403,469,392,454
衡水学院,河北,衡水市,否,否,综合类,公办,402,478,400,460,404,472
廊坊师范学院,河北,廊坊市,否,否,师范类,公办,412,476,385,451,409,478
唐山师范学院,河北,唐山市,否,否,师范类,公办,391,473,391,466,406,460
山东师范大学,山东,济南市,否,否,师范类,公办,492,538,476,564,518,560
石家庄铁道大学,河北,石家庄市,否,否,理工类,公办,515,540,511,552,516,548
河北地质大学,河北,石家庄市,否,否,理工类,公办,414,505,350,489,455,510
华北科技学院,河北,廊坊市,否,否,理工类,公办,444,482,436,482,430,492
华北理工大学,河北,唐山市,否,否,综合类,公办,491,545,487,545,511,540
河北师范大学,河北,石家庄市,否,否,师范类,公办,507,562,496,559,512,560
北京语言大学,北京,北京市,否,否,语言类,公办,533,581,527,586,551,594
华北电力大学保定校区,河北,保定市,否,是,理工类,公办,572,583,578,578,557,577
北京印刷学院,北京,北京市,否,否,理工类,公办,510,555,515,565,525,565
首都师范大学,北京,北京市,否,否,师范类,公办,480,581,564,586,570,584
北京物资学院,北京,北京市,否,否,财经类,公办,426,507,374,495,475,522
中国劳动关系学院,北京,北京市,否,否,政法类,公办,434,500,431,514,423,523
北京农学院,北京,北京市,否,否,农林类,公办,455,505,451,502,453,514
北京联合大学,北京,北京市,否,否,综合类,公办,417,525,468,529,478,525
北京工商大学,北京,北京市,否,否,财经类,公办,511,560,516,579,539,575
中国政法大学,北京,北京市,否,是,政法类,公办,599,618,602,619,593,621
中华女子学院,北京,北京市,否,否,语言类,公办,367,510,444,510,456,512
北京服装学院,北京,北京市,否,否,艺术类,公办,371,503,435,517,447,509
中央财经大学,北京,北京市,否,是,财经类,公办,596,616,591,615,605,621
中国传媒大学,北京,北京市,否,是,综合类,公办,564,602,579,613,590,620
中国农业大学,北京,北京市,是,是,农林类,公办,594,574,584,580,588,570
北京化工大学,北京,北京市,否,是,理工类,公办,573,587,564,586,572,588
鲁东大学,山东,烟台市,否,否,综合类,公办,431,525,441,521,441,523
烟台大学,山东,烟台市,否,否,综合类,公办,433,523,344,526,466,528
山东第二医科大学,山东,潍坊市,否,否,医药类,公办,427,479,347,460,456,474
潍坊学院,山东,潍坊市,否,否,综合类,公办,419,506,414,495,404,486
山东第一医科大学,山东,济南市,否,否,医药类,公办,537,446,513,501,484,483
北方民族大学,宁夏,银川市,否,否,综合类,公办,428,499,420,498,408,489
宁夏大学,宁夏,银川市,否,是,综合类,公办,498,571,477,563,524,557
广西民族大学,广西,南宁市,否,否,民族类,公办,494,546,491,547,487,536
山东农业大学,山东,泰安市,否,否,农林类,公办,433,517,376,516,458,509
南宁师范大学,广西,南宁市,否,否,师范类,公办,475,533,498,544,503,537
山东理工大学,山东,淄博市,否,否,理工类,公办,439,507,344,476,467,520
玉林师范学院,广西,玉林市,否,否,师范类,公办,428,506,435,514,437,502
桂林医学院,广西,桂林市,否,否,医药类,公办,543,483,535,473,535,479
山东科技大学,山东,青岛市,否,否,理工类,公办,524,539,504,533,472,529
广西科技大学,广西,柳州市,否,否,理工类,公办,487,528,480,532,488,530
山东财经大学,山东,济南市,否,否,财经类,公办,441,530,467,529,483,535
山东交通学院,山东,济南市,否,否,理工类,公办,423,503,405,461,414,496
桂林理工大学,广西,桂林市,否,否,理工类,公办,493,528,494,534,487,530
桂林电子科技大学,广西,桂林市,否,否,理工类,公办,503,539,506,536,503,530
广西师范大学,广西,桂林市,否,否,师范类,公办,510,554,514,558,509,550
广西医科大学,广西,南宁市,否,否,医药类,公办,565,501,550,486,524,504
内蒙古财经大学,内蒙古,呼和浩特市,否,否,财经类,公办,406,487,396,487,379,480
山东建筑大学,山东,济南市,否,否,理工类,公办,422,498,444,473,453,517
山东工商学院,山东,烟台市,否,否,财经类,公办,405,494,384,440,435,495
黔南民族师范学院,贵州,黔南布依族苗族自治州,否,否,师范类,公办,408,477,412,479,404,458
贵州中医药大学,贵州,贵阳市,否,否,医药类,公办,462,535,455,522,478,530
贵州财经大学,贵州,贵阳市,否,否,财经类,公办,367,473,464,533,474,525
内蒙古师范大学,内蒙古,呼和浩特市,否,否,师范类,公办,348,428,419,509,416,486
遵义医科大学,贵州,遵义市,否,否,医药类,公办,514,445,485,509,492,497
贵州民族大学,贵州,贵阳市,否,否,民族类,公办,369,434,439,529,444,521
贵州师范大学,贵州,贵阳市,否,否,师范类,公办,466,540,467,530,463,528
海南医科大学,海南,海口市,否,否,医药类,公办,537,480,530,474,534,478
海南师范大学,海南,海口市,否,否,师范类,公办,504,548,485,541,498,539
曲阜师范大学,山东,济宁市,否,否,师范类,公办,431,448,415,522,458,526
青岛理工大学,山东,青岛市,否,否,理工类,公办,442,477,378,511,476,526
内蒙古民族大学,内蒙古,通辽市,否,否,综合类,公办,400,486,421,467,366,479
内蒙古科技大学,内蒙古,包头市,否,否,综合类,公办,371,468,396,472,399,472
海南大学,海南,海口市,否,是,综合类,公办,530,576,509,575,516,583
甘肃政法大学,甘肃,兰州市,否,否,政法类,公办,472,526,424,518,492,526
兰州财经大学,甘肃,兰州市,否,否,财经类,公办,410,429,357,512,456,512
青岛大学,山东,青岛市,否,否,综合类,公办,513,557,500,571,512,560
甘肃中医药大学,甘肃,兰州市,否,否,医药类,公办,465,519,400,426,423,506
临沂大学,山东,临沂市,否,否,综合类,公办,462,526,450,516,445,511
西北师范大学,甘肃,兰州市,否,否,师范类,公办,408,524,469,514,453,542
聊城大学,山东,聊城市,否,否,综合类,公办,410,515,360,522,441,516
许昌学院,河南,许昌市,否,否,理工类,公办,434,505,413,493,406,469
青岛农业大学,山东,青岛市,否,否,农林类,公办,418,516,431,511,427,512
商丘师范学院,河南,商丘市,否,否,师范类,公办,390,478,401,425,430,493
兰州交通大学,甘肃,兰州市,否,否,理工类,公办,517,498,508,483,519,509
南阳师范学院,河南,南阳市,否,否,师范类,公办,412,478,396,464,412,496
周口师范学院,河南,周口市,否,否,师范类,公办,404,442,343,493,433,492
洛阳师范学院,河南,洛阳市,否,否,综合类,公办,422,481,431,489,435,492
兰州理工大学,甘肃,兰州市,否,否,理工类,公办,501,501,502,484,507,511
中原工学院,河南,郑州市,否,否,理工类,公办,404,486,415,452,420,495
西北民族大学,甘肃,兰州市,否,否,综合类,公办,523,520,510,508,511,491
郑州航空工业管理学院,河南,郑州市,否,否,综合类,公办,417,502,423,503,407,499
莆田学院,福建,莆田市,否,否,综合类,公办,445,507,431,493,436,498
闽江学院,福建,福州市,否,否,综合类,公办,448,518,450,518,452,518
闽南师范大学,福建,漳州市,否,否,师范类,公办,425,516,348,528,475,525
泉州师范学院,福建,泉州市,否,否,师范类,公办,411,505,374,496,449,517
福建理工大学,福建,福州市,否,否,理工类,公办,461,526,422,502,424,502
福建师范大学,福建,福州市,否,否,师范类,公办,503,583,494,578,537,576
仰恩大学,福建,泉州市,否,否,综合类,民办,362,433,350,425,349,428
集美大学,福建,厦门市,否,否,综合类,公办,473,544,472,540,489,545
福建农林大学,福建,福州市,否,否,农林类,公办,497,518,476,514,508,508
河南工业大学,河南,郑州市,否,否,理工类,公办,486,544,475,545,510,548
华侨大学,福建,泉州市,否,否,综合类,公办,497,557,522,566,528,564
河南理工大学,河南,焦作市,否,否,理工类,公办,456,497,439,520,473,515
河南农业大学,河南,郑州市,否,否,农林类,公办,419,460,456,516,463,512
湖北文理学院,湖北,襄阳市,否,否,综合类,公办,420,487,348,423,455,511
河南科技大学,河南,洛阳市,否,否,综合类,公办,470,435,470,529,471,524
河南大学,河南,开封市,否,否,综合类,公办,477,561,536,577,542,573
郑州轻工业大学,河南,郑州市,否,否,理工类,公办,492,515,492,519,506,512
湖北科技学院,湖北,咸宁市,否,否,综合类,公办,422,497,362,462,459,498
齐齐哈尔医学院,黑龙江,齐齐哈尔市,否,否,医药类,公办,459,470,436,456,405,456
湖北民族大学,湖北,恩施土家族苗族自治州,否,否,综合类,公办,433,514,386,519,466,515
黑龙江科技大学,黑龙江,哈尔滨市,否,否,理工类,公办,405,430,345,482,419,479
黑龙江工程学院,黑龙江,哈尔滨市,否,否,理工类,公办,393,471,393,460,397,458
武汉体育学院,湖北,武汉市,否,否,体育类,公办,435,494,431,490,439,505
哈尔滨学院,黑龙江,哈尔滨市,否,否,综合类,公办,399,487,391,478,395,466
东北石油大学,黑龙江,大庆市,否,否,理工类,公办,409,450,410,486,418,480
湖北经济学院,湖北,武汉市,否,否,财经类,公办,423,444,458,520,469,513
哈尔滨商业大学,黑龙江,哈尔滨市,否,否,财经类,公办,398,471,362,430,415,504
湖北工程学院,湖北,孝感市,否,否,理工类,公办,429,484,421,429,454,507
牡丹江师范学院,黑龙江,牡丹江市,否,否,师范类,公办,395,472,395,470,397,461
黑龙江中医药大学,黑龙江,哈尔滨市,否,否,医药类,公办,492,549,482,542,500,541
黄冈师范学院,湖北,黄冈市,否,否,师范类,公办,406,442,401,494,451,488
湖北师范大学,湖北,黄石市,否,否,师范类,公办,469,526,471,535,482,532
湖北医药学院,湖北,十堰市,否,否,医药类,公办,475,484,362,435,501,499
湖北中医药大学,湖北,武汉市,否,否,医药类,公办,468,509,414,502,483,521
武汉轻工大学,湖北,武汉市,否,否,理工类,公办,474,520,471,534,471,527
武汉纺织大学,湖北,武汉市,否,否,理工类,公办,463,518,364,480,470,520
江汉大学,湖北,武汉市,否,否,综合类,公办,511,555,488,544,486,534
哈尔滨医科大学,黑龙江,哈尔滨市,否,否,医药类,公办,526,538,567,548,539,535
长江大学,湖北,荆州市,否,否,综合类,公办,500,556,498,557,505,554
黑龙江八一农垦大学,黑龙江,大庆市,否,否,农林类,公办,400,469,394,478,399,476
湖北大学,湖北,武汉市,否,否,综合类,公办,508,558,504,568,527,569
齐齐哈尔大学,黑龙江,齐齐哈尔市,否,否,综合类,公办,406,480,344,423,405,491
中南民族大学,湖北,武汉市,否,否,综合类,公办,518,565,482,565,519,561
黑龙江大学,黑龙江,哈尔滨市,否,否,综合类,公办,477,555,490,555,493,553
华中师范大学,湖北,武汉市,否,是,师范类,公办,597,613,568,604,580,603
东北林业大学,黑龙江,哈尔滨市,否,是,农林类,公办,508,567,502,567,529,570
邵阳学院,湖南,邵阳市,否,否,综合类,公办,430,505,449,486,450,497
华中农业大学,湖北,武汉市,否,是,农林类,公办,547,578,543,589,558,590
怀化学院,湖南,怀化市,否,否,综合类,公办,440,497,431,491,447,488
湖南文理学院,湖南,常德市,否,否,综合类,公办,428,501,408,436,469,521
中南财经政法大学,湖北,武汉市,否,是,财经类,公办,567,603,559,603,580,603
吉林财经大学,吉林,长春市,否,否,财经类,公办,405,486,343,425,464,515
吉林外国语大学,吉林,长春市,否,否,语言类,民办,352,450,385,454,383,446
白城师范学院,吉林,白城市,否,否,师范类,公办,386,473,395,467,391,458
湖南科技学院,湖南,永州市,否,否,综合类,公办,382,498,458,508,466,503
通化师范学院,吉林,通化市,否,否,师范类,公办,399,476,394,471,387,463
湖南工商大学,湖南,长沙市,否,否,财经类,公办,498,557,483,550,521,558
衡阳师范学院,湖南,衡阳市,否,否,师范类,公办,442,499,459,529,474,527
吉林工程技术师范学院,吉林,长春市,否,否,师范类,公办,382,473,391,464,385,454
长春中医药大学,吉林,长春市,否,否,医药类,公办,506,545,491,540,512,540
湘南学院,湖南,郴州市,否,否,综合类,公办,467,496,460,521,457,507
湖南中医药大学,湖南,长沙市,否,否,医药类,公办,536,556,475,536,554,574
中南林业科技大学,湖南,长沙市,否,否,农林类,公办,492,538,475,541,515,552
湖南工程学院,湖南,湘潭市,否,否,理工类,公办,461,507,458,493,462,502
湖南工业大学,湖南,株洲市,否,否,综合类,公办,515,550,506,550,516,552
湖南城市学院,湖南,益阳市,否,否,综合类,公办,438,481,434,428,435,513
湖南理工学院,湖南,岳阳市,否,否,理工类,公办,474,519,466,479,486,512
吉林建筑大学,吉林,长春市,否,否,理工类,公办,399,465,343,480,420,465
东北电力大学,吉林,吉林市,否,否,理工类,公办,453,514,450,493,471,514
湖南农业大学,湖南,长沙市,否,否,农林类,公办,502,521,478,497,521,529
南华大学,湖南,衡阳市,否,否,综合类,公办,506,552,494,547,511,552
吉林师范大学,吉林,四平市,否,否,师范类,公办,393,488,431,524,426,521
长沙理工大学,湖南,长沙市,否,否,理工类,公办,545,560,531,561,541,565
湖南科技大学,湖南,湘潭市,否,否,综合类,公办,508,552,507,558,513,555
长春师范大学,吉林,长春市,否,否,师范类,公办,412,463,371,483,444,507
吉首大学,湖南,湘西土家族苗族自治州,否,否,综合类,公办,533,537,522,547,525,547
湘潭大学,湖南,湘潭市,否,否,综合类,公办,504,578,551,578,546,575
西安培华学院,陕西,西安市,否,否,综合类,民办,376,442,364,427,351,418
长春大学,吉林,长春市,否,否,综合类,公办,408,483,343,423,439,503
西安财经大学,陕西,西安市,否,否,财经类,公办,502,538,505,550,523,549
北华大学,吉林,吉林市,否,否,综合类,公办,425,458,428,512,434,508
西安外国语大学,陕西,西安市,否,否,语言类,公办,489,544,494,562,532,562
青海民族大学,青海,西宁市,否,否,民族类,公办,413,498,419,492,419,482
陕西理工大学,陕西,汉中市,否,否,理工类,公办,358,511,426,511,442,493
青海师范大学,青海,西宁市,否,否,师范类,公办,452,510,426,509,439,504
宝鸡文理学院,陕西,宝鸡市,否,否,师范类,公办,405,479,351,422,412,486
渭南师范学院,陕西,渭南市,否,否,师范类,公办,392,476,410,480,414,477
咸阳师范学院,陕西,咸阳市,否,否,师范类,公办,368,456,423,483,426,484
陕西中医药大学,陕西,咸阳市,否,否,医药类,公办,515,552,491,542,512,540
西藏大学,西藏,拉萨市,否,是,综合类,公办,480,520,487,532,471,526
西安邮电大学,陕西,西安市,否,否,理工类,公办,528,539,502,522,499,529
大理大学,云南,大理白族自治州,否,否,综合类,公办,471,522,461,507,472,514
西安工业大学,陕西,西安市,否,否,理工类,公办,539,530,531,532,535,537
云南警官学院,云南,昆明市,否,否,政法类,公办,406,521,441,516,440,510
云南财经大学,云南,昆明市,否,否,财经类,公办,389,484,461,527,451,524
红河学院,云南,红河哈尼族彝族自治州,否,否,综合类,公办,411,480,404,476,382,467
西安石油大学,陕西,西安市,否,否,理工类,公办,501,551,487,542,512,529
楚雄师范学院,云南,楚雄彝族自治州,否,否,师范类,公办,398,482,409,476,401,465
玉溪师范学院,云南,玉溪市,否,否,师范类,公办,429,469,405,492,441,493
云南中医药大学,云南,昆明市,否,否,医药类,公办,474,533,425,527,479,526
云南民族大学,云南,昆明市,否,否,综合类,公办,431,457,472,509,480,519
云南师范大学,云南,昆明市,否,否,师范类,公办,474,530,457,542,495,534
云南农业大学,云南,昆明市,否,否,农林类,公办,456,518,408,511,461,501
延安大学,陕西,延安市,否,否,综合类,公办,420,512,444,522,455,518
安徽财经大学,安徽,蚌埠市,否,否,财经类,公办,480,543,485,549,519,559
陕西师范大学,陕西,西安市,否,是,师范类,公办,577,602,560,601,572,591
西北农林科技大学,陕西,咸阳市,是,是,农林类,公办,554,592,551,591,560,590
西安交通大学,陕西,西安市,是,是,综合类,公办,656,623,639,620,637,618
上海杉达学院,上海,上海市,否,否,财经类,民办,347,429,343,421,348,414
淮北师范大学,安徽,淮北市,否,否,综合类,公办,456,532,398,533,482,528
上海体育大学,上海,上海市,否,否,体育类,公办,464,530,459,533,465,537
华东政法大学,上海,上海市,否,否,政法类,公办,548,605,548,596,569,597
安徽建筑大学,安徽,合肥市,否,否,理工类,公办,475,547,496,549,492,544
上海立信会计金融学院,上海,上海市,否,否,财经类,公办,453,527,447,500,473,533
上海对外经贸大学,上海,上海市,否,否,财经类,公办,535,580,532,578,541,576
上海应用技术大学,上海,上海市,否,否,理工类,公办,496,539,485,552,514,551
安徽师范大学,安徽,芜湖市,否,否,师范类,公办,501,557,484,552,500,565
上海海事大学,上海,上海市,否,否,理工类,公办,485,561,516,551,525,571
上海第二工业大学,上海,上海市,否,否,理工类,公办,466,512,438,518,480,513
上海师范大学,上海,上海市,否,否,综合类,公办,511,570,475,567,540,571
上海海洋大学,上海,上海市,否,否,农林类,公办,514,558,487,551,523,566
上海工程技术大学,上海,上海市,否,否,理工类,公办,507,523,505,522,514,519
上海理工大学,上海,上海市,否,否,理工类,公办,548,559,533,534,527,566
广东财经大学,广东,广州市,否,否,财经类,公办,540,570,551,562,536,561
嘉应学院,广东,梅州市,否,否,综合类,公办,431,503,410,493,445,493
岭南师范学院,广东,湛江市,否,否,师范类,公办,450,520,443,524,447,522
韶关学院,广东,韶关市,否,否,综合类,公办,357,453,427,520,440,506
广州大学,广东,广州市,否,否,综合类,公办,525,585,540,583,553,585
广东外语外贸大学,广东,广州市,否,否,语言类,公办,529,574,476,572,562,586
广州中医药大学,广东,广州市,否,否,医药类,公办,543,572,552,551,538,585
广东工业大学,广东,广州市,否,否,理工类,公办,527,558,533,565,552,562
深圳大学,广东,深圳市,否,否,综合类,公办,597,606,592,600,597,601
汕头大学,广东,汕头市,否,否,综合类,公办,521,574,538,576,549,573
太原师范学院,山西,晋中市,否,否,师范类,公办,416,457,432,505,453,504
山西大同大学,山西,大同市,否,否,综合类,公办,413,480,349,421,442,499
忻州师范学院,山西,忻州市,否,否,师范类,公办,410,483,393,436,411,482
太原科技大学,山西,太原市,否,否,理工类,公办,423,514,343,510,461,501
中北大学,山西,太原市,否,否,综合类,公办,490,544,478,544,511,552
山西财经大学,山西,太原市,否,否,财经类,公办,509,548,508,555,524,554
四川轻化工大学,四川,自贡市,否,否,理工类,公办,478,535,466,524,491,528
山西师范大学,山西,太原市,否,否,师范类,公办,406,485,429,500,446,525
山西医科大学,山西,太原市,否,否,医药类,公办,529,505,542,497,528,486
成都信息工程大学,四川,成都市,否,否,理工类,公办,499,546,542,544,536,550
山西农业大学,山西,晋中市,否,否,农林类,公办,413,489,361,441,446,503
中国民用航空飞行学院,四川,德阳市,否,否,理工类,公办,457,545,460,492,435,485
四川师范大学,四川,成都市,否,否,师范类,公办,501,555,476,566,530,566
成都中医药大学,四川,成都市,否,否,医药类,公办,539,546,505,590,543,578
西南科技大学,四川,绵阳市,否,否,理工类,公办,495,551,476,549,527,553
山西大学,山西,太原市,否,否,综合类,公办,541,569,523,561,507,558
浙江万里学院,浙江,宁波市,否,否,理工类,公办,415,477,408,475,410,460
浙江工商大学,浙江,杭州市,否,否,财经类,公办,502,539,507,580,537,580
温州大学,浙江,温州市,否,否,综合类,公办,506,554,473,533,492,542
绍兴文理学院,浙江,绍兴市,否,否,综合类,公办,433,499,347,474,465,521
台州学院,浙江,台州市,否,否,综合类,公办,450,489,347,461,447,512
湖州师范学院,浙江,湖州市,否,否,综合类,公办,517,489,491,494,450,505
杭州师范大学,浙江,杭州市,否,否,综合类,公办,500,561,500,563,534,570
浙江农林大学,浙江,杭州市,否,否,农林类,公办,489,541,485,556,516,556
浙江海洋大学,浙江,舟山市,否,否,农林类,公办,488,521,483,525,479,509
中国计量大学,浙江,杭州市,否,否,理工类,公办,524,537,503,571,535,573
浙江科技大学,浙江,杭州市,否,否,理工类,公办,454,463,435,522,473,514
西华大学,四川,成都市,否,否,综合类,公办,473,522,472,542,485,529
嘉兴大学,浙江,嘉兴市,否,否,综合类,公办,477,540,447,535,459,527
浙江理工大学,浙江,杭州市,否,否,理工类,公办,532,535,520,575,554,561
浙江师范大学,浙江,金华市,否,否,综合类,公办,511,560,508,575,537,581
宁波大学,浙江,宁波市,否,否,综合类,公办,553,585,526,583,533,589
新疆师范大学,新疆,乌鲁木齐市,否,否,师范类,公办,355,482,400,493,415,488
西南民族大学,四川,成都市,否,否,民族类,公办,524,567,522,566,518,559
东北财经大学,辽宁,大连市,否,否,财经类,公办,514,568,536,554,558,586
辽宁师范大学,辽宁,大连市,否,否,师范类,公办,417,440,390,524,455,526
沈阳大学,辽宁,沈阳市,否,否,综合类,公办,400,485,353,423,450,509
沈阳师范大学,辽宁,沈阳市,否,否,师范类,公办,374,428,440,488,439,490
大连交通大学,辽宁,大连市,否,否,理工类,公办,465,488,460,425,477,522
大连大学,辽宁,大连市,否,否,综合类,公办,439,509,429,438,458,523
大连外国语大学,辽宁,大连市,否,否,语言类,公办,478,528,475,549,515,544
渤海大学,辽宁,锦州市,否,否,综合类,公办,437,496,430,506,430,512
大连海洋大学,辽宁,大连市,否,否,农林类,公办,412,509,352,506,445,519
沈阳航空航天大学,辽宁,沈阳市,否,否,理工类,公办,465,504,446,505,463,510
大连民族大学,辽宁,大连市,否,否,民族类,公办,488,502,492,509,497,510
鞍山师范学院,辽宁,鞍山市,否,否,师范类,公办,405,476,351,470,408,459
石河子大学,新疆,自治区直辖县级行政区划,否,是,综合类,公办,486,545,492,543,504,542
重庆三峡学院,重庆,重庆市,否,否,综合类,公办,461,437,445,519,463,515
井冈山大学,江西,吉安市,否,否,综合类,公办,444,514,442,516,428,515
四川美术学院,重庆,重庆市,否,否,艺术类,公办,495,437,470,537,497,531
九江学院,江西,九江市,否,否,综合类,公办,416,495,382,476,457,495
四川外国语大学,重庆,重庆市,否,否,语言类,公办,495,543,506,563,532,560
宜春学院,江西,宜春市,否,否,综合类,公办,451,460,420,490,427,481
长江师范学院,重庆,重庆市,否,否,师范类,公办,430,432,429,505,446,508
江西科技师范大学,江西,南昌市,否,否,师范类,公办,412,524,454,522,456,519
赣南师范大学,江西,赣州市,否,否,师范类,公办,378,493,448,438,484,531
辽东学院,辽宁,丹东市,否,否,综合类,公办,398,477,396,464,397,461
重庆理工大学,重庆,重庆市,否,否,理工类,公办,473,532,488,436,499,538
上饶师范学院,江西,上饶市,否,否,师范类,公办,411,515,406,515,428,512
江西中医药大学,江西,南昌市,否,否,医药类,公办,517,560,522,560,519,558
景德镇陶瓷大学,江西,景德镇市,否,否,艺术类,公办,453,517,433,509,436,510
西南政法大学,重庆,重庆市,否,否,政法类,公办,582,609,573,607,588,604
重庆师范大学,重庆,重庆市,否,否,师范类,公办,475,548,523,567,531,563
南昌航空大学,江西,南昌市,否,否,理工类,公办,523,529,507,499,522,528
江西财经大学,江西,南昌市,否,否,财经类,公办,523,559,504,559,546,590
江西师范大学,江西,南昌市,否,否,师范类,公办,475,541,504,569,530,563
扬州大学,江苏,扬州市,否,否,综合类,公办,509,568,505,574,532,573
江苏大学,江苏,镇江市,否,否,综合类,公办,542,562,522,552,527,570
南京林业大学,江苏,南京市,否,否,农林类,公办,517,566,518,561,525,572
江苏师范大学,江苏,徐州市,否,否,师范类,公办,470,533,470,535,483,541
南京信息工程大学,江苏,南京市,否,否,综合类,公办,549,541,553,577,553,573
江西理工大学,江西,赣州市,否,否,理工类,公办,500,549,489,554,514,549
南京财经大学,江苏,南京市,否,否,财经类,公办,509,568,490,547,532,578
苏州科技大学,江苏,苏州市,否,否,综合类,公办,499,553,504,556,519,554
南京中医药大学,江苏,南京市,否,否,医药类,公办,514,576,487,535,521,584
江苏科技大学,江苏,镇江市,否,否,理工类,公办,508,555,501,548,520,555
南京邮电大学,江苏,南京市,否,否,理工类,公办,588,571,559,572,562,579
杭州电子科技大学,浙江,杭州市,否,否,理工类,公办,572,528,560,569,570,568
华东交通大学,江西,南昌市,否,否,理工类,公办,541,539,523,536,535,534
常州大学,江苏,常州市,否,否,理工类,公办,495,508,493,478,508,520
盐城工学院,江苏,盐城市,否,否,理工类,公办,434,495,424,423,422,491
盐城师范学院,江苏,盐城市,否,否,师范类,公办,354,510,438,485,433,507
淮阴工学院,江苏,淮安市,否,否,理工类,公办,422,480,375,452,426,483
南京审计大学,江苏,南京市,否,否,财经类,公办,507,569,493,566,548,575
江苏理工学院,江苏,常州市,否,否,理工类,公办,426,511,352,502,455,490
常州工学院,江苏,常州市,否,否,理工类,公办,431,503,353,440,454,497
南京晓庄学院,江苏,南京市,否,否,师范类,公办,434,493,347,515,461,520
南京工程学院,江苏,南京市,否,否,理工类,公办,477,512,451,469,495,519
东北师范大学,吉林,长春市,否,是,师范类,公办,570,600,554,598,564,593
清华大学,北京,北京市,是,是,综合类,公办,690,670,681,671,679,669
东北农业大学,黑龙江,哈尔滨市,否,是,农林类,公办,502,556,475,563,524,561
上海外国语大学,上海,上海市,否,是,语言类,公办,576,607,558,598,592,619
华东理工大学,上海,上海市,否,是,理工类,公办,585,587,565,590,586,588
复旦大学,上海,上海市,是,是,综合类,公办,679,660,668,660,673,656
华东师范大学,上海,上海市,是,是,师范类,公办,629,629,617,625,623,630
上海财经大学,上海,上海市,否,是,财经类,公办,604,622,608,619,621,626
延边大学,吉林,延边朝鲜族自治州,否,是,综合类,公办,487,555,513,560,522,555
武汉理工大学,湖北,武汉市,否,是,理工类,公办,565,595,581,593,576,594
华中科技大学,湖北,武汉市,是,是,综合类,公办,651,598,637,623,628,619
山东大学,山东,济南市,是,是,综合类,公办,598,613,580,602,601,616
上海交通大学,上海,上海市,是,是,综合类,公办,688,667,677,660,675,661
中南大学,湖南,长沙市,是,是,综合类,公办,597,619,591,615,599,615
吉林大学,吉林,长春市,是,是,综合类,公办,550,586,582,609,586,614
中国地质大学（武汉）,湖北,武汉市,否,是,理工类,公办,551,594,567,590,568,593
重庆大学,重庆,重庆市,是,是,综合类,公办,597,613,587,615,599,614
苏州大学,江苏,苏州市,否,是,综合类,公办,566,598,569,596,580,608
中国药科大学,江苏,南京市,否,是,医药类,公办,579,587,565,596,571,589
河海大学,江苏,南京市,否,是,综合类,公办,585,595,568,594,575,598
南京师范大学,江苏,南京市,否,是,师范类,公办,570,607,555,593,577,606
浙江大学,浙江,杭州市,是,是,综合类,公办,674,650,668,650,664,648
南京农业大学,江苏,南京市,否,是,农林类,公办,545,564,550,587,556,588
南京大学,江苏,南京市,是,是,综合类,公办,668,650,656,649,656,651
中国矿业大学,江苏,徐州市,否,是,综合类,公办,554,594,550,591,564,588
东南大学,江苏,南京市,是,是,综合类,公办,648,626,625,622,619,621
南昌大学,江西,南昌市,否,是,综合类,公办,567,584,546,592,564,595
暨南大学,广东,广州市,否,是,综合类,公办,582,596,579,604,588,603
华南理工大学,广东,广州市,是,是,综合类,公办,620,589,613,615,604,612
中山大学,广东,广州市,是,是,综合类,公办,639,637,625,628,613,627
福州大学,福建,福州市,否,是,理工类,公办,556,595,541,594,569,597
厦门大学,福建,厦门市,是,是,综合类,公办,607,631,616,626,619,630
西南财经大学,四川,成都市,否,是,财经类,公办,579,607,566,597,586,603
四川大学,四川,成都市,是,是,综合类,公办,595,604,567,622,609,625
华南师范大学,广东,广州市,否,是,师范类,公办,576,597,559,602,591,598
兰州大学,甘肃,兰州市,是,是,综合类,公办,562,586,567,600,574,598
广西大学,广西,南宁市,否,是,综合类,公办,528,575,531,583,537,578
天津农学院,天津,天津市,否,否,农林类,公办,415,438,407,476,404,480
天津职业技术师范大学,天津,天津市,否,否,师范类,公办,429,488,424,485,434,500
中国民航大学,天津,天津市,否,否,理工类,公办,515,556,493,563,519,562
天津外国语大学,天津,天津市,否,否,语言类,公办,448,519,451,522,486,537
江南大学,江苏,无锡市,否,是,综合类,公办,584,599,569,590,568,594
天津商业大学,天津,天津市,否,否,财经类,公办,478,538,475,546,508,549
天津财经大学,天津,天津市,否,否,财经类,公办,498,556,490,560,527,565
天津科技大学,天津,天津市,否,否,理工类,公办,487,514,456,483,475,528
天津师范大学,天津,天津市,否,否,师范类,公办,475,541,492,556,511,561
上海大学,上海,上海市,否,是,综合类,公办,584,597,570,609,585,612
新疆大学,新疆,乌鲁木齐市,否,是,综合类,公办,498,538,475,547,511,544
济南大学,山东,济南市,否,否,综合类,公办,501,552,493,563,507,550
安徽农业大学,安徽,合肥市,否,否,农林类,公办,480,541,482,539,507,534
安徽大学,安徽,合肥市,否,是,综合类,公办,547,537,566,590,564,589
德州学院,山东,德州市,否,否,综合类,公办,406,479,401,483,395,475
滨州医学院,山东,烟台市,否,否,医药类,公办,402,492,480,490,434,481
合肥工业大学,安徽,合肥市,否,是,理工类,公办,573,583,562,573,559,581
郑州大学,河南,郑州市,否,是,综合类,公办,561,594,475,580,573,596
中国海洋大学,山东,青岛市,是,是,综合类,公办,575,602,568,599,583,603
南开大学,天津,天津市,是,是,综合类,公办,637,634,618,628,630,633
湖南师范大学,湖南,长沙市,否,是,师范类,公办,563,583,561,592,569,591
河北经贸大学,河北,石家庄市,否,否,财经类,公办,388,500,441,473,436,522
河北大学,河北,保定市,否,否,综合类,公办,475,558,496,543,517,560
对外经济贸易大学,北京,北京市,否,是,财经类,公办,604,620,591,608,608,619
北京师范大学,北京,北京市,是,是,师范类,公办,631,640,623,635,620,638
西南交通大学,四川,成都市,否,是,理工类,公办,579,595,569,595,580,600
辽宁大学,辽宁,沈阳市,否,是,综合类,公办,555,572,544,578,550,578
北京中医药大学,北京,北京市,否,是,医药类,公办,546,597,567,607,567,601
北京航空航天大学,北京,北京市,是,是,理工类,公办,663,632,655,628,655,624
中国人民大学,北京,北京市,是,是,综合类,公办,666,653,651,651,649,652
中央民族大学,北京,北京市,是,是,民族类,公办,583,605,575,607,586,609
湖南大学,湖南,长沙市,是,是,综合类,公办,596,614,577,616,599,616
北京林业大学,北京,北京市,否,是,农林类,公办,551,592,555,587,558,594
武汉大学,湖北,武汉市,是,是,综合类,公办,641,631,630,635,625,638
北京外国语大学,北京,北京市,否,是,语言类,公办,577,599,572,602,596,615
北京交通大学,北京,北京市,否,是,理工类,公办,606,605,595,605,586,606
西北大学,陕西,西安市,否,是,综合类,公办,550,592,549,590,563,590
长安大学,陕西,西安市,否,是,理工类,公办,560,590,529,588,563,588
云南大学,云南,昆明市,否,是,综合类,公办,545,590,525,565,564,590
哈尔滨工业大学,黑龙江,哈尔滨市,是,是,理工类,公办,662,609,640,609,634,607
大连海事大学,辽宁,大连市,否,是,理工类,公办,547,573,529,574,560,579
内蒙古大学,内蒙古,呼和浩特市,否,是,综合类,公办,488,575,490,567,517,569
北京大学,北京,北京市,是,是,综合类,公办,689,667,685,666,682,664
