﻿名称,省,市,985,211,学校类型,学校属性,2023年综合类录取分数,2022年综合类录取分数,2021年综合类录取分数
烟台科技学院,山东,烟台市,否,否,综合类,民办,482,465,464
江苏海洋大学,江苏,连云港市,否,否,理工类,公办,529,532,523
南京审计大学金审学院,江苏,南京市,否,否,财经类,民办,505,498,493
中国石油大学（北京）克拉玛依校区,新疆,克拉玛依市,否,是,理工类,公办,597,594,576
中国社会科学院大学,北京,北京市,否,否,综合类,公办,636,655,659
内蒙古艺术学院,内蒙古,呼和浩特市,否,否,艺术类,公办,499,502,499
上海健康医学院,上海,上海市,否,否,医药类,公办,553,558,552
合肥工业大学宣城校区,安徽,宣城市,否,是,综合类,公办,615,627,621
中国人民大学（苏州校区）,江苏,苏州市,是,是,综合类,公办,675,682,683
大连理工大学盘锦校区,辽宁,盘锦市,是,是,理工类,公办,633,643,637
河北中医药大学,河北,石家庄市,否,否,医药类,公办,571,559,563
张家口学院,河北,张家口市,否,否,综合类,公办,551,555,544
山西传媒学院,山西,晋中市,否,否,艺术类,公办,521,522,513
河北环境工程学院,河北,秦皇岛市,否,否,理工类,公办,515,514,511
华北理工大学冀唐学院,河北,唐山市,否,否,医药类,民办,522,513,503
南昌工学院,江西,南昌市,否,否,理工类,民办,477,466,466
商丘学院,河南,商丘市,否,否,综合类,民办,483,477,472
河北科技学院,河北,唐山市,否,否,理工类,民办,475,465,468
山东协和学院,山东,济南市,否,否,医药类,民办,497,491,485
郑州升达经贸管理学院,河南,郑州市,否,否,财经类,民办,477,465,471
华北理工大学轻工学院,河北,唐山市,否,否,理工类,民办,477,466,466
天津外国语大学滨海外事学院,天津,天津市,否,否,语言类,民办,492,464,483
海军工程大学,湖北,武汉市,否,否,军事类,公办,576,601,601
北京第二外国语学院,北京,北京市,否,否,语言类,公办,593,623,625
宁夏大学新华学院,宁夏,银川市,否,否,综合类,民办,475,464,463
西安科技大学高新学院,陕西,西安市,否,否,理工类,民办,489,478,467
西安工商学院,陕西,西安市,否,否,综合类,民办,473,463,463
西安交通大学城市学院,陕西,西安市,否,否,理工类,民办,495,484,474
南京邮电大学通达学院,江苏,扬州市,否,否,综合类,民办,504,492,488
南京工业大学浦江学院,江苏,南京市,否,否,理工类,民办,495,485,480
南京传媒学院,江苏,南京市,否,否,艺术类,民办,496,505,499
南京航空航天大学金城学院,江苏,南京市,否,否,理工类,民办,503,491,485
黑龙江财经学院,黑龙江,哈尔滨市,否,否,财经类,民办,473,465,463
哈尔滨石油学院,黑龙江,哈尔滨市,否,否,理工类,民办,474,465,469
哈尔滨广厦学院,黑龙江,哈尔滨市,否,否,综合类,民办,472,463,463
哈尔滨剑桥学院,黑龙江,哈尔滨市,否,否,综合类,民办,472,476,476
哈尔滨华德学院,黑龙江,哈尔滨市,否,否,理工类,民办,475,502,473
哈尔滨远东理工学院,黑龙江,哈尔滨市,否,否,理工类,民办,473,465,468
昆明理工大学津桥学院,云南,昆明市,否,否,理工类,民办,478,468,469
丽江文化旅游学院,云南,丽江市,否,否,综合类,民办,472,466,463
滇池学院,云南,昆明市,否,否,综合类,民办,472,453,464
聊城大学东昌学院,山东,聊城市,否,否,综合类,民办,492,477,464
青岛农业大学海都学院,山东,烟台市,否,否,综合类,民办,496,492,486
青岛工学院,山东,青岛市,否,否,综合类,民办,476,463,464
泰山科技学院,山东,泰安市,否,否,理工类,民办,473,172,187
西南财经大学天府学院,四川,绵阳市,否,否,财经类,民办,503,494,488
四川大学锦江学院,四川,眉山市,否,否,综合类,民办,498,495,489
成都理工大学工程技术学院,四川,乐山市,否,否,理工类,民办,496,486,476
成都大学,四川,成都市,否,否,综合类,公办,575,570,556
湖南理工学院南湖学院,湖南,岳阳市,否,否,理工类,民办,494,483,477
湖南文理学院芙蓉学院,湖南,常德市,否,否,综合类,民办,499,494,488
南华大学船山学院,湖南,衡阳市,否,否,综合类,民办,484,476,466
长沙理工大学城南学院,湖南,长沙市,否,否,理工类,民办,492,489,479
湘潭理工学院,湖南,湘潭市,否,否,理工类,民办,480,464,468
湖北恩施学院,湖北,恩施土家族苗族自治州,否,否,综合类,民办,490,488,475
郑州商学院,河南,郑州市,否,否,财经类,民办,485,467,472
南昌大学共青学院,江西,九江市,否,否,综合类,民办,486,475,471
赣南师范大学科技学院,江西,赣州市,否,否,师范类,民办,496,500,494
江西财经大学现代经济管理学院,江西,九江市,否,否,财经类,民办,480,466,465
南昌医学院,江西,南昌市,否,否,医药类,公办,539,541,515
南昌航空大学科技学院,江西,九江市,否,否,理工类,民办,486,471,467
赣东学院,江西,抚州市,否,否,综合类,公办,512,505,494
赣南科技学院,江西,赣州市,否,否,理工类,公办,505,503,493
南昌交通学院,江西,南昌市,否,否,理工类,民办,482,466,467
江西师范大学科学技术学院,江西,九江市,否,否,综合类,民办,495,496,492
江西农业大学南昌商学院,江西,九江市,否,否,综合类,民办,486,476,474
南昌大学科学技术学院,江西,九江市,否,否,综合类,民办,483,467,466
厦门工学院,福建,厦门市,否,否,理工类,民办,474,471,474
合肥城市学院,安徽,合肥市,否,否,理工类,民办,475,465,467
安徽医科大学临床医学院,安徽,合肥市,否,否,医药类,独立学院,501,498,490
上海财经大学浙江学院,浙江,金华市,否,否,财经类,民办,503,497,493
浙江财经大学东方学院,浙江,嘉兴市,否,否,财经类,民办,493,486,486
中国计量大学现代科技学院,浙江,金华市,否,否,理工类,民办,491,482,474
柳州工学院,广西,柳州市,否,否,理工类,民办,475,469,472
桂林信息科技学院,广西,桂林市,否,否,理工类,民办,472,466,464
桂林学院,广西,桂林市,否,否,综合类,民办,473,468,477
兰州工商学院,甘肃,兰州市,否,否,财经类,民办,472,465,463
辽宁财贸学院,辽宁,葫芦岛市,否,否,财经类,民办,472,463,463
大连东软信息学院,辽宁,大连市,否,否,理工类,民办,481,470,465
沈阳科技学院,辽宁,沈阳市,否,否,理工类,民办,475,463,464
大连医科大学中山学院,辽宁,大连市,否,否,医药类,民办,492,490,484
锦州医科大学医疗学院,辽宁,锦州市,否,否,医药类,民办,503,515,498
辽宁何氏医学院,辽宁,沈阳市,否,否,医药类,民办,487,479,473
沈阳城市建设学院,辽宁,沈阳市,否,否,理工类,民办,479,468,468
大连科技学院,辽宁,大连市,否,否,理工类,民办,472,463,466
沈阳城市学院,辽宁,沈阳市,否,否,综合类,民办,472,463,464
山西晋中理工学院,山西,晋中市,否,否,理工类,民办,487,466,478
晋中信息学院,山西,晋中市,否,否,理工类,民办,485,476,471
山西工学院,山西,朔州市,否,否,理工类,公办,508,506,494
长春财经学院,吉林,长春市,否,否,财经类,民办,473,463,464
长春光华学院,吉林,长春市,否,否,综合类,民办,473,463,463
天津天狮学院,天津,天津市,否,否,综合类,民办,472,463,466
天津财经大学珠江学院,天津,天津市,否,否,综合类,民办,481,479,478
天津理工大学中环信息学院,天津,天津市,否,否,综合类,民办,488,477,473
北京科技大学天津学院,天津,天津市,否,否,综合类,民办,479,480,480
天津医科大学临床医学院,天津,天津市,否,否,医药类,民办,509,511,507
天津商业大学宝德学院,天津,天津市,否,否,财经类,民办,476,473,476
天津传媒学院,天津,天津市,否,否,艺术类,民办,472,469,475
民政职业大学,北京,北京市,否,否,政法类,公办,262,249,244
西安汽车职业大学,陕西,西安市,否,否,理工类,民办,210,193,146
西安欧亚学院,陕西,西安市,否,否,财经类,民办,478,471,468
西安建筑科技大学华清学院,陕西,西安市,否,否,理工类,民办,482,473,474
无锡太湖学院,江苏,无锡市,否,否,综合类,民办,482,472,473
昆明文理学院,云南,昆明市,否,否,师范类,民办,483,472,472
普洱学院,云南,普洱市,否,否,综合类,公办,503,498,490
青岛黄海学院,山东,青岛市,否,否,综合类,民办,478,480,476
青岛恒星科技学院,山东,青岛市,否,否,综合类,民办,472,463,466
烟台南山学院,山东,烟台市,否,否,综合类,民办,480,470,473
齐鲁医药学院,山东,淄博市,否,否,医药类,民办,512,508,503
山东英才学院,山东,济南市,否,否,综合类,民办,472,463,463
山东石油化工学院,山东,东营市,否,否,理工类,公办,524,518,504
济宁学院,山东,济宁市,否,否,综合类,公办,518,512,507
新疆工程学院,新疆,乌鲁木齐市,否,否,理工类,公办,499,496,490
湖南医药学院,湖南,怀化市,否,否,医药类,公办,561,564,553
湖南财政经济学院,湖南,长沙市,否,否,财经类,公办,541,541,533
湖南工学院,湖南,衡阳市,否,否,理工类,公办,509,507,502
武汉生物工程学院,湖北,武汉市,否,否,理工类,民办,492,482,474
武汉晴川学院,湖北,武汉市,否,否,综合类,民办,477,464,463
长江大学文理学院,湖北,荆州市,否,否,综合类,民办,493,477,471
湖北师范大学文理学院,湖北,黄石市,否,否,师范类,民办,495,492,487
武汉工程大学邮电与信息工程学院,湖北,武汉市,否,否,理工类,民办,486,483,479
武昌工学院,湖北,武汉市,否,否,综合类,民办,479,463,463
郑州工程技术学院,河南,郑州市,否,否,理工类,公办,513,510,515
厦门大学嘉庚学院,福建,漳州市,否,否,综合类,民办,498,497,491
厦门医学院,福建,厦门市,否,否,医药类,公办,551,563,546
武夷学院,福建,南平市,否,否,综合类,公办,515,507,501
蚌埠学院,安徽,蚌埠市,否,否,理工类,公办,512,501,494
广西科技师范学院,广西,来宾市,否,否,师范类,公办,507,506,505
兰州石化职业技术大学,甘肃,兰州市,否,否,理工类,公办,500,491,177
兰州工业学院,甘肃,兰州市,否,否,理工类,公办,505,503,496
沈阳工学院,辽宁,抚顺市,否,否,理工类,民办,474,463,468
山西工程技术学院,山西,阳泉市,否,否,理工类,公办,510,508,502
太原学院,山西,太原市,否,否,综合类,公办,516,511,501
吕梁学院,山西,吕梁市,否,否,综合类,公办,510,510,506
长春人文学院,吉林,长春市,否,否,综合类,民办,477,470,465
吉林建筑科技学院,吉林,长春市,否,否,理工类,民办,482,475,465
吉林工商学院,吉林,长春市,否,否,财经类,公办,523,514,515
天津仁爱学院,天津,天津市,否,否,综合类,民办,487,486,487
河北工程大学科信学院,河北,邯郸市,否,否,理工类,民办,496,495,489
石家庄铁道大学四方学院,河北,石家庄市,否,否,理工类,民办,498,492,481
河北医科大学临床学院,河北,石家庄市,否,否,医药类,民办,517,509,504
兰州博文科技学院,甘肃,兰州市,否,否,理工类,民办,478,463,464
常州大学怀德学院,江苏,泰州市,否,否,理工类,民办,481,468,465
大连财经学院,辽宁,大连市,否,否,财经类,民办,490,470,471
山东财经大学东方学院,山东,泰安市,否,否,综合类,民办,490,480,477
河北东方学院,河北,廊坊市,否,否,综合类,民办,497,493,482
信阳学院,河南,信阳市,否,否,综合类,民办,497,492,489
河南城建学院,河南,平顶山市,否,否,理工类,公办,510,505,500
重庆电子科技职业大学,重庆,重庆市,否,否,理工类,公办,255,230,235
重庆移通学院,重庆,重庆市,否,否,理工类,民办,491,479,472
重庆财经学院,重庆,重庆市,否,否,财经类,民办,499,490,484
重庆外语外事学院,重庆,重庆市,否,否,语言类,民办,473,464,472
重庆对外经贸学院,重庆,重庆市,否,否,财经类,民办,491,479,473
沧州交通学院,河北,沧州市,否,否,理工类,民办,482,471,469
哈尔滨工业大学（威海）,山东,威海市,是,是,理工类,公办,656,660,658
北京第二外国语学院中瑞酒店管理学院,北京,北京市,否,否,综合类,民办,473,492,495
珠海科技学院,广东,珠海市,否,否,综合类,民办,488,484,472
烟台理工学院,山东,烟台市,否,否,综合类,民办,490,482,469
长春工业大学人文信息学院,吉林,长春市,否,否,综合类,民办,475,469,464
西安财经大学行知学院,陕西,西安市,否,否,财经类,民办,477,464,464
长春建筑学院,吉林,长春市,否,否,理工类,民办,485,470,463
河北师范大学汇华学院,河北,石家庄市,否,否,师范类,民办,506,507,505
无锡学院,江苏,无锡市,否,否,理工类,公办,554,538,521
河北地质大学华信学院,河北,石家庄市,否,否,综合类,民办,482,481,480
北京中医药大学东方学院,河北,廊坊市,否,否,医药类,民办,498,488,483
青岛城市学院,山东,青岛市,否,否,理工类,民办,475,471,472
燕京理工学院,河北,廊坊市,否,否,理工类,民办,494,489,477
四川工商学院,四川,成都市,否,否,综合类,民办,484,475,472
西交利物浦大学,江苏,苏州市,否,否,综合类,中外合作办学,598,588,585
三亚学院,海南,三亚市,否,否,综合类,民办,479,473,469
黑龙江外国语学院,黑龙江,哈尔滨市,否,否,语言类,民办,472,467,473
河南开封科技传媒学院,河南,开封市,否,否,综合类,民办,474,463,463
河南工程学院,河南,郑州市,否,否,理工类,公办,512,511,504
武汉纺织大学外经贸学院,湖北,武汉市,否,否,综合类,民办,491,465,466
陆军工程大学,江苏,南京市,否,否,军事类,公办,583,592,584
大连理工大学城市学院,辽宁,大连市,否,否,理工类,民办,474,466,465
北京理工大学珠海学院,广东,珠海市,否,否,理工类,民办,504,495,485
大连工业大学艺术与信息工程学院,辽宁,大连市,否,否,理工类,民办,472,468,463
昆明城市学院,云南,昆明市,否,否,综合类,民办,472,469,468
山东政法学院,山东,济南市,否,否,政法类,公办,554,559,553
昆明医科大学海源学院,云南,昆明市,否,否,医药类,民办,502,490,479
吉林师范大学博达学院,吉林,四平市,否,否,师范类,民办,476,473,477
北京师范大学-香港浸会大学联合国际学院,广东,珠海市,否,否,综合类,内地与港澳台地区合作办学,582,576,565
凯里学院,贵州,黔东南苗族侗族自治州,否,否,师范类,公办,507,505,494
安顺学院,贵州,安顺市,否,否,综合类,公办,509,510,502
商洛学院,陕西,商洛市,否,否,综合类,公办,521,516,511
河北科技师范学院,河北,秦皇岛市,否,否,师范类,公办,523,513,510
梧州学院,广西,梧州市,否,否,综合类,公办,506,502,499
海南热带海洋学院,海南,三亚市,否,否,综合类,公办,513,512,499
枣庄学院,山东,枣庄市,否,否,综合类,公办,512,503,492
青岛滨海学院,山东,青岛市,否,否,综合类,民办,481,476,469
长沙医学院,湖南,长沙市,否,否,医药类,民办,487,472,473
济宁医学院,山东,济宁市,否,否,医药类,公办,569,579,570
山东大学（威海）,山东,威海市,是,是,综合类,公办,642,652,646
东北大学秦皇岛分校,河北,秦皇岛市,是,是,理工类,公办,632,642,637
宁波诺丁汉大学,浙江,宁波市,否,否,综合类,中外合作办学,607,611,594
上海师范大学天华学院,上海,上海市,否,否,综合类,民办,487,497,501
集美大学诚毅学院,福建,厦门市,否,否,综合类,民办,496,488,480
山东航空学院,山东,滨州市,否,否,综合类,公办,523,511,505
南京财经大学红山学院,江苏,镇江市,否,否,综合类,民办,496,493,488
湖南涉外经济学院,湖南,长沙市,否,否,财经类,民办,474,463,464
常熟理工学院,江苏,苏州市,否,否,理工类,公办,525,511,505
洛阳理工学院,河南,洛阳市,否,否,理工类,公办,514,509,505
武汉城市学院,湖北,武汉市,否,否,理工类,民办,485,480,477
武汉学院,湖北,武汉市,否,否,综合类,民办,498,491,481
保定理工学院,河北,保定市,否,否,理工类,民办,475,465,463
武汉东湖学院,湖北,武汉市,否,否,综合类,民办,478,468,465
湖北医药学院药护学院,湖北,十堰市,否,否,医药类,民办,503,496,489
武昌理工学院,湖北,武汉市,否,否,综合类,民办,492,479,469
郑州工商学院,河南,郑州市,否,否,财经类,民办,490,479,475
东南大学成贤学院,江苏,南京市,否,否,综合类,民办,502,496,491
山东中医药大学,山东,济南市,否,否,医药类,公办,577,585,578
南京特殊教育师范学院,江苏,南京市,否,否,师范类,公办,542,568,556
太原工业学院,山西,太原市,否,否,理工类,公办,507,509,505
中南林业科技大学涉外学院,湖南,长沙市,否,否,综合类,民办,490,472,465
电子科技大学成都学院,四川,成都市,否,否,理工类,民办,498,492,490
陕西警察学院,陕西,西安市,否,否,政法类,公办,219,189,194
郑州财经学院,河南,郑州市,否,否,财经类,民办,494,490,484
三峡大学科技学院,湖北,宜昌市,否,否,综合类,民办,497,480,474
北京邮电大学世纪学院,北京,北京市,否,否,综合类,民办,485,473,471
郑州经贸学院,河南,郑州市,否,否,财经类,民办,491,479,470
北京工业大学耿丹学院,北京,北京市,否,否,综合类,民办,472,464,463
北京金融科技学院,北京,北京市,否,否,财经类,民办,473,468,466
武昌首义学院,湖北,武汉市,否,否,理工类,民办,495,481,473
武汉华夏理工学院,湖北,武汉市,否,否,理工类,民办,487,474,465
天水师范学院,甘肃,天水市,否,否,师范类,公办,507,506,512
塔里木大学,新疆,自治区直辖县级行政区划,否,否,综合类,公办,501,499,495
曲靖师范学院,云南,曲靖市,否,否,师范类,公办,510,510,507
成都体育学院,四川,成都市,否,否,体育类,公办,537,537,524
乐山师范学院,四川,乐山市,否,否,师范类,公办,522,513,512
文华学院,湖北,武汉市,否,否,综合类,民办,493,480,471
成都医学院,四川,成都市,否,否,医药类,公办,567,568,551
重庆工商大学,重庆,重庆市,否,否,财经类,公办,583,599,593
湖南人文科技学院,湖南,娄底市,否,否,综合类,公办,516,506,500
浙江传媒学院,浙江,杭州市,否,否,艺术类,公办,590,612,610
哈尔滨师范大学,黑龙江,哈尔滨市,否,否,师范类,公办,536,572,573
厦门理工学院,福建,厦门市,否,否,理工类,公办,554,554,549
徐州工程学院,江苏,徐州市,否,否,综合类,公办,539,532,523
金陵科技学院,江苏,南京市,否,否,理工类,公办,536,529,524
广西财经学院,广西,南宁市,否,否,财经类,公办,514,513,509
昆明学院,云南,昆明市,否,否,综合类,公办,523,530,522
西安文理学院,陕西,西安市,否,否,综合类,公办,538,535,523
沈阳工程学院,辽宁,沈阳市,否,否,理工类,公办,564,550,536
广东金融学院,广东,广州市,否,否,财经类,公办,575,577,576
长沙学院,湖南,长沙市,否,否,综合类,公办,513,518,513
湖北理工学院,湖北,黄石市,否,否,理工类,公办,516,515,507
福建中医药大学,福建,福州市,否,否,医药类,公办,550,558,544
福建医科大学,福建,福州市,否,否,医药类,公办,595,606,603
重庆交通大学,重庆,重庆市,否,否,理工类,公办,572,582,571
大庆师范学院,黑龙江,大庆市,否,否,师范类,公办,502,509,508
上海政法学院,上海,上海市,否,否,政法类,公办,617,618,614
上海商学院,上海,上海市,否,否,财经类,公办,568,580,576
重庆科技大学,重庆,重庆市,否,否,理工类,公办,535,529,517
武汉科技大学,湖北,武汉市,否,否,综合类,公办,594,608,599
中国矿业大学（北京）,北京,北京市,否,是,理工类,公办,625,635,634
广州航海学院,广东,广州市,否,否,综合类,公办,521,508,494
南方医科大学,广东,广州市,否,否,医药类,公办,616,629,626
贵州大学,贵州,贵阳市,否,是,综合类,公办,602,613,610
西南大学,重庆,重庆市,否,是,综合类,公办,623,645,634
晋中学院,山西,晋中市,否,否,综合类,公办,505,506,506
山西中医药大学,山西,晋中市,否,否,医药类,公办,544,548,534
萍乡学院,江西,萍乡市,否,否,综合类,公办,510,502,495
河南科技学院,河南,新乡市,否,否,综合类,公办,525,522,517
平顶山学院,河南,平顶山市,否,否,综合类,公办,513,506,502
北京信息科技大学,北京,北京市,否,否,理工类,公办,603,612,607
安阳师范学院,河南,安阳市,否,否,师范类,公办,529,518,515
信阳师范大学,河南,信阳市,否,否,师范类,公办,533,520,544
首都经济贸易大学,北京,北京市,否,否,财经类,公办,616,637,629
河南中医药大学,河南,郑州市,否,否,医药类,公办,567,564,555
江西科技学院,江西,南昌市,否,否,综合类,民办,475,464,464
南昌理工学院,江西,南昌市,否,否,综合类,民办,484,474,465
南昌工程学院,江西,南昌市,否,否,理工类,公办,523,518,508
北京体育大学,北京,北京市,否,是,体育类,公办,612,635,630
西安外事学院,陕西,西安市,否,否,综合类,民办,479,469,469
天津中德应用技术大学,天津,天津市,否,否,理工类,公办,517,524,513
南阳理工学院,河南,南阳市,否,否,理工类,公办,515,505,496
安阳工学院,河南,安阳市,否,否,理工类,公办,514,507,500
河南师范大学,河南,新乡市,否,否,师范类,公办,548,573,571
中国石油大学（北京）,北京,北京市,否,是,理工类,公办,628,637,633
华北电力大学,北京,北京市,否,是,理工类,公办,633,643,641
中国地质大学（北京）,北京,北京市,否,是,理工类,公办,621,635,633
首都师范大学科德学院,北京,北京市,否,否,艺术类,民办,472,463,473
四川工程职业技术大学,四川,德阳市,否,否,理工类,公办,252,240,229
南通大学,江苏,南通市,否,否,综合类,公办,587,584,582
辽宁工程技术大学,辽宁,阜新市,否,否,理工类,公办,525,523,515
成都东软学院,四川,成都市,否,否,理工类,民办,490,475,475
齐齐哈尔工程学院,黑龙江,齐齐哈尔市,否,否,综合类,民办,478,471,465
河北外国语学院,河北,石家庄市,否,否,语言类,民办,479,474,472
河北工程技术学院,河北,石家庄市,否,否,理工类,民办,473,463,465
哈尔滨金融学院,黑龙江,哈尔滨市,否,否,财经类,公办,525,514,499
上海中侨职业技术大学,上海,上海市,否,否,财经类,民办,212,196,173
河北科技工程职业技术大学,河北,邢台市,否,否,理工类,公办,503,496,230
河北金融学院,河北,保定市,否,否,财经类,公办,520,521,508
河北民族师范学院,河北,承德市,否,否,民族类,公办,526,541,539
邢台医学院,河北,邢台市,否,否,医药类,公办,254,245,250
河北石油职业技术大学,河北,承德市,否,否,理工类,公办,500,498,497
北华航天工业学院,河北,廊坊市,否,否,理工类,公办,517,512,504
电子科技大学,四川,成都市,是,是,理工类,公办,660,666,662
防灾科技学院,河北,廊坊市,否,否,综合类,公办,535,533,525
沧州师范学院,河北,沧州市,否,否,师范类,公办,515,521,520
保定学院,河北,保定市,否,否,综合类,公办,519,533,521
邯郸学院,河北,邯郸市,否,否,师范类,公办,522,528,520
衡水学院,河北,衡水市,否,否,综合类,公办,513,514,515
廊坊师范学院,河北,廊坊市,否,否,师范类,公办,516,519,516
唐山师范学院,河北,唐山市,否,否,师范类,公办,524,523,521
山东师范大学,山东,济南市,否,否,师范类,公办,598,611,607
中国人民警察大学,河北,廊坊市,否,否,政法类,公办,565,595,552
邢台学院,河北,邢台市,否,否,综合类,公办,508,507,507
唐山学院,河北,唐山市,否,否,理工类,公办,527,516,511
石家庄铁道大学,河北,石家庄市,否,否,理工类,公办,557,557,551
河北地质大学,河北,石家庄市,否,否,理工类,公办,530,532,526
华北科技学院,河北,廊坊市,否,否,理工类,公办,525,521,516
河北建筑工程学院,河北,张家口市,否,否,理工类,公办,515,513,507
河北工程大学,河北,邯郸市,否,否,理工类,公办,531,536,525
河北北方学院,河北,张家口市,否,否,综合类,公办,556,554,542
承德医学院,河北,承德市,否,否,医药类,公办,559,556,549
燕山大学,河北,秦皇岛市,否,否,综合类,公办,573,560,573
河北农业大学,河北,保定市,否,否,农林类,公办,536,526,515
华北理工大学,河北,唐山市,否,否,综合类,公办,552,561,555
河北医科大学,河北,石家庄市,否,否,医药类,公办,581,603,603
河北师范大学,河北,石家庄市,否,否,师范类,公办,582,599,586
北京语言大学,北京,北京市,否,否,语言类,公办,613,634,627
华北电力大学保定校区,河北,保定市,否,是,理工类,公办,627,634,632
北京印刷学院,北京,北京市,否,否,理工类,公办,567,583,573
首都师范大学,北京,北京市,否,否,师范类,公办,622,635,635
北京物资学院,北京,北京市,否,否,财经类,公办,580,589,583
首都医科大学,北京,北京市,否,否,医药类,公办,619,639,631
北京石油化工学院,北京,北京市,否,否,综合类,公办,548,551,550
中国劳动关系学院,北京,北京市,否,否,政法类,公办,550,560,559
北京农学院,北京,北京市,否,否,农林类,公办,542,537,534
中国人民公安大学,北京,北京市,否,否,政法类,公办,640,629,607
北京联合大学,北京,北京市,否,否,综合类,公办,558,576,572
中国戏曲学院,北京,北京市,否,否,艺术类,公办,589,609,603
北京协和医学院,北京,北京市,否,否,医药类,公办,628,634,628
北京建筑大学,北京,北京市,否,否,理工类,公办,598,624,618
北京工商大学,北京,北京市,否,否,财经类,公办,602,616,616
中国政法大学,北京,北京市,否,是,政法类,公办,670,665,669
中央财经大学,北京,北京市,否,是,财经类,公办,651,669,675
中央戏剧学院,北京,北京市,否,否,艺术类,公办,607,629,620
北方工业大学,北京,北京市,否,否,理工类,公办,597,609,603
北京城市学院,北京,北京市,否,否,综合类,民办,504,503,492
中国传媒大学,北京,北京市,否,是,综合类,公办,632,649,652
中国农业大学,北京,北京市,是,是,农林类,公办,640,653,649
北京化工大学,北京,北京市,否,是,理工类,公办,622,633,628
鲁东大学,山东,烟台市,否,否,综合类,公办,538,540,537
烟台大学,山东,烟台市,否,否,综合类,公办,557,566,562
山东第二医科大学,山东,潍坊市,否,否,医药类,公办,569,570,568
潍坊学院,山东,潍坊市,否,否,综合类,公办,508,511,507
山东第一医科大学,山东,济南市,否,否,医药类,公办,562,563,555
泰山学院,山东,泰安市,否,否,综合类,公办,510,518,517
齐鲁工业大学,山东,济南市,否,否,理工类,公办,539,536,524
北方民族大学,宁夏,银川市,否,否,综合类,公办,536,537,520
山东农业大学,山东,泰安市,否,否,农林类,公办,538,538,529
南宁师范大学,广西,南宁市,否,否,师范类,公办,527,522,528
山东理工大学,山东,淄博市,否,否,理工类,公办,554,553,545
玉林师范学院,广西,玉林市,否,否,师范类,公办,511,509,503
山东科技大学,山东,青岛市,否,否,理工类,公办,581,582,574
广西科技大学,广西,柳州市,否,否,理工类,公办,527,522,514
山东财经大学,山东,济南市,否,否,财经类,公办,586,590,588
山东交通学院,山东,济南市,否,否,理工类,公办,522,517,514
桂林理工大学,广西,桂林市,否,否,理工类,公办,528,519,517
桂林电子科技大学,广西,桂林市,否,否,理工类,公办,586,557,546
广西师范大学,广西,桂林市,否,否,师范类,公办,557,575,572
广西医科大学,广西,南宁市,否,否,医药类,公办,586,596,585
内蒙古财经大学,内蒙古,呼和浩特市,否,否,财经类,公办,552,538,528
山东建筑大学,山东,济南市,否,否,理工类,公办,536,545,516
山东工商学院,山东,烟台市,否,否,财经类,公办,531,527,518
内蒙古医科大学,内蒙古,呼和浩特市,否,否,医药类,公办,550,544,564
贵州财经大学,贵州,贵阳市,否,否,财经类,公办,513,504,496
内蒙古师范大学,内蒙古,呼和浩特市,否,否,师范类,公办,558,567,551
遵义医科大学,贵州,遵义市,否,否,医药类,公办,565,567,547
内蒙古农业大学,内蒙古,呼和浩特市,否,否,农林类,公办,512,511,504
贵州医科大学,贵州,贵阳市,否,否,医药类,公办,569,576,577
海南医科大学,海南,海口市,否,否,医药类,公办,551,556,550
海南师范大学,海南,海口市,否,否,师范类,公办,548,562,559
曲阜师范大学,山东,济宁市,否,否,师范类,公办,558,571,558
青岛理工大学,山东,青岛市,否,否,理工类,公办,567,580,573
内蒙古工业大学,内蒙古,呼和浩特市,否,否,理工类,公办,524,520,512
青岛科技大学,山东,青岛市,否,否,理工类,公办,567,576,568
内蒙古民族大学,内蒙古,通辽市,否,否,综合类,公办,541,538,529
内蒙古科技大学,内蒙古,包头市,否,否,综合类,公办,517,515,510
海南大学,海南,海口市,否,是,综合类,公办,604,616,611
甘肃政法大学,甘肃,兰州市,否,否,政法类,公办,554,556,543
兰州财经大学,甘肃,兰州市,否,否,财经类,公办,517,520,522
青岛大学,山东,青岛市,否,否,综合类,公办,595,598,602
临沂大学,山东,临沂市,否,否,综合类,公办,555,551,544
西北师范大学,甘肃,兰州市,否,否,师范类,公办,551,554,573
聊城大学,山东,聊城市,否,否,综合类,公办,549,552,543
青岛农业大学,山东,青岛市,否,否,农林类,公办,534,533,528
河南财经政法大学,河南,郑州市,否,否,财经类,公办,552,558,549
商丘师范学院,河南,商丘市,否,否,师范类,公办,511,510,516
兰州交通大学,甘肃,兰州市,否,否,理工类,公办,543,538,534
南阳师范学院,河南,南阳市,否,否,师范类,公办,513,510,507
洛阳师范学院,河南,洛阳市,否,否,综合类,公办,549,548,536
兰州理工大学,甘肃,兰州市,否,否,理工类,公办,529,528,519
新乡医学院,河南,新乡市,否,否,医药类,公办,575,582,572
中原工学院,河南,郑州市,否,否,理工类,公办,509,504,493
西北民族大学,甘肃,兰州市,否,否,综合类,公办,530,529,516
郑州航空工业管理学院,河南,郑州市,否,否,综合类,公办,522,515,511
闽江学院,福建,福州市,否,否,综合类,公办,522,521,514
泉州师范学院,福建,泉州市,否,否,师范类,公办,513,516,509
福建理工大学,福建,福州市,否,否,理工类,公办,522,502,497
福建师范大学,福建,福州市,否,否,师范类,公办,570,578,575
仰恩大学,福建,泉州市,否,否,综合类,民办,481,474,473
集美大学,福建,厦门市,否,否,综合类,公办,560,563,550
黄河科技学院,河南,郑州市,否,否,理工类,民办,486,464,463
福建农林大学,福建,福州市,否,否,农林类,公办,531,535,525
河南工业大学,河南,郑州市,否,否,理工类,公办,536,539,530
华侨大学,福建,泉州市,否,否,综合类,公办,583,596,592
华北水利水电大学,河南,郑州市,否,否,理工类,公办,547,549,533
河南理工大学,河南,焦作市,否,否,理工类,公办,536,531,523
河南农业大学,河南,郑州市,否,否,农林类,公办,541,545,529
湖北文理学院,湖北,襄阳市,否,否,综合类,公办,525,515,510
河南科技大学,河南,洛阳市,否,否,综合类,公办,540,538,528
河南大学,河南,开封市,否,否,综合类,公办,600,608,603
郑州轻工业大学,河南,郑州市,否,否,理工类,公办,538,534,523
黑龙江东方学院,黑龙江,哈尔滨市,否,否,综合类,民办,474,477,465
齐齐哈尔医学院,黑龙江,齐齐哈尔市,否,否,医药类,公办,545,552,540
牡丹江医科大学,黑龙江,牡丹江市,否,否,医药类,公办,544,541,533
黑龙江科技大学,黑龙江,哈尔滨市,否,否,理工类,公办,524,520,513
黑龙江工程学院,黑龙江,哈尔滨市,否,否,理工类,公办,508,506,502
东北石油大学,黑龙江,大庆市,否,否,理工类,公办,557,559,544
湖北经济学院,湖北,武汉市,否,否,财经类,公办,543,536,534
哈尔滨商业大学,黑龙江,哈尔滨市,否,否,财经类,公办,527,523,521
湖北工程学院,湖北,孝感市,否,否,理工类,公办,521,513,507
牡丹江师范学院,黑龙江,牡丹江市,否,否,师范类,公办,511,516,508
黑龙江中医药大学,黑龙江,哈尔滨市,否,否,医药类,公办,550,565,564
湖北师范大学,湖北,黄石市,否,否,师范类,公办,574,571,574
湖北医药学院,湖北,十堰市,否,否,医药类,公办,573,578,566
湖北中医药大学,湖北,武汉市,否,否,医药类,公办,554,556,547
武汉轻工大学,湖北,武汉市,否,否,理工类,公办,554,559,549
武汉工程大学,湖北,武汉市,否,否,理工类,公办,574,587,575
湖北工业大学,湖北,武汉市,否,否,理工类,公办,575,585,579
三峡大学,湖北,宜昌市,否,否,综合类,公办,576,572,560
哈尔滨医科大学,黑龙江,哈尔滨市,否,否,医药类,公办,582,585,579
长江大学,湖北,荆州市,否,否,综合类,公办,551,558,542
黑龙江八一农垦大学,黑龙江,大庆市,否,否,农林类,公办,512,511,504
哈尔滨理工大学,黑龙江,哈尔滨市,否,否,理工类,公办,536,557,551
湖北大学,湖北,武汉市,否,否,综合类,公办,600,609,599
齐齐哈尔大学,黑龙江,齐齐哈尔市,否,否,综合类,公办,519,522,517
中南民族大学,湖北,武汉市,否,否,综合类,公办,593,598,588
佳木斯大学,黑龙江,佳木斯市,否,否,综合类,公办,536,536,524
黑龙江大学,黑龙江,哈尔滨市,否,否,综合类,公办,548,554,548
华中师范大学,湖北,武汉市,否,是,师范类,公办,638,658,647
东北林业大学,黑龙江,哈尔滨市,否,是,农林类,公办,603,617,611
邵阳学院,湖南,邵阳市,否,否,综合类,公办,525,526,517
华中农业大学,湖北,武汉市,否,是,农林类,公办,617,631,625
怀化学院,湖南,怀化市,否,否,综合类,公办,516,518,504
湖南文理学院,湖南,常德市,否,否,综合类,公办,523,523,518
中南财经政法大学,湖北,武汉市,否,是,财经类,公办,634,631,626
吉林财经大学,吉林,长春市,否,否,财经类,公办,534,552,551
吉林外国语大学,吉林,长春市,否,否,语言类,民办,492,487,482
白城师范学院,吉林,白城市,否,否,师范类,公办,508,515,517
湖南科技学院,湖南,永州市,否,否,综合类,公办,511,513,507
通化师范学院,吉林,通化市,否,否,师范类,公办,511,519,517
湖南工商大学,湖南,长沙市,否,否,财经类,公办,540,538,534
衡阳师范学院,湖南,衡阳市,否,否,师范类,公办,525,532,521
吉林工程技术师范学院,吉林,长春市,否,否,师范类,公办,513,502,495
长春中医药大学,吉林,长春市,否,否,医药类,公办,556,564,558
湘南学院,湖南,郴州市,否,否,综合类,公办,529,524,521
湖南中医药大学,湖南,长沙市,否,否,医药类,公办,550,578,574
中南林业科技大学,湖南,长沙市,否,否,农林类,公办,542,540,532
湖南工程学院,湖南,湘潭市,否,否,理工类,公办,514,511,504
湖南工业大学,湖南,株洲市,否,否,综合类,公办,554,546,539
湖南城市学院,湖南,益阳市,否,否,综合类,公办,505,507,501
湖南理工学院,湖南,岳阳市,否,否,理工类,公办,531,518,512
吉林建筑大学,吉林,长春市,否,否,理工类,公办,512,516,507
长春工程学院,吉林,长春市,否,否,理工类,公办,518,512,510
东北电力大学,吉林,吉林市,否,否,理工类,公办,590,590,586
湖南农业大学,湖南,长沙市,否,否,农林类,公办,532,535,527
南华大学,湖南,衡阳市,否,否,综合类,公办,549,544,529
吉林师范大学,吉林,四平市,否,否,师范类,公办,551,577,568
长沙理工大学,湖南,长沙市,否,否,理工类,公办,589,597,593
湖南科技大学,湖南,湘潭市,否,否,综合类,公办,559,566,557
长春师范大学,吉林,长春市,否,否,师范类,公办,529,561,555
吉首大学,湖南,湘西土家族苗族自治州,否,否,综合类,公办,520,518,514
湘潭大学,湖南,湘潭市,否,否,综合类,公办,594,609,593
吉林农业大学,吉林,长春市,否,否,农林类,公办,516,519,512
西安培华学院,陕西,西安市,否,否,综合类,民办,489,491,474
长春工业大学,吉林,长春市,否,否,理工类,公办,525,525,517
长春理工大学,吉林,长春市,否,否,理工类,公办,547,549,537
长春大学,吉林,长春市,否,否,综合类,公办,521,521,516
西北政法大学,陕西,西安市,否,否,政法类,公办,625,643,635
西安财经大学,陕西,西安市,否,否,财经类,公办,562,572,564
北华大学,吉林,吉林市,否,否,综合类,公办,537,541,532
西安外国语大学,陕西,西安市,否,否,语言类,公办,555,605,606
青海民族大学,青海,西宁市,否,否,民族类,公办,512,509,504
陕西理工大学,陕西,汉中市,否,否,理工类,公办,537,532,537
青海师范大学,青海,西宁市,否,否,师范类,公办,520,520,530
宝鸡文理学院,陕西,宝鸡市,否,否,师范类,公办,521,505,512
渭南师范学院,陕西,渭南市,否,否,师范类,公办,510,509,504
青海大学,青海,西宁市,否,是,综合类,公办,601,612,603
陕西中医药大学,陕西,咸阳市,否,否,医药类,公办,583,584,576
西安邮电大学,陕西,西安市,否,否,理工类,公办,584,597,593
大理大学,云南,大理白族自治州,否,否,综合类,公办,572,573,565
西安工业大学,陕西,西安市,否,否,理工类,公办,580,581,571
云南警官学院,云南,昆明市,否,否,政法类,公办,557,567,573
西安工程大学,陕西,西安市,否,否,理工类,公办,543,545,535
陕西科技大学,陕西,西安市,否,否,理工类,公办,555,553,541
云南财经大学,云南,昆明市,否,否,财经类,公办,520,521,516
红河学院,云南,红河哈尼族彝族自治州,否,否,综合类,公办,505,501,502
西安石油大学,陕西,西安市,否,否,理工类,公办,570,571,552
楚雄师范学院,云南,楚雄彝族自治州,否,否,师范类,公办,505,508,503
西安科技大学,陕西,西安市,否,否,理工类,公办,573,575,561
西安建筑科技大学,陕西,西安市,否,否,理工类,公办,573,590,586
玉溪师范学院,云南,玉溪市,否,否,师范类,公办,510,514,509
西安理工大学,陕西,西安市,否,否,理工类,公办,593,596,590
云南中医药大学,云南,昆明市,否,否,医药类,公办,549,566,555
昆明医科大学,云南,昆明市,否,否,医药类,公办,576,587,573
西南林业大学,云南,昆明市,否,否,农林类,公办,515,516,510
云南民族大学,云南,昆明市,否,否,综合类,公办,537,533,523
云南师范大学,云南,昆明市,否,否,师范类,公办,573,599,590
云南农业大学,云南,昆明市,否,否,农林类,公办,531,523,514
昆明理工大学,云南,昆明市,否,否,理工类,公办,548,560,555
合肥大学,安徽,合肥市,否,否,综合类,公办,520,522,518
延安大学,陕西,延安市,否,否,综合类,公办,537,539,530
安徽财经大学,安徽,蚌埠市,否,否,财经类,公办,584,590,588
陕西师范大学,陕西,西安市,否,是,师范类,公办,632,654,656
西北农林科技大学,陕西,咸阳市,是,是,农林类,公办,621,633,627
安徽科技学院,安徽,滁州市,否,否,综合类,公办,511,515,504
西安交通大学,陕西,西安市,是,是,综合类,公办,654,679,676
淮北师范大学,安徽,淮北市,否,否,综合类,公办,554,571,569
上海戏剧学院,上海,上海市,否,否,艺术类,公办,626,634,628
上海体育大学,上海,上海市,否,否,体育类,公办,598,609,599
华东政法大学,上海,上海市,否,否,政法类,公办,653,655,659
安徽建筑大学,安徽,合肥市,否,否,理工类,公办,523,531,522
上海立信会计金融学院,上海,上海市,否,否,财经类,公办,598,610,611
上海对外经贸大学,上海,上海市,否,否,财经类,公办,604,622,625
上海电力大学,上海,上海市,否,否,理工类,公办,625,623,617
安徽师范大学,安徽,芜湖市,否,否,师范类,公办,570,571,584
上海海事大学,上海,上海市,否,否,理工类,公办,601,596,585
上海海洋大学,上海,上海市,否,否,农林类,公办,610,615,607
上海工程技术大学,上海,上海市,否,否,理工类,公办,566,583,578
上海理工大学,上海,上海市,否,否,理工类,公办,607,619,614
韶关学院,广东,韶关市,否,否,综合类,公办,505,504,496
广东药科大学,广东,广州市,否,否,医药类,公办,549,562,554
广东医科大学,广东,湛江市,否,否,医药类,公办,589,605,605
广东石油化工学院,广东,茂名市,否,否,理工类,公办,519,506,496
广州中医药大学,广东,广州市,否,否,医药类,公办,600,608,603
广东海洋大学,广东,湛江市,否,否,综合类,公办,527,520,509
华南农业大学,广东,广州市,否,否,综合类,公办,599,608,596
深圳大学,广东,深圳市,否,否,综合类,公办,636,645,644
太原师范学院,山西,晋中市,否,否,师范类,公办,551,572,575
山西大同大学,山西,大同市,否,否,综合类,公办,543,540,526
忻州师范学院,山西,忻州市,否,否,师范类,公办,519,527,524
长治医学院,山西,长治市,否,否,医药类,公办,540,541,536
太原科技大学,山西,太原市,否,否,理工类,公办,525,522,516
中北大学,山西,太原市,否,否,综合类,公办,538,544,534
山西财经大学,山西,太原市,否,否,财经类,公办,552,576,572
西南医科大学,四川,泸州市,否,否,医药类,公办,605,612,602
四川轻化工大学,四川,自贡市,否,否,理工类,公办,530,520,516
山西师范大学,山西,太原市,否,否,师范类,公办,564,578,576
山西医科大学,山西,太原市,否,否,医药类,公办,533,548,548
成都信息工程大学,四川,成都市,否,否,理工类,公办,580,589,575
山西农业大学,山西,晋中市,否,否,农林类,公办,519,520,510
西南石油大学,四川,成都市,否,否,综合类,公办,598,606,593
中国民用航空飞行学院,四川,德阳市,否,否,理工类,公办,560,556,558
西华师范大学,四川,南充市,否,否,师范类,公办,520,534,530
四川师范大学,四川,成都市,否,否,师范类,公办,595,607,592
成都中医药大学,四川,成都市,否,否,医药类,公办,593,613,599
西南科技大学,四川,绵阳市,否,否,理工类,公办,543,549,536
山西大学,山西,太原市,否,否,综合类,公办,601,597,579
浙江财经大学,浙江,杭州市,否,否,财经类,公办,596,605,603
浙江工商大学,浙江,杭州市,否,否,财经类,公办,572,593,590
绍兴文理学院,浙江,绍兴市,否,否,综合类,公办,522,512,504
湖州师范学院,浙江,湖州市,否,否,综合类,公办,521,522,512
温州医科大学,浙江,温州市,否,否,医药类,公办,610,626,618
浙江中医药大学,浙江,杭州市,否,否,医药类,公办,590,597,581
浙江农林大学,浙江,杭州市,否,否,农林类,公办,567,582,578
中国计量大学,浙江,杭州市,否,否,理工类,公办,596,602,598
浙江科技大学,浙江,杭州市,否,否,理工类,公办,523,518,509
西华大学,四川,成都市,否,否,综合类,公办,572,573,552
嘉兴大学,浙江,嘉兴市,否,否,综合类,公办,537,515,505
浙江理工大学,浙江,杭州市,否,否,理工类,公办,596,611,606
浙江工业大学,浙江,杭州市,否,否,理工类,公办,607,613,607
浙江师范大学,浙江,金华市,否,否,综合类,公办,577,596,589
宁波大学,浙江,宁波市,否,否,综合类,公办,600,611,610
新疆财经大学,新疆,乌鲁木齐市,否,否,财经类,公办,507,506,499
新疆师范大学,新疆,乌鲁木齐市,否,否,师范类,公办,516,522,519
新疆医科大学,新疆,乌鲁木齐市,否,否,医药类,公办,556,569,563
新疆农业大学,新疆,乌鲁木齐市,否,否,农林类,公办,503,499,493
成都理工大学,四川,成都市,否,否,理工类,公办,595,597,586
西南民族大学,四川,成都市,否,否,民族类,公办,579,591,581
中国医科大学,辽宁,沈阳市,否,否,医药类,公办,598,607,606
东北财经大学,辽宁,大连市,否,否,财经类,公办,604,620,618
沈阳农业大学,辽宁,沈阳市,否,否,农林类,公办,530,524,515
沈阳工业大学,辽宁,沈阳市,否,否,理工类,公办,536,538,533
沈阳药科大学,辽宁,沈阳市,否,否,医药类,公办,593,595,590
辽宁师范大学,辽宁,大连市,否,否,师范类,公办,535,539,558
沈阳大学,辽宁,沈阳市,否,否,综合类,公办,533,529,519
辽宁石油化工大学,辽宁,抚顺市,否,否,理工类,公办,523,524,518
辽宁科技大学,辽宁,鞍山市,否,否,理工类,公办,525,522,516
沈阳师范大学,辽宁,沈阳市,否,否,师范类,公办,538,529,526
大连交通大学,辽宁,大连市,否,否,理工类,公办,552,558,557
大连医科大学,辽宁,大连市,否,否,医药类,公办,644,649,645
大连大学,辽宁,大连市,否,否,综合类,公办,536,547,542
沈阳理工大学,辽宁,沈阳市,否,否,理工类,公办,547,544,533
沈阳化工大学,辽宁,沈阳市,否,否,理工类,公办,532,526,520
渤海大学,辽宁,锦州市,否,否,综合类,公办,528,527,520
沈阳建筑大学,辽宁,沈阳市,否,否,理工类,公办,554,569,562
大连海洋大学,辽宁,大连市,否,否,农林类,公办,529,517,523
沈阳航空航天大学,辽宁,沈阳市,否,否,理工类,公办,582,588,583
大连民族大学,辽宁,大连市,否,否,民族类,公办,533,534,527
锦州医科大学,辽宁,锦州市,否,否,医药类,公办,561,569,592
鞍山师范学院,辽宁,鞍山市,否,否,师范类,公办,507,512,504
沈阳体育学院,辽宁,沈阳市,否,否,体育类,公办,505,515,509
沈阳医学院,辽宁,沈阳市,否,否,医药类,公办,557,555,559
石河子大学,新疆,自治区直辖县级行政区划,否,是,综合类,公办,581,592,577
井冈山大学,江西,吉安市,否,否,综合类,公办,541,542,531
四川美术学院,重庆,重庆市,否,否,艺术类,公办,594,600,587
赣南医科大学,江西,赣州市,否,否,医药类,公办,559,574,556
九江学院,江西,九江市,否,否,综合类,公办,506,503,499
四川外国语大学,重庆,重庆市,否,否,语言类,公办,542,584,584
宜春学院,江西,宜春市,否,否,综合类,公办,511,510,504
江西科技师范大学,江西,南昌市,否,否,师范类,公办,541,543,536
赣南师范大学,江西,赣州市,否,否,师范类,公办,534,551,542
重庆理工大学,重庆,重庆市,否,否,理工类,公办,588,596,587
上饶师范学院,江西,上饶市,否,否,师范类,公办,547,557,552
江西中医药大学,江西,南昌市,否,否,医药类,公办,563,570,559
重庆邮电大学,重庆,重庆市,否,否,理工类,公办,612,621,618
景德镇陶瓷大学,江西,景德镇市,否,否,艺术类,公办,527,537,511
西南政法大学,重庆,重庆市,否,否,政法类,公办,642,632,647
重庆师范大学,重庆,重庆市,否,否,师范类,公办,585,598,590
重庆医科大学,重庆,重庆市,否,否,医药类,公办,590,609,611
南昌航空大学,江西,南昌市,否,否,理工类,公办,548,550,539
东华理工大学,江西,南昌市,否,否,理工类,公办,525,526,521
江西财经大学,江西,南昌市,否,否,财经类,公办,585,601,602
江西师范大学,江西,南昌市,否,否,师范类,公办,579,592,594
扬州大学,江苏,扬州市,否,否,综合类,公办,595,608,606
江西农业大学,江西,南昌市,否,否,农林类,公办,520,518,510
南京工业大学,江苏,南京市,否,否,理工类,公办,595,608,605
江苏大学,江苏,镇江市,否,否,综合类,公办,584,598,600
南京林业大学,江苏,南京市,否,否,农林类,公办,602,614,606
南京医科大学,江苏,南京市,否,否,医药类,公办,585,629,603
南京信息工程大学,江苏,南京市,否,否,综合类,公办,605,613,606
江西理工大学,江西,赣州市,否,否,理工类,公办,543,535,521
南京财经大学,江苏,南京市,否,否,财经类,公办,590,607,605
苏州科技大学,江苏,苏州市,否,否,综合类,公办,568,579,580
南京中医药大学,江苏,南京市,否,否,医药类,公办,602,622,608
江苏科技大学,江苏,镇江市,否,否,理工类,公办,550,555,539
南京邮电大学,江苏,南京市,否,否,理工类,公办,632,635,629
杭州电子科技大学,浙江,杭州市,否,否,理工类,公办,606,617,615
华东交通大学,江西,南昌市,否,否,理工类,公办,556,562,552
常州大学,江苏,常州市,否,否,理工类,公办,547,545,537
盐城工学院,江苏,盐城市,否,否,理工类,公办,519,510,506
盐城师范学院,江苏,盐城市,否,否,师范类,公办,509,507,507
南京审计大学,江苏,南京市,否,否,财经类,公办,603,617,618
南京艺术学院,江苏,南京市,否,否,艺术类,公办,562,574,580
常州工学院,江苏,常州市,否,否,理工类,公办,524,511,502
南京工程学院,江苏,南京市,否,否,理工类,公办,561,576,561
北京科技大学,北京,北京市,否,是,理工类,公办,641,650,648
北京理工大学,北京,北京市,是,是,理工类,公办,664,673,682
东北师范大学,吉林,长春市,否,是,师范类,公办,631,656,653
清华大学,北京,北京市,是,是,综合类,公办,704,709,714
太原理工大学,山西,太原市,否,是,理工类,公办,612,624,617
大连理工大学,辽宁,大连市,是,是,理工类,公办,643,650,646
东北农业大学,黑龙江,哈尔滨市,否,是,农林类,公办,602,615,609
上海外国语大学,上海,上海市,否,是,语言类,公办,638,655,646
东华大学,上海,上海市,否,是,综合类,公办,627,640,638
东北大学,辽宁,沈阳市,是,是,理工类,公办,639,649,646
华东理工大学,上海,上海市,否,是,理工类,公办,633,646,644
华东师范大学,上海,上海市,是,是,师范类,公办,660,673,673
上海财经大学,上海,上海市,否,是,财经类,公办,660,677,684
延边大学,吉林,延边朝鲜族自治州,否,是,综合类,公办,593,602,595
武汉理工大学,湖北,武汉市,否,是,理工类,公办,631,636,631
华中科技大学,湖北,武汉市,是,是,综合类,公办,671,685,681
山东大学,山东,济南市,是,是,综合类,公办,648,659,656
哈尔滨工程大学,黑龙江,哈尔滨市,否,是,理工类,公办,633,635,622
中南大学,湖南,长沙市,是,是,综合类,公办,642,654,654
吉林大学,吉林,长春市,是,是,综合类,公办,645,656,651
中国地质大学（武汉）,湖北,武汉市,否,是,理工类,公办,614,628,624
中国石油大学（华东）,山东,青岛市,否,是,理工类,公办,625,631,625
重庆大学,重庆,重庆市,是,是,综合类,公办,645,655,651
苏州大学,江苏,苏州市,否,是,综合类,公办,638,648,644
中国药科大学,江苏,南京市,否,是,医药类,公办,631,634,627
河海大学,江苏,南京市,否,是,综合类,公办,623,634,631
南京师范大学,江苏,南京市,否,是,师范类,公办,634,649,646
南京农业大学,江苏,南京市,否,是,农林类,公办,610,624,620
南京理工大学,江苏,南京市,否,是,理工类,公办,635,641,639
中国矿业大学,江苏,徐州市,否,是,综合类,公办,617,630,629
东南大学,江苏,南京市,是,是,综合类,公办,663,672,673
南昌大学,江西,南昌市,否,是,综合类,公办,614,624,619
西北工业大学,陕西,西安市,是,是,理工类,公办,648,655,652
暨南大学,广东,广州市,否,是,综合类,公办,631,641,639
华南理工大学,广东,广州市,是,是,综合类,公办,653,661,661
中山大学,广东,广州市,是,是,综合类,公办,663,675,672
福州大学,福建,福州市,否,是,理工类,公办,615,629,626
厦门大学,福建,厦门市,是,是,综合类,公办,653,665,663
西南财经大学,四川,成都市,否,是,财经类,公办,632,645,642
四川农业大学,四川,成都市,否,是,农林类,公办,595,619,612
四川大学,四川,成都市,是,是,综合类,公办,657,660,661
兰州大学,甘肃,兰州市,是,是,综合类,公办,633,645,641
广西大学,广西,南宁市,否,是,综合类,公办,613,619,611
天津农学院,天津,天津市,否,否,农林类,公办,521,524,519
天津体育学院,天津,天津市,否,否,体育类,公办,522,540,536
天津城建大学,天津,天津市,否,否,综合类,公办,520,528,522
天津职业技术师范大学,天津,天津市,否,否,师范类,公办,511,512,505
天津中医药大学,天津,天津市,否,否,医药类,公办,584,593,594
中国民航大学,天津,天津市,否,否,理工类,公办,600,573,579
天津外国语大学,天津,天津市,否,否,语言类,公办,528,554,553
江南大学,江苏,无锡市,否,是,综合类,公办,622,629,626
天津商业大学,天津,天津市,否,否,财经类,公办,525,531,525
天津财经大学,天津,天津市,否,否,财经类,公办,577,601,596
天津科技大学,天津,天津市,否,否,理工类,公办,546,554,538
天津理工大学,天津,天津市,否,否,理工类,公办,539,549,541
天津工业大学,天津,天津市,否,否,综合类,公办,590,596,581
天津师范大学,天津,天津市,否,否,师范类,公办,570,600,595
天津医科大学,天津,天津市,否,是,医药类,公办,624,639,634
南京航空航天大学,江苏,南京市,否,是,理工类,公办,637,630,628
新疆大学,新疆,乌鲁木齐市,否,是,综合类,公办,595,603,596
同济大学,上海,上海市,是,是,综合类,公办,668,679,685
安徽医科大学,安徽,合肥市,否,否,医药类,公办,631,641,631
济南大学,山东,济南市,否,否,综合类,公办,562,582,574
安徽农业大学,安徽,合肥市,否,否,农林类,公办,526,536,525
安徽理工大学,安徽,淮南市,否,否,理工类,公办,538,532,523
安徽大学,安徽,合肥市,否,是,综合类,公办,621,629,619
德州学院,山东,德州市,否,否,综合类,公办,512,516,514
滨州医学院,山东,烟台市,否,否,医药类,公办,576,576,564
合肥工业大学,安徽,合肥市,否,是,理工类,公办,616,630,624
郑州大学,河南,郑州市,否,是,综合类,公办,620,637,632
中国海洋大学,山东,青岛市,是,是,综合类,公办,633,644,639
天津大学,天津,天津市,是,是,综合类,公办,652,663,665
南开大学,天津,天津市,是,是,综合类,公办,656,670,670
湖南师范大学,湖南,长沙市,否,是,师范类,公办,622,639,632
西安电子科技大学,陕西,西安市,否,是,理工类,公办,640,649,645
河北科技大学,河北,石家庄市,否,否,理工类,公办,525,527,534
河北大学,河北,保定市,否,否,综合类,公办,583,595,587
对外经济贸易大学,北京,北京市,否,是,财经类,公办,654,664,674
北京师范大学,北京,北京市,是,是,师范类,公办,654,681,688
西南交通大学,四川,成都市,否,是,理工类,公办,625,635,632
辽宁大学,辽宁,沈阳市,否,是,综合类,公办,611,623,619
北京中医药大学,北京,北京市,否,是,医药类,公办,624,635,632
北京邮电大学,北京,北京市,否,是,理工类,公办,650,661,654
北京航空航天大学,北京,北京市,是,是,理工类,公办,669,679,679
中央民族大学,北京,北京市,是,是,民族类,公办,634,648,645
湖南大学,湖南,长沙市,是,是,综合类,公办,643,654,652
北京林业大学,北京,北京市,否,是,农林类,公办,620,636,633
武汉大学,湖北,武汉市,是,是,综合类,公办,668,680,676
河北工业大学,天津,天津市,否,是,理工类,公办,612,620,615
中央音乐学院,北京,北京市,否,是,艺术类,公办,330,324,324
北京外国语大学,北京,北京市,否,是,语言类,公办,640,653,654
北京交通大学,北京,北京市,否,是,理工类,公办,639,648,639
西北大学,陕西,西安市,否,是,综合类,公办,622,636,631
长安大学,陕西,西安市,否,是,理工类,公办,620,628,622
云南大学,云南,昆明市,否,是,综合类,公办,613,623,620
哈尔滨工业大学,黑龙江,哈尔滨市,是,是,理工类,公办,653,658,660
大连海事大学,辽宁,大连市,否,是,理工类,公办,616,623,611
内蒙古大学,内蒙古,呼和浩特市,否,是,综合类,公办,608,619,611
北京大学,北京,北京市,是,是,综合类,公办,699,705,712
北京工业大学,北京,北京市,否,是,理工类,公办,636,642,638
