﻿名称,省,市,985,211,学校类型,学校属性,2023年综合类录取分数,2022年综合类录取分数,2021年综合类录取分数
烟台科技学院,山东,烟台市,否,否,综合类,民办,521,510,509
江苏海洋大学,江苏,连云港市,否,否,理工类,公办,578,581,573
江西软件职业技术大学,江西,南昌市,否,否,理工类,民办,347,250,250
中国人民武装警察部队特种警察学院,北京,北京市,否,否,军事类,公办,576,575,598
中国人民解放军陆军特种作战学院,广西,桂林市,否,否,军事类,公办,580,598,569
中国消防救援学院,北京,北京市,否,否,军事类,公办,597,643,599
复旦大学上海医学院,上海,上海市,是,是,医药类,公办,816,763,796
南京审计大学金审学院,江苏,南京市,否,否,财经类,民办,549,537,534
哈尔滨工业大学（深圳）,广东,深圳市,是,是,理工类,公办,758,754,748
上海健康医学院,上海,上海市,否,否,医药类,公办,579,566,572
合肥工业大学宣城校区,安徽,宣城市,否,是,综合类,公办,613,648,634
大连理工大学盘锦校区,辽宁,盘锦市,是,是,理工类,公办,670,670,669
贵州理工学院,贵州,贵阳市,否,否,理工类,公办,550,547,526
武警警官学院,四川,成都市,否,否,军事类,公办,592,594,590
南昌师范学院,江西,南昌市,否,否,师范类,公办,573,563,565
江西服装学院,江西,南昌市,否,否,艺术类,民办,515,496,471
成都师范学院,四川,成都市,否,否,师范类,公办,598,590,581
山西传媒学院,山西,晋中市,否,否,艺术类,公办,554,553,555
华北理工大学冀唐学院,河北,唐山市,否,否,医药类,民办,552,537,534
南昌工学院,江西,南昌市,否,否,理工类,民办,525,510,500
商丘学院,河南,商丘市,否,否,综合类,民办,529,518,512
福州外语外贸学院,福建,福州市,否,否,财经类,民办,507,499,499
山东协和学院,山东,济南市,否,否,医药类,民办,521,510,504
广东科技学院,广东,东莞市,否,否,综合类,民办,503,493,487
广西外国语学院,广西,南宁市,否,否,语言类,民办,514,502,508
华北理工大学轻工学院,河北,唐山市,否,否,理工类,民办,519,505,495
天津外国语大学滨海外事学院,天津,天津市,否,否,语言类,民办,533,510,527
南宁理工学院,广西,南宁市,否,否,理工类,民办,515,500,488
海军工程大学,湖北,武汉市,否,否,军事类,公办,669,651,639
中国人民解放军海军大连舰艇学院,辽宁,大连市,否,否,军事类,公办,571,631,614
北京第二外国语学院,北京,北京市,否,否,语言类,公办,483,627,646
广东第二师范学院,广东,广州市,否,否,师范类,公办,579,586,569
贵州黔南经济学院,贵州,黔南布依族苗族自治州,否,否,财经类,民办,530,514,525
遵义医科大学医学与科技学院,贵州,遵义市,否,否,医药类,民办,535,528,522
兴义民族师范学院,贵州,黔西南布依族苗族自治州,否,否,师范类,公办,549,540,534
西安明德理工学院,陕西,西安市,否,否,综合类,民办,515,498,489
西安工商学院,陕西,西安市,否,否,综合类,民办,508,496,485
西安交通大学城市学院,陕西,西安市,否,否,理工类,民办,522,511,496
南京邮电大学通达学院,江苏,扬州市,否,否,综合类,民办,542,532,523
扬州大学广陵学院,江苏,扬州市,否,否,综合类,民办,537,528,525
哈尔滨石油学院,黑龙江,哈尔滨市,否,否,理工类,民办,510,495,484
黑龙江工商学院,黑龙江,哈尔滨市,否,否,综合类,民办,503,486,479
哈尔滨华德学院,黑龙江,哈尔滨市,否,否,理工类,民办,494,485,479
昆明理工大学津桥学院,云南,昆明市,否,否,理工类,民办,520,505,505
丽江文化旅游学院,云南,丽江市,否,否,综合类,民办,518,500,490
滇池学院,云南,昆明市,否,否,综合类,民办,522,510,506
文山学院,云南,文山壮族苗族自治州,否,否,综合类,公办,547,536,541
聊城大学东昌学院,山东,聊城市,否,否,综合类,民办,538,526,527
青岛工学院,山东,青岛市,否,否,综合类,民办,513,495,485
西南财经大学天府学院,四川,绵阳市,否,否,财经类,民办,527,517,511
四川大学锦江学院,四川,眉山市,否,否,综合类,民办,531,525,521
绵阳城市学院,四川,绵阳市,否,否,理工类,民办,526,516,506
成都锦城学院,四川,成都市,否,否,综合类,民办,528,525,521
成都外国语学院,四川,成都市,否,否,语言类,民办,526,521,524
成都文理学院,四川,成都市,否,否,综合类,民办,539,528,522
成都银杏酒店管理学院,四川,成都市,否,否,财经类,民办,522,513,492
成都理工大学工程技术学院,四川,乐山市,否,否,理工类,民办,529,521,511
成都大学,四川,成都市,否,否,综合类,公办,609,604,600
湛江科技学院,广东,湛江市,否,否,综合类,民办,510,492,477
东莞城市学院,广东,东莞市,否,否,理工类,民办,503,494,483
电子科技大学中山学院,广东,中山市,否,否,理工类,民办,522,510,505
仲恺农业工程学院,广东,广州市,否,否,农林类,公办,567,564,542
衡阳师范学院南岳学院,湖南,衡阳市,否,否,师范类,民办,540,533,535
湖南工程学院应用技术学院,湖南,湘潭市,否,否,理工类,民办,532,525,516
湖南理工学院南湖学院,湖南,岳阳市,否,否,理工类,民办,534,528,522
湖南文理学院芙蓉学院,湖南,常德市,否,否,综合类,民办,536,525,525
南华大学船山学院,湖南,衡阳市,否,否,综合类,民办,535,526,518
湘潭大学兴湘学院,湖南,湘潭市,否,否,综合类,民办,535,526,525
湖南工业大学科技学院,湖南,株洲市,否,否,综合类,民办,533,523,520
湖南科技大学潇湘学院,湖南,湘潭市,否,否,综合类,民办,537,530,528
长沙理工大学城南学院,湖南,长沙市,否,否,理工类,民办,536,528,525
湘潭理工学院,湖南,湘潭市,否,否,理工类,民办,525,517,517
湖南第一师范学院,湖南,长沙市,否,否,师范类,公办,601,592,576
湖北恩施学院,湖北,恩施土家族苗族自治州,否,否,综合类,民办,521,510,499
武汉文理学院,湖北,武汉市,否,否,综合类,民办,530,524,518
安阳学院,河南,安阳市,否,否,综合类,民办,533,523,522
南昌大学共青学院,江西,九江市,否,否,综合类,民办,532,520,518
景德镇艺术职业大学,江西,景德镇市,否,否,艺术类,民办,523,507,466
江西财经大学现代经济管理学院,江西,九江市,否,否,财经类,民办,533,522,521
南昌医学院,江西,南昌市,否,否,医药类,公办,563,562,553
南昌航空大学科技学院,江西,九江市,否,否,理工类,民办,532,523,520
赣东学院,江西,抚州市,否,否,综合类,公办,550,541,529
赣南科技学院,江西,赣州市,否,否,理工类,公办,547,539,530
南昌交通学院,江西,南昌市,否,否,理工类,民办,524,512,498
江西师范大学科学技术学院,江西,九江市,否,否,综合类,民办,538,528,524
江西农业大学南昌商学院,江西,九江市,否,否,综合类,民办,532,526,523
南昌大学科学技术学院,江西,九江市,否,否,综合类,民办,535,524,519
厦门工学院,福建,厦门市,否,否,理工类,民办,517,509,510
合肥城市学院,安徽,合肥市,否,否,理工类,民办,527,516,510
宁波财经学院,浙江,宁波市,否,否,财经类,民办,511,499,498
广西中医药大学赛恩斯新医药学院,广西,南宁市,否,否,医药类,民办,541,529,525
广西民族大学相思湖学院,广西,南宁市,否,否,民族类,民办,534,522,515
柳州工学院,广西,柳州市,否,否,理工类,民办,519,516,501
桂林信息科技学院,广西,桂林市,否,否,理工类,民办,518,504,497
桂林学院,广西,桂林市,否,否,综合类,民办,530,515,520
广西民族师范学院,广西,崇左市,否,否,师范类,公办,568,559,551
兰州信息科技学院,甘肃,兰州市,否,否,理工类,民办,523,517,494
兰州工商学院,甘肃,兰州市,否,否,财经类,民办,515,520,491
辽宁财贸学院,辽宁,葫芦岛市,否,否,财经类,民办,491,473,466
大连东软信息学院,辽宁,大连市,否,否,理工类,民办,505,483,484
辽宁中医药大学杏林学院,辽宁,沈阳市,否,否,医药类,民办,517,508,499
大连科技学院,辽宁,大连市,否,否,理工类,民办,498,482,479
山西晋中理工学院,山西,晋中市,否,否,理工类,民办,531,520,511
山西工学院,山西,朔州市,否,否,理工类,公办,544,534,529
长春大学旅游学院,吉林,长春市,否,否,综合类,民办,497,482,466
长春财经学院,吉林,长春市,否,否,财经类,民办,501,486,466
长春光华学院,吉林,长春市,否,否,综合类,民办,502,487,473
天津天狮学院,天津,天津市,否,否,综合类,民办,493,511,509
天津财经大学珠江学院,天津,天津市,否,否,综合类,民办,524,515,513
天津理工大学中环信息学院,天津,天津市,否,否,综合类,民办,525,514,505
北京科技大学天津学院,天津,天津市,否,否,综合类,民办,528,517,515
天津商业大学宝德学院,天津,天津市,否,否,财经类,民办,522,513,510
贵阳信息科技学院,贵州,贵阳市,否,否,理工类,民办,522,514,515
西安交通工程学院,陕西,西安市,否,否,理工类,民办,477,425,416
西安汽车职业大学,陕西,西安市,否,否,理工类,民办,376,250,250
西安欧亚学院,陕西,西安市,否,否,财经类,民办,502,498,493
陕西国际商贸学院,陕西,咸阳市,否,否,财经类,民办,524,512,508
西安建筑科技大学华清学院,陕西,西安市,否,否,理工类,民办,516,512,504
无锡太湖学院,江苏,无锡市,否,否,综合类,民办,524,514,514
云南经济管理学院,云南,昆明市,否,否,财经类,民办,517,503,496
昆明文理学院,云南,昆明市,否,否,师范类,民办,526,516,511
普洱学院,云南,普洱市,否,否,综合类,公办,537,531,531
昭通学院,云南,昭通市,否,否,综合类,公办,553,545,543
青岛黄海学院,山东,青岛市,否,否,综合类,民办,512,491,493
烟台南山学院,山东,烟台市,否,否,综合类,民办,525,513,515
齐鲁医药学院,山东,淄博市,否,否,医药类,民办,543,535,533
山东英才学院,山东,济南市,否,否,综合类,民办,496,482,476
新疆工程学院,新疆,乌鲁木齐市,否,否,理工类,公办,537,528,514
广东外语外贸大学南国商学院,广东,广州市,否,否,综合类,民办,511,511,502
广州华商学院,广东,广州市,否,否,财经类,民办,513,496,483
广州城市理工学院,广东,广州市,否,否,理工类,民办,519,508,503
广州华立学院,广东,广州市,否,否,理工类,民办,504,489,479
广州商学院,广东,广州市,否,否,财经类,民办,497,481,507
湖南信息学院,湖南,长沙市,否,否,理工类,民办,510,495,491
湖南女子学院,湖南,长沙市,否,否,综合类,公办,553,540,538
长沙师范学院,湖南,长沙市,否,否,师范类,公办,576,575,579
湖南医药学院,湖南,怀化市,否,否,医药类,公办,578,572,569
湖南警察学院,湖南,长沙市,否,否,政法类,公办,563,551,550
湖南财政经济学院,湖南,长沙市,否,否,财经类,公办,569,566,563
湖南工学院,湖南,衡阳市,否,否,理工类,公办,553,553,552
武汉生物工程学院,湖北,武汉市,否,否,理工类,民办,528,516,508
武汉晴川学院,湖北,武汉市,否,否,综合类,民办,519,509,502
荆州学院,湖北,荆州市,否,否,理工类,民办,521,510,496
长江大学文理学院,湖北,荆州市,否,否,综合类,民办,535,523,513
湖北文理学院理工学院,湖北,襄阳市,否,否,理工类,民办,531,521,518
湖北师范大学文理学院,湖北,黄石市,否,否,师范类,民办,533,509,516
武汉工程大学邮电与信息工程学院,湖北,武汉市,否,否,理工类,民办,523,517,504
湖北商贸学院,湖北,武汉市,否,否,财经类,民办,503,501,497
湖北工业大学工程技术学院,湖北,武汉市,否,否,综合类,民办,523,514,503
武汉工商学院,湖北,武汉市,否,否,综合类,民办,515,508,499
湖北大学知行学院,湖北,武汉市,否,否,理工类,民办,530,520,507
郑州工程技术学院,河南,郑州市,否,否,理工类,公办,553,546,534
河南财政金融学院,河南,郑州市,否,否,财经类,公办,553,545,530
新乡学院,河南,新乡市,否,否,综合类,公办,543,533,528
泉州信息工程学院,福建,泉州市,否,否,理工类,民办,508,499,492
泉州职业技术大学,福建,泉州市,否,否,综合类,民办,524,508,496
厦门华厦学院,福建,厦门市,否,否,综合类,民办,523,511,513
闽南理工学院,福建,泉州市,否,否,理工类,民办,516,506,499
闽南科技学院,福建,泉州市,否,否,理工类,民办,522,505,493
厦门大学嘉庚学院,福建,漳州市,否,否,综合类,民办,544,546,540
厦门医学院,福建,厦门市,否,否,医药类,公办,572,563,555
武夷学院,福建,南平市,否,否,综合类,公办,564,554,552
蚌埠学院,安徽,蚌埠市,否,否,理工类,公办,557,545,544
武警海警学院,浙江,宁波市,否,否,政法类,公办,608,618,618
浙江警察学院,浙江,杭州市,否,否,政法类,公办,483,539,534
南宁学院,广西,南宁市,否,否,理工类,民办,523,520,512
北海艺术设计学院,广西,北海市,否,否,艺术类,民办,511,524,506
广西城市职业大学,广西,崇左市,否,否,综合类,民办,506,492,491
桂林航天工业学院,广西,桂林市,否,否,理工类,公办,562,551,544
广西科技师范学院,广西,来宾市,否,否,师范类,公办,563,562,535
兰州石化职业技术大学,甘肃,兰州市,否,否,理工类,公办,526,512,250
山西工程技术学院,山西,阳泉市,否,否,理工类,公办,540,536,533
太原学院,山西,太原市,否,否,综合类,公办,547,536,535
吕梁学院,山西,吕梁市,否,否,综合类,公办,548,539,527
长春人文学院,吉林,长春市,否,否,综合类,民办,508,490,480
吉林建筑科技学院,吉林,长春市,否,否,理工类,民办,504,484,473
吉林工商学院,吉林,长春市,否,否,财经类,公办,543,534,531
天津仁爱学院,天津,天津市,否,否,综合类,民办,509,498,503
六盘水师范学院,贵州,六盘水市,否,否,师范类,公办,556,544,545
河北工程大学科信学院,河北,邯郸市,否,否,理工类,民办,534,524,520
石家庄铁道大学四方学院,河北,石家庄市,否,否,理工类,民办,536,526,522
河北医科大学临床学院,河北,石家庄市,否,否,医药类,民办,558,540,537
贵州师范学院,贵州,贵阳市,否,否,师范类,公办,544,536,544
兰州博文科技学院,甘肃,兰州市,否,否,理工类,民办,522,513,495
常州大学怀德学院,江苏,泰州市,否,否,理工类,民办,530,519,514
大连财经学院,辽宁,大连市,否,否,财经类,民办,507,484,482
河北东方学院,河北,廊坊市,否,否,综合类,民办,534,517,522
信阳学院,河南,信阳市,否,否,综合类,民办,538,529,520
中原科技学院,河南,郑州市,否,否,师范类,民办,533,510,522
琼台师范学院,海南,海口市,否,否,师范类,公办,540,539,533
河南城建学院,河南,平顶山市,否,否,理工类,公办,541,533,530
荆楚理工学院,湖北,荆门市,否,否,理工类,公办,532,518,520
重庆工程学院,重庆,重庆市,否,否,理工类,民办,531,524,505
重庆第二师范学院,重庆,重庆市,否,否,师范类,公办,534,552,544
重庆电子科技职业大学,重庆,重庆市,否,否,理工类,公办,496,484,489
重庆机电职业技术大学,重庆,重庆市,否,否,理工类,民办,423,378,418
重庆工商大学派斯学院,重庆,重庆市,否,否,财经类,民办,529,521,511
重庆移通学院,重庆,重庆市,否,否,理工类,民办,515,504,510
重庆财经学院,重庆,重庆市,否,否,财经类,民办,531,521,512
重庆城市科技学院,重庆,重庆市,否,否,综合类,民办,527,521,509
重庆外语外事学院,重庆,重庆市,否,否,语言类,民办,528,524,517
重庆对外经贸学院,重庆,重庆市,否,否,财经类,民办,532,521,515
沧州交通学院,河北,沧州市,否,否,理工类,民办,528,516,507
哈尔滨工业大学（威海）,山东,威海市,是,是,理工类,公办,705,693,687
北京第二外国语学院中瑞酒店管理学院,北京,北京市,否,否,综合类,民办,483,471,466
珠海科技学院,广东,珠海市,否,否,综合类,民办,529,524,513
烟台理工学院,山东,烟台市,否,否,综合类,民办,519,506,485
南京师范大学泰州学院,江苏,泰州市,否,否,师范类,民办,541,535,536
长春工业大学人文信息学院,吉林,长春市,否,否,综合类,民办,500,482,471
西安财经大学行知学院,陕西,西安市,否,否,财经类,民办,512,497,486
长春建筑学院,吉林,长春市,否,否,理工类,民办,505,489,478
无锡学院,江苏,无锡市,否,否,理工类,公办,610,594,563
北京中医药大学东方学院,河北,廊坊市,否,否,医药类,民办,532,506,519
青岛城市学院,山东,青岛市,否,否,理工类,民办,511,495,487
燕京理工学院,河北,廊坊市,否,否,理工类,民办,519,506,496
四川工商学院,四川,成都市,否,否,综合类,民办,534,524,516
海口经济学院,海南,海口市,否,否,综合类,民办,484,471,466
吉林动画学院,吉林,长春市,否,否,艺术类,民办,515,494,484
湖北第二师范学院,湖北,武汉市,否,否,师范类,公办,558,560,549
西交利物浦大学,江苏,苏州市,否,否,综合类,中外合作办学,597,556,575
三亚学院,海南,三亚市,否,否,综合类,民办,489,494,482
黑龙江外国语学院,黑龙江,哈尔滨市,否,否,语言类,民办,489,476,472
河南工程学院,河南,郑州市,否,否,理工类,公办,550,543,541
中国人民解放军海军航空大学,山东,烟台市,否,否,军事类,公办,627,647,613
武汉纺织大学外经贸学院,湖北,武汉市,否,否,综合类,民办,517,500,499
长春电子科技学院,吉林,长春市,否,否,理工类,民办,500,482,477
陆军工程大学,江苏,南京市,否,否,军事类,公办,607,610,610
中国人民解放军战略支援部队航天工程大学,北京,北京市,否,否,军事类,公办,630,647,626
广州软件学院,广东,广州市,否,否,理工类,民办,516,508,499
上海外国语大学贤达经济人文学院,上海,上海市,否,否,财经类,民办,491,476,466
北京理工大学珠海学院,广东,珠海市,否,否,理工类,民办,563,545,538
广州应用科技学院,广东,广州市,否,否,综合类,民办,509,491,486
大连工业大学艺术与信息工程学院,辽宁,大连市,否,否,理工类,民办,499,485,476
广州新华学院,广东,广州市,否,否,综合类,民办,526,515,509
昆明城市学院,云南,昆明市,否,否,综合类,民办,518,503,496
昆明医科大学海源学院,云南,昆明市,否,否,医药类,民办,544,534,526
吉林师范大学博达学院,吉林,四平市,否,否,师范类,民办,514,501,486
北京师范大学-香港浸会大学联合国际学院,广东,珠海市,否,否,综合类,内地与港澳台地区合作办学,554,514,546
长春科技学院,吉林,长春市,否,否,综合类,民办,503,484,476
兰州城市学院,甘肃,兰州市,否,否,综合类,公办,541,529,531
凯里学院,贵州,黔东南苗族侗族自治州,否,否,师范类,公办,530,539,532
安顺学院,贵州,安顺市,否,否,综合类,公办,552,543,536
西安医学院,陕西,西安市,否,否,医药类,公办,587,579,575
菏泽学院,山东,菏泽市,否,否,综合类,公办,558,550,545
商洛学院,陕西,商洛市,否,否,综合类,公办,549,543,545
三明学院,福建,三明市,否,否,综合类,公办,554,550,546
贺州学院,广西,贺州市,否,否,综合类,公办,549,538,528
河北科技师范学院,河北,秦皇岛市,否,否,师范类,公办,539,534,533
北部湾大学,广西,钦州市,否,否,综合类,公办,552,551,535
百色学院,广西,百色市,否,否,综合类,公办,552,541,539
梧州学院,广西,梧州市,否,否,综合类,公办,544,542,542
海南热带海洋学院,海南,三亚市,否,否,综合类,公办,537,533,517
枣庄学院,山东,枣庄市,否,否,综合类,公办,548,535,535
辽宁对外经贸学院,辽宁,大连市,否,否,财经类,民办,489,474,487
长沙医学院,湖南,长沙市,否,否,医药类,民办,510,493,504
济宁医学院,山东,济宁市,否,否,医药类,公办,597,597,575
贵州工程应用技术学院,贵州,毕节市,否,否,师范类,公办,530,540,538
重庆人文科技学院,重庆,重庆市,否,否,综合类,民办,536,527,524
火箭军工程大学,陕西,西安市,否,否,军事类,公办,609,611,578
陆军装甲兵学院,北京,北京市,否,否,军事类,公办,606,571,596
陆军勤务学院,重庆,重庆市,否,否,军事类,公办,669,617,614
山东大学（威海）,山东,威海市,是,是,综合类,公办,680,665,663
东北大学秦皇岛分校,河北,秦皇岛市,是,是,理工类,公办,661,654,648
北京大学医学部,北京,北京市,是,是,医药类,公办,842,874,837
宁波诺丁汉大学,浙江,宁波市,否,否,综合类,中外合作办学,605,507,569
上海师范大学天华学院,上海,上海市,否,否,综合类,民办,483,501,497
集美大学诚毅学院,福建,厦门市,否,否,综合类,民办,540,531,525
武警工程大学,陕西,西安市,否,否,军事类,公办,630,569,683
山东航空学院,山东,滨州市,否,否,综合类,公办,561,532,534
信阳农林学院,河南,信阳市,否,否,农林类,公办,537,532,533
湖南涉外经济学院,湖南,长沙市,否,否,财经类,民办,501,485,483
西京学院,陕西,西安市,否,否,理工类,民办,517,500,500
西安翻译学院,陕西,西安市,否,否,语言类,民办,502,501,494
常熟理工学院,江苏,苏州市,否,否,理工类,公办,572,564,554
洛阳理工学院,河南,洛阳市,否,否,理工类,公办,556,549,543
武汉城市学院,湖北,武汉市,否,否,理工类,民办,526,514,507
武汉学院,湖北,武汉市,否,否,综合类,民办,524,516,508
保定理工学院,河北,保定市,否,否,理工类,民办,518,497,506
商丘工学院,河南,商丘市,否,否,理工类,民办,525,511,496
武汉东湖学院,湖北,武汉市,否,否,综合类,民办,518,499,494
湖北医药学院药护学院,湖北,十堰市,否,否,医药类,民办,552,536,525
武昌理工学院,湖北,武汉市,否,否,综合类,民办,521,511,498
郑州工商学院,河南,郑州市,否,否,财经类,民办,529,517,516
郑州师范学院,河南,郑州市,否,否,师范类,公办,607,598,583
武汉工程科技学院,湖北,武汉市,否,否,理工类,民办,515,502,493
南京理工大学泰州科技学院,江苏,泰州市,否,否,理工类,民办,535,520,520
山东中医药大学,山东,济南市,否,否,医药类,公办,601,582,592
南京特殊教育师范学院,江苏,南京市,否,否,师范类,公办,569,559,548
南京警察学院,江苏,南京市,否,否,政法类,公办,601,583,548
太原工业学院,山西,太原市,否,否,理工类,公办,536,535,531
电子科技大学成都学院,四川,成都市,否,否,理工类,民办,529,520,517
陕西警察学院,陕西,西安市,否,否,政法类,公办,456,429,408
三峡大学科技学院,湖北,宜昌市,否,否,综合类,民办,532,519,513
北京邮电大学世纪学院,北京,北京市,否,否,综合类,民办,498,485,473
郑州经贸学院,河南,郑州市,否,否,财经类,民办,526,516,502
北京工业大学耿丹学院,北京,北京市,否,否,综合类,民办,493,474,475
北京金融科技学院,北京,北京市,否,否,财经类,民办,486,473,467
汉口学院,湖北,武汉市,否,否,综合类,民办,511,505,495
武昌首义学院,湖北,武汉市,否,否,理工类,民办,527,521,515
武汉华夏理工学院,湖北,武汉市,否,否,理工类,民办,523,510,500
广州南方学院,广东,广州市,否,否,综合类,民办,516,494,509
天水师范学院,甘肃,天水市,否,否,师范类,公办,549,538,537
上海电机学院,上海,上海市,否,否,理工类,公办,585,578,567
塔里木大学,新疆,自治区直辖县级行政区划,否,否,综合类,公办,539,531,527
曲靖师范学院,云南,曲靖市,否,否,师范类,公办,557,553,550
乐山师范学院,四川,乐山市,否,否,师范类,公办,545,532,535
宜宾学院,四川,宜宾市,否,否,综合类,公办,565,549,544
内江师范学院,四川,内江市,否,否,师范类,公办,576,574,553
绵阳师范学院,四川,绵阳市,否,否,师范类,公办,581,571,560
文华学院,湖北,武汉市,否,否,综合类,民办,522,517,509
成都医学院,四川,成都市,否,否,医药类,公办,634,630,620
重庆工商大学,重庆,重庆市,否,否,财经类,公办,596,601,599
贵阳学院,贵州,贵阳市,否,否,综合类,公办,561,553,542
湖南人文科技学院,湖南,娄底市,否,否,综合类,公办,541,540,523
浙江传媒学院,浙江,杭州市,否,否,艺术类,公办,567,624,629
哈尔滨师范大学,黑龙江,哈尔滨市,否,否,师范类,公办,549,577,567
厦门理工学院,福建,厦门市,否,否,理工类,公办,586,585,582
湖北经济学院法商学院,湖北,武汉市,否,否,财经类,民办,526,514,507
徐州工程学院,江苏,徐州市,否,否,综合类,公办,569,560,553
金陵科技学院,江苏,南京市,否,否,理工类,公办,570,564,560
吉林医药学院,吉林,吉林市,否,否,医药类,公办,506,551,542
广西财经学院,广西,南宁市,否,否,财经类,公办,572,564,558
黑河学院,黑龙江,黑河市,否,否,综合类,公办,541,531,531
昆明学院,云南,昆明市,否,否,综合类,公办,564,562,556
西安文理学院,陕西,西安市,否,否,综合类,公办,568,561,556
沈阳工程学院,辽宁,沈阳市,否,否,理工类,公办,583,562,532
重庆文理学院,重庆,重庆市,否,否,综合类,公办,573,568,559
河池学院,广西,河池市,否,否,综合类,公办,551,537,535
广西中医药大学,广西,南宁市,否,否,医药类,公办,585,583,573
右江民族医学院,广西,百色市,否,否,医药类,公办,573,567,557
广东金融学院,广东,广州市,否,否,财经类,公办,618,603,586
长沙学院,湖南,长沙市,否,否,综合类,公办,571,559,547
湖北警官学院,湖北,武汉市,否,否,政法类,公办,575,561,558
湖北理工学院,湖北,黄石市,否,否,理工类,公办,554,549,546
安庆师范大学,安徽,安庆市,否,否,师范类,公办,572,592,582
蚌埠医科大学,安徽,蚌埠市,否,否,医药类,公办,574,562,560
重庆交通大学,重庆,重庆市,否,否,理工类,公办,606,601,592
吉林农业科技学院,吉林,吉林市,否,否,农林类,公办,540,531,531
上海政法学院,上海,上海市,否,否,政法类,公办,643,634,633
上海商学院,上海,上海市,否,否,财经类,公办,576,570,579
重庆科技大学,重庆,重庆市,否,否,理工类,公办,567,559,554
武汉科技大学,湖北,武汉市,否,否,综合类,公办,634,629,625
中国矿业大学（北京）,北京,北京市,否,是,理工类,公办,658,658,659
广东理工学院,广东,肇庆市,否,否,理工类,民办,506,493,488
广东工商职业技术大学,广东,肇庆市,否,否,综合类,民办,498,485,476
广州航海学院,广东,广州市,否,否,综合类,公办,562,545,504
广东白云学院,广东,广州市,否,否,综合类,民办,512,498,499
广东培正学院,广东,广州市,否,否,财经类,民办,509,496,488
广东技术师范大学,广东,广州市,否,否,师范类,公办,596,581,574
广东警官学院,广东,广州市,否,否,政法类,公办,611,585,588
肇庆学院,广东,肇庆市,否,否,师范类,公办,587,556,544
南方医科大学,广东,广州市,否,否,医药类,公办,665,686,687
中国人民解放军国防科技大学,湖南,长沙市,是,是,军事类,公办,720,709,647
中国人民解放军空军军医大学,陕西,西安市,否,是,军事类,公办,641,618,615
海军军医大学,上海,上海市,否,是,军事类,公办,673,631,675
贵州大学,贵州,贵阳市,否,是,综合类,公办,624,631,620
西南大学,重庆,重庆市,否,是,综合类,公办,690,679,666
攀枝花学院,四川,攀枝花市,否,否,综合类,公办,547,532,532
江西应用科技学院,江西,南昌市,否,否,综合类,民办,519,504,480
晋中学院,山西,晋中市,否,否,综合类,公办,548,537,539
运城学院,山西,运城市,否,否,综合类,公办,541,529,530
山西中医药大学,山西,晋中市,否,否,医药类,公办,565,563,563
南昌职业大学,江西,南昌市,否,否,综合类,民办,511,495,473
河南工学院,河南,新乡市,否,否,理工类,公办,552,539,532
江西职业技术大学,江西,九江市,否,否,综合类,公办,511,477,470
新余学院,江西,新余市,否,否,综合类,公办,560,550,548
景德镇学院,江西,景德镇市,否,否,综合类,公办,558,549,550
萍乡学院,江西,萍乡市,否,否,综合类,公办,556,540,537
郑州警察学院,河南,郑州市,否,否,政法类,公办,551,514,544
黄淮学院,河南,驻马店市,否,否,综合类,公办,543,531,519
河南科技学院,河南,新乡市,否,否,综合类,公办,552,546,534
平顶山学院,河南,平顶山市,否,否,综合类,公办,546,542,538
北京信息科技大学,北京,北京市,否,否,理工类,公办,623,618,607
信阳师范大学,河南,信阳市,否,否,师范类,公办,566,541,545
首都经济贸易大学,北京,北京市,否,否,财经类,公办,643,649,658
江西警察学院,江西,南昌市,否,否,政法类,公办,543,543,538
河南中医药大学,河南,郑州市,否,否,医药类,公办,577,576,586
豫章师范学院,江西,南昌市,否,否,师范类,公办,528,544,503
江西科技学院,江西,南昌市,否,否,综合类,民办,515,497,491
南昌理工学院,江西,南昌市,否,否,综合类,民办,521,506,502
南昌工程学院,江西,南昌市,否,否,理工类,公办,561,565,555
北京体育大学,北京,北京市,否,是,体育类,公办,626,651,643
西安思源学院,陕西,西安市,否,否,综合类,民办,528,516,510
西安外事学院,陕西,西安市,否,否,综合类,民办,511,498,489
南阳理工学院,河南,南阳市,否,否,理工类,公办,548,543,541
安阳工学院,河南,安阳市,否,否,理工类,公办,546,535,532
河南师范大学,河南,新乡市,否,否,师范类,公办,572,557,572
中国石油大学（北京）,北京,北京市,否,是,理工类,公办,668,661,654
华北电力大学,北京,北京市,否,是,理工类,公办,667,656,660
中国地质大学（北京）,北京,北京市,否,是,理工类,公办,650,645,638
吉利学院,四川,成都市,否,否,理工类,民办,507,491,482
武汉商学院,湖北,武汉市,否,否,财经类,公办,509,552,544
四川文理学院,四川,达州市,否,否,综合类,公办,550,544,540
四川工程职业技术大学,四川,德阳市,否,否,理工类,公办,488,464,472
南通大学,江苏,南通市,否,否,综合类,公办,615,605,601
阿坝师范学院,四川,阿坝藏族羌族自治州,否,否,师范类,公办,567,568,556
四川民族学院,四川,甘孜藏族自治州,否,否,民族类,公办,565,554,551
四川旅游学院,四川,成都市,否,否,综合类,公办,529,537,539
成都东软学院,四川,成都市,否,否,理工类,民办,527,519,517
成都工业学院,四川,成都市,否,否,理工类,公办,561,562,554
河北外国语学院,河北,石家庄市,否,否,语言类,民办,522,503,486
哈尔滨金融学院,黑龙江,哈尔滨市,否,否,财经类,公办,545,538,535
上海中侨职业技术大学,上海,上海市,否,否,财经类,民办,500,486,483
河北科技工程职业技术大学,河北,邢台市,否,否,理工类,公办,539,530,378
河北金融学院,河北,保定市,否,否,财经类,公办,547,529,538
邢台医学院,河北,邢台市,否,否,医药类,公办,482,474,494
北华航天工业学院,河北,廊坊市,否,否,理工类,公办,546,535,528
上海立达学院,上海,上海市,否,否,财经类,民办,483,250,366
上海建桥学院,上海,上海市,否,否,财经类,民办,506,494,495
电子科技大学,四川,成都市,是,是,理工类,公办,699,670,708
上海海关学院,上海,上海市,否,否,财经类,公办,674,653,649
防灾科技学院,河北,廊坊市,否,否,综合类,公办,557,558,550
保定学院,河北,保定市,否,否,综合类,公办,552,544,544
广东东软学院,广东,佛山市,否,否,理工类,民办,507,493,486
广州工商学院,广东,广州市,否,否,财经类,民办,497,490,480
邯郸学院,河北,邯郸市,否,否,师范类,公办,550,537,533
衡水学院,河北,衡水市,否,否,综合类,公办,548,540,538
廊坊师范学院,河北,廊坊市,否,否,师范类,公办,545,538,537
唐山师范学院,河北,唐山市,否,否,师范类,公办,546,540,541
山东师范大学,山东,济南市,否,否,师范类,公办,644,635,622
中央司法警官学院,河北,保定市,否,否,政法类,公办,621,586,569
中国人民警察大学,河北,廊坊市,否,否,政法类,公办,606,582,578
邢台学院,河北,邢台市,否,否,综合类,公办,549,540,538
石家庄铁道大学,河北,石家庄市,否,否,理工类,公办,590,579,576
河北地质大学,河北,石家庄市,否,否,理工类,公办,566,562,557
华北科技学院,河北,廊坊市,否,否,理工类,公办,549,537,546
河北建筑工程学院,河北,张家口市,否,否,理工类,公办,549,542,542
河北工程大学,河北,邯郸市,否,否,理工类,公办,581,574,568
河北北方学院,河北,张家口市,否,否,综合类,公办,568,560,555
承德医学院,河北,承德市,否,否,医药类,公办,567,606,609
燕山大学,河北,秦皇岛市,否,否,综合类,公办,609,605,607
河北农业大学,河北,保定市,否,否,农林类,公办,573,564,556
华北理工大学,河北,唐山市,否,否,综合类,公办,581,580,579
河北医科大学,河北,石家庄市,否,否,医药类,公办,617,607,621
河北师范大学,河北,石家庄市,否,否,师范类,公办,614,615,604
北京语言大学,北京,北京市,否,否,语言类,公办,619,606,644
华北电力大学保定校区,河北,保定市,否,是,理工类,公办,651,661,654
北京印刷学院,北京,北京市,否,否,理工类,公办,582,596,582
北京物资学院,北京,北京市,否,否,财经类,公办,578,592,578
北京石油化工学院,北京,北京市,否,否,综合类,公办,578,568,558
中国劳动关系学院,北京,北京市,否,否,政法类,公办,575,573,569
中国人民公安大学,北京,北京市,否,否,政法类,公办,652,640,605
北京联合大学,北京,北京市,否,否,综合类,公办,573,568,582
北京建筑大学,北京,北京市,否,否,理工类,公办,627,632,636
北京工商大学,北京,北京市,否,否,财经类,公办,640,633,618
中国政法大学,北京,北京市,否,是,政法类,公办,730,716,736
中央财经大学,北京,北京市,否,是,财经类,公办,707,711,725
北京电子科技学院,北京,北京市,否,否,理工类,公办,712,690,683
北方工业大学,北京,北京市,否,否,理工类,公办,612,567,563
北京城市学院,北京,北京市,否,否,综合类,民办,525,515,506
中国传媒大学,北京,北京市,否,是,综合类,公办,651,666,701
中国农业大学,北京,北京市,是,是,农林类,公办,711,686,686
北京化工大学,北京,北京市,否,是,理工类,公办,668,660,655
鲁东大学,山东,烟台市,否,否,综合类,公办,562,571,566
烟台大学,山东,烟台市,否,否,综合类,公办,576,564,566
山东第二医科大学,山东,潍坊市,否,否,医药类,公办,585,575,581
潍坊学院,山东,潍坊市,否,否,综合类,公办,550,538,534
泰山学院,山东,泰安市,否,否,综合类,公办,540,530,535
齐鲁工业大学,山东,济南市,否,否,理工类,公办,558,559,553
北方民族大学,宁夏,银川市,否,否,综合类,公办,568,555,550
宁夏大学,宁夏,银川市,否,是,综合类,公办,625,630,608
广西民族大学,广西,南宁市,否,否,民族类,公办,591,580,573
山东农业大学,山东,泰安市,否,否,农林类,公办,562,568,571
南宁师范大学,广西,南宁市,否,否,师范类,公办,594,610,583
山东理工大学,山东,淄博市,否,否,理工类,公办,585,582,575
玉林师范学院,广西,玉林市,否,否,师范类,公办,551,547,542
桂林医学院,广西,桂林市,否,否,医药类,公办,577,565,560
山东科技大学,山东,青岛市,否,否,理工类,公办,601,593,587
广西科技大学,广西,柳州市,否,否,理工类,公办,565,560,538
山东财经大学,山东,济南市,否,否,财经类,公办,609,605,610
山东交通学院,山东,济南市,否,否,理工类,公办,561,546,539
桂林理工大学,广西,桂林市,否,否,理工类,公办,553,555,549
桂林电子科技大学,广西,桂林市,否,否,理工类,公办,612,601,587
广西师范大学,广西,桂林市,否,否,师范类,公办,627,637,630
广西医科大学,广西,南宁市,否,否,医药类,公办,629,636,634
山东建筑大学,山东,济南市,否,否,理工类,公办,561,543,557
山东工商学院,山东,烟台市,否,否,财经类,公办,565,555,557
内蒙古医科大学,内蒙古,呼和浩特市,否,否,医药类,公办,548,540,524
遵义师范学院,贵州,遵义市,否,否,师范类,公办,590,589,574
黔南民族师范学院,贵州,黔南布依族苗族自治州,否,否,师范类,公办,563,549,542
贵州中医药大学,贵州,贵阳市,否,否,医药类,公办,593,573,575
贵州财经大学,贵州,贵阳市,否,否,财经类,公办,578,471,466
内蒙古师范大学,内蒙古,呼和浩特市,否,否,师范类,公办,551,555,542
遵义医科大学,贵州,遵义市,否,否,医药类,公办,580,575,567
内蒙古农业大学,内蒙古,呼和浩特市,否,否,农林类,公办,547,533,537
贵州医科大学,贵州,贵阳市,否,否,医药类,公办,633,610,638
海南医科大学,海南,海口市,否,否,医药类,公办,548,563,554
海南师范大学,海南,海口市,否,否,师范类,公办,583,599,593
曲阜师范大学,山东,济宁市,否,否,师范类,公办,569,570,563
青岛理工大学,山东,青岛市,否,否,理工类,公办,588,583,582
内蒙古工业大学,内蒙古,呼和浩特市,否,否,理工类,公办,541,539,536
青岛科技大学,山东,青岛市,否,否,理工类,公办,581,572,574
内蒙古民族大学,内蒙古,通辽市,否,否,综合类,公办,552,543,539
内蒙古科技大学,内蒙古,包头市,否,否,综合类,公办,551,538,544
海南大学,海南,海口市,否,是,综合类,公办,595,602,591
甘肃政法大学,甘肃,兰州市,否,否,政法类,公办,597,586,584
兰州财经大学,甘肃,兰州市,否,否,财经类,公办,563,563,562
青岛大学,山东,青岛市,否,否,综合类,公办,622,599,610
西北师范大学,甘肃,兰州市,否,否,师范类,公办,577,607,610
聊城大学,山东,聊城市,否,否,综合类,公办,554,577,572
许昌学院,河南,许昌市,否,否,理工类,公办,549,537,521
甘肃农业大学,甘肃,兰州市,否,否,农林类,公办,548,543,547
青岛农业大学,山东,青岛市,否,否,农林类,公办,545,555,561
河南财经政法大学,河南,郑州市,否,否,财经类,公办,597,593,575
兰州交通大学,甘肃,兰州市,否,否,理工类,公办,576,550,564
南阳师范学院,河南,南阳市,否,否,师范类,公办,554,545,541
洛阳师范学院,河南,洛阳市,否,否,综合类,公办,570,574,559
兰州理工大学,甘肃,兰州市,否,否,理工类,公办,573,567,560
新乡医学院,河南,新乡市,否,否,医药类,公办,595,585,575
中原工学院,河南,郑州市,否,否,理工类,公办,550,547,543
西北民族大学,甘肃,兰州市,否,否,综合类,公办,567,558,556
郑州航空工业管理学院,河南,郑州市,否,否,综合类,公办,558,544,543
莆田学院,福建,莆田市,否,否,综合类,公办,554,540,533
闽江学院,福建,福州市,否,否,综合类,公办,578,570,561
闽南师范大学,福建,漳州市,否,否,师范类,公办,572,570,568
泉州师范学院,福建,泉州市,否,否,师范类,公办,577,579,573
福建理工大学,福建,福州市,否,否,理工类,公办,583,560,551
福建师范大学,福建,福州市,否,否,师范类,公办,611,601,589
仰恩大学,福建,泉州市,否,否,综合类,民办,538,529,514
集美大学,福建,厦门市,否,否,综合类,公办,605,596,585
黄河科技学院,河南,郑州市,否,否,理工类,民办,526,513,510
福建农林大学,福建,福州市,否,否,农林类,公办,574,566,562
河南工业大学,河南,郑州市,否,否,理工类,公办,569,570,568
华侨大学,福建,泉州市,否,否,综合类,公办,628,620,615
华北水利水电大学,河南,郑州市,否,否,理工类,公办,582,579,551
河南理工大学,河南,焦作市,否,否,理工类,公办,571,577,576
河南农业大学,河南,郑州市,否,否,农林类,公办,581,572,567
湖北文理学院,湖北,襄阳市,否,否,综合类,公办,574,557,537
河南科技大学,河南,洛阳市,否,否,综合类,公办,555,579,575
河南大学,河南,开封市,否,否,综合类,公办,574,644,636
郑州轻工业大学,河南,郑州市,否,否,理工类,公办,583,575,566
湖北科技学院,湖北,咸宁市,否,否,综合类,公办,568,557,551
齐齐哈尔医学院,黑龙江,齐齐哈尔市,否,否,医药类,公办,562,556,552
牡丹江医科大学,黑龙江,牡丹江市,否,否,医药类,公办,580,568,555
湖北民族大学,湖北,恩施土家族苗族自治州,否,否,综合类,公办,592,586,577
黑龙江科技大学,黑龙江,哈尔滨市,否,否,理工类,公办,560,555,545
黑龙江工程学院,黑龙江,哈尔滨市,否,否,理工类,公办,540,535,532
武汉体育学院,湖北,武汉市,否,否,体育类,公办,566,551,554
哈尔滨学院,黑龙江,哈尔滨市,否,否,综合类,公办,547,534,530
东北石油大学,黑龙江,大庆市,否,否,理工类,公办,558,539,532
湖北经济学院,湖北,武汉市,否,否,财经类,公办,578,572,576
哈尔滨商业大学,黑龙江,哈尔滨市,否,否,财经类,公办,552,551,555
黑龙江中医药大学,黑龙江,哈尔滨市,否,否,医药类,公办,600,578,578
黄冈师范学院,湖北,黄冈市,否,否,师范类,公办,551,545,548
湖北师范大学,湖北,黄石市,否,否,师范类,公办,606,615,617
湖北医药学院,湖北,十堰市,否,否,医药类,公办,599,595,595
湖北中医药大学,湖北,武汉市,否,否,医药类,公办,556,586,582
武汉轻工大学,湖北,武汉市,否,否,理工类,公办,609,598,592
湖北汽车工业学院,湖北,十堰市,否,否,理工类,公办,549,531,531
武汉工程大学,湖北,武汉市,否,否,理工类,公办,635,624,606
湖北工业大学,湖北,武汉市,否,否,理工类,公办,615,612,605
武汉纺织大学,湖北,武汉市,否,否,理工类,公办,585,565,567
三峡大学,湖北,宜昌市,否,否,综合类,公办,591,590,581
江汉大学,湖北,武汉市,否,否,综合类,公办,617,607,599
哈尔滨医科大学,黑龙江,哈尔滨市,否,否,医药类,公办,614,601,595
长江大学,湖北,荆州市,否,否,综合类,公办,589,597,578
哈尔滨理工大学,黑龙江,哈尔滨市,否,否,理工类,公办,574,576,561
湖北大学,湖北,武汉市,否,否,综合类,公办,615,612,607
齐齐哈尔大学,黑龙江,齐齐哈尔市,否,否,综合类,公办,559,544,545
中南民族大学,湖北,武汉市,否,否,综合类,公办,611,599,585
佳木斯大学,黑龙江,佳木斯市,否,否,综合类,公办,538,530,524
黑龙江大学,黑龙江,哈尔滨市,否,否,综合类,公办,576,582,572
华中师范大学,湖北,武汉市,否,是,师范类,公办,712,707,694
东北林业大学,黑龙江,哈尔滨市,否,是,农林类,公办,591,620,615
邵阳学院,湖南,邵阳市,否,否,综合类,公办,570,558,552
华中农业大学,湖北,武汉市,否,是,农林类,公办,664,661,660
怀化学院,湖南,怀化市,否,否,综合类,公办,563,552,544
湖南文理学院,湖南,常德市,否,否,综合类,公办,582,574,567
中南财经政法大学,湖北,武汉市,否,是,财经类,公办,652,662,670
吉林财经大学,吉林,长春市,否,否,财经类,公办,578,572,574
白城师范学院,吉林,白城市,否,否,师范类,公办,542,534,534
湖南科技学院,湖南,永州市,否,否,综合类,公办,555,555,549
通化师范学院,吉林,通化市,否,否,师范类,公办,549,541,543
湖南工商大学,湖南,长沙市,否,否,财经类,公办,584,590,594
衡阳师范学院,湖南,衡阳市,否,否,师范类,公办,587,581,573
吉林工程技术师范学院,吉林,长春市,否,否,师范类,公办,537,528,527
长春中医药大学,吉林,长春市,否,否,医药类,公办,589,571,568
湘南学院,湖南,郴州市,否,否,综合类,公办,581,566,551
湖南中医药大学,湖南,长沙市,否,否,医药类,公办,590,607,601
中南林业科技大学,湖南,长沙市,否,否,农林类,公办,584,575,584
湖南工程学院,湖南,湘潭市,否,否,理工类,公办,563,544,554
湖南工业大学,湖南,株洲市,否,否,综合类,公办,586,589,583
湖南城市学院,湖南,益阳市,否,否,综合类,公办,550,556,547
湖南理工学院,湖南,岳阳市,否,否,理工类,公办,585,563,556
吉林建筑大学,吉林,长春市,否,否,理工类,公办,545,553,542
长春工程学院,吉林,长春市,否,否,理工类,公办,543,535,532
东北电力大学,吉林,吉林市,否,否,理工类,公办,630,610,592
湖南农业大学,湖南,长沙市,否,否,农林类,公办,593,585,580
南华大学,湖南,衡阳市,否,否,综合类,公办,597,593,581
吉林师范大学,吉林,四平市,否,否,师范类,公办,587,588,585
长沙理工大学,湖南,长沙市,否,否,理工类,公办,622,604,588
湖南科技大学,湖南,湘潭市,否,否,综合类,公办,590,595,599
长春师范大学,吉林,长春市,否,否,师范类,公办,582,582,580
吉首大学,湖南,湘西土家族苗族自治州,否,否,综合类,公办,583,586,576
湘潭大学,湖南,湘潭市,否,否,综合类,公办,621,636,623
西安培华学院,陕西,西安市,否,否,综合类,民办,523,517,511
长春工业大学,吉林,长春市,否,否,理工类,公办,558,555,550
长春理工大学,吉林,长春市,否,否,理工类,公办,581,570,563
长春大学,吉林,长春市,否,否,综合类,公办,563,558,555
西北政法大学,陕西,西安市,否,否,政法类,公办,672,671,660
西安财经大学,陕西,西安市,否,否,财经类,公办,610,601,592
北华大学,吉林,吉林市,否,否,综合类,公办,559,556,549
西安外国语大学,陕西,西安市,否,否,语言类,公办,601,605,613
青海民族大学,青海,西宁市,否,否,民族类,公办,552,538,540
陕西理工大学,陕西,汉中市,否,否,理工类,公办,561,567,569
青海师范大学,青海,西宁市,否,否,师范类,公办,578,564,554
宝鸡文理学院,陕西,宝鸡市,否,否,师范类,公办,540,535,545
青海大学,青海,西宁市,否,是,综合类,公办,627,627,612
咸阳师范学院,陕西,咸阳市,否,否,师范类,公办,566,575,569
陕西中医药大学,陕西,咸阳市,否,否,医药类,公办,616,612,598
西安邮电大学,陕西,西安市,否,否,理工类,公办,624,615,605
大理大学,云南,大理白族自治州,否,否,综合类,公办,593,583,580
西安工业大学,陕西,西安市,否,否,理工类,公办,595,597,592
云南警官学院,云南,昆明市,否,否,政法类,公办,567,561,511
陕西科技大学,陕西,西安市,否,否,理工类,公办,594,582,577
云南财经大学,云南,昆明市,否,否,财经类,公办,546,558,553
红河学院,云南,红河哈尼族彝族自治州,否,否,综合类,公办,543,536,533
西安石油大学,陕西,西安市,否,否,理工类,公办,611,603,594
楚雄师范学院,云南,楚雄彝族自治州,否,否,师范类,公办,550,544,533
西安科技大学,陕西,西安市,否,否,理工类,公办,598,591,584
西安建筑科技大学,陕西,西安市,否,否,理工类,公办,598,599,612
玉溪师范学院,云南,玉溪市,否,否,师范类,公办,569,564,553
西安理工大学,陕西,西安市,否,否,理工类,公办,619,560,601
云南中医药大学,云南,昆明市,否,否,医药类,公办,580,572,571
昆明医科大学,云南,昆明市,否,否,医药类,公办,639,632,625
西南林业大学,云南,昆明市,否,否,农林类,公办,568,556,562
云南民族大学,云南,昆明市,否,否,综合类,公办,593,587,584
云南师范大学,云南,昆明市,否,否,师范类,公办,618,603,632
云南农业大学,云南,昆明市,否,否,农林类,公办,579,572,561
昆明理工大学,云南,昆明市,否,否,理工类,公办,596,592,592
合肥大学,安徽,合肥市,否,否,综合类,公办,559,564,561
延安大学,陕西,延安市,否,否,综合类,公办,570,555,569
安徽财经大学,安徽,蚌埠市,否,否,财经类,公办,556,591,594
陕西师范大学,陕西,西安市,否,是,师范类,公办,708,694,680
西北农林科技大学,陕西,咸阳市,是,是,农林类,公办,660,660,656
西安交通大学,陕西,西安市,是,是,综合类,公办,739,690,720
淮北师范大学,安徽,淮北市,否,否,综合类,公办,619,607,603
上海体育大学,上海,上海市,否,否,体育类,公办,620,616,602
华东政法大学,上海,上海市,否,否,政法类,公办,708,658,671
安徽建筑大学,安徽,合肥市,否,否,理工类,公办,586,575,572
上海立信会计金融学院,上海,上海市,否,否,财经类,公办,622,607,619
上海对外经贸大学,上海,上海市,否,否,财经类,公办,649,646,641
上海电力大学,上海,上海市,否,否,理工类,公办,661,643,632
安徽师范大学,安徽,芜湖市,否,否,师范类,公办,574,589,607
上海海事大学,上海,上海市,否,否,理工类,公办,640,634,627
上海第二工业大学,上海,上海市,否,否,理工类,公办,593,568,596
上海师范大学,上海,上海市,否,否,综合类,公办,624,611,647
上海海洋大学,上海,上海市,否,否,农林类,公办,620,626,628
上海工程技术大学,上海,上海市,否,否,理工类,公办,598,592,591
上海理工大学,上海,上海市,否,否,理工类,公办,645,636,637
佛山大学,广东,佛山市,否,否,理工类,公办,565,551,555
广东财经大学,广东,广州市,否,否,财经类,公办,654,635,638
嘉应学院,广东,梅州市,否,否,综合类,公办,549,548,543
岭南师范学院,广东,湛江市,否,否,师范类,公办,558,561,554
韶关学院,广东,韶关市,否,否,综合类,公办,535,559,559
韩山师范学院,广东,潮州市,否,否,师范类,公办,573,562,544
广东药科大学,广东,广州市,否,否,医药类,公办,626,611,611
广州医科大学,广东,广州市,否,否,医药类,公办,664,664,649
广东医科大学,广东,湛江市,否,否,医药类,公办,669,646,636
广州大学,广东,广州市,否,否,综合类,公办,630,630,634
广东石油化工学院,广东,茂名市,否,否,理工类,公办,564,554,550
东莞理工学院,广东,东莞市,否,否,理工类,公办,580,582,568
广东外语外贸大学,广东,广州市,否,否,语言类,公办,634,639,636
广州中医药大学,广东,广州市,否,否,医药类,公办,647,648,640
广东海洋大学,广东,湛江市,否,否,综合类,公办,573,569,556
华南农业大学,广东,广州市,否,否,综合类,公办,633,639,620
广东工业大学,广东,广州市,否,否,理工类,公办,623,611,598
五邑大学,广东,江门市,否,否,综合类,公办,582,575,562
深圳大学,广东,深圳市,否,否,综合类,公办,691,688,678
汕头大学,广东,汕头市,否,否,综合类,公办,638,628,621
太原师范学院,山西,晋中市,否,否,师范类,公办,571,569,561
山西大同大学,山西,大同市,否,否,综合类,公办,565,555,554
忻州师范学院,山西,忻州市,否,否,师范类,公办,558,551,541
长治医学院,山西,长治市,否,否,医药类,公办,571,563,558
太原科技大学,山西,太原市,否,否,理工类,公办,583,569,565
中北大学,山西,太原市,否,否,综合类,公办,572,572,567
川北医学院,四川,南充市,否,否,医药类,公办,572,572,566
山西财经大学,山西,太原市,否,否,财经类,公办,580,584,581
西南医科大学,四川,泸州市,否,否,医药类,公办,616,619,608
四川轻化工大学,四川,自贡市,否,否,理工类,公办,595,585,585
山西师范大学,山西,太原市,否,否,师范类,公办,591,581,573
山西医科大学,山西,太原市,否,否,医药类,公办,576,561,561
成都信息工程大学,四川,成都市,否,否,理工类,公办,611,612,600
山西农业大学,山西,晋中市,否,否,农林类,公办,560,552,550
西南石油大学,四川,成都市,否,否,综合类,公办,635,622,611
中国民用航空飞行学院,四川,德阳市,否,否,理工类,公办,584,585,575
西华师范大学,四川,南充市,否,否,师范类,公办,541,579,575
四川师范大学,四川,成都市,否,否,师范类,公办,628,637,643
成都中医药大学,四川,成都市,否,否,医药类,公办,632,613,614
西南科技大学,四川,绵阳市,否,否,理工类,公办,583,598,592
山西大学,山西,太原市,否,否,综合类,公办,646,625,608
浙江万里学院,浙江,宁波市,否,否,理工类,公办,537,524,513
浙江工商大学,浙江,杭州市,否,否,财经类,公办,624,628,625
温州医科大学,浙江,温州市,否,否,医药类,公办,676,663,641
浙江中医药大学,浙江,杭州市,否,否,医药类,公办,632,607,616
浙江农林大学,浙江,杭州市,否,否,农林类,公办,614,603,598
浙江海洋大学,浙江,舟山市,否,否,农林类,公办,586,583,580
中国计量大学,浙江,杭州市,否,否,理工类,公办,622,618,618
西华大学,四川,成都市,否,否,综合类,公办,609,597,587
嘉兴大学,浙江,嘉兴市,否,否,综合类,公办,590,570,566
浙江理工大学,浙江,杭州市,否,否,理工类,公办,637,634,630
浙江工业大学,浙江,杭州市,否,否,理工类,公办,639,633,624
浙江师范大学,浙江,金华市,否,否,综合类,公办,622,628,630
宁波大学,浙江,宁波市,否,否,综合类,公办,637,625,633
新疆医科大学,新疆,乌鲁木齐市,否,否,医药类,公办,606,601,584
新疆农业大学,新疆,乌鲁木齐市,否,否,农林类,公办,531,521,510
成都理工大学,四川,成都市,否,否,理工类,公办,631,628,622
西南民族大学,四川,成都市,否,否,民族类,公办,593,586,585
中国医科大学,辽宁,沈阳市,否,否,医药类,公办,696,692,679
东北财经大学,辽宁,大连市,否,否,财经类,公办,551,562,605
沈阳农业大学,辽宁,沈阳市,否,否,农林类,公办,557,551,544
沈阳工业大学,辽宁,沈阳市,否,否,理工类,公办,585,580,580
沈阳药科大学,辽宁,沈阳市,否,否,医药类,公办,604,572,562
辽宁师范大学,辽宁,大连市,否,否,师范类,公办,561,582,579
沈阳大学,辽宁,沈阳市,否,否,综合类,公办,580,570,571
辽宁石油化工大学,辽宁,抚顺市,否,否,理工类,公办,560,549,545
辽宁科技大学,辽宁,鞍山市,否,否,理工类,公办,565,558,548
沈阳师范大学,辽宁,沈阳市,否,否,师范类,公办,575,560,554
大连交通大学,辽宁,大连市,否,否,理工类,公办,581,574,571
大连医科大学,辽宁,大连市,否,否,医药类,公办,682,675,664
大连大学,辽宁,大连市,否,否,综合类,公办,579,578,577
沈阳理工大学,辽宁,沈阳市,否,否,理工类,公办,572,562,553
大连外国语大学,辽宁,大连市,否,否,语言类,公办,569,569,609
沈阳化工大学,辽宁,沈阳市,否,否,理工类,公办,564,560,554
渤海大学,辽宁,锦州市,否,否,综合类,公办,562,565,564
沈阳建筑大学,辽宁,沈阳市,否,否,理工类,公办,573,574,571
大连海洋大学,辽宁,大连市,否,否,农林类,公办,566,562,555
大连民族大学,辽宁,大连市,否,否,民族类,公办,575,563,562
锦州医科大学,辽宁,锦州市,否,否,医药类,公办,599,575,593
鞍山师范学院,辽宁,鞍山市,否,否,师范类,公办,540,531,535
中国刑事警察学院,辽宁,沈阳市,否,否,政法类,公办,605,581,537
石河子大学,新疆,自治区直辖县级行政区划,否,是,综合类,公办,583,576,545
重庆三峡学院,重庆,重庆市,否,否,综合类,公办,563,559,559
井冈山大学,江西,吉安市,否,否,综合类,公办,600,590,580
赣南医科大学,江西,赣州市,否,否,医药类,公办,576,565,561
九江学院,江西,九江市,否,否,综合类,公办,553,545,545
四川外国语大学,重庆,重庆市,否,否,语言类,公办,494,608,609
宜春学院,江西,宜春市,否,否,综合类,公办,557,553,543
长江师范学院,重庆,重庆市,否,否,师范类,公办,550,571,561
江西科技师范大学,江西,南昌市,否,否,师范类,公办,587,582,576
赣南师范大学,江西,赣州市,否,否,师范类,公办,611,585,594
重庆理工大学,重庆,重庆市,否,否,理工类,公办,615,613,612
上饶师范学院,江西,上饶市,否,否,师范类,公办,578,574,568
江西中医药大学,江西,南昌市,否,否,医药类,公办,593,590,583
重庆邮电大学,重庆,重庆市,否,否,理工类,公办,632,635,629
景德镇陶瓷大学,江西,景德镇市,否,否,艺术类,公办,569,577,551
西南政法大学,重庆,重庆市,否,否,政法类,公办,636,667,639
重庆师范大学,重庆,重庆市,否,否,师范类,公办,631,635,631
重庆医科大学,重庆,重庆市,否,否,医药类,公办,669,668,681
南昌航空大学,江西,南昌市,否,否,理工类,公办,585,584,575
东华理工大学,江西,南昌市,否,否,理工类,公办,589,580,577
江西财经大学,江西,南昌市,否,否,财经类,公办,633,630,624
江西师范大学,江西,南昌市,否,否,师范类,公办,632,624,633
扬州大学,江苏,扬州市,否,否,综合类,公办,644,628,628
江西农业大学,江西,南昌市,否,否,农林类,公办,577,571,566
南京工业大学,江苏,南京市,否,否,理工类,公办,628,627,621
江苏大学,江苏,镇江市,否,否,综合类,公办,625,625,577
南京林业大学,江苏,南京市,否,否,农林类,公办,625,620,622
南京医科大学,江苏,南京市,否,否,医药类,公办,659,664,658
江苏师范大学,江苏,徐州市,否,否,师范类,公办,638,634,635
南京信息工程大学,江苏,南京市,否,否,综合类,公办,666,658,644
江西理工大学,江西,赣州市,否,否,理工类,公办,584,571,561
南京财经大学,江苏,南京市,否,否,财经类,公办,622,630,637
苏州科技大学,江苏,苏州市,否,否,综合类,公办,585,591,600
江苏科技大学,江苏,镇江市,否,否,理工类,公办,597,593,597
南京邮电大学,江苏,南京市,否,否,理工类,公办,672,662,645
杭州电子科技大学,浙江,杭州市,否,否,理工类,公办,657,654,648
华东交通大学,江西,南昌市,否,否,理工类,公办,603,597,586
常州大学,江苏,常州市,否,否,理工类,公办,589,584,590
盐城工学院,江苏,盐城市,否,否,理工类,公办,554,549,538
盐城师范学院,江苏,盐城市,否,否,师范类,公办,552,538,532
淮阴工学院,江苏,淮安市,否,否,理工类,公办,563,550,537
南京审计大学,江苏,南京市,否,否,财经类,公办,625,622,617
江苏理工学院,江苏,常州市,否,否,理工类,公办,570,562,560
南京工程学院,江苏,南京市,否,否,理工类,公办,607,588,582
北京科技大学,北京,北京市,否,是,理工类,公办,692,682,672
北京理工大学,北京,北京市,是,是,理工类,公办,709,707,708
东北师范大学,吉林,长春市,否,是,师范类,公办,698,677,683
清华大学,北京,北京市,是,是,综合类,公办,852,816,813
太原理工大学,山西,太原市,否,是,理工类,公办,651,643,631
大连理工大学,辽宁,大连市,是,是,理工类,公办,717,681,686
东北农业大学,黑龙江,哈尔滨市,否,是,农林类,公办,616,612,604
上海外国语大学,上海,上海市,否,是,语言类,公办,674,702,706
东华大学,上海,上海市,否,是,综合类,公办,678,675,675
东北大学,辽宁,沈阳市,是,是,理工类,公办,686,668,666
华东理工大学,上海,上海市,否,是,理工类,公办,690,669,677
复旦大学,上海,上海市,是,是,综合类,公办,781,775,763
华东师范大学,上海,上海市,是,是,师范类,公办,738,725,742
上海财经大学,上海,上海市,否,是,财经类,公办,730,712,719
延边大学,吉林,延边朝鲜族自治州,否,是,综合类,公办,592,586,577
武汉理工大学,湖北,武汉市,否,是,理工类,公办,662,662,663
华中科技大学,湖北,武汉市,是,是,综合类,公办,728,714,687
山东大学,山东,济南市,是,是,综合类,公办,708,705,697
上海交通大学,上海,上海市,是,是,综合类,公办,810,815,808
哈尔滨工程大学,黑龙江,哈尔滨市,否,是,理工类,公办,675,659,653
中南大学,湖南,长沙市,是,是,综合类,公办,703,688,690
吉林大学,吉林,长春市,是,是,综合类,公办,678,687,684
中国地质大学（武汉）,湖北,武汉市,否,是,理工类,公办,663,656,643
中国石油大学（华东）,山东,青岛市,否,是,理工类,公办,654,640,633
重庆大学,重庆,重庆市,是,是,综合类,公办,707,691,692
苏州大学,江苏,苏州市,否,是,综合类,公办,687,681,674
中国药科大学,江苏,南京市,否,是,医药类,公办,689,683,670
河海大学,江苏,南京市,否,是,综合类,公办,668,663,660
南京师范大学,江苏,南京市,否,是,师范类,公办,655,666,664
浙江大学,浙江,杭州市,是,是,综合类,公办,791,782,779
南京农业大学,江苏,南京市,否,是,农林类,公办,653,647,650
南京理工大学,江苏,南京市,否,是,理工类,公办,678,672,670
南京大学,江苏,南京市,是,是,综合类,公办,787,793,760
中国矿业大学,江苏,徐州市,否,是,综合类,公办,658,655,652
东南大学,江苏,南京市,是,是,综合类,公办,743,715,726
南昌大学,江西,南昌市,否,是,综合类,公办,653,651,652
西北工业大学,陕西,西安市,是,是,理工类,公办,704,705,693
暨南大学,广东,广州市,否,是,综合类,公办,686,667,676
华南理工大学,广东,广州市,是,是,综合类,公办,710,710,698
中山大学,广东,广州市,是,是,综合类,公办,742,724,714
福州大学,福建,福州市,否,是,理工类,公办,654,664,667
厦门大学,福建,厦门市,是,是,综合类,公办,646,681,689
西南财经大学,四川,成都市,否,是,财经类,公办,681,680,689
四川农业大学,四川,成都市,否,是,农林类,公办,631,627,618
四川大学,四川,成都市,是,是,综合类,公办,708,706,709
华南师范大学,广东,广州市,否,是,师范类,公办,700,700,688
兰州大学,甘肃,兰州市,是,是,综合类,公办,677,675,673
广西大学,广西,南宁市,否,是,综合类,公办,637,629,610
天津农学院,天津,天津市,否,否,农林类,公办,558,550,517
天津城建大学,天津,天津市,否,否,综合类,公办,578,567,566
天津职业技术师范大学,天津,天津市,否,否,师范类,公办,566,558,558
中国民航大学,天津,天津市,否,否,理工类,公办,621,611,586
天津外国语大学,天津,天津市,否,否,语言类,公办,589,603,608
江南大学,江苏,无锡市,否,是,综合类,公办,673,656,654
天津商业大学,天津,天津市,否,否,财经类,公办,579,575,577
天津财经大学,天津,天津市,否,否,财经类,公办,625,623,630
天津科技大学,天津,天津市,否,否,理工类,公办,573,582,574
天津理工大学,天津,天津市,否,否,理工类,公办,594,592,584
天津工业大学,天津,天津市,否,否,综合类,公办,638,627,615
天津师范大学,天津,天津市,否,否,师范类,公办,675,667,662
天津医科大学,天津,天津市,否,是,医药类,公办,666,670,658
南京航空航天大学,江苏,南京市,否,是,理工类,公办,678,673,678
上海交通大学医学院,上海,上海市,是,是,医药类,公办,827,822,802
新疆大学,新疆,乌鲁木齐市,否,是,综合类,公办,594,578,575
同济大学,上海,上海市,是,是,综合类,公办,743,743,762
安徽医科大学,安徽,合肥市,否,否,医药类,公办,655,651,651
济南大学,山东,济南市,否,否,综合类,公办,587,582,589
安徽农业大学,安徽,合肥市,否,否,农林类,公办,583,585,578
安徽理工大学,安徽,淮南市,否,否,理工类,公办,596,585,577
安徽大学,安徽,合肥市,否,是,综合类,公办,657,656,655
中国科学技术大学,安徽,合肥市,是,是,理工类,公办,792,805,803
德州学院,山东,德州市,否,否,综合类,公办,546,542,543
滨州医学院,山东,烟台市,否,否,医药类,公办,585,578,571
合肥工业大学,安徽,合肥市,否,是,理工类,公办,649,657,648
郑州大学,河南,郑州市,否,是,综合类,公办,649,665,660
中国海洋大学,山东,青岛市,是,是,综合类,公办,673,666,658
天津大学,天津,天津市,是,是,综合类,公办,730,713,722
南开大学,天津,天津市,是,是,综合类,公办,747,722,736
湖南师范大学,湖南,长沙市,否,是,师范类,公办,670,678,673
西安电子科技大学,陕西,西安市,否,是,理工类,公办,716,689,687
河北经贸大学,河北,石家庄市,否,否,财经类,公办,575,574,571
河北科技大学,河北,石家庄市,否,否,理工类,公办,576,573,571
河北大学,河北,保定市,否,否,综合类,公办,603,593,600
对外经济贸易大学,北京,北京市,否,是,财经类,公办,718,700,711
北京师范大学,北京,北京市,是,是,师范类,公办,704,698,673
西南交通大学,四川,成都市,否,是,理工类,公办,695,673,663
辽宁大学,辽宁,沈阳市,否,是,综合类,公办,561,622,648
北京中医药大学,北京,北京市,否,是,医药类,公办,670,661,678
北京邮电大学,北京,北京市,否,是,理工类,公办,692,660,681
北京航空航天大学,北京,北京市,是,是,理工类,公办,743,738,740
中国人民大学,北京,北京市,是,是,综合类,公办,801,802,799
中央民族大学,北京,北京市,是,是,民族类,公办,666,685,683
湖南大学,湖南,长沙市,是,是,综合类,公办,684,684,692
北京林业大学,北京,北京市,否,是,农林类,公办,664,663,667
武汉大学,湖北,武汉市,是,是,综合类,公办,753,747,741
河北工业大学,天津,天津市,否,是,理工类,公办,644,639,635
北京外国语大学,北京,北京市,否,是,语言类,公办,708,712,707
北京交通大学,北京,北京市,否,是,理工类,公办,687,700,697
西北大学,陕西,西安市,否,是,综合类,公办,665,666,672
长安大学,陕西,西安市,否,是,理工类,公办,653,647,645
云南大学,云南,昆明市,否,是,综合类,公办,646,638,651
哈尔滨工业大学,黑龙江,哈尔滨市,是,是,理工类,公办,772,739,722
大连海事大学,辽宁,大连市,否,是,理工类,公办,645,633,621
内蒙古大学,内蒙古,呼和浩特市,否,是,综合类,公办,608,611,585
北京大学,北京,北京市,是,是,综合类,公办,844,823,809
北京工业大学,北京,北京市,否,是,理工类,公办,677,663,668
