﻿名称,省,市,985,211,学校类型,学校属性,2023年理科录取分数,2023年文科录取分数,2022年理科录取分数,2022年文科录取分数,2021年理科录取分数,2021年文科录取分数
福建技术师范学院,福建,福州市,否,否,师范类,公办,374,475,383,476,388,482
中国消防救援学院,北京,北京市,否,否,军事类,公办,407,528,420,489,447,512
郑州西亚斯学院,河南,郑州市,否,否,综合类,民办,370,457,373,455,353,461
南京审计大学金审学院,江苏,南京市,否,否,财经类,民办,379,472,393,474,403,484
深圳技术大学,广东,深圳市,否,否,理工类,公办,459,501,467,495,464,510
合肥工业大学宣城校区,安徽,宣城市,否,是,综合类,公办,484,541,481,531,468,547
张家口学院,河北,张家口市,否,否,综合类,公办,379,478,400,478,398,485
山西传媒学院,山西,晋中市,否,否,艺术类,公办,354,475,401,476,395,494
河北环境工程学院,河北,秦皇岛市,否,否,理工类,公办,374,463,386,467,384,454
陕西服装工程学院,陕西,咸阳市,否,否,综合类,民办,355,436,357,442,347,432
南昌工学院,江西,南昌市,否,否,理工类,民办,356,441,356,441,357,468
山东协和学院,山东,济南市,否,否,医药类,民办,356,443,354,446,366,451
华北理工大学轻工学院,河北,唐山市,否,否,理工类,民办,355,446,360,448,361,456
新疆政法学院,新疆,自治区直辖县级行政区划,否,否,政法类,公办,375,468,387,469,382,482
银川科技学院,宁夏,银川市,否,否,综合类,民办,340,421,350,425,345,430
福建江夏学院,福建,福州市,否,否,财经类,公办,376,468,368,467,392,496
宁夏大学新华学院,宁夏,银川市,否,否,综合类,民办,365,458,369,459,369,468
西安科技大学高新学院,陕西,西安市,否,否,理工类,民办,364,450,370,452,367,456
西安明德理工学院,陕西,西安市,否,否,综合类,民办,359,444,364,442,360,455
西安工商学院,陕西,西安市,否,否,综合类,民办,355,450,363,448,352,459
西安交通大学城市学院,陕西,西安市,否,否,理工类,民办,367,463,382,460,385,473
黑龙江财经学院,黑龙江,哈尔滨市,否,否,财经类,民办,349,427,360,439,356,453
黑龙江工程学院昆仑旅游学院,黑龙江,哈尔滨市,否,否,理工类,民办,343,435,351,435,345,431
昆明理工大学津桥学院,云南,昆明市,否,否,理工类,民办,354,451,363,454,364,465
丽江文化旅游学院,云南,丽江市,否,否,综合类,民办,349,438,350,436,347,447
聊城大学东昌学院,山东,聊城市,否,否,综合类,民办,364,467,379,463,346,471
齐鲁理工学院,山东,济南市,否,否,综合类,民办,354,443,355,440,351,452
青岛工学院,山东,青岛市,否,否,综合类,民办,355,444,359,450,362,447
泰山科技学院,山东,泰安市,否,否,理工类,民办,346,435,353,428,352,452
西南财经大学天府学院,四川,绵阳市,否,否,财经类,民办,364,450,380,464,377,473
四川文化艺术学院,四川,绵阳市,否,否,艺术类,民办,352,446,360,439,371,466
绵阳城市学院,四川,绵阳市,否,否,理工类,民办,353,435,373,451,365,460
成都外国语学院,四川,成都市,否,否,语言类,民办,365,445,371,458,364,471
成都银杏酒店管理学院,四川,成都市,否,否,财经类,民办,341,435,363,442,356,450
成都理工大学工程技术学院,四川,乐山市,否,否,理工类,民办,368,454,377,457,358,435
成都大学,四川,成都市,否,否,综合类,公办,406,492,412,485,411,506
新疆科技学院,新疆,巴音郭楞蒙古自治州,否,否,财经类,公办,373,467,385,466,381,481
湖南理工学院南湖学院,湖南,岳阳市,否,否,理工类,民办,369,469,378,465,373,478
南华大学船山学院,湖南,衡阳市,否,否,综合类,民办,372,459,382,454,372,463
长沙理工大学城南学院,湖南,长沙市,否,否,理工类,民办,369,450,364,448,377,475
江西财经大学现代经济管理学院,江西,九江市,否,否,财经类,民办,371,457,385,462,376,465
南昌医学院,江西,南昌市,否,否,医药类,公办,405,488,424,480,418,499
赣东学院,江西,抚州市,否,否,综合类,公办,374,468,389,472,389,485
赣南科技学院,江西,赣州市,否,否,理工类,公办,374,461,386,469,388,486
南昌交通学院,江西,南昌市,否,否,理工类,民办,360,451,350,454,380,436
江西师范大学科学技术学院,江西,九江市,否,否,综合类,民办,371,465,387,466,383,484
厦门工学院,福建,厦门市,否,否,理工类,民办,357,441,362,439,357,442
蚌埠工商学院,安徽,蚌埠市,否,否,财经类,民办,364,449,366,453,373,463
宁波大学科学技术学院,浙江,宁波市,否,否,综合类,民办,365,450,371,449,364,468
兰州信息科技学院,甘肃,兰州市,否,否,理工类,民办,359,457,370,454,345,471
甘肃民族师范学院,甘肃,甘南藏族自治州,否,否,师范类,公办,383,473,395,475,388,491
大连东软信息学院,辽宁,大连市,否,否,理工类,民办,350,440,358,446,357,447
沈阳科技学院,辽宁,沈阳市,否,否,理工类,民办,349,440,355,434,356,452
辽宁中医药大学杏林学院,辽宁,沈阳市,否,否,医药类,民办,368,463,374,459,373,469
晋中信息学院,山西,晋中市,否,否,理工类,民办,367,450,376,453,347,456
长春大学旅游学院,吉林,长春市,否,否,综合类,民办,343,435,350,436,370,437
长春财经学院,吉林,长春市,否,否,财经类,民办,354,444,358,442,353,442
天津天狮学院,天津,天津市,否,否,综合类,民办,346,438,362,438,353,463
天津财经大学珠江学院,天津,天津市,否,否,综合类,民办,365,459,383,455,381,473
天津理工大学中环信息学院,天津,天津市,否,否,综合类,民办,366,454,378,454,371,457
北京科技大学天津学院,天津,天津市,否,否,综合类,民办,368,459,378,459,360,463
天津商业大学宝德学院,天津,天津市,否,否,财经类,民办,359,455,372,450,348,454
民政职业大学,北京,北京市,否,否,政法类,公办,195,287,337,380,347,415
银川能源学院,宁夏,银川市,否,否,理工类,民办,340,421,350,425,345,430
宁夏理工学院,宁夏,石嘴山市,否,否,理工类,民办,358,447,355,443,362,456
西安交通工程学院,陕西,西安市,否,否,理工类,民办,363,446,357,448,374,447
西安信息职业大学,陕西,西安市,否,否,理工类,民办,359,444,369,435,365,216
西安汽车职业大学,陕西,西安市,否,否,理工类,民办,358,435,361,428,358,454
西安欧亚学院,陕西,西安市,否,否,财经类,民办,356,446,360,443,360,448
陕西国际商贸学院,陕西,咸阳市,否,否,财经类,民办,356,452,363,449,353,450
陕西科技大学镐京学院,陕西,咸阳市,否,否,理工类,民办,363,446,358,450,365,459
西安建筑科技大学华清学院,陕西,西安市,否,否,理工类,民办,363,466,369,459,364,462
云南经济管理学院,云南,昆明市,否,否,财经类,民办,357,442,364,443,348,440
昆明文理学院,云南,昆明市,否,否,师范类,民办,347,445,365,449,345,454
青岛黄海学院,山东,青岛市,否,否,综合类,民办,353,441,355,442,363,446
山东现代学院,山东,济南市,否,否,综合类,民办,351,433,362,447,367,452
青岛恒星科技学院,山东,青岛市,否,否,综合类,民办,358,444,362,433,354,451
烟台南山学院,山东,烟台市,否,否,综合类,民办,356,441,364,440,361,464
齐鲁医药学院,山东,淄博市,否,否,医药类,民办,367,445,373,460,381,469
山东英才学院,山东,济南市,否,否,综合类,民办,347,434,353,428,345,447
广州城市理工学院,广东,广州市,否,否,理工类,民办,352,428,359,439,353,440
广州商学院,广东,广州市,否,否,财经类,民办,351,431,355,437,354,443
湖南财政经济学院,湖南,长沙市,否,否,财经类,公办,393,482,409,482,412,493
武汉生物工程学院,湖北,武汉市,否,否,理工类,民办,367,450,375,453,371,463
长江大学文理学院,湖北,荆州市,否,否,综合类,民办,369,461,379,454,376,469
湖北文理学院理工学院,湖北,襄阳市,否,否,理工类,民办,362,457,353,457,368,471
武汉工程大学邮电与信息工程学院,湖北,武汉市,否,否,理工类,民办,363,444,371,448,355,454
武昌工学院,湖北,武汉市,否,否,综合类,民办,355,446,359,446,365,457
郑州工程技术学院,河南,郑州市,否,否,理工类,公办,373,467,390,470,387,485
河南财政金融学院,河南,郑州市,否,否,财经类,公办,387,473,351,471,395,481
福州大学至诚学院,福建,福州市,否,否,综合类,民办,364,458,375,459,365,451
厦门大学嘉庚学院,福建,漳州市,否,否,综合类,民办,365,464,384,468,380,483
福建商学院,福建,福州市,否,否,财经类,公办,377,461,397,475,395,493
武夷学院,福建,南平市,否,否,综合类,公办,378,466,392,460,393,485
桂林旅游学院,广西,桂林市,否,否,财经类,公办,372,466,379,457,381,482
兰州资源环境职业技术大学,甘肃,兰州市,否,否,理工类,公办,375,373,384,292,239,236
甘肃警察学院,甘肃,兰州市,否,否,政法类,公办,298,380,287,378,289,353
兰州文理学院,甘肃,兰州市,否,否,综合类,公办,390,475,402,476,398,491
兰州石化职业技术大学,甘肃,兰州市,否,否,理工类,公办,375,461,386,470,243,363
陇南师范学院,甘肃,陇南市,否,否,师范类,公办,326,412,326,416,313,388
太原学院,山西,太原市,否,否,综合类,公办,376,476,388,477,386,489
吕梁学院,山西,吕梁市,否,否,综合类,公办,374,473,389,475,389,490
吉林工商学院,吉林,长春市,否,否,财经类,公办,373,464,391,469,391,485
天津仁爱学院,天津,天津市,否,否,综合类,民办,353,446,357,429,346,453
河北工程大学科信学院,河北,邯郸市,否,否,理工类,民办,369,458,379,458,377,471
石家庄铁道大学四方学院,河北,石家庄市,否,否,理工类,民办,373,459,385,459,381,474
青海职业技术大学,青海,西宁市,否,否,理工类,公办,265,358,218,325,196,299
延安大学西安创新学院,陕西,西安市,否,否,综合类,民办,358,449,361,450,362,458
青海大学昆仑学院,青海,西宁市,否,否,理工类,公办,364,447,376,462,370,467
常州大学怀德学院,江苏,泰州市,否,否,理工类,民办,368,452,376,456,368,469
大连财经学院,辽宁,大连市,否,否,财经类,民办,359,450,364,450,370,459
河北东方学院,河北,廊坊市,否,否,综合类,民办,360,444,350,450,369,466
琼台师范学院,海南,海口市,否,否,师范类,公办,385,469,395,472,394,489
亳州学院,安徽,亳州市,否,否,综合类,公办,373,466,384,466,376,486
河南城建学院,河南,平顶山市,否,否,理工类,公办,374,437,389,469,365,477
郑州工业应用技术学院,河南,郑州市,否,否,理工类,民办,359,437,368,446,358,454
重庆工程学院,重庆,重庆市,否,否,理工类,民办,368,450,383,455,375,460
重庆工商大学派斯学院,重庆,重庆市,否,否,财经类,民办,363,462,350,459,379,475
重庆移通学院,重庆,重庆市,否,否,理工类,民办,368,447,373,447,357,430
重庆财经学院,重庆,重庆市,否,否,财经类,民办,373,463,391,466,385,478
重庆外语外事学院,重庆,重庆市,否,否,语言类,民办,360,451,364,443,347,454
重庆对外经贸学院,重庆,重庆市,否,否,财经类,民办,364,456,375,459,346,448
珠海科技学院,广东,珠海市,否,否,综合类,民办,355,451,358,450,345,471
烟台理工学院,山东,烟台市,否,否,综合类,民办,361,454,372,450,366,458
无锡学院,江苏,无锡市,否,否,理工类,公办,393,483,407,482,400,492
河北地质大学华信学院,河北,石家庄市,否,否,综合类,民办,357,453,350,443,363,455
北京中医药大学东方学院,河北,廊坊市,否,否,医药类,民办,372,467,380,461,370,473
青岛城市学院,山东,青岛市,否,否,理工类,民办,358,437,365,439,352,449
燕京理工学院,河北,廊坊市,否,否,理工类,民办,367,464,381,466,368,459
四川工商学院,四川,成都市,否,否,综合类,民办,365,446,377,460,369,467
海口经济学院,海南,海口市,否,否,综合类,民办,342,422,351,431,345,433
西交利物浦大学,江苏,苏州市,否,否,综合类,中外合作办学,408,493,412,494,412,507
三亚学院,海南,三亚市,否,否,综合类,民办,348,438,359,440,357,441
河南开封科技传媒学院,河南,开封市,否,否,综合类,民办,361,443,365,449,352,451
河南工程学院,河南,郑州市,否,否,理工类,公办,380,469,392,446,383,491
长春电子科技学院,吉林,长春市,否,否,理工类,民办,353,445,353,439,347,438
上海外国语大学贤达经济人文学院,上海,上海市,否,否,财经类,民办,343,443,352,443,347,449
北京理工大学珠海学院,广东,珠海市,否,否,理工类,民办,369,454,383,448,383,447
大连工业大学艺术与信息工程学院,辽宁,大连市,否,否,理工类,民办,352,440,355,444,348,431
广州新华学院,广东,广州市,否,否,综合类,民办,351,437,352,441,367,443
昆明医科大学海源学院,云南,昆明市,否,否,医药类,民办,390,461,382,470,394,478
长春科技学院,吉林,长春市,否,否,综合类,民办,353,445,359,446,346,445
兰州城市学院,甘肃,兰州市,否,否,综合类,公办,378,466,387,466,387,484
西安医学院,陕西,西安市,否,否,医药类,公办,460,472,475,472,461,484
菏泽学院,山东,菏泽市,否,否,综合类,公办,374,470,385,473,387,492
安康学院,陕西,安康市,否,否,综合类,公办,376,469,393,467,369,486
三明学院,福建,三明市,否,否,综合类,公办,377,464,389,467,365,483
海南热带海洋学院,海南,三亚市,否,否,综合类,公办,347,469,398,467,396,487
长沙医学院,湖南,长沙市,否,否,医药类,民办,360,449,365,436,373,469
宁夏师范大学,宁夏,固原市,否,否,师范类,公办,389,480,405,484,402,496
重庆人文科技学院,重庆,重庆市,否,否,综合类,民办,368,461,359,464,374,476
香港中文大学,香港,新界,否,否,综合类,公办,564,575,562,571,534,594
山东大学（威海）,山东,威海市,是,是,综合类,公办,409,563,509,552,519,583
山东航空学院,山东,滨州市,否,否,综合类,公办,380,474,386,474,384,485
湖南涉外经济学院,湖南,长沙市,否,否,财经类,民办,349,428,350,442,353,450
西京学院,陕西,西安市,否,否,理工类,民办,363,444,368,452,390,485
西安翻译学院,陕西,西安市,否,否,语言类,民办,356,448,354,450,365,459
洛阳理工学院,河南,洛阳市,否,否,理工类,公办,383,482,396,463,393,505
武汉城市学院,湖北,武汉市,否,否,理工类,民办,362,440,369,455,352,433
武昌理工学院,湖北,武汉市,否,否,综合类,民办,364,454,369,448,363,432
郑州师范学院,河南,郑州市,否,否,师范类,公办,392,432,405,480,417,495
南京特殊教育师范学院,江苏,南京市,否,否,师范类,公办,378,471,382,469,404,488
南京警察学院,江苏,南京市,否,否,政法类,公办,457,516,481,492,427,446
电子科技大学成都学院,四川,成都市,否,否,理工类,民办,372,453,383,453,376,471
陕西警察学院,陕西,西安市,否,否,政法类,公办,320,393,306,388,291,373
三峡大学科技学院,湖北,宜昌市,否,否,综合类,民办,372,460,382,459,373,476
北京工业大学耿丹学院,北京,北京市,否,否,综合类,民办,351,443,361,441,357,443
武汉华夏理工学院,湖北,武汉市,否,否,理工类,民办,360,444,365,446,358,431
天水师范学院,甘肃,天水市,否,否,师范类,公办,385,483,395,481,385,493
陇东学院,甘肃,庆阳市,否,否,综合类,公办,376,473,392,471,387,487
榆林学院,陕西,榆林市,否,否,综合类,公办,379,481,393,478,391,493
乐山师范学院,四川,乐山市,否,否,师范类,公办,380,460,395,477,396,494
宜宾学院,四川,宜宾市,否,否,综合类,公办,378,473,389,476,387,494
内江师范学院,四川,内江市,否,否,师范类,公办,383,479,404,477,398,485
绵阳师范学院,四川,绵阳市,否,否,师范类,公办,379,479,404,480,399,498
文华学院,湖北,武汉市,否,否,综合类,民办,366,454,377,454,366,460
重庆工商大学,重庆,重庆市,否,否,财经类,公办,402,497,419,494,437,510
浙江传媒学院,浙江,杭州市,否,否,艺术类,公办,393,489,421,490,415,510
南京工业职业技术大学,江苏,南京市,否,否,理工类,公办,392,464,401,466,340,412
哈尔滨师范大学,黑龙江,哈尔滨市,否,否,师范类,公办,380,475,392,475,393,498
厦门理工学院,福建,厦门市,否,否,理工类,公办,393,482,404,478,410,497
徐州工程学院,江苏,徐州市,否,否,综合类,公办,375,471,390,472,358,485
金陵科技学院,江苏,南京市,否,否,理工类,公办,389,469,406,446,403,493
西安文理学院,陕西,西安市,否,否,综合类,公办,396,490,404,490,405,503
重庆文理学院,重庆,重庆市,否,否,综合类,公办,372,478,405,481,405,490
伊犁师范大学,新疆,伊犁哈萨克自治州,否,否,师范类,公办,370,466,392,466,383,479
广东金融学院,广东,广州市,否,否,财经类,公办,377,487,408,483,407,504
湖北理工学院,湖北,黄石市,否,否,理工类,公办,376,467,394,466,393,482
吉林农业科技学院,吉林,吉林市,否,否,农林类,公办,374,475,387,474,384,478
上海商学院,上海,上海市,否,否,财经类,公办,395,482,405,479,396,501
广东技术师范大学,广东,广州市,否,否,师范类,公办,382,466,394,467,380,430
中国人民解放军国防科技大学,湖南,长沙市,是,是,军事类,公办,514,503,503,552,535,506
贵州大学,贵州,贵阳市,否,是,综合类,公办,413,529,419,519,449,546
西南大学,重庆,重庆市,否,是,综合类,公办,465,574,458,540,470,557
攀枝花学院,四川,攀枝花市,否,否,综合类,公办,354,458,391,477,385,493
晋中学院,山西,晋中市,否,否,综合类,公办,373,471,387,469,379,489
运城学院,山西,运城市,否,否,综合类,公办,376,468,390,471,388,486
山西中医药大学,山西,晋中市,否,否,医药类,公办,385,485,393,473,402,497
江西职业技术大学,江西,九江市,否,否,综合类,公办,305,351,276,269,193,275
新余学院,江西,新余市,否,否,综合类,公办,378,470,393,473,387,486
郑州警察学院,河南,郑州市,否,否,政法类,公办,452,498,436,464,410,464
黄淮学院,河南,驻马店市,否,否,综合类,公办,376,469,389,470,371,487
河南科技学院,河南,新乡市,否,否,综合类,公办,373,466,389,472,387,482
平顶山学院,河南,平顶山市,否,否,综合类,公办,383,465,395,474,398,483
信阳师范大学,河南,信阳市,否,否,师范类,公办,374,470,390,472,348,483
首都经济贸易大学,北京,北京市,否,否,财经类,公办,466,529,452,507,509,571
河南中医药大学,河南,郑州市,否,否,医药类,公办,386,489,362,481,409,499
江西科技学院,江西,南昌市,否,否,综合类,民办,359,444,368,448,357,449
南昌理工学院,江西,南昌市,否,否,综合类,民办,359,445,371,447,353,448
南昌工程学院,江西,南昌市,否,否,理工类,公办,386,470,395,472,386,486
北京体育大学,北京,北京市,否,是,体育类,公办,399,511,474,518,464,566
西安思源学院,陕西,西安市,否,否,综合类,民办,363,451,369,455,378,462
西安外事学院,陕西,西安市,否,否,综合类,民办,362,442,371,454,356,461
天津中德应用技术大学,天津,天津市,否,否,理工类,公办,382,473,393,474,389,486
南阳理工学院,河南,南阳市,否,否,理工类,公办,378,466,393,467,391,480
安阳工学院,河南,安阳市,否,否,理工类,公办,368,471,389,469,385,485
河南师范大学,河南,新乡市,否,否,师范类,公办,403,489,418,494,414,519
华北电力大学,北京,北京市,否,是,理工类,公办,458,529,525,530,510,568
吉利学院,四川,成都市,否,否,理工类,民办,357,437,350,431,362,451
四川工业科技学院,四川,德阳市,否,否,综合类,民办,361,441,376,450,369,460
四川文理学院,四川,达州市,否,否,综合类,公办,375,466,380,467,389,485
四川工程职业技术大学,四川,德阳市,否,否,理工类,公办,330,387,308,316,298,286
成都东软学院,四川,成都市,否,否,理工类,民办,368,447,370,455,383,463
河北外国语学院,河北,石家庄市,否,否,语言类,民办,348,438,351,440,364,433
哈尔滨金融学院,黑龙江,哈尔滨市,否,否,财经类,公办,385,467,398,470,398,478
上海中侨职业技术大学,上海,上海市,否,否,财经类,民办,346,435,357,426,217,281
河北金融学院,河北,保定市,否,否,财经类,公办,340,455,395,472,395,489
邢台医学院,河北,邢台市,否,否,医药类,公办,320,401,297,400,292,375
上海立达学院,上海,上海市,否,否,财经类,民办,347,433,350,427,350,441
上海建桥学院,上海,上海市,否,否,财经类,民办,352,431,354,436,353,431
邯郸学院,河北,邯郸市,否,否,师范类,公办,375,472,393,474,392,492
山东师范大学,山东,济南市,否,否,师范类,公办,398,526,433,521,466,545
中央司法警官学院,河北,保定市,否,否,政法类,公办,413,479,416,469,403,481
中国人民警察大学,河北,廊坊市,否,否,政法类,公办,460,510,450,501,429,533
邢台学院,河北,邢台市,否,否,综合类,公办,370,476,391,475,393,491
石家庄铁道大学,河北,石家庄市,否,否,理工类,公办,431,504,434,500,428,519
河北地质大学,河北,石家庄市,否,否,理工类,公办,389,480,402,481,400,498
华北科技学院,河北,廊坊市,否,否,理工类,公办,382,474,408,477,416,492
河北工程大学,河北,邯郸市,否,否,理工类,公办,393,483,406,483,407,496
华北理工大学,河北,唐山市,否,否,综合类,公办,399,491,425,499,425,522
河北医科大学,河北,石家庄市,否,否,医药类,公办,513,478,506,483,535,495
河北师范大学,河北,石家庄市,否,否,师范类,公办,408,529,425,517,433,538
华北电力大学保定校区,河北,保定市,否,是,理工类,公办,514,529,526,528,514,545
北京印刷学院,北京,北京市,否,否,理工类,公办,424,516,422,508,425,528
北京物资学院,北京,北京市,否,否,财经类,公办,413,495,422,491,442,507
中国劳动关系学院,北京,北京市,否,否,政法类,公办,401,488,407,486,405,502
中国人民公安大学,北京,北京市,否,否,政法类,公办,489,550,507,512,431,519
北京联合大学,北京,北京市,否,否,综合类,公办,393,504,417,493,397,506
中国政法大学,北京,北京市,否,是,政法类,公办,531,593,534,579,542,612
中央财经大学,北京,北京市,否,是,财经类,公办,511,576,516,560,499,516
北京电子科技学院,北京,北京市,否,否,理工类,公办,523,539,513,546,486,576
中国传媒大学,北京,北京市,否,是,综合类,公办,500,500,511,557,482,592
北京化工大学,北京,北京市,否,是,理工类,公办,491,534,494,488,488,562
鲁东大学,山东,烟台市,否,否,综合类,公办,382,492,393,490,394,510
烟台大学,山东,烟台市,否,否,综合类,公办,394,496,409,495,409,513
潍坊学院,山东,潍坊市,否,否,综合类,公办,384,481,394,478,386,491
宁夏医科大学,宁夏,银川市,否,否,医药类,公办,421,493,468,494,474,513
北方民族大学,宁夏,银川市,否,否,综合类,公办,404,498,438,493,438,512
宁夏大学,宁夏,银川市,否,是,综合类,公办,424,508,450,511,450,525
广西民族大学,广西,南宁市,否,否,民族类,公办,384,478,392,478,391,494
山东农业大学,山东,泰安市,否,否,农林类,公办,385,478,401,480,397,504
山东理工大学,山东,淄博市,否,否,理工类,公办,414,506,424,492,425,503
山东科技大学,山东,青岛市,否,否,理工类,公办,439,509,451,491,440,520
广西科技大学,广西,柳州市,否,否,理工类,公办,380,471,388,470,394,489
山东财经大学,山东,济南市,否,否,财经类,公办,406,508,445,507,420,507
山东交通学院,山东,济南市,否,否,理工类,公办,387,469,397,468,394,485
桂林理工大学,广西,桂林市,否,否,理工类,公办,386,440,399,477,398,486
内蒙古财经大学,内蒙古,呼和浩特市,否,否,财经类,公办,394,483,405,480,384,495
山东建筑大学,山东,济南市,否,否,理工类,公办,387,484,392,477,406,490
山东工商学院,山东,烟台市,否,否,财经类,公办,384,481,400,478,397,495
贵州财经大学,贵州,贵阳市,否,否,财经类,公办,381,464,407,478,405,500
内蒙古师范大学,内蒙古,呼和浩特市,否,否,师范类,公办,381,474,390,479,398,497
海南医科大学,海南,海口市,否,否,医药类,公办,465,467,476,459,478,486
海南师范大学,海南,海口市,否,否,师范类,公办,424,505,441,503,422,510
内蒙古科技大学,内蒙古,包头市,否,否,综合类,公办,379,468,393,472,383,477
海南大学,海南,海口市,否,是,综合类,公办,405,542,468,534,474,559
河西学院,甘肃,张掖市,否,否,综合类,公办,380,467,392,478,392,497
甘肃政法大学,甘肃,兰州市,否,否,政法类,公办,419,509,430,507,456,524
兰州财经大学,甘肃,兰州市,否,否,财经类,公办,386,471,409,479,410,497
青岛大学,山东,青岛市,否,否,综合类,公办,432,493,425,529,455,555
甘肃中医药大学,甘肃,兰州市,否,否,医药类,公办,433,515,465,505,460,519
西北师范大学,甘肃,兰州市,否,否,师范类,公办,414,515,441,513,464,526
许昌学院,河南,许昌市,否,否,理工类,公办,378,469,402,472,379,483
青岛农业大学,山东,青岛市,否,否,农林类,公办,376,480,397,481,394,485
河南财经政法大学,河南,郑州市,否,否,财经类,公办,398,514,420,491,440,524
南阳师范学院,河南,南阳市,否,否,师范类,公办,372,473,390,482,387,497
周口师范学院,河南,周口市,否,否,师范类,公办,345,467,406,431,402,487
洛阳师范学院,河南,洛阳市,否,否,综合类,公办,346,480,400,481,392,486
中原工学院,河南,郑州市,否,否,理工类,公办,373,464,393,469,388,481
西北民族大学,甘肃,兰州市,否,否,综合类,公办,406,496,447,493,443,512
郑州航空工业管理学院,河南,郑州市,否,否,综合类,公办,386,476,396,475,390,488
闽江学院,福建,福州市,否,否,综合类,公办,380,475,394,478,401,497
福建师范大学,福建,福州市,否,否,师范类,公办,397,512,419,513,430,532
集美大学,福建,厦门市,否,否,综合类,公办,405,510,420,499,417,516
福建农林大学,福建,福州市,否,否,农林类,公办,403,498,414,490,422,484
河南工业大学,河南,郑州市,否,否,理工类,公办,411,469,420,485,424,503
华侨大学,福建,泉州市,否,否,综合类,公办,422,513,429,497,413,516
河南理工大学,河南,焦作市,否,否,理工类,公办,394,483,403,480,401,496
河南农业大学,河南,郑州市,否,否,农林类,公办,396,422,407,482,397,497
湖北文理学院,湖北,襄阳市,否,否,综合类,公办,387,479,390,479,393,497
河南科技大学,河南,洛阳市,否,否,综合类,公办,390,490,405,490,402,508
河南大学,河南,开封市,否,否,综合类,公办,404,525,467,499,464,554
郑州轻工业大学,河南,郑州市,否,否,理工类,公办,394,470,405,476,401,491
哈尔滨学院,黑龙江,哈尔滨市,否,否,综合类,公办,379,486,393,478,389,494
湖北经济学院,湖北,武汉市,否,否,财经类,公办,396,441,411,477,407,501
哈尔滨商业大学,黑龙江,哈尔滨市,否,否,财经类,公办,406,498,430,493,414,517
黄冈师范学院,湖北,黄冈市,否,否,师范类,公办,395,478,406,480,407,495
湖北中医药大学,湖北,武汉市,否,否,医药类,公办,386,484,395,490,410,500
武汉工程大学,湖北,武汉市,否,否,理工类,公办,457,503,458,502,453,517
湖北工业大学,湖北,武汉市,否,否,理工类,公办,426,491,445,497,438,512
武汉纺织大学,湖北,武汉市,否,否,理工类,公办,388,435,358,485,409,500
三峡大学,湖北,宜昌市,否,否,综合类,公办,404,490,444,487,419,523
长江大学,湖北,荆州市,否,否,综合类,公办,405,509,434,502,441,519
湖北大学,湖北,武汉市,否,否,综合类,公办,434,510,451,490,458,541
齐齐哈尔大学,黑龙江,齐齐哈尔市,否,否,综合类,公办,380,478,392,470,388,493
中南民族大学,湖北,武汉市,否,否,综合类,公办,416,516,438,504,435,523
黑龙江大学,黑龙江,哈尔滨市,否,否,综合类,公办,398,489,425,494,429,519
华中师范大学,湖北,武汉市,否,是,师范类,公办,526,574,490,568,546,585
东北林业大学,黑龙江,哈尔滨市,否,是,农林类,公办,438,520,445,510,442,532
邵阳学院,湖南,邵阳市,否,否,综合类,公办,374,468,390,467,386,483
湖南文理学院,湖南,常德市,否,否,综合类,公办,375,460,394,472,375,452
中南财经政法大学,湖北,武汉市,否,是,财经类,公办,473,552,498,542,515,583
吉林财经大学,吉林,长春市,否,否,财经类,公办,385,479,413,486,406,505
吉林外国语大学,吉林,长春市,否,否,语言类,民办,346,443,363,451,355,442
通化师范学院,吉林,通化市,否,否,师范类,公办,351,472,394,472,383,484
湖南工商大学,湖南,长沙市,否,否,财经类,公办,400,505,429,500,432,524
衡阳师范学院,湖南,衡阳市,否,否,师范类,公办,380,433,391,481,392,494
中南林业科技大学,湖南,长沙市,否,否,农林类,公办,409,495,412,487,427,517
湖南工业大学,湖南,株洲市,否,否,综合类,公办,422,502,431,491,428,521
湖南城市学院,湖南,益阳市,否,否,综合类,公办,374,471,390,472,387,489
湖南理工学院,湖南,岳阳市,否,否,理工类,公办,369,490,406,490,407,509
吉林建筑大学,吉林,长春市,否,否,理工类,公办,378,467,392,470,384,480
长春工程学院,吉林,长春市,否,否,理工类,公办,377,468,390,469,384,487
湖南农业大学,湖南,长沙市,否,否,农林类,公办,403,496,416,498,425,509
南华大学,湖南,衡阳市,否,否,综合类,公办,421,511,426,500,412,509
吉林师范大学,吉林,四平市,否,否,师范类,公办,372,472,402,477,400,496
长沙理工大学,湖南,长沙市,否,否,理工类,公办,457,516,463,502,457,512
湖南科技大学,湖南,湘潭市,否,否,综合类,公办,418,505,420,498,435,514
湘潭大学,湖南,湘潭市,否,否,综合类,公办,462,506,470,535,463,561
长春理工大学,吉林,长春市,否,否,理工类,公办,403,495,447,500,447,519
长春大学,吉林,长春市,否,否,综合类,公办,393,482,406,469,407,498
西北政法大学,陕西,西安市,否,否,政法类,公办,480,551,493,534,506,565
西安财经大学,陕西,西安市,否,否,财经类,公办,451,510,460,509,454,527
西安外国语大学,陕西,西安市,否,否,语言类,公办,426,505,450,517,484,553
青海民族大学,青海,西宁市,否,否,民族类,公办,376,465,397,472,393,484
陕西理工大学,陕西,汉中市,否,否,理工类,公办,397,494,414,491,408,504
青海师范大学,青海,西宁市,否,否,师范类,公办,385,485,401,481,395,494
咸阳师范学院,陕西,咸阳市,否,否,师范类,公办,396,488,411,488,413,503
陕西中医药大学,陕西,咸阳市,否,否,医药类,公办,456,529,466,513,464,529
西安邮电大学,陕西,西安市,否,否,理工类,公办,479,502,485,498,488,522
大理大学,云南,大理白族自治州,否,否,综合类,公办,373,488,406,480,393,500
西安工业大学,陕西,西安市,否,否,理工类,公办,418,499,433,502,429,519
云南财经大学,云南,昆明市,否,否,财经类,公办,397,487,416,485,407,508
西安石油大学,陕西,西安市,否,否,理工类,公办,432,504,436,499,434,526
西安科技大学,陕西,西安市,否,否,理工类,公办,431,496,458,499,454,510
云南民族大学,云南,昆明市,否,否,综合类,公办,388,486,401,484,397,497
延安大学,陕西,延安市,否,否,综合类,公办,387,484,399,483,399,503
安徽财经大学,安徽,蚌埠市,否,否,财经类,公办,400,506,418,496,448,511
陕西师范大学,陕西,西安市,否,是,师范类,公办,539,562,485,546,519,572
西北农林科技大学,陕西,咸阳市,是,是,农林类,公办,482,526,494,534,498,566
上海杉达学院,上海,上海市,否,否,财经类,民办,351,431,361,436,351,446
淮北师范大学,安徽,淮北市,否,否,综合类,公办,401,489,407,488,414,510
华东政法大学,上海,上海市,否,否,政法类,公办,514,553,480,527,536,592
上海立信会计金融学院,上海,上海市,否,否,财经类,公办,411,501,430,491,420,541
上海海事大学,上海,上海市,否,否,理工类,公办,423,521,443,489,443,550
岭南师范学院,广东,湛江市,否,否,师范类,公办,380,472,382,469,389,483
广州大学,广东,广州市,否,否,综合类,公办,406,525,459,523,455,540
广东工业大学,广东,广州市,否,否,理工类,公办,400,496,435,499,462,519
深圳大学,广东,深圳市,否,否,综合类,公办,496,541,510,541,516,566
太原师范学院,山西,晋中市,否,否,师范类,公办,341,479,411,484,409,500
山西大同大学,山西,大同市,否,否,综合类,公办,395,467,407,429,405,502
山西财经大学,山西,太原市,否,否,财经类,公办,410,490,427,498,413,516
西南医科大学,四川,泸州市,否,否,医药类,公办,410,472,489,474,480,490
四川轻化工大学,四川,自贡市,否,否,理工类,公办,387,483,402,481,404,492
山西医科大学,山西,太原市,否,否,医药类,公办,407,488,461,481,437,493
成都信息工程大学,四川,成都市,否,否,理工类,公办,458,508,475,505,467,524
山西农业大学,山西,晋中市,否,否,农林类,公办,385,455,398,485,444,495
中国民用航空飞行学院,四川,德阳市,否,否,理工类,公办,395,467,431,460,418,494
四川师范大学,四川,成都市,否,否,师范类,公办,397,510,437,496,450,552
西南科技大学,四川,绵阳市,否,否,理工类,公办,382,483,407,482,408,506
浙江财经大学,浙江,杭州市,否,否,财经类,公办,414,516,421,522,482,544
浙江工商大学,浙江,杭州市,否,否,财经类,公办,406,517,452,497,462,547
浙江农林大学,浙江,杭州市,否,否,农林类,公办,409,491,425,503,432,524
浙江师范大学,浙江,金华市,否,否,综合类,公办,398,489,467,528,463,550
新疆财经大学,新疆,乌鲁木齐市,否,否,财经类,公办,374,464,398,472,390,485
喀什大学,新疆,喀什地区,否,否,综合类,公办,372,472,388,474,392,486
新疆师范大学,新疆,乌鲁木齐市,否,否,师范类,公办,379,474,402,481,399,495
成都理工大学,四川,成都市,否,否,理工类,公办,432,488,453,517,412,541
西南民族大学,四川,成都市,否,否,民族类,公办,418,516,428,503,449,520
东北财经大学,辽宁,大连市,否,否,财经类,公办,400,542,478,523,463,574
沈阳大学,辽宁,沈阳市,否,否,综合类,公办,398,491,416,485,411,500
大连大学,辽宁,大连市,否,否,综合类,公办,388,469,401,443,410,497
渤海大学,辽宁,锦州市,否,否,综合类,公办,377,480,402,477,395,489
大连民族大学,辽宁,大连市,否,否,民族类,公办,390,471,405,474,406,491
鞍山师范学院,辽宁,鞍山市,否,否,师范类,公办,386,471,384,472,399,476
中国刑事警察学院,辽宁,沈阳市,否,否,政法类,公办,485,522,448,489,446,559
重庆三峡学院,重庆,重庆市,否,否,综合类,公办,379,444,403,482,397,499
九江学院,江西,九江市,否,否,综合类,公办,377,466,383,468,392,487
长江师范学院,重庆,重庆市,否,否,师范类,公办,374,496,396,495,390,513
江西科技师范大学,江西,南昌市,否,否,师范类,公办,397,492,431,505,438,523
上饶师范学院,江西,上饶市,否,否,师范类,公办,385,474,406,477,408,495
西南政法大学,重庆,重庆市,否,否,政法类,公办,501,553,513,517,476,581
重庆师范大学,重庆,重庆市,否,否,师范类,公办,397,518,476,520,469,542
东华理工大学,江西,南昌市,否,否,理工类,公办,414,497,423,492,423,507
江西财经大学,江西,南昌市,否,否,财经类,公办,451,510,447,523,485,551
江西师范大学,江西,南昌市,否,否,师范类,公办,397,521,436,516,442,540
江苏大学,江苏,镇江市,否,否,综合类,公办,455,521,460,506,458,540
南京林业大学,江苏,南京市,否,否,农林类,公办,430,520,443,521,435,546
南京信息工程大学,江苏,南京市,否,否,综合类,公办,493,521,494,513,491,520
江西理工大学,江西,赣州市,否,否,理工类,公办,414,504,423,489,425,519
南京财经大学,江苏,南京市,否,否,财经类,公办,401,521,442,515,446,540
苏州科技大学,江苏,苏州市,否,否,综合类,公办,417,497,424,501,432,528
江苏科技大学,江苏,镇江市,否,否,理工类,公办,438,492,438,502,435,517
常州大学,江苏,常州市,否,否,理工类,公办,419,497,427,495,426,518
盐城师范学院,江苏,盐城市,否,否,师范类,公办,381,466,395,470,390,482
淮阴工学院,江苏,淮安市,否,否,理工类,公办,376,467,392,472,377,478
南京审计大学,江苏,南京市,否,否,财经类,公办,447,544,478,506,454,576
南京工程学院,江苏,南京市,否,否,理工类,公办,402,470,408,471,412,500
北京理工大学,北京,北京市,是,是,理工类,公办,596,509,580,567,590,597
东北师范大学,吉林,长春市,否,是,师范类,公办,454,556,540,558,527,580
清华大学,北京,北京市,是,是,综合类,公办,640,642,637,619,649,665
东北农业大学,黑龙江,哈尔滨市,否,是,农林类,公办,432,514,445,505,434,530
上海外国语大学,上海,上海市,否,是,语言类,公办,485,557,514,560,512,587
复旦大学,上海,上海市,是,是,综合类,公办,524,626,617,610,631,649
华东师范大学,上海,上海市,是,是,师范类,公办,569,608,577,584,579,612
延边大学,吉林,延边朝鲜族自治州,否,是,综合类,公办,437,503,453,510,436,530
武汉理工大学,湖北,武汉市,否,是,理工类,公办,499,545,511,530,513,571
华中科技大学,湖北,武汉市,是,是,综合类,公办,575,520,522,572,579,607
山东大学,山东,济南市,是,是,综合类,公办,524,569,521,487,520,605
上海交通大学,上海,上海市,是,是,综合类,公办,625,628,622,606,631,646
中南大学,湖南,长沙市,是,是,综合类,公办,492,572,494,553,537,591
吉林大学,吉林,长春市,是,是,综合类,公办,529,492,513,552,486,588
中国地质大学（武汉）,湖北,武汉市,否,是,理工类,公办,475,537,475,508,481,569
重庆大学,重庆,重庆市,是,是,综合类,公办,537,553,534,559,506,588
苏州大学,江苏,苏州市,否,是,综合类,公办,485,556,426,551,520,585
中国药科大学,江苏,南京市,否,是,医药类,公办,476,500,481,535,474,568
河海大学,江苏,南京市,否,是,综合类,公办,409,554,512,544,511,573
浙江大学,浙江,杭州市,是,是,综合类,公办,621,612,612,598,627,633
南京大学,江苏,南京市,是,是,综合类,公办,608,612,601,597,616,632
中国矿业大学,江苏,徐州市,否,是,综合类,公办,409,545,476,536,470,558
南昌大学,江西,南昌市,否,是,综合类,公办,457,548,454,539,492,564
西北工业大学,陕西,西安市,是,是,理工类,公办,566,563,552,551,558,580
暨南大学,广东,广州市,否,是,综合类,公办,438,513,451,535,508,576
中山大学,广东,广州市,是,是,综合类,公办,411,600,553,573,564,609
福州大学,福建,福州市,否,是,理工类,公办,397,530,484,516,485,568
厦门大学,福建,厦门市,是,是,综合类,公办,547,595,550,563,559,610
西南财经大学,四川,成都市,否,是,财经类,公办,480,559,454,545,516,536
四川大学,四川,成都市,是,是,综合类,公办,528,582,546,574,553,567
华南师范大学,广东,广州市,否,是,师范类,公办,485,551,504,537,505,569
兰州大学,甘肃,兰州市,是,是,综合类,公办,485,547,524,545,527,560
天津职业技术师范大学,天津,天津市,否,否,师范类,公办,383,482,405,487,399,506
中国民航大学,天津,天津市,否,否,理工类,公办,453,520,448,510,453,517
天津外国语大学,天津,天津市,否,否,语言类,公办,427,497,452,497,452,517
天津商业大学,天津,天津市,否,否,财经类,公办,401,493,414,491,419,509
天津财经大学,天津,天津市,否,否,财经类,公办,417,494,422,497,468,526
天津科技大学,天津,天津市,否,否,理工类,公办,409,502,430,490,441,537
天津师范大学,天津,天津市,否,否,师范类,公办,402,499,471,529,469,565
新疆大学,新疆,乌鲁木齐市,否,是,综合类,公办,403,509,434,490,434,526
济南大学,山东,济南市,否,否,综合类,公办,409,494,420,509,438,537
安徽农业大学,安徽,合肥市,否,否,农林类,公办,407,515,414,504,422,525
德州学院,山东,德州市,否,否,综合类,公办,374,478,378,477,390,493
郑州大学,河南,郑州市,否,是,综合类,公办,467,542,459,487,485,570
中国海洋大学,山东,青岛市,是,是,综合类,公办,484,550,477,489,522,582
南开大学,天津,天津市,是,是,综合类,公办,561,604,556,585,587,621
湖南师范大学,湖南,长沙市,否,是,师范类,公办,452,543,414,520,509,574
对外经济贸易大学,北京,北京市,否,是,财经类,公办,519,576,519,568,464,592
北京师范大学,北京,北京市,是,是,师范类,公办,536,552,519,587,580,622
西南交通大学,四川,成都市,否,是,理工类,公办,491,547,497,542,482,574
北京中医药大学,北京,北京市,否,是,医药类,公办,489,551,502,524,453,585
北京航空航天大学,北京,北京市,是,是,理工类,公办,605,591,599,578,604,607
中国人民大学,北京,北京市,是,是,综合类,公办,595,619,601,605,608,642
中央民族大学,北京,北京市,是,是,民族类,公办,455,561,506,549,513,575
湖南大学,湖南,长沙市,是,是,综合类,公办,397,565,531,534,535,596
武汉大学,湖北,武汉市,是,是,综合类,公办,569,608,558,585,577,622
北京外国语大学,北京,北京市,否,是,语言类,公办,435,489,487,563,550,598
西北大学,陕西,西安市,否,是,综合类,公办,465,551,414,541,497,574
长安大学,陕西,西安市,否,是,理工类,公办,478,547,488,540,491,564
云南大学,云南,昆明市,否,是,综合类,公办,446,539,430,528,495,564
大连海事大学,辽宁,大连市,否,是,理工类,公办,470,543,476,531,481,559
北京大学,北京,北京市,是,是,综合类,公办,644,635,643,620,643,658
