﻿名称,省,市,985,211,学校类型,学校属性,2023年物理类录取分数,2023年历史类录取分数,2022年物理类录取分数,2022年历史类录取分数,2021年物理类录取分数,2021年历史类录取分数
烟台科技学院,山东,烟台市,否,否,综合类,民办,464,431,457,469,449,481
江苏海洋大学,江苏,连云港市,否,否,理工类,公办,516,536,510,537,509,539
郑州西亚斯学院,河南,郑州市,否,否,综合类,民办,468,469,463,481,448,489
西藏农牧学院,西藏,林芝市,否,否,农林类,公办,459,466,455,479,434,488
南京审计大学金审学院,江苏,南京市,否,否,财经类,民办,475,498,479,509,492,517
中国石油大学（北京）克拉玛依校区,新疆,克拉玛依市,否,是,理工类,公办,559,566,546,566,545,565
滇西应用技术大学,云南,大理白族自治州,否,否,综合类,公办,482,505,478,502,466,510
鄂尔多斯应用技术学院,内蒙古,鄂尔多斯市,否,否,理工类,公办,471,470,462,484,456,493
哈尔滨工业大学（深圳）,广东,深圳市,是,是,理工类,公办,658,618,641,623,650,629
中国社会科学院大学,北京,北京市,否,否,综合类,公办,606,613,601,616,631,622
内蒙古艺术学院,内蒙古,呼和浩特市,否,否,艺术类,公办,466,462,465,480,446,488
温州肯恩大学,浙江,温州市,否,否,综合类,中外合作办学,514,521,496,522,451,517
合肥工业大学宣城校区,安徽,宣城市,否,是,综合类,公办,553,585,568,589,545,593
中国人民大学（苏州校区）,江苏,苏州市,是,是,综合类,公办,637,623,621,613,631,615
江苏第二师范学院,江苏,南京市,否,否,师范类,公办,526,534,523,546,527,550
大连理工大学盘锦校区,辽宁,盘锦市,是,是,理工类,公办,598,597,588,597,593,600
河南牧业经济学院,河南,郑州市,否,否,财经类,公办,467,473,469,490,461,495
营口理工学院,辽宁,营口市,否,否,理工类,公办,472,491,485,507,486,512
河北中医药大学,河北,石家庄市,否,否,医药类,公办,497,492,487,505,479,510
山东农业工程学院,山东,济南市,否,否,农林类,公办,491,498,490,509,488,514
山东管理学院,山东,济南市,否,否,综合类,公办,483,506,477,520,519,534
四川电影电视学院,四川,成都市,否,否,艺术类,民办,344,448,330,301,237,502
张家口学院,河北,张家口市,否,否,综合类,公办,460,430,468,481,459,484
南昌师范学院,江西,南昌市,否,否,师范类,公办,491,520,489,521,494,520
山西传媒学院,山西,晋中市,否,否,艺术类,公办,448,463,490,520,489,525
河北环境工程学院,河北,秦皇岛市,否,否,理工类,公办,466,468,464,483,453,487
华北理工大学冀唐学院,河北,唐山市,否,否,医药类,民办,480,469,466,481,457,485
南昌工学院,江西,南昌市,否,否,理工类,民办,443,457,440,453,435,457
河北科技学院,河北,唐山市,否,否,理工类,民办,439,430,430,443,412,454
山西工商学院,山西,太原市,否,否,财经类,民办,454,453,447,466,440,472
安徽外国语学院,安徽,合肥市,否,否,语言类,民办,460,452,449,475,433,483
山东协和学院,山东,济南市,否,否,医药类,民办,458,434,454,459,439,466
郑州升达经贸管理学院,河南,郑州市,否,否,财经类,民办,459,456,458,472,445,476
广东科技学院,广东,东莞市,否,否,综合类,民办,441,430,444,448,426,457
广西外国语学院,广西,南宁市,否,否,语言类,民办,441,430,443,451,421,464
华北理工大学轻工学院,河北,唐山市,否,否,理工类,民办,442,430,435,456,419,462
陕西学前师范学院,陕西,西安市,否,否,师范类,公办,494,538,494,535,505,526
天津外国语大学滨海外事学院,天津,天津市,否,否,语言类,民办,461,458,459,474,447,466
浙江外国语学院,浙江,杭州市,否,否,语言类,公办,503,462,525,541,537,556
新疆政法学院,新疆,自治区直辖县级行政区划,否,否,政法类,公办,467,475,463,484,448,492
南宁理工学院,广西,南宁市,否,否,理工类,民办,439,430,432,445,412,454
内蒙古科技大学包头师范学院,内蒙古,包头市,否,否,师范类,公办,487,488,487,500,472,500
银川科技学院,宁夏,银川市,否,否,综合类,民办,443,439,433,452,412,458
北京第二外国语学院,北京,北京市,否,否,语言类,公办,557,547,560,584,584,590
山东女子学院,山东,济南市,否,否,综合类,公办,495,495,485,505,474,509
山东青年政治学院,山东,济南市,否,否,综合类,公办,518,503,510,514,506,518
宁夏大学新华学院,宁夏,银川市,否,否,综合类,民办,455,448,454,470,436,472
贵州黔南经济学院,贵州,黔南布依族苗族自治州,否,否,财经类,民办,451,458,443,466,446,479
西安科技大学高新学院,陕西,西安市,否,否,理工类,民办,463,455,457,471,446,476
西安明德理工学院,陕西,西安市,否,否,综合类,民办,455,448,452,466,437,469
西安工商学院,陕西,西安市,否,否,综合类,民办,343,455,453,471,430,470
西安交通大学城市学院,陕西,西安市,否,否,理工类,民办,464,463,458,478,447,494
江苏科技大学苏州理工学院,江苏,苏州市,否,否,理工类,民办,467,481,474,489,466,496
南京邮电大学通达学院,江苏,扬州市,否,否,综合类,民办,497,493,486,503,480,508
江苏师范大学科文学院,江苏,徐州市,否,否,综合类,民办,461,467,463,488,453,491
苏州大学应用技术学院,江苏,苏州市,否,否,综合类,民办,474,471,462,497,453,496
南京工业大学浦江学院,江苏,南京市,否,否,理工类,民办,474,464,468,477,461,479
黑龙江财经学院,黑龙江,哈尔滨市,否,否,财经类,民办,441,437,436,455,416,460
黑龙江工程学院昆仑旅游学院,黑龙江,哈尔滨市,否,否,理工类,民办,439,430,430,443,268,212
哈尔滨石油学院,黑龙江,哈尔滨市,否,否,理工类,民办,447,443,438,454,416,462
哈尔滨广厦学院,黑龙江,哈尔滨市,否,否,综合类,民办,448,442,435,456,417,467
哈尔滨剑桥学院,黑龙江,哈尔滨市,否,否,综合类,民办,439,430,433,451,417,459
黑龙江工商学院,黑龙江,哈尔滨市,否,否,综合类,民办,441,431,430,446,412,454
昆明理工大学津桥学院,云南,昆明市,否,否,理工类,民办,446,452,442,472,428,474
昆明传媒学院,云南,昆明市,否,否,艺术类,民办,444,437,431,451,434,459
丽江文化旅游学院,云南,丽江市,否,否,综合类,民办,439,431,430,445,412,454
滇池学院,云南,昆明市,否,否,综合类,民办,445,435,443,456,429,466
聊城大学东昌学院,山东,聊城市,否,否,综合类,民办,464,469,457,480,446,485
潍坊理工学院,山东,潍坊市,否,否,综合类,民办,378,294,344,233,266,295
齐鲁理工学院,山东,济南市,否,否,综合类,民办,456,438,451,466,436,469
青岛农业大学海都学院,山东,烟台市,否,否,综合类,民办,463,464,459,477,449,487
青岛工学院,山东,青岛市,否,否,综合类,民办,443,446,450,463,422,463
泰山科技学院,山东,泰安市,否,否,理工类,民办,454,445,441,463,439,476
西南交通大学希望学院,四川,成都市,否,否,综合类,民办,469,466,463,479,463,473
西南财经大学天府学院,四川,绵阳市,否,否,财经类,民办,441,489,482,495,483,504
四川大学锦江学院,四川,眉山市,否,否,综合类,民办,470,473,463,485,452,489
四川文化艺术学院,四川,绵阳市,否,否,艺术类,民办,454,445,441,455,428,477
绵阳城市学院,四川,绵阳市,否,否,理工类,民办,458,457,454,472,436,477
成都锦城学院,四川,成都市,否,否,综合类,民办,468,456,467,489,435,489
成都外国语学院,四川,成都市,否,否,语言类,民办,468,431,455,465,412,480
成都文理学院,四川,成都市,否,否,综合类,民办,270,471,382,300,217,330
成都银杏酒店管理学院,四川,成都市,否,否,财经类,民办,459,452,454,469,438,476
成都理工大学工程技术学院,四川,乐山市,否,否,理工类,民办,465,473,461,478,453,489
成都大学,四川,成都市,否,否,综合类,公办,533,520,527,552,532,555
新疆科技学院,新疆,巴音郭楞蒙古自治州,否,否,财经类,公办,461,465,459,482,443,488
新疆理工学院,新疆,阿克苏地区,否,否,理工类,公办,462,465,457,482,444,488
东莞城市学院,广东,东莞市,否,否,理工类,民办,447,430,433,445,418,462
张家界学院,湖南,张家界市,否,否,综合类,民办,463,462,458,475,450,481
湖南理工学院南湖学院,湖南,岳阳市,否,否,理工类,民办,466,466,461,483,449,490
湖南文理学院芙蓉学院,湖南,常德市,否,否,综合类,民办,470,478,462,478,452,484
南华大学船山学院,湖南,衡阳市,否,否,综合类,民办,470,473,464,482,451,487
湖南工业大学科技学院,湖南,株洲市,否,否,综合类,民办,463,461,459,475,444,480
湖南科技大学潇湘学院,湖南,湘潭市,否,否,综合类,民办,472,479,470,488,458,494
长沙理工大学城南学院,湖南,长沙市,否,否,理工类,民办,466,470,459,482,458,486
湖南农业大学东方科技学院,湖南,长沙市,否,否,综合类,民办,463,463,457,473,443,476
湘潭理工学院,湖南,湘潭市,否,否,理工类,民办,456,451,449,471,442,477
长沙工业学院,湖南,长沙市,否,否,理工类,公办,471,464,468,479,457,482
湖南第一师范学院,湖南,长沙市,否,否,师范类,公办,530,552,527,531,526,539
湖北恩施学院,湖北,恩施土家族苗族自治州,否,否,综合类,民办,360,307,384,357,234,331
湖北工程学院新技术学院,湖北,孝感市,否,否,综合类,民办,462,459,457,475,445,481
武汉文理学院,湖北,武汉市,否,否,综合类,民办,456,446,451,472,439,474
郑州科技学院,河南,郑州市,否,否,理工类,民办,347,288,326,286,213,306
郑州商学院,河南,郑州市,否,否,财经类,民办,459,456,455,472,450,481
安阳学院,河南,安阳市,否,否,综合类,民办,461,462,456,475,442,480
南昌大学共青学院,江西,九江市,否,否,综合类,民办,452,451,456,477,442,471
南昌应用技术师范学院,江西,南昌市,否,否,师范类,民办,460,448,450,465,422,454
景德镇艺术职业大学,江西,景德镇市,否,否,艺术类,民办,457,256,446,357,423,236
赣南师范大学科技学院,江西,赣州市,否,否,师范类,民办,470,469,464,482,453,489
江西财经大学现代经济管理学院,江西,九江市,否,否,财经类,民办,462,454,460,476,442,476
南昌医学院,江西,南昌市,否,否,医药类,公办,504,506,500,497,497,519
赣东学院,江西,抚州市,否,否,综合类,公办,487,479,476,492,460,500
赣南科技学院,江西,赣州市,否,否,理工类,公办,479,496,475,502,461,500
南昌交通学院,江西,南昌市,否,否,理工类,民办,462,453,456,471,450,474
江西师范大学科学技术学院,江西,九江市,否,否,综合类,民办,465,464,458,478,448,485
江西农业大学南昌商学院,江西,九江市,否,否,综合类,民办,458,456,456,471,439,472
南昌大学科学技术学院,江西,九江市,否,否,综合类,民办,460,457,456,472,440,476
厦门工学院,福建,厦门市,否,否,理工类,民办,448,449,442,467,435,475
合肥城市学院,安徽,合肥市,否,否,理工类,民办,456,453,454,466,431,467
浙江越秀外国语学院,浙江,绍兴市,否,否,语言类,民办,447,439,451,449,434,464
宁波财经学院,浙江,宁波市,否,否,财经类,民办,447,441,445,458,429,469
上海财经大学浙江学院,浙江,金华市,否,否,财经类,民办,494,470,492,513,494,524
温州商学院,浙江,温州市,否,否,财经类,民办,395,401,379,426,318,409
浙江工商大学杭州商学院,浙江,杭州市,否,否,财经类,民办,467,467,469,482,471,474
绍兴文理学院元培学院,浙江,绍兴市,否,否,综合类,民办,451,455,446,471,416,473
宁波大学科学技术学院,浙江,宁波市,否,否,综合类,民办,454,449,448,476,438,481
浙大城市学院,浙江,杭州市,否,否,综合类,公办,515,540,532,549,536,554
广西中医药大学赛恩斯新医药学院,广西,南宁市,否,否,医药类,民办,470,443,463,475,445,481
广西民族大学相思湖学院,广西,南宁市,否,否,民族类,民办,455,431,453,449,432,470
柳州工学院,广西,柳州市,否,否,理工类,民办,440,430,433,461,412,461
桂林信息科技学院,广西,桂林市,否,否,理工类,民办,440,430,430,446,412,454
桂林学院,广西,桂林市,否,否,综合类,民办,449,450,451,464,434,465
广西民族师范学院,广西,崇左市,否,否,师范类,公办,474,469,466,484,459,489
甘肃民族师范学院,甘肃,甘南藏族自治州,否,否,师范类,公办,481,479,474,495,462,497
大连艺术学院,辽宁,大连市,否,否,艺术类,民办,439,430,430,446,412,454
大连东软信息学院,辽宁,大连市,否,否,理工类,民办,439,433,433,448,412,456
沈阳科技学院,辽宁,沈阳市,否,否,理工类,民办,441,434,433,452,412,457
大连医科大学中山学院,辽宁,大连市,否,否,医药类,民办,461,447,449,466,456,471
辽宁何氏医学院,辽宁,沈阳市,否,否,医药类,民办,457,439,448,454,432,460
辽宁中医药大学杏林学院,辽宁,沈阳市,否,否,医药类,民办,460,457,453,468,437,465
沈阳城市建设学院,辽宁,沈阳市,否,否,理工类,民办,439,435,432,452,412,458
辽宁师范大学海华学院,辽宁,大连市,否,否,综合类,民办,451,434,446,458,413,454
大连科技学院,辽宁,大连市,否,否,理工类,民办,450,436,440,451,416,454
沈阳城市学院,辽宁,沈阳市,否,否,综合类,民办,440,430,431,446,412,456
山西晋中理工学院,山西,晋中市,否,否,理工类,民办,463,454,457,466,440,467
晋中信息学院,山西,晋中市,否,否,理工类,民办,462,454,456,468,439,464
山西工学院,山西,朔州市,否,否,理工类,公办,479,488,475,495,461,498
内蒙古大学创业学院,内蒙古,呼和浩特市,否,否,综合类,民办,462,462,455,474,441,478
长春大学旅游学院,吉林,长春市,否,否,综合类,民办,439,430,431,444,413,455
长春财经学院,吉林,长春市,否,否,财经类,民办,441,435,439,453,418,454
长春光华学院,吉林,长春市,否,否,综合类,民办,445,431,442,444,428,457
天津天狮学院,天津,天津市,否,否,综合类,民办,449,451,446,469,437,475
天津财经大学珠江学院,天津,天津市,否,否,综合类,民办,459,461,461,476,445,480
天津理工大学中环信息学院,天津,天津市,否,否,综合类,民办,467,463,461,477,450,485
北京科技大学天津学院,天津,天津市,否,否,综合类,民办,454,465,458,482,450,465
天津医科大学临床医学院,天津,天津市,否,否,医药类,民办,463,432,462,474,450,478
天津商业大学宝德学院,天津,天津市,否,否,财经类,民办,462,459,458,474,446,478
民政职业大学,北京,北京市,否,否,政法类,公办,404,359,384,374,288,415
银川能源学院,宁夏,银川市,否,否,理工类,民办,439,434,433,451,412,454
宁夏理工学院,宁夏,石嘴山市,否,否,理工类,民办,442,434,433,449,413,456
西安交通工程学院,陕西,西安市,否,否,理工类,民办,462,456,457,467,447,352
西安信息职业大学,陕西,西安市,否,否,理工类,民办,455,444,442,459,444,221
西安汽车职业大学,陕西,西安市,否,否,理工类,民办,452,451,455,200,446,200
西安欧亚学院,陕西,西安市,否,否,财经类,民办,446,445,442,464,436,465
陕西国际商贸学院,陕西,咸阳市,否,否,财经类,民办,451,449,448,463,422,464
陕西科技大学镐京学院,陕西,咸阳市,否,否,理工类,民办,443,435,437,444,412,454
西安建筑科技大学华清学院,陕西,西安市,否,否,理工类,民办,458,460,454,475,445,480
无锡太湖学院,江苏,无锡市,否,否,综合类,民办,453,454,455,471,442,477
哈尔滨体育学院,黑龙江,哈尔滨市,否,否,体育类,公办,480,483,472,503,461,508
云南经济管理学院,云南,昆明市,否,否,财经类,民办,445,438,432,446,412,458
昆明文理学院,云南,昆明市,否,否,师范类,民办,449,448,442,465,415,460
滇西科技师范学院,云南,临沧市,否,否,师范类,公办,484,486,477,498,468,501
普洱学院,云南,普洱市,否,否,综合类,公办,483,484,476,494,466,498
青岛黄海学院,山东,青岛市,否,否,综合类,民办,449,444,446,457,428,459
山东华宇工学院,山东,德州市,否,否,理工类,民办,451,445,443,454,428,459
山东现代学院,山东,济南市,否,否,综合类,民办,455,432,453,470,439,465
山东外事职业大学,山东,威海市,否,否,综合类,民办,353,252,322,202,200,289
山东工程职业技术大学,山东,济南市,否,否,理工类,民办,459,256,449,465,434,482
山东外国语职业技术大学,山东,日照市,否,否,语言类,民办,453,447,446,461,430,469
青岛恒星科技学院,山东,青岛市,否,否,综合类,民办,439,434,437,453,419,459
烟台南山学院,山东,烟台市,否,否,综合类,民办,459,456,454,471,440,480
齐鲁医药学院,山东,淄博市,否,否,医药类,民办,472,442,464,466,416,486
潍坊科技学院,山东,潍坊市,否,否,综合类,民办,460,463,454,477,440,481
山东英才学院,山东,济南市,否,否,综合类,民办,442,431,430,450,413,458
济宁学院,山东,济宁市,否,否,综合类,公办,490,521,487,531,481,535
新疆天山职业技术大学,新疆,乌鲁木齐市,否,否,综合类,民办,451,436,445,462,431,477
广东外语外贸大学南国商学院,广东,广州市,否,否,综合类,民办,463,445,463,475,420,480
广州城市理工学院,广东,广州市,否,否,理工类,民办,448,430,441,460,412,462
华南农业大学珠江学院,广东,广州市,否,否,综合类,民办,439,434,452,462,430,465
广州商学院,广东,广州市,否,否,财经类,民办,440,434,436,444,421,455
湖南信息学院,湖南,长沙市,否,否,理工类,民办,364,311,361,291,367,327
湖南汽车工程职业大学,湖南,株洲市,否,否,理工类,公办,391,355,386,304,381,325
湖南女子学院,湖南,长沙市,否,否,综合类,公办,489,483,487,490,484,484
湖南医药学院,湖南,怀化市,否,否,医药类,公办,514,509,508,515,506,523
湖南财政经济学院,湖南,长沙市,否,否,财经类,公办,503,509,508,524,525,542
武汉生物工程学院,湖北,武汉市,否,否,理工类,民办,471,459,466,471,454,476
武汉晴川学院,湖北,武汉市,否,否,综合类,民办,469,458,461,474,451,481
荆州学院,湖北,荆州市,否,否,理工类,民办,452,448,447,460,418,460
长江大学文理学院,湖北,荆州市,否,否,综合类,民办,464,457,462,473,446,477
湖北师范大学文理学院,湖北,黄石市,否,否,师范类,民办,464,466,454,479,447,484
武汉工程大学邮电与信息工程学院,湖北,武汉市,否,否,理工类,民办,461,460,455,473,443,473
武昌工学院,湖北,武汉市,否,否,综合类,民办,456,448,449,459,434,460
湖北工业大学工程技术学院,湖北,武汉市,否,否,综合类,民办,464,456,459,468,450,472
湖北大学知行学院,湖北,武汉市,否,否,理工类,民办,465,462,458,477,446,485
郑州工程技术学院,河南,郑州市,否,否,理工类,公办,486,493,481,511,471,516
河南财政金融学院,河南,郑州市,否,否,财经类,公办,499,496,467,527,509,533
新乡学院,河南,新乡市,否,否,综合类,公办,476,489,472,498,467,503
泉州信息工程学院,福建,泉州市,否,否,理工类,民办,444,436,449,452,423,460
厦门华厦学院,福建,厦门市,否,否,综合类,民办,457,459,449,470,434,475
福州大学至诚学院,福建,福州市,否,否,综合类,民办,456,461,451,476,433,477
阳光学院,福建,福州市,否,否,综合类,民办,439,432,439,450,414,454
厦门大学嘉庚学院,福建,漳州市,否,否,综合类,民办,466,467,470,486,463,497
武夷学院,福建,南平市,否,否,综合类,公办,479,485,493,504,489,511
合肥师范学院,安徽,合肥市,否,否,师范类,公办,487,490,480,518,468,523
池州学院,安徽,池州市,否,否,综合类,公办,481,481,478,493,467,513
浙江广厦建设职业技术大学,浙江,金华市,否,否,理工类,民办,449,442,439,461,417,467
南宁学院,广西,南宁市,否,否,理工类,民办,442,443,447,470,434,479
桂林旅游学院,广西,桂林市,否,否,财经类,公办,473,474,470,487,463,489
桂林航天工业学院,广西,桂林市,否,否,理工类,公办,489,476,487,505,487,512
广西科技师范学院,广西,来宾市,否,否,师范类,公办,477,489,475,499,469,505
兰州资源环境职业技术大学,甘肃,兰州市,否,否,理工类,公办,465,397,465,400,220,390
兰州文理学院,甘肃,兰州市,否,否,综合类,公办,484,443,484,504,485,510
辽宁传媒学院,辽宁,沈阳市,否,否,艺术类,民办,457,452,447,459,427,461
沈阳工学院,辽宁,抚顺市,否,否,理工类,民办,444,431,431,452,412,457
朝阳师范学院,辽宁,朝阳市,否,否,师范类,公办,361,370,412,429,378,440
山西应用科技学院,山西,太原市,否,否,综合类,民办,459,454,452,470,438,471
山西工程科技职业大学,山西,晋中市,否,否,理工类,公办,471,475,388,336,222,343
太原学院,山西,太原市,否,否,综合类,公办,483,496,480,511,479,513
吕梁学院,山西,吕梁市,否,否,综合类,公办,471,478,466,490,457,491
长春人文学院,吉林,长春市,否,否,综合类,民办,456,475,451,482,438,472
吉林建筑科技学院,吉林,长春市,否,否,理工类,民办,439,280,431,224,424,466
吉林警察学院,吉林,长春市,否,否,政法类,公办,464,470,507,487,509,496
吉林工商学院,吉林,长春市,否,否,财经类,公办,481,503,478,511,471,517
天津仁爱学院,天津,天津市,否,否,综合类,民办,443,450,437,475,428,480
六盘水师范学院,贵州,六盘水市,否,否,师范类,公办,484,489,465,507,460,510
河北工程大学科信学院,河北,邯郸市,否,否,理工类,民办,460,431,455,466,441,472
河北农业大学现代科技学院,河北,保定市,否,否,农林类,民办,462,460,457,473,445,477
石家庄铁道大学四方学院,河北,石家庄市,否,否,理工类,民办,462,430,457,460,446,474
河北经贸大学经济管理学院,河北,石家庄市,否,否,财经类,民办,464,457,459,473,450,473
河北医科大学临床学院,河北,石家庄市,否,否,医药类,民办,489,480,473,483,465,487
内蒙古鸿德文理学院,内蒙古,呼和浩特市,否,否,综合类,民办,459,456,454,471,440,469
贵州师范学院,贵州,贵阳市,否,否,师范类,公办,503,493,495,500,493,501
贵州商学院,贵州,贵阳市,否,否,财经类,公办,485,488,489,512,492,518
兰州博文科技学院,甘肃,兰州市,否,否,理工类,民办,452,444,448,455,435,464
延安大学西安创新学院,陕西,西安市,否,否,综合类,民办,456,456,448,459,428,479
青海大学昆仑学院,青海,西宁市,否,否,理工类,公办,462,458,456,475,441,479
大连财经学院,辽宁,大连市,否,否,财经类,民办,443,450,444,473,451,481
南通理工学院,江苏,南通市,否,否,综合类,民办,439,443,447,458,435,471
山东财经大学东方学院,山东,泰安市,否,否,综合类,民办,448,460,462,476,455,480
河北东方学院,河北,廊坊市,否,否,综合类,民办,444,430,436,448,418,454
信阳学院,河南,信阳市,否,否,综合类,民办,461,476,457,487,447,490
琼台师范学院,海南,海口市,否,否,师范类,公办,471,475,488,494,489,497
亳州学院,安徽,亳州市,否,否,综合类,公办,480,485,471,483,466,499
河南城建学院,河南,平顶山市,否,否,理工类,公办,461,470,476,501,467,503
荆楚理工学院,湖北,荆门市,否,否,理工类,公办,470,491,492,517,492,522
重庆电子科技职业大学,重庆,重庆市,否,否,理工类,公办,440,413,428,418,408,443
重庆机电职业技术大学,重庆,重庆市,否,否,理工类,民办,458,459,452,469,328,359
重庆工商大学派斯学院,重庆,重庆市,否,否,财经类,民办,469,462,465,476,456,481
重庆移通学院,重庆,重庆市,否,否,理工类,民办,465,451,462,468,449,471
重庆财经学院,重庆,重庆市,否,否,财经类,民办,464,467,469,483,462,492
重庆外语外事学院,重庆,重庆市,否,否,语言类,民办,457,446,452,466,430,473
重庆对外经贸学院,重庆,重庆市,否,否,财经类,民办,460,459,458,476,447,479
上海视觉艺术学院,上海,上海市,否,否,艺术类,民办,477,496,462,504,487,526
沧州交通学院,河北,沧州市,否,否,理工类,民办,453,441,445,461,417,459
北京第二外国语学院中瑞酒店管理学院,北京,北京市,否,否,综合类,民办,439,431,430,443,412,454
珠海科技学院,广东,珠海市,否,否,综合类,民办,446,432,450,475,425,477
烟台理工学院,山东,烟台市,否,否,综合类,民办,458,453,455,469,446,473
长春工业大学人文信息学院,吉林,长春市,否,否,综合类,民办,440,430,432,445,412,454
长春建筑学院,吉林,长春市,否,否,理工类,民办,439,431,430,446,412,454
河北师范大学汇华学院,河北,石家庄市,否,否,师范类,民办,466,460,464,479,454,485
无锡学院,江苏,无锡市,否,否,理工类,公办,528,530,507,531,496,531
河北地质大学华信学院,河北,石家庄市,否,否,综合类,民办,451,442,446,463,429,468
北京中医药大学东方学院,河北,廊坊市,否,否,医药类,民办,444,430,432,443,412,454
青岛城市学院,山东,青岛市,否,否,理工类,民办,456,447,453,466,447,472
燕京理工学院,河北,廊坊市,否,否,理工类,民办,446,437,439,453,418,454
海口经济学院,海南,海口市,否,否,综合类,民办,426,410,430,443,412,454
河北传媒学院,河北,石家庄市,否,否,艺术类,民办,456,447,449,467,427,465
四川音乐学院,四川,成都市,否,否,艺术类,公办,506,501,500,519,503,523
吉林动画学院,吉林,长春市,否,否,艺术类,民办,451,435,444,451,421,460
湖北第二师范学院,湖北,武汉市,否,否,师范类,公办,507,512,514,533,516,539
西交利物浦大学,江苏,苏州市,否,否,综合类,中外合作办学,552,545,530,535,531,534
新疆农业职业技术大学,新疆,昌吉回族自治州,否,否,农林类,公办,347,274,344,208,252,300
三亚学院,海南,三亚市,否,否,综合类,民办,439,430,429,442,412,454
黑龙江外国语学院,黑龙江,哈尔滨市,否,否,语言类,民办,441,430,430,443,413,454
河南开封科技传媒学院,河南,开封市,否,否,综合类,民办,457,456,455,474,440,471
河南工程学院,河南,郑州市,否,否,理工类,公办,474,499,485,515,480,522
武汉纺织大学外经贸学院,湖北,武汉市,否,否,综合类,民办,457,458,458,467,447,467
长春电子科技学院,吉林,长春市,否,否,理工类,民办,439,430,432,445,412,454
广州软件学院,广东,广州市,否,否,理工类,民办,464,444,464,451,459,458
大连理工大学城市学院,辽宁,大连市,否,否,理工类,民办,452,448,452,467,433,474
上海外国语大学贤达经济人文学院,上海,上海市,否,否,财经类,民办,441,434,433,452,412,458
北京理工大学珠海学院,广东,珠海市,否,否,理工类,民办,511,472,506,500,510,508
大连工业大学艺术与信息工程学院,辽宁,大连市,否,否,理工类,民办,443,441,437,459,413,464
广州新华学院,广东,广州市,否,否,综合类,民办,447,433,439,460,413,455
武汉体育学院体育科技学院,湖北,武汉市,否,否,体育类,民办,457,458,456,476,442,479
昆明城市学院,云南,昆明市,否,否,综合类,民办,454,457,445,468,413,468
山东政法学院,山东,济南市,否,否,政法类,公办,520,496,520,536,525,543
昆明医科大学海源学院,云南,昆明市,否,否,医药类,民办,473,442,469,459,457,477
吉林师范大学博达学院,吉林,四平市,否,否,师范类,民办,453,431,446,451,442,455
北京师范大学-香港浸会大学联合国际学院,广东,珠海市,否,否,综合类,内地与港澳台地区合作办学,527,534,520,536,508,542
长春科技学院,吉林,长春市,否,否,综合类,民办,440,430,430,444,412,454
兰州城市学院,甘肃,兰州市,否,否,综合类,公办,474,477,472,501,466,512
安顺学院,贵州,安顺市,否,否,综合类,公办,485,489,480,496,467,499
西安医学院,陕西,西安市,否,否,医药类,公办,521,487,516,512,510,524
菏泽学院,山东,菏泽市,否,否,综合类,公办,480,501,477,504,471,499
安康学院,陕西,安康市,否,否,综合类,公办,476,487,483,507,471,505
商洛学院,陕西,商洛市,否,否,综合类,公办,480,504,475,516,472,516
三明学院,福建,三明市,否,否,综合类,公办,484,476,462,485,436,475
河北科技师范学院,河北,秦皇岛市,否,否,师范类,公办,460,445,466,489,440,494
长治学院,山西,长治市,否,否,综合类,公办,496,480,498,488,494,518
北部湾大学,广西,钦州市,否,否,综合类,公办,497,510,489,521,480,526
丽水学院,浙江,丽水市,否,否,综合类,公办,491,511,491,523,491,526
百色学院,广西,百色市,否,否,综合类,公办,471,471,467,489,460,494
龙岩学院,福建,龙岩市,否,否,综合类,公办,480,496,481,513,478,513
海南热带海洋学院,海南,三亚市,否,否,综合类,公办,491,474,486,508,481,513
青岛滨海学院,山东,青岛市,否,否,综合类,民办,460,442,454,461,443,468
辽宁对外经贸学院,辽宁,大连市,否,否,财经类,民办,439,432,431,450,412,454
长沙医学院,湖南,长沙市,否,否,医药类,民办,484,473,475,506,468,514
呼伦贝尔学院,内蒙古,呼伦贝尔市,否,否,综合类,公办,472,501,468,483,459,489
宁夏师范大学,宁夏,固原市,否,否,师范类,公办,478,462,473,498,465,512
贵州工程应用技术学院,贵州,毕节市,否,否,师范类,公办,486,493,488,495,493,494
重庆人文科技学院,重庆,重庆市,否,否,综合类,民办,459,458,456,472,440,477
山东大学（威海）,山东,威海市,是,是,综合类,公办,614,614,602,611,610,616
东北大学秦皇岛分校,河北,秦皇岛市,是,是,理工类,公办,597,596,588,597,599,602
北京大学医学部,北京,北京市,是,是,医药类,公办,674,651,660,644,669,650
宁波诺丁汉大学,浙江,宁波市,否,否,综合类,中外合作办学,544,542,523,540,506,545
集美大学诚毅学院,福建,厦门市,否,否,综合类,民办,466,477,470,503,462,507
山东航空学院,山东,滨州市,否,否,综合类,公办,495,494,478,506,460,509
信阳农林学院,河南,信阳市,否,否,农林类,公办,484,473,478,481,468,503
安徽中医药大学,安徽,合肥市,否,否,医药类,公办,522,529,515,533,512,532
南京财经大学红山学院,江苏,镇江市,否,否,综合类,民办,467,465,463,477,456,478
宁波工程学院,浙江,宁波市,否,否,理工类,公办,505,525,495,533,486,536
湖南涉外经济学院,湖南,长沙市,否,否,财经类,民办,443,438,442,460,413,466
西京学院,陕西,西安市,否,否,理工类,民办,456,451,452,468,441,473
西安翻译学院,陕西,西安市,否,否,语言类,民办,386,317,364,337,235,205
三江学院,江苏,南京市,否,否,综合类,民办,451,456,452,472,436,480
洛阳理工学院,河南,洛阳市,否,否,理工类,公办,491,498,482,504,465,511
武汉城市学院,湖北,武汉市,否,否,理工类,民办,469,459,464,474,469,482
武汉学院,湖北,武汉市,否,否,综合类,民办,455,469,464,482,463,488
保定理工学院,河北,保定市,否,否,理工类,民办,439,430,430,443,413,454
辽宁理工学院,辽宁,锦州市,否,否,理工类,民办,440,430,430,445,412,454
武昌理工学院,湖北,武汉市,否,否,综合类,民办,460,442,454,453,443,456
郑州工商学院,河南,郑州市,否,否,财经类,民办,459,454,451,470,428,470
东南大学成贤学院,江苏,南京市,否,否,综合类,民办,483,467,474,474,465,489
武汉工程科技学院,湖北,武汉市,否,否,理工类,民办,461,280,333,219,275,281
南京特殊教育师范学院,江苏,南京市,否,否,师范类,公办,492,503,491,513,492,516
太原工业学院,山西,太原市,否,否,理工类,公办,478,494,482,517,480,522
电子科技大学成都学院,四川,成都市,否,否,理工类,民办,492,471,487,485,487,496
陕西警察学院,陕西,西安市,否,否,政法类,公办,427,393,421,412,395,418
中国矿业大学徐海学院,江苏,徐州市,否,否,综合类,民办,465,467,460,480,451,485
郑州财经学院,河南,郑州市,否,否,财经类,民办,464,465,456,473,448,479
三峡大学科技学院,湖北,宜昌市,否,否,综合类,民办,463,467,458,476,448,480
北京邮电大学世纪学院,北京,北京市,否,否,综合类,民办,458,461,451,476,435,482
郑州经贸学院,河南,郑州市,否,否,财经类,民办,463,458,456,472,436,477
北京工业大学耿丹学院,北京,北京市,否,否,综合类,民办,446,437,434,445,413,455
北京金融科技学院,北京,北京市,否,否,财经类,民办,439,433,430,443,412,454
汉口学院,湖北,武汉市,否,否,综合类,民办,455,457,452,477,448,484
武昌首义学院,湖北,武汉市,否,否,理工类,民办,468,454,463,480,449,485
西安航空学院,陕西,西安市,否,否,理工类,公办,495,504,511,525,515,527
武汉华夏理工学院,湖北,武汉市,否,否,理工类,民办,460,450,457,471,451,471
天水师范学院,甘肃,天水市,否,否,师范类,公办,471,508,467,511,461,511
陇东学院,甘肃,庆阳市,否,否,综合类,公办,473,464,465,499,460,505
塔里木大学,新疆,自治区直辖县级行政区划,否,否,综合类,公办,466,477,461,507,449,495
曲靖师范学院,云南,曲靖市,否,否,师范类,公办,481,484,478,506,474,504
乐山师范学院,四川,乐山市,否,否,师范类,公办,497,485,481,503,464,502
宜宾学院,四川,宜宾市,否,否,综合类,公办,493,495,487,504,482,512
绵阳师范学院,四川,绵阳市,否,否,师范类,公办,493,504,492,514,496,520
文华学院,湖北,武汉市,否,否,综合类,民办,450,459,454,472,440,475
重庆工商大学,重庆,重庆市,否,否,财经类,公办,502,561,532,570,549,571
浙江传媒学院,浙江,杭州市,否,否,艺术类,公办,450,554,534,566,548,570
淮阴师范学院,江苏,淮安市,否,否,师范类,公办,475,499,488,479,482,526
哈尔滨师范大学,黑龙江,哈尔滨市,否,否,师范类,公办,442,433,530,534,538,540
湖北经济学院法商学院,湖北,武汉市,否,否,财经类,民办,477,483,470,483,461,489
徐州工程学院,江苏,徐州市,否,否,综合类,公办,507,517,502,518,505,523
金陵科技学院,江苏,南京市,否,否,理工类,公办,519,538,513,534,516,537
吉林医药学院,吉林,吉林市,否,否,医药类,公办,493,493,485,503,472,503
广西财经学院,广西,南宁市,否,否,财经类,公办,496,508,506,519,503,525
黑河学院,黑龙江,黑河市,否,否,综合类,公办,470,472,468,487,459,495
昆明学院,云南,昆明市,否,否,综合类,公办,498,499,496,497,493,516
西安文理学院,陕西,西安市,否,否,综合类,公办,489,496,509,515,514,525
赤峰学院,内蒙古,赤峰市,否,否,综合类,公办,476,483,466,494,461,501
重庆文理学院,重庆,重庆市,否,否,综合类,公办,491,484,501,522,500,534
伊犁师范大学,新疆,伊犁哈萨克自治州,否,否,师范类,公办,462,465,461,486,449,493
河池学院,广西,河池市,否,否,综合类,公办,481,469,475,485,461,497
广西中医药大学,广西,南宁市,否,否,医药类,公办,515,570,508,568,510,573
广东金融学院,广东,广州市,否,否,财经类,公办,557,562,540,557,541,547
长沙学院,湖南,长沙市,否,否,综合类,公办,508,472,504,541,502,544
湖北理工学院,湖北,黄石市,否,否,理工类,公办,493,512,495,516,495,519
安庆师范大学,安徽,安庆市,否,否,师范类,公办,505,510,503,525,517,528
阜阳师范大学,安徽,阜阳市,否,否,师范类,公办,501,513,496,533,495,536
福建医科大学,福建,福州市,否,否,医药类,公办,531,527,529,533,531,536
重庆交通大学,重庆,重庆市,否,否,理工类,公办,546,528,547,574,545,580
吉林农业科技学院,吉林,吉林市,否,否,农林类,公办,471,471,465,488,459,498
上海政法学院,上海,上海市,否,否,政法类,公办,550,485,553,571,567,576
上海商学院,上海,上海市,否,否,财经类,公办,503,527,525,530,535,546
重庆科技大学,重庆,重庆市,否,否,理工类,公办,503,523,499,532,504,537
武汉科技大学,湖北,武汉市,否,否,综合类,公办,569,573,560,575,571,580
中国矿业大学（北京）,北京,北京市,否,是,理工类,公办,579,593,575,597,581,601
南方医科大学,广东,广州市,否,否,医药类,公办,578,559,573,564,570,583
贵州大学,贵州,贵阳市,否,是,综合类,公办,548,573,565,584,570,590
西南大学,重庆,重庆市,否,是,综合类,公办,561,595,570,587,576,600
攀枝花学院,四川,攀枝花市,否,否,综合类,公办,490,497,486,502,481,503
江西应用科技学院,江西,南昌市,否,否,综合类,民办,442,449,442,461,226,210
晋中学院,山西,晋中市,否,否,综合类,公办,479,483,471,500,471,494
运城学院,山西,运城市,否,否,综合类,公办,479,488,474,496,466,498
山西中医药大学,山西,晋中市,否,否,医药类,公办,508,474,501,526,500,528
江西职业技术大学,江西,九江市,否,否,综合类,公办,409,383,396,366,249,365
新余学院,江西,新余市,否,否,综合类,公办,487,443,486,503,480,510
萍乡学院,江西,萍乡市,否,否,综合类,公办,478,492,469,505,463,505
黄淮学院,河南,驻马店市,否,否,综合类,公办,476,496,469,510,462,512
河南科技学院,河南,新乡市,否,否,综合类,公办,491,491,494,501,495,504
平顶山学院,河南,平顶山市,否,否,综合类,公办,477,498,474,502,464,505
安阳师范学院,河南,安阳市,否,否,师范类,公办,485,486,480,503,479,507
信阳师范大学,河南,信阳市,否,否,师范类,公办,505,512,496,515,496,518
首都经济贸易大学,北京,北京市,否,否,财经类,公办,558,592,574,592,589,599
河南中医药大学,河南,郑州市,否,否,医药类,公办,519,521,515,536,516,540
江西科技学院,江西,南昌市,否,否,综合类,民办,452,448,443,453,414,456
南昌理工学院,江西,南昌市,否,否,综合类,民办,454,440,454,461,444,460
南昌工程学院,江西,南昌市,否,否,理工类,公办,495,503,492,514,492,530
北京体育大学,北京,北京市,否,是,体育类,公办,528,586,571,585,581,595
西安思源学院,陕西,西安市,否,否,综合类,民办,459,455,444,472,441,476
西安外事学院,陕西,西安市,否,否,综合类,民办,454,290,449,471,439,490
天津中德应用技术大学,天津,天津市,否,否,理工类,公办,505,497,503,527,507,537
南阳理工学院,河南,南阳市,否,否,理工类,公办,488,499,485,512,478,514
安阳工学院,河南,安阳市,否,否,理工类,公办,485,489,484,500,480,501
河南师范大学,河南,新乡市,否,否,师范类,公办,488,494,491,549,435,554
中国石油大学（北京）,北京,北京市,否,是,理工类,公办,588,595,579,597,592,602
华北电力大学,北京,北京市,否,是,理工类,公办,602,602,597,602,610,608
中国地质大学（北京）,北京,北京市,否,是,理工类,公办,585,590,578,601,589,606
吉利学院,四川,成都市,否,否,理工类,民办,449,438,451,451,430,476
首都师范大学科德学院,北京,北京市,否,否,艺术类,民办,439,432,434,443,427,454
武汉商学院,湖北,武汉市,否,否,财经类,公办,505,501,499,506,388,443
四川工业科技学院,四川,德阳市,否,否,综合类,民办,458,454,458,470,442,466
四川文理学院,四川,达州市,否,否,综合类,公办,478,493,485,505,476,505
四川工程职业技术大学,四川,德阳市,否,否,理工类,公办,434,400,415,412,386,423
南通大学,江苏,南通市,否,否,综合类,公办,546,560,541,554,542,556
辽宁工程技术大学,辽宁,阜新市,否,否,理工类,公办,509,521,503,534,500,538
成都东软学院,四川,成都市,否,否,理工类,民办,467,455,457,473,455,485
齐齐哈尔工程学院,黑龙江,齐齐哈尔市,否,否,综合类,民办,439,430,430,444,412,454
黑龙江工业学院,黑龙江,鸡西市,否,否,综合类,公办,479,475,453,491,475,498
哈尔滨信息工程学院,黑龙江,哈尔滨市,否,否,理工类,民办,443,432,433,448,415,457
河北外国语学院,河北,石家庄市,否,否,语言类,民办,439,430,437,443,412,454
河北工程技术学院,河北,石家庄市,否,否,理工类,民办,439,430,431,449,412,454
唐山工业职业技术大学,河北,唐山市,否,否,理工类,公办,422,389,418,411,346,298
哈尔滨职业技术大学,黑龙江,哈尔滨市,否,否,综合类,公办,376,316,384,300,206,340
哈尔滨金融学院,黑龙江,哈尔滨市,否,否,财经类,公办,515,492,512,526,515,536
上海中侨职业技术大学,上海,上海市,否,否,财经类,民办,442,436,439,456,434,464
河北工业职业技术大学,河北,石家庄市,否,否,理工类,公办,462,461,457,481,455,341
河北科技工程职业技术大学,河北,邢台市,否,否,理工类,公办,464,431,458,466,453,488
河北金融学院,河北,保定市,否,否,财经类,公办,483,489,499,505,500,493
河北民族师范学院,河北,承德市,否,否,民族类,公办,473,465,461,485,415,489
邢台医学院,河北,邢台市,否,否,医药类,公办,400,228,376,357,209,384
河北石油职业技术大学,河北,承德市,否,否,理工类,公办,465,465,458,478,457,288
河北水利电力学院,河北,沧州市,否,否,理工类,公办,470,470,465,484,456,489
北华航天工业学院,河北,廊坊市,否,否,理工类,公办,489,482,484,499,479,502
上海立达学院,上海,上海市,否,否,财经类,民办,439,457,447,462,417,464
上海建桥学院,上海,上海市,否,否,财经类,民办,462,440,450,471,461,485
河北美术学院,河北,石家庄市,否,否,艺术类,民办,439,430,437,443,414,454
防灾科技学院,河北,廊坊市,否,否,综合类,公办,502,509,497,522,497,525
沧州师范学院,河北,沧州市,否,否,师范类,公办,473,469,469,483,459,487
保定学院,河北,保定市,否,否,综合类,公办,484,463,479,484,474,482
广州工商学院,广东,广州市,否,否,财经类,民办,441,430,439,443,413,454
邯郸学院,河北,邯郸市,否,否,师范类,公办,468,433,466,483,454,486
石家庄学院,河北,石家庄市,否,否,综合类,公办,486,484,483,498,476,499
衡水学院,河北,衡水市,否,否,综合类,公办,467,466,466,484,456,488
河北体育学院,河北,石家庄市,否,否,体育类,公办,465,468,463,489,453,496
廊坊师范学院,河北,廊坊市,否,否,师范类,公办,440,431,472,485,466,483
唐山师范学院,河北,唐山市,否,否,师范类,公办,468,453,471,482,462,473
山东师范大学,山东,济南市,否,否,师范类,公办,528,554,551,549,562,580
邢台学院,河北,邢台市,否,否,综合类,公办,471,471,467,486,454,488
唐山学院,河北,唐山市,否,否,理工类,公办,473,471,471,488,458,492
石家庄铁道大学,河北,石家庄市,否,否,理工类,公办,524,538,523,547,529,557
河北地质大学,河北,石家庄市,否,否,理工类,公办,506,513,503,517,502,526
华北科技学院,河北,廊坊市,否,否,理工类,公办,495,503,491,512,491,517
河北建筑工程学院,河北,张家口市,否,否,理工类,公办,471,468,452,479,450,497
河北工程大学,河北,邯郸市,否,否,理工类,公办,500,515,494,506,483,518
河北北方学院,河北,张家口市,否,否,综合类,公办,467,468,466,483,456,486
承德医学院,河北,承德市,否,否,医药类,公办,491,484,487,498,479,503
燕山大学,河北,秦皇岛市,否,否,综合类,公办,548,532,533,556,563,568
河北农业大学,河北,保定市,否,否,农林类,公办,500,495,497,514,490,523
华北理工大学,河北,唐山市,否,否,综合类,公办,439,436,500,523,495,525
河北医科大学,河北,石家庄市,否,否,医药类,公办,524,544,525,543,531,536
河北师范大学,河北,石家庄市,否,否,师范类,公办,495,470,499,547,546,544
北京语言大学,北京,北京市,否,否,语言类,公办,569,584,536,596,594,600
华北电力大学保定校区,河北,保定市,否,是,理工类,公办,590,588,580,589,593,594
北京印刷学院,北京,北京市,否,否,理工类,公办,528,542,522,558,528,569
首都师范大学,北京,北京市,否,否,师范类,公办,589,586,587,592,601,604
首都体育学院,北京,北京市,否,否,体育类,公办,516,530,508,543,509,533
北京物资学院,北京,北京市,否,否,财经类,公办,483,558,559,565,569,553
首钢工学院,北京,北京市,否,否,理工类,公办,418,385,410,410,365,394
中国劳动关系学院,北京,北京市,否,否,政法类,公办,517,535,526,545,527,549
北京农学院,北京,北京市,否,否,农林类,公办,515,530,508,538,508,541
北京联合大学,北京,北京市,否,否,综合类,公办,520,541,532,547,536,556
北京工商大学,北京,北京市,否,否,财经类,公办,562,586,557,591,568,595
中国政法大学,北京,北京市,否,是,政法类,公办,617,615,610,618,625,626
中华女子学院,北京,北京市,否,否,语言类,公办,531,530,526,544,524,543
北京服装学院,北京,北京市,否,否,艺术类,公办,500,540,506,549,511,550
中央财经大学,北京,北京市,否,是,财经类,公办,626,621,620,621,636,628
北方工业大学,北京,北京市,否,否,理工类,公办,562,581,566,578,574,585
北京城市学院,北京,北京市,否,否,综合类,民办,466,471,476,446,477,521
中国传媒大学,北京,北京市,否,是,综合类,公办,603,608,599,610,616,616
中国农业大学,北京,北京市,是,是,农林类,公办,589,605,583,601,588,603
北京化工大学,北京,北京市,否,是,理工类,公办,602,600,592,597,603,605
鲁东大学,山东,烟台市,否,否,综合类,公办,505,545,502,550,509,554
烟台大学,山东,烟台市,否,否,综合类,公办,515,498,517,548,514,559
潍坊学院,山东,潍坊市,否,否,综合类,公办,492,466,492,511,492,508
山东第一医科大学,山东,济南市,否,否,医药类,公办,501,520,510,527,496,524
泰山学院,山东,泰安市,否,否,综合类,公办,479,515,473,521,466,526
北方民族大学,宁夏,银川市,否,否,综合类,公办,494,509,485,522,418,507
宁夏大学,宁夏,银川市,否,是,综合类,公办,531,574,547,566,557,566
广西民族大学,广西,南宁市,否,否,民族类,公办,481,507,495,518,495,513
山东农业大学,山东,泰安市,否,否,农林类,公办,506,502,501,537,499,538
南宁师范大学,广西,南宁市,否,否,师范类,公办,503,519,501,532,502,535
山东理工大学,山东,淄博市,否,否,理工类,公办,509,541,500,540,445,543
山东科技大学,山东,青岛市,否,否,理工类,公办,492,526,530,550,507,566
广西科技大学,广西,柳州市,否,否,理工类,公办,505,526,504,529,503,532
山东财经大学,山东,济南市,否,否,财经类,公办,553,568,557,574,566,584
山东交通学院,山东,济南市,否,否,理工类,公办,498,528,497,535,497,536
桂林理工大学,广西,桂林市,否,否,理工类,公办,513,510,510,526,511,529
桂林电子科技大学,广西,桂林市,否,否,理工类,公办,515,508,508,538,546,539
广西师范大学,广西,桂林市,否,否,师范类,公办,453,542,520,549,528,553
内蒙古财经大学,内蒙古,呼和浩特市,否,否,财经类,公办,513,523,515,530,515,535
山东工商学院,山东,烟台市,否,否,财经类,公办,465,507,510,532,513,536
贵州中医药大学,贵州,贵阳市,否,否,医药类,公办,517,488,509,509,498,526
贵州财经大学,贵州,贵阳市,否,否,财经类,公办,502,518,540,555,544,558
内蒙古师范大学,内蒙古,呼和浩特市,否,否,师范类,公办,503,517,491,532,496,529
贵州师范大学,贵州,贵阳市,否,否,师范类,公办,507,480,464,492,456,499
海南师范大学,海南,海口市,否,否,师范类,公办,479,505,516,540,521,542
曲阜师范大学,山东,济宁市,否,否,师范类,公办,516,511,501,523,541,558
青岛理工大学,山东,青岛市,否,否,理工类,公办,471,488,544,563,555,564
内蒙古民族大学,内蒙古,通辽市,否,否,综合类,公办,492,507,487,533,480,532
内蒙古科技大学,内蒙古,包头市,否,否,综合类,公办,495,508,492,524,484,526
海南大学,海南,海口市,否,是,综合类,公办,557,541,549,582,564,590
河西学院,甘肃,张掖市,否,否,综合类,公办,469,469,466,482,461,490
甘肃政法大学,甘肃,兰州市,否,否,政法类,公办,537,548,530,555,527,555
兰州财经大学,甘肃,兰州市,否,否,财经类,公办,466,502,513,536,511,537
青岛大学,山东,青岛市,否,否,综合类,公办,551,568,546,576,560,584
甘肃中医药大学,甘肃,兰州市,否,否,医药类,公办,463,506,491,518,486,519
临沂大学,山东,临沂市,否,否,综合类,公办,510,511,509,534,508,542
西北师范大学,甘肃,兰州市,否,否,师范类,公办,495,509,512,518,532,548
聊城大学,山东,聊城市,否,否,综合类,公办,505,532,506,546,510,548
许昌学院,河南,许昌市,否,否,理工类,公办,487,491,482,500,473,499
甘肃农业大学,甘肃,兰州市,否,否,农林类,公办,493,517,489,529,485,526
青岛农业大学,山东,青岛市,否,否,农林类,公办,505,479,499,534,502,544
河南财经政法大学,河南,郑州市,否,否,财经类,公办,497,527,534,546,548,566
商丘师范学院,河南,商丘市,否,否,师范类,公办,486,468,481,513,476,517
兰州交通大学,甘肃,兰州市,否,否,理工类,公办,500,522,524,534,533,541
南阳师范学院,河南,南阳市,否,否,师范类,公办,484,491,476,503,469,507
周口师范学院,河南,周口市,否,否,师范类,公办,482,494,479,505,471,508
洛阳师范学院,河南,洛阳市,否,否,综合类,公办,498,467,495,536,494,530
兰州理工大学,甘肃,兰州市,否,否,理工类,公办,496,502,478,532,480,539
中原工学院,河南,郑州市,否,否,理工类,公办,486,501,495,516,498,519
西北民族大学,甘肃,兰州市,否,否,综合类,公办,499,483,477,517,492,531
郑州航空工业管理学院,河南,郑州市,否,否,综合类,公办,482,501,496,526,495,528
莆田学院,福建,莆田市,否,否,综合类,公办,505,483,495,490,491,496
闽江学院,福建,福州市,否,否,综合类,公办,522,520,507,532,507,528
闽南师范大学,福建,漳州市,否,否,师范类,公办,488,508,500,527,500,534
泉州师范学院,福建,泉州市,否,否,师范类,公办,476,506,481,517,481,522
福建师范大学,福建,福州市,否,否,师范类,公办,532,537,529,566,528,570
仰恩大学,福建,泉州市,否,否,综合类,民办,448,460,451,477,432,484
集美大学,福建,厦门市,否,否,综合类,公办,535,563,533,568,548,575
西藏民族大学,陕西,咸阳市,否,否,民族类,公办,507,514,505,524,503,503
黄河科技学院,河南,郑州市,否,否,理工类,民办,458,456,455,472,440,473
福建农林大学,福建,福州市,否,否,农林类,公办,505,491,497,543,488,545
河南工业大学,河南,郑州市,否,否,理工类,公办,498,536,501,554,481,556
华侨大学,福建,泉州市,否,否,综合类,公办,521,555,533,559,549,561
华北水利水电大学,河南,郑州市,否,否,理工类,公办,530,531,530,540,538,540
河南理工大学,河南,焦作市,否,否,理工类,公办,508,527,503,537,472,542
河南农业大学,河南,郑州市,否,否,农林类,公办,511,513,511,532,507,534
湖北文理学院,湖北,襄阳市,否,否,综合类,公办,500,502,495,513,504,517
河南科技大学,河南,洛阳市,否,否,综合类,公办,516,499,518,540,516,542
河南大学,河南,开封市,否,否,综合类,公办,540,563,499,566,566,579
郑州轻工业大学,河南,郑州市,否,否,理工类,公办,499,527,519,537,520,540
湖北科技学院,湖北,咸宁市,否,否,综合类,公办,521,497,516,512,510,518
黑龙江东方学院,黑龙江,哈尔滨市,否,否,综合类,民办,441,430,435,453,414,455
齐齐哈尔医学院,黑龙江,齐齐哈尔市,否,否,医药类,公办,494,474,473,498,416,504
湖北民族大学,湖北,恩施土家族苗族自治州,否,否,综合类,公办,494,510,511,522,512,527
黑龙江科技大学,黑龙江,哈尔滨市,否,否,理工类,公办,503,512,503,526,506,527
黑龙江工程学院,黑龙江,哈尔滨市,否,否,理工类,公办,480,498,489,511,485,507
哈尔滨学院,黑龙江,哈尔滨市,否,否,综合类,公办,497,492,497,520,496,523
东北石油大学,黑龙江,大庆市,否,否,理工类,公办,505,515,528,546,530,547
湖北经济学院,湖北,武汉市,否,否,财经类,公办,524,510,520,557,529,556
哈尔滨商业大学,黑龙江,哈尔滨市,否,否,财经类,公办,451,496,506,561,512,565
湖北工程学院,湖北,孝感市,否,否,理工类,公办,502,507,499,524,500,524
牡丹江师范学院,黑龙江,牡丹江市,否,否,师范类,公办,480,463,480,494,472,499
黑龙江中医药大学,黑龙江,哈尔滨市,否,否,医药类,公办,502,496,496,513,494,534
黄冈师范学院,湖北,黄冈市,否,否,师范类,公办,495,522,496,538,497,541
湖北师范大学,湖北,黄石市,否,否,师范类,公办,530,549,528,559,534,552
湖北中医药大学,湖北,武汉市,否,否,医药类,公办,529,510,528,546,523,549
武汉轻工大学,湖北,武汉市,否,否,理工类,公办,536,533,529,542,531,546
武汉工程大学,湖北,武汉市,否,否,理工类,公办,554,558,552,562,563,576
湖北工业大学,湖北,武汉市,否,否,理工类,公办,550,566,552,568,558,575
武汉纺织大学,湖北,武汉市,否,否,理工类,公办,510,542,510,548,523,554
三峡大学,湖北,宜昌市,否,否,综合类,公办,542,524,536,544,546,552
哈尔滨医科大学,黑龙江,哈尔滨市,否,否,医药类,公办,508,526,517,546,515,544
长江大学,湖北,荆州市,否,否,综合类,公办,503,486,526,545,533,551
黑龙江八一农垦大学,黑龙江,大庆市,否,否,农林类,公办,493,494,490,516,483,516
湖北大学,湖北,武汉市,否,否,综合类,公办,488,579,558,579,570,586
齐齐哈尔大学,黑龙江,齐齐哈尔市,否,否,综合类,公办,485,514,490,526,480,529
中南民族大学,湖北,武汉市,否,否,综合类,公办,537,562,531,574,507,568
佳木斯大学,黑龙江,佳木斯市,否,否,综合类,公办,495,523,493,525,488,525
黑龙江大学,黑龙江,哈尔滨市,否,否,综合类,公办,540,540,532,537,536,544
华中师范大学,湖北,武汉市,否,是,师范类,公办,580,597,547,600,602,606
东北林业大学,黑龙江,哈尔滨市,否,是,农林类,公办,547,567,563,584,572,591
邵阳学院,湖南,邵阳市,否,否,综合类,公办,482,501,486,514,481,518
华中农业大学,湖北,武汉市,否,是,农林类,公办,569,585,564,589,576,596
怀化学院,湖南,怀化市,否,否,综合类,公办,483,446,482,511,480,509
湖南文理学院,湖南,常德市,否,否,综合类,公办,482,451,501,528,501,533
中南财经政法大学,湖北,武汉市,否,是,财经类,公办,591,600,587,601,604,608
吉林财经大学,吉林,长春市,否,否,财经类,公办,441,457,513,534,534,559
吉林外国语大学,吉林,长春市,否,否,语言类,民办,449,431,450,472,430,465
白城师范学院,吉林,白城市,否,否,师范类,公办,483,478,473,492,465,498
湖南科技学院,湖南,永州市,否,否,综合类,公办,495,493,492,510,493,511
通化师范学院,吉林,通化市,否,否,师范类,公办,488,471,490,494,485,497
湖南工商大学,湖南,长沙市,否,否,财经类,公办,535,553,543,561,539,564
衡阳师范学院,湖南,衡阳市,否,否,师范类,公办,486,507,494,513,494,519
吉林工程技术师范学院,吉林,长春市,否,否,师范类,公办,473,478,470,502,466,504
长春中医药大学,吉林,长春市,否,否,医药类,公办,511,520,531,535,538,527
湘南学院,湖南,郴州市,否,否,综合类,公办,485,494,477,502,433,508
湖南中医药大学,湖南,长沙市,否,否,医药类,公办,471,503,517,540,522,543
中南林业科技大学,湖南,长沙市,否,否,农林类,公办,442,461,508,535,503,546
吉林化工学院,吉林,吉林市,否,否,理工类,公办,457,492,484,507,477,506
湖南工程学院,湖南,湘潭市,否,否,理工类,公办,491,495,481,519,474,513
湖南工业大学,湖南,株洲市,否,否,综合类,公办,508,460,513,540,501,538
湖南城市学院,湖南,益阳市,否,否,综合类,公办,482,499,466,515,493,514
湖南理工学院,湖南,岳阳市,否,否,理工类,公办,489,501,497,511,498,510
长春工程学院,吉林,长春市,否,否,理工类,公办,473,458,488,515,483,520
东北电力大学,吉林,吉林市,否,否,理工类,公办,522,517,530,534,539,540
湖南农业大学,湖南,长沙市,否,否,农林类,公办,505,489,507,541,512,551
南华大学,湖南,衡阳市,否,否,综合类,公办,462,528,510,534,434,535
吉林师范大学,吉林,四平市,否,否,师范类,公办,472,442,513,523,515,508
长沙理工大学,湖南,长沙市,否,否,理工类,公办,544,489,551,573,560,580
湖南科技大学,湖南,湘潭市,否,否,综合类,公办,456,519,502,549,537,555
长春师范大学,吉林,长春市,否,否,师范类,公办,519,446,515,532,512,540
吉首大学,湖南,湘西土家族苗族自治州,否,否,综合类,公办,473,516,511,539,518,542
湘潭大学,湖南,湘潭市,否,否,综合类,公办,558,570,556,573,553,573
吉林农业大学,吉林,长春市,否,否,农林类,公办,495,530,491,533,475,533
西安培华学院,陕西,西安市,否,否,综合类,民办,457,461,455,473,447,478
长春工业大学,吉林,长春市,否,否,理工类,公办,460,455,511,536,503,541
长春理工大学,吉林,长春市,否,否,理工类,公办,541,441,536,534,552,541
长春大学,吉林,长春市,否,否,综合类,公办,514,551,511,534,519,537
西北政法大学,陕西,西安市,否,否,政法类,公办,595,585,584,584,600,589
西安财经大学,陕西,西安市,否,否,财经类,公办,544,562,543,566,547,568
北华大学,吉林,吉林市,否,否,综合类,公办,498,525,502,535,509,538
青海民族大学,青海,西宁市,否,否,民族类,公办,490,506,495,515,487,518
陕西理工大学,陕西,汉中市,否,否,理工类,公办,557,542,523,545,518,545
青海师范大学,青海,西宁市,否,否,师范类,公办,474,511,501,525,499,521
宝鸡文理学院,陕西,宝鸡市,否,否,师范类,公办,480,504,479,514,476,522
青海大学,青海,西宁市,否,是,综合类,公办,541,556,537,566,543,567
咸阳师范学院,陕西,咸阳市,否,否,师范类,公办,501,511,496,520,494,525
西藏大学,西藏,拉萨市,否,是,综合类,公办,523,529,514,533,519,528
西安邮电大学,陕西,西安市,否,否,理工类,公办,572,565,563,575,576,582
大理大学,云南,大理白族自治州,否,否,综合类,公办,498,520,500,534,500,537
西安工业大学,陕西,西安市,否,否,理工类,公办,553,551,546,554,554,556
云南警官学院,云南,昆明市,否,否,政法类,公办,518,541,510,536,506,539
西安工程大学,陕西,西安市,否,否,理工类,公办,512,508,504,491,421,562
陕西科技大学,陕西,西安市,否,否,理工类,公办,522,537,535,560,523,565
云南财经大学,云南,昆明市,否,否,财经类,公办,465,487,514,537,521,543
红河学院,云南,红河哈尼族彝族自治州,否,否,综合类,公办,473,478,470,492,461,498
西安石油大学,陕西,西安市,否,否,理工类,公办,541,513,535,551,542,554
西安建筑科技大学,陕西,西安市,否,否,理工类,公办,530,547,525,566,496,571
玉溪师范学院,云南,玉溪市,否,否,师范类,公办,479,483,474,505,468,506
西安理工大学,陕西,西安市,否,否,理工类,公办,560,544,552,564,570,569
云南中医药大学,云南,昆明市,否,否,医药类,公办,512,511,502,528,499,529
云南民族大学,云南,昆明市,否,否,综合类,公办,511,431,512,526,511,529
云南师范大学,云南,昆明市,否,否,师范类,公办,535,550,537,548,526,550
云南农业大学,云南,昆明市,否,否,农林类,公办,503,510,498,530,500,536
昆明理工大学,云南,昆明市,否,否,理工类,公办,463,498,498,559,541,565
黄山学院,安徽,黄山市,否,否,综合类,公办,467,452,463,476,450,485
巢湖学院,安徽,合肥市,否,否,综合类,公办,500,501,494,513,486,515
合肥大学,安徽,合肥市,否,否,综合类,公办,494,500,488,514,487,525
延安大学,陕西,延安市,否,否,综合类,公办,518,548,512,550,505,549
安徽财经大学,安徽,蚌埠市,否,否,财经类,公办,462,516,526,558,539,570
陕西师范大学,陕西,西安市,否,是,师范类,公办,590,592,582,594,597,607
西北农林科技大学,陕西,咸阳市,是,是,农林类,公办,579,589,573,590,585,598
西安交通大学,陕西,西安市,是,是,综合类,公办,648,629,633,618,646,624
上海杉达学院,上海,上海市,否,否,财经类,民办,456,444,430,488,449,486
淮北师范大学,安徽,淮北市,否,否,综合类,公办,506,527,505,540,507,541
上海体育大学,上海,上海市,否,否,体育类,公办,565,582,558,582,559,582
华东政法大学,上海,上海市,否,否,政法类,公办,585,598,589,596,608,613
安徽建筑大学,安徽,合肥市,否,否,理工类,公办,477,510,513,548,510,551
上海立信会计金融学院,上海,上海市,否,否,财经类,公办,479,565,558,578,566,585
上海对外经贸大学,上海,上海市,否,否,财经类,公办,565,569,553,587,604,597
上海应用技术大学,上海,上海市,否,否,理工类,公办,527,561,542,567,553,577
安徽师范大学,安徽,芜湖市,否,否,师范类,公办,445,443,519,542,522,549
上海海事大学,上海,上海市,否,否,理工类,公办,557,553,557,581,573,589
上海第二工业大学,上海,上海市,否,否,理工类,公办,468,534,535,551,545,555
上海海洋大学,上海,上海市,否,否,农林类,公办,561,576,562,579,564,586
上海工程技术大学,上海,上海市,否,否,理工类,公办,529,552,525,556,527,563
广东财经大学,广东,广州市,否,否,财经类,公办,573,600,565,574,571,565
岭南师范学院,广东,湛江市,否,否,师范类,公办,474,449,496,518,484,533
韶关学院,广东,韶关市,否,否,综合类,公办,481,450,485,505,477,512
韩山师范学院,广东,潮州市,否,否,师范类,公办,472,509,503,514,495,511
广东医科大学,广东,湛江市,否,否,医药类,公办,551,533,543,537,552,536
广州大学,广东,广州市,否,否,综合类,公办,563,573,559,573,567,582
东莞理工学院,广东,东莞市,否,否,理工类,公办,499,522,506,532,509,532
广东外语外贸大学,广东,广州市,否,否,语言类,公办,557,535,558,578,578,579
广州中医药大学,广东,广州市,否,否,医药类,公办,562,574,556,574,551,581
广东工业大学,广东,广州市,否,否,理工类,公办,540,562,549,568,554,577
五邑大学,广东,江门市,否,否,综合类,公办,517,542,508,529,509,529
深圳大学,广东,深圳市,否,否,综合类,公办,605,596,591,592,603,596
汕头大学,广东,汕头市,否,否,综合类,公办,508,499,549,568,558,578
太原师范学院,山西,晋中市,否,否,师范类,公办,494,489,500,524,499,527
山西大同大学,山西,大同市,否,否,综合类,公办,527,518,513,528,496,542
长治医学院,山西,长治市,否,否,医药类,公办,502,494,496,508,502,504
太原科技大学,山西,太原市,否,否,理工类,公办,506,489,506,532,505,532
中北大学,山西,太原市,否,否,综合类,公办,502,549,525,557,528,558
山西财经大学,山西,太原市,否,否,财经类,公办,466,530,513,541,535,547
西南医科大学,四川,泸州市,否,否,医药类,公办,525,533,517,519,526,534
四川轻化工大学,四川,自贡市,否,否,理工类,公办,514,528,515,534,508,535
山西师范大学,山西,太原市,否,否,师范类,公办,504,521,459,538,525,541
山西医科大学,山西,太原市,否,否,医药类,公办,511,517,486,526,527,525
成都信息工程大学,四川,成都市,否,否,理工类,公办,525,542,564,553,566,560
山西农业大学,山西,晋中市,否,否,农林类,公办,490,445,489,506,479,523
西南石油大学,四川,成都市,否,否,综合类,公办,539,506,553,573,558,565
中国民用航空飞行学院,四川,德阳市,否,否,理工类,公办,514,504,500,515,501,524
西华师范大学,四川,南充市,否,否,师范类,公办,452,478,505,531,502,532
四川师范大学,四川,成都市,否,否,师范类,公办,516,557,540,565,555,570
成都中医药大学,四川,成都市,否,否,医药类,公办,502,492,547,562,555,563
西南科技大学,四川,绵阳市,否,否,理工类,公办,513,476,516,547,521,554
山西大学,山西,太原市,否,否,综合类,公办,558,549,551,563,547,564
浙江万里学院,浙江,宁波市,否,否,理工类,公办,468,465,472,486,460,489
浙江财经大学,浙江,杭州市,否,否,财经类,公办,473,571,560,577,575,585
浙江工商大学,浙江,杭州市,否,否,财经类,公办,503,565,543,571,552,581
温州大学,浙江,温州市,否,否,综合类,公办,535,573,539,567,539,565
绍兴文理学院,浙江,绍兴市,否,否,综合类,公办,494,484,487,519,489,520
湖州师范学院,浙江,湖州市,否,否,综合类,公办,503,463,501,531,508,551
杭州师范大学,浙江,杭州市,否,否,综合类,公办,509,548,529,576,565,583
浙江中医药大学,浙江,杭州市,否,否,医药类,公办,510,550,524,547,568,539
浙江农林大学,浙江,杭州市,否,否,农林类,公办,522,554,517,553,529,555
中国计量大学,浙江,杭州市,否,否,理工类,公办,557,570,554,581,558,589
浙江科技大学,浙江,杭州市,否,否,理工类,公办,520,499,495,551,530,555
西华大学,四川,成都市,否,否,综合类,公办,531,537,538,548,547,550
嘉兴大学,浙江,嘉兴市,否,否,综合类,公办,509,541,492,541,486,542
浙江理工大学,浙江,杭州市,否,否,理工类,公办,533,558,544,578,550,584
浙江师范大学,浙江,金华市,否,否,综合类,公办,518,566,552,567,565,582
宁波大学,浙江,宁波市,否,否,综合类,公办,567,603,563,592,572,597
昌吉学院,新疆,昌吉回族自治州,否,否,综合类,公办,462,466,457,482,447,489
新疆财经大学,新疆,乌鲁木齐市,否,否,财经类,公办,478,493,485,516,484,522
喀什大学,新疆,喀什地区,否,否,综合类,公办,469,455,464,489,455,495
新疆师范大学,新疆,乌鲁木齐市,否,否,师范类,公办,456,476,483,515,447,513
新疆农业大学,新疆,乌鲁木齐市,否,否,农林类,公办,480,467,474,483,456,489
成都理工大学,四川,成都市,否,否,理工类,公办,554,559,534,579,555,582
西南民族大学,四川,成都市,否,否,民族类,公办,451,442,496,550,421,503
东北财经大学,辽宁,大连市,否,否,财经类,公办,568,589,569,588,590,596
沈阳农业大学,辽宁,沈阳市,否,否,农林类,公办,499,500,503,525,512,526
沈阳药科大学,辽宁,沈阳市,否,否,医药类,公办,554,545,531,535,520,582
辽宁师范大学,辽宁,大连市,否,否,师范类,公办,491,491,537,564,543,567
沈阳大学,辽宁,沈阳市,否,否,综合类,公办,525,517,526,530,529,535
辽宁科技大学,辽宁,鞍山市,否,否,理工类,公办,501,514,496,530,507,535
沈阳师范大学,辽宁,沈阳市,否,否,师范类,公办,497,499,509,512,514,516
大连交通大学,辽宁,大连市,否,否,理工类,公办,528,573,538,560,542,560
大连大学,辽宁,大连市,否,否,综合类,公办,509,527,515,545,528,551
沈阳理工大学,辽宁,沈阳市,否,否,理工类,公办,530,522,527,546,529,542
大连外国语大学,辽宁,大连市,否,否,语言类,公办,534,550,571,577,579,584
沈阳化工大学,辽宁,沈阳市,否,否,理工类,公办,505,517,505,527,504,531
渤海大学,辽宁,锦州市,否,否,综合类,公办,509,519,510,546,498,514
辽宁工业大学,辽宁,锦州市,否,否,理工类,公办,520,532,510,544,516,543
沈阳建筑大学,辽宁,沈阳市,否,否,理工类,公办,457,550,512,558,474,562
大连工业大学,辽宁,大连市,否,否,理工类,公办,508,506,515,551,512,563
大连海洋大学,辽宁,大连市,否,否,农林类,公办,486,539,510,547,509,551
沈阳航空航天大学,辽宁,沈阳市,否,否,理工类,公办,547,553,544,553,550,558
大连民族大学,辽宁,大连市,否,否,民族类,公办,446,489,483,534,500,546
辽宁中医药大学,辽宁,沈阳市,否,否,医药类,公办,496,485,501,522,498,525
鞍山师范学院,辽宁,鞍山市,否,否,师范类,公办,479,482,477,499,470,501
沈阳体育学院,辽宁,沈阳市,否,否,体育类,公办,484,496,482,514,471,523
沈阳医学院,辽宁,沈阳市,否,否,医药类,公办,520,490,518,512,520,527
石河子大学,新疆,自治区直辖县级行政区划,否,是,综合类,公办,510,549,522,551,537,556
重庆三峡学院,重庆,重庆市,否,否,综合类,公办,494,507,499,520,510,527
井冈山大学,江西,吉安市,否,否,综合类,公办,501,509,500,511,496,524
四川美术学院,重庆,重庆市,否,否,艺术类,公办,536,548,524,558,538,547
九江学院,江西,九江市,否,否,综合类,公办,486,497,485,513,486,517
四川外国语大学,重庆,重庆市,否,否,语言类,公办,541,567,549,560,557,568
宜春学院,江西,宜春市,否,否,综合类,公办,478,491,474,503,472,506
长江师范学院,重庆,重庆市,否,否,师范类,公办,495,533,496,542,497,532
江西科技师范大学,江西,南昌市,否,否,师范类,公办,504,525,508,538,504,540
赣南师范大学,江西,赣州市,否,否,师范类,公办,488,455,482,525,470,535
辽东学院,辽宁,丹东市,否,否,综合类,公办,483,490,495,505,485,507
重庆理工大学,重庆,重庆市,否,否,理工类,公办,483,548,537,553,541,556
上饶师范学院,江西,上饶市,否,否,师范类,公办,478,440,479,501,467,507
江西中医药大学,江西,南昌市,否,否,医药类,公办,496,511,501,534,509,535
重庆邮电大学,重庆,重庆市,否,否,理工类,公办,447,573,555,578,555,584
景德镇陶瓷大学,江西,景德镇市,否,否,艺术类,公办,502,516,491,526,493,531
西南政法大学,重庆,重庆市,否,否,政法类,公办,619,602,602,603,607,608
重庆师范大学,重庆,重庆市,否,否,师范类,公办,546,570,544,565,545,568
重庆医科大学,重庆,重庆市,否,否,医药类,公办,560,548,560,559,564,580
南昌航空大学,江西,南昌市,否,否,理工类,公办,530,533,536,540,540,542
东华理工大学,江西,南昌市,否,否,理工类,公办,498,532,491,546,512,551
江西财经大学,江西,南昌市,否,否,财经类,公办,495,556,541,566,543,582
江西师范大学,江西,南昌市,否,否,师范类,公办,440,549,541,557,539,542
扬州大学,江苏,扬州市,否,否,综合类,公办,554,579,552,582,553,585
江西农业大学,江西,南昌市,否,否,农林类,公办,499,502,495,529,490,531
南京工业大学,江苏,南京市,否,否,理工类,公办,525,572,562,576,562,582
江苏大学,江苏,镇江市,否,否,综合类,公办,550,572,559,576,567,586
南京林业大学,江苏,南京市,否,否,农林类,公办,554,586,555,587,563,590
江苏师范大学,江苏,徐州市,否,否,师范类,公办,565,579,558,576,562,580
南京信息工程大学,江苏,南京市,否,否,综合类,公办,578,586,570,584,581,584
江西理工大学,江西,赣州市,否,否,理工类,公办,495,527,510,537,467,538
南京财经大学,江苏,南京市,否,否,财经类,公办,556,578,559,585,571,588
苏州科技大学,江苏,苏州市,否,否,综合类,公办,553,553,553,558,557,560
江苏科技大学,江苏,镇江市,否,否,理工类,公办,508,504,545,557,554,564
杭州电子科技大学,浙江,杭州市,否,否,理工类,公办,530,533,574,579,581,584
华东交通大学,江西,南昌市,否,否,理工类,公办,496,547,531,550,538,566
盐城师范学院,江苏,盐城市,否,否,师范类,公办,494,487,489,514,488,523
南京审计大学,江苏,南京市,否,否,财经类,公办,586,598,585,597,591,604
江苏理工学院,江苏,常州市,否,否,理工类,公办,502,535,502,530,504,532
南京晓庄学院,江苏,南京市,否,否,师范类,公办,536,542,526,548,524,551
南京工程学院,江苏,南京市,否,否,理工类,公办,526,531,523,539,530,547
北京科技大学,北京,北京市,否,是,理工类,公办,610,597,597,603,591,608
北京理工大学,北京,北京市,是,是,理工类,公办,659,628,645,618,657,623
东北师范大学,吉林,长春市,否,是,师范类,公办,579,598,580,592,578,589
清华大学,北京,北京市,是,是,综合类,公办,687,670,673,665,686,674
太原理工大学,山西,太原市,否,是,理工类,公办,571,581,565,588,567,593
大连理工大学,辽宁,大连市,是,是,理工类,公办,603,591,604,604,618,608
东北农业大学,黑龙江,哈尔滨市,否,是,农林类,公办,559,588,559,588,564,592
上海外国语大学,上海,上海市,否,是,语言类,公办,602,615,614,613,628,623
东华大学,上海,上海市,否,是,综合类,公办,595,589,589,598,603,603
东北大学,辽宁,沈阳市,是,是,理工类,公办,604,599,598,602,611,609
华东理工大学,上海,上海市,否,是,理工类,公办,598,594,594,597,606,604
复旦大学,上海,上海市,是,是,综合类,公办,675,656,661,645,671,653
华东师范大学,上海,上海市,是,是,师范类,公办,634,631,625,621,634,626
上海财经大学,上海,上海市,否,是,财经类,公办,624,621,618,616,632,625
延边大学,吉林,延边朝鲜族自治州,否,是,综合类,公办,560,454,552,574,559,574
武汉理工大学,湖北,武汉市,否,是,理工类,公办,574,591,585,595,601,600
华中科技大学,湖北,武汉市,是,是,综合类,公办,641,620,623,616,638,622
山东大学,山东,济南市,是,是,综合类,公办,610,615,580,595,620,621
上海交通大学,上海,上海市,是,是,综合类,公办,677,659,660,651,670,655
哈尔滨工程大学,黑龙江,哈尔滨市,否,是,理工类,公办,604,590,587,590,598,595
中南大学,湖南,长沙市,是,是,综合类,公办,606,612,597,613,614,617
吉林大学,吉林,长春市,是,是,综合类,公办,586,601,590,601,593,604
中国地质大学（武汉）,湖北,武汉市,否,是,理工类,公办,573,589,573,596,586,599
中国石油大学（华东）,山东,青岛市,否,是,理工类,公办,539,608,572,594,564,593
重庆大学,重庆,重庆市,是,是,综合类,公办,615,613,607,613,620,620
苏州大学,江苏,苏州市,否,是,综合类,公办,590,605,578,606,578,597
中国药科大学,江苏,南京市,否,是,医药类,公办,596,593,584,589,597,597
河海大学,江苏,南京市,否,是,综合类,公办,585,595,578,592,585,600
南京师范大学,江苏,南京市,否,是,师范类,公办,574,594,578,596,591,606
浙江大学,浙江,杭州市,是,是,综合类,公办,676,648,659,640,670,646
南京农业大学,江苏,南京市,否,是,农林类,公办,576,581,569,591,583,597
南京大学,江苏,南京市,是,是,综合类,公办,668,651,653,640,664,647
中国矿业大学,江苏,徐州市,否,是,综合类,公办,582,579,575,590,581,596
东南大学,江苏,南京市,是,是,综合类,公办,632,631,621,621,636,625
南昌大学,江西,南昌市,否,是,综合类,公办,568,585,559,582,555,594
西北工业大学,陕西,西安市,是,是,理工类,公办,626,608,613,606,628,610
暨南大学,广东,广州市,否,是,综合类,公办,589,594,581,594,591,594
华南理工大学,广东,广州市,是,是,综合类,公办,550,607,612,602,628,610
中山大学,广东,广州市,是,是,综合类,公办,625,633,621,614,634,628
福州大学,福建,福州市,否,是,理工类,公办,580,588,569,591,582,599
厦门大学,福建,厦门市,是,是,综合类,公办,628,626,619,622,632,627
西南财经大学,四川,成都市,否,是,财经类,公办,610,615,599,604,612,610
四川农业大学,四川,成都市,否,是,农林类,公办,559,582,558,585,567,583
四川大学,四川,成都市,是,是,综合类,公办,607,610,604,595,622,620
华南师范大学,广东,广州市,否,是,师范类,公办,592,579,590,578,600,597
兰州大学,甘肃,兰州市,是,是,综合类,公办,605,603,596,604,607,609
广西大学,广西,南宁市,否,是,综合类,公办,569,578,563,586,571,591
天津农学院,天津,天津市,否,否,农林类,公办,498,510,491,530,489,536
天津体育学院,天津,天津市,否,否,体育类,公办,508,511,500,519,496,523
天津城建大学,天津,天津市,否,否,综合类,公办,521,546,533,556,540,559
天津职业技术师范大学,天津,天津市,否,否,师范类,公办,499,507,523,544,523,548
天津中医药大学,天津,天津市,否,否,医药类,公办,545,553,539,557,541,559
中国民航大学,天津,天津市,否,否,理工类,公办,574,563,557,581,564,586
天津外国语大学,天津,天津市,否,否,语言类,公办,448,555,545,561,542,561
江南大学,江苏,无锡市,否,是,综合类,公办,578,598,570,597,570,598
天津商业大学,天津,天津市,否,否,财经类,公办,482,536,523,554,550,566
天津财经大学,天津,天津市,否,否,财经类,公办,564,579,571,584,581,590
天津科技大学,天津,天津市,否,否,理工类,公办,547,445,543,561,550,570
天津理工大学,天津,天津市,否,否,理工类,公办,561,511,564,549,572,553
天津工业大学,天津,天津市,否,否,综合类,公办,569,568,566,582,571,586
天津师范大学,天津,天津市,否,否,师范类,公办,498,556,552,563,561,583
天津医科大学,天津,天津市,否,是,医药类,公办,589,592,586,573,598,594
南京航空航天大学,江苏,南京市,否,是,理工类,公办,617,597,604,597,614,605
上海大学,上海,上海市,否,是,综合类,公办,605,605,595,608,614,614
新疆大学,新疆,乌鲁木齐市,否,是,综合类,公办,507,555,533,564,534,565
济南大学,山东,济南市,否,否,综合类,公办,528,553,532,563,546,571
安徽农业大学,安徽,合肥市,否,否,农林类,公办,506,446,514,540,505,546
安徽工业大学,安徽,马鞍山市,否,否,理工类,公办,523,534,522,549,527,551
安徽理工大学,安徽,淮南市,否,否,理工类,公办,511,433,509,536,505,537
安徽大学,安徽,合肥市,否,是,综合类,公办,601,597,590,594,598,599
德州学院,山东,德州市,否,否,综合类,公办,500,529,494,527,486,527
滨州医学院,山东,烟台市,否,否,医药类,公办,516,533,511,536,516,538
合肥工业大学,安徽,合肥市,否,是,理工类,公办,581,587,569,583,581,591
郑州大学,河南,郑州市,否,是,综合类,公办,541,582,580,596,584,594
中国海洋大学,山东,青岛市,是,是,综合类,公办,600,591,596,598,602,601
天津大学,天津,天津市,是,是,综合类,公办,631,626,617,622,631,628
南开大学,天津,天津市,是,是,综合类,公办,639,637,626,626,642,634
湖南师范大学,湖南,长沙市,否,是,师范类,公办,564,582,574,585,582,593
西安电子科技大学,陕西,西安市,否,是,理工类,公办,630,591,613,593,623,597
河北经贸大学,河北,石家庄市,否,否,财经类,公办,495,505,514,510,531,505
河北科技大学,河北,石家庄市,否,否,理工类,公办,493,451,512,538,512,525
河北大学,河北,保定市,否,否,综合类,公办,519,496,514,528,500,525
对外经济贸易大学,北京,北京市,否,是,财经类,公办,633,627,621,623,635,627
北京师范大学,北京,北京市,是,是,师范类,公办,644,644,636,623,648,634
西南交通大学,四川,成都市,否,是,理工类,公办,589,594,589,595,598,599
辽宁大学,辽宁,沈阳市,否,是,综合类,公办,581,562,576,579,587,592
北京中医药大学,北京,北京市,否,是,医药类,公办,566,598,574,601,587,598
北京邮电大学,北京,北京市,否,是,理工类,公办,642,605,625,607,635,613
北京航空航天大学,北京,北京市,是,是,理工类,公办,664,636,649,625,662,629
中国人民大学,北京,北京市,是,是,综合类,公办,667,655,653,644,666,650
中央民族大学,北京,北京市,是,是,民族类,公办,600,604,597,609,610,616
湖南大学,湖南,长沙市,是,是,综合类,公办,590,601,604,608,616,616
北京林业大学,北京,北京市,否,是,农林类,公办,583,592,574,590,581,597
武汉大学,湖北,武汉市,是,是,综合类,公办,644,639,631,634,642,639
河北工业大学,天津,天津市,否,是,理工类,公办,562,576,566,582,573,586
中央音乐学院,北京,北京市,否,是,艺术类,公办,322,322,312,312,289,289
北京外国语大学,北京,北京市,否,是,语言类,公办,615,619,616,624,626,630
北京交通大学,北京,北京市,否,是,理工类,公办,600,606,602,612,618,619
西北大学,陕西,西安市,否,是,综合类,公办,589,596,582,597,597,602
长安大学,陕西,西安市,否,是,理工类,公办,582,596,576,592,590,599
云南大学,云南,昆明市,否,是,综合类,公办,532,542,569,580,578,577
哈尔滨工业大学,黑龙江,哈尔滨市,是,是,理工类,公办,655,614,632,608,643,615
大连海事大学,辽宁,大连市,否,是,理工类,公办,590,587,580,591,590,597
内蒙古大学,内蒙古,呼和浩特市,否,是,综合类,公办,553,571,560,581,566,555
北京大学,北京,北京市,是,是,综合类,公办,688,664,676,656,685,660
