﻿名称,省,市,985,211,学校类型,学校属性,2023年综合类录取分数,2022年综合类录取分数,2021年综合类录取分数
江苏海洋大学,江苏,连云港市,否,否,理工类,公办,447,438,438
南京审计大学金审学院,江苏,南京市,否,否,财经类,民办,421,400,407
上海健康医学院,上海,上海市,否,否,医药类,公办,487,479,469
温州肯恩大学,浙江,温州市,否,否,综合类,中外合作办学,509,478,458
中国人民大学（苏州校区）,江苏,苏州市,是,是,综合类,公办,574,569,559
大连理工大学盘锦校区,辽宁,盘锦市,是,是,理工类,公办,544,541,532
南昌师范学院,江西,南昌市,否,否,师范类,公办,434,426,440
河北环境工程学院,河北,秦皇岛市,否,否,理工类,公办,418,405,414
福州外语外贸学院,福建,福州市,否,否,财经类,民办,408,402,402
北京第二外国语学院,北京,北京市,否,否,语言类,公办,498,512,512
西安交通大学城市学院,陕西,西安市,否,否,理工类,民办,406,386,403
南通大学杏林学院,江苏,南通市,否,否,综合类,民办,409,402,406
江苏科技大学苏州理工学院,江苏,苏州市,否,否,理工类,民办,428,413,415
南京邮电大学通达学院,江苏,扬州市,否,否,综合类,民办,433,419,412
苏州大学应用技术学院,江苏,苏州市,否,否,综合类,民办,422,411,420
苏州城市学院,江苏,苏州市,否,否,综合类,公办,446,430,429
南京医科大学康达学院,江苏,连云港市,否,否,医药类,民办,429,418,418
南京工业大学浦江学院,江苏,南京市,否,否,理工类,民办,417,401,408
南京传媒学院,江苏,南京市,否,否,艺术类,民办,457,455,450
南京航空航天大学金城学院,江苏,南京市,否,否,理工类,民办,419,402,413
南京理工大学紫金学院,江苏,南京市,否,否,理工类,民办,429,405,410
丽江文化旅游学院,云南,丽江市,否,否,综合类,民办,414,388,400
滇池学院,云南,昆明市,否,否,综合类,民办,407,386,400
西南财经大学天府学院,四川,绵阳市,否,否,财经类,民办,405,385,401
成都大学,四川,成都市,否,否,综合类,公办,448,423,428
武汉文理学院,湖北,武汉市,否,否,综合类,民办,410,404,407
赣南师范大学科技学院,江西,赣州市,否,否,师范类,民办,409,387,407
江西财经大学现代经济管理学院,江西,九江市,否,否,财经类,民办,405,401,404
南昌医学院,江西,南昌市,否,否,医药类,公办,450,434,436
南昌航空大学科技学院,江西,九江市,否,否,理工类,民办,406,402,404
赣东学院,江西,抚州市,否,否,综合类,公办,426,411,414
赣南科技学院,江西,赣州市,否,否,理工类,公办,425,408,419
江西师范大学科学技术学院,江西,九江市,否,否,综合类,民办,411,403,408
江西农业大学南昌商学院,江西,九江市,否,否,综合类,民办,411,404,401
南昌大学科学技术学院,江西,九江市,否,否,综合类,民办,406,385,401
合肥城市学院,安徽,合肥市,否,否,理工类,民办,408,408,409
安徽医科大学临床医学院,安徽,合肥市,否,否,医药类,独立学院,434,413,415
上海财经大学浙江学院,浙江,金华市,否,否,财经类,民办,419,400,408
嘉兴南湖学院,浙江,嘉兴市,否,否,财经类,公办,443,438,436
中国计量大学现代科技学院,浙江,金华市,否,否,理工类,民办,419,419,409
湖州学院,浙江,湖州市,否,否,综合类,公办,441,422,427
温州医科大学仁济学院,浙江,温州市,否,否,医药类,民办,458,439,429
辽宁何氏医学院,辽宁,沈阳市,否,否,医药类,民办,408,402,402
山西工学院,山西,朔州市,否,否,理工类,公办,413,405,409
天津财经大学珠江学院,天津,天津市,否,否,综合类,民办,405,412,402
北京科技大学天津学院,天津,天津市,否,否,综合类,民办,406,410,405
天津医科大学临床医学院,天津,天津市,否,否,医药类,民办,438,423,422
无锡太湖学院,江苏,无锡市,否,否,综合类,民办,407,400,409
齐鲁医药学院,山东,淄博市,否,否,医药类,民办,431,421,415
山东石油化工学院,山东,东营市,否,否,理工类,公办,427,415,416
济宁学院,山东,济宁市,否,否,综合类,公办,435,413,422
湖南财政经济学院,湖南,长沙市,否,否,财经类,公办,437,429,434
湖南工学院,湖南,衡阳市,否,否,理工类,公办,432,413,417
福建农林大学金山学院,福建,福州市,否,否,综合类,民办,414,407,400
厦门大学嘉庚学院,福建,漳州市,否,否,综合类,民办,423,409,415
吕梁学院,山西,吕梁市,否,否,综合类,公办,425,414,418
吉林工商学院,吉林,长春市,否,否,财经类,公办,421,409,411
石家庄铁道大学四方学院,河北,石家庄市,否,否,理工类,民办,411,390,407
南通理工学院,江苏,南通市,否,否,综合类,民办,408,401,409
河南城建学院,河南,平顶山市,否,否,理工类,公办,421,406,416
重庆移通学院,重庆,重庆市,否,否,理工类,民办,407,389,400
重庆外语外事学院,重庆,重庆市,否,否,语言类,民办,415,416,404
重庆对外经贸学院,重庆,重庆市,否,否,财经类,民办,409,394,402
上海视觉艺术学院,上海,上海市,否,否,艺术类,民办,439,446,452
哈尔滨工业大学（威海）,山东,威海市,是,是,理工类,公办,567,562,554
珠海科技学院,广东,珠海市,否,否,综合类,民办,410,396,403
南京师范大学泰州学院,江苏,泰州市,否,否,师范类,民办,426,413,415
江苏大学京江学院,江苏,镇江市,否,否,综合类,民办,419,407,409
无锡学院,江苏,无锡市,否,否,理工类,公办,450,438,436
北京中医药大学东方学院,河北,廊坊市,否,否,医药类,民办,417,402,405
西交利物浦大学,江苏,苏州市,否,否,综合类,中外合作办学,540,528,518
三亚学院,海南,三亚市,否,否,综合类,民办,410,405,400
河南工程学院,河南,郑州市,否,否,理工类,公办,426,409,412
上海外国语大学贤达经济人文学院,上海,上海市,否,否,财经类,民办,407,412,408
昆明医科大学海源学院,云南,昆明市,否,否,医药类,民办,460,412,436
北京师范大学-香港浸会大学联合国际学院,广东,珠海市,否,否,综合类,内地与港澳台地区合作办学,529,509,506
滁州学院,安徽,滁州市,否,否,综合类,公办,430,431,433
长沙医学院,湖南,长沙市,否,否,医药类,民办,433,419,417
济宁医学院,山东,济宁市,否,否,医药类,公办,479,459,454
山东大学（威海）,山东,威海市,是,是,综合类,公办,557,551,540
东北大学秦皇岛分校,河北,秦皇岛市,是,是,理工类,公办,540,535,522
宁波诺丁汉大学,浙江,宁波市,否,否,综合类,中外合作办学,542,533,522
上海师范大学天华学院,上海,上海市,否,否,综合类,民办,441,436,440
集美大学诚毅学院,福建,厦门市,否,否,综合类,民办,405,403,404
山东航空学院,山东,滨州市,否,否,综合类,公办,432,405,413
安徽中医药大学,安徽,合肥市,否,否,医药类,公办,519,509,493
常熟理工学院,江苏,苏州市,否,否,理工类,公办,446,448,447
洛阳理工学院,河南,洛阳市,否,否,理工类,公办,425,413,413
湖北医药学院药护学院,湖北,十堰市,否,否,医药类,民办,425,400,407
武昌理工学院,湖北,武汉市,否,否,综合类,民办,409,386,404
东南大学成贤学院,江苏,南京市,否,否,综合类,民办,432,420,421
南京特殊教育师范学院,江苏,南京市,否,否,师范类,公办,447,431,429
武昌首义学院,湖北,武汉市,否,否,理工类,民办,412,404,406
武汉华夏理工学院,湖北,武汉市,否,否,理工类,民办,414,404,401
上海电机学院,上海,上海市,否,否,理工类,公办,447,436,437
塔里木大学,新疆,自治区直辖县级行政区划,否,否,综合类,公办,405,400,403
文华学院,湖北,武汉市,否,否,综合类,民办,410,388,404
重庆工商大学,重庆,重庆市,否,否,财经类,公办,422,453,458
浙江传媒学院,浙江,杭州市,否,否,艺术类,公办,502,503,500
淮阴师范学院,江苏,淮安市,否,否,师范类,公办,424,438,467
哈尔滨师范大学,黑龙江,哈尔滨市,否,否,师范类,公办,472,474,446
厦门理工学院,福建,厦门市,否,否,理工类,公办,443,433,427
徐州工程学院,江苏,徐州市,否,否,综合类,公办,443,430,434
金陵科技学院,江苏,南京市,否,否,理工类,公办,450,439,440
沈阳工程学院,辽宁,沈阳市,否,否,理工类,公办,429,393,402
广东金融学院,广东,广州市,否,否,财经类,公办,452,448,428
长沙学院,湖南,长沙市,否,否,综合类,公办,436,416,419
福建医科大学,福建,福州市,否,否,医药类,公办,526,507,493
重庆交通大学,重庆,重庆市,否,否,理工类,公办,479,465,459
上海政法学院,上海,上海市,否,否,政法类,公办,511,507,501
上海商学院,上海,上海市,否,否,财经类,公办,456,452,456
重庆科技大学,重庆,重庆市,否,否,理工类,公办,440,426,422
武汉科技大学,湖北,武汉市,否,否,综合类,公办,497,483,475
南方医科大学,广东,广州市,否,否,医药类,公办,544,540,527
海军军医大学,上海,上海市,否,是,军事类,公办,546,542,536
贵州大学,贵州,贵阳市,否,是,综合类,公办,488,474,489
西南大学,重庆,重庆市,否,是,综合类,公办,539,536,530
山西中医药大学,山西,晋中市,否,否,医药类,公办,480,460,456
平顶山学院,河南,平顶山市,否,否,综合类,公办,425,408,420
首都经济贸易大学,北京,北京市,否,否,财经类,公办,519,520,512
河南中医药大学,河南,郑州市,否,否,医药类,公办,478,460,461
江西科技学院,江西,南昌市,否,否,综合类,民办,407,400,405
南昌工程学院,江西,南昌市,否,否,理工类,公办,436,421,424
北京体育大学,北京,北京市,否,是,体育类,公办,468,537,516
西安思源学院,陕西,西安市,否,否,综合类,民办,415,408,402
安阳工学院,河南,安阳市,否,否,理工类,公办,416,412,417
河南师范大学,河南,新乡市,否,否,师范类,公办,473,475,468
中国石油大学（北京）,北京,北京市,否,是,理工类,公办,538,530,521
华北电力大学,北京,北京市,否,是,理工类,公办,540,535,526
中国地质大学（北京）,北京,北京市,否,是,理工类,公办,528,517,507
南通大学,江苏,南通市,否,否,综合类,公办,515,502,492
辽宁工程技术大学,辽宁,阜新市,否,否,理工类,公办,430,404,420
哈尔滨金融学院,黑龙江,哈尔滨市,否,否,财经类,公办,416,400,407
上海中侨职业技术大学,上海,上海市,否,否,财经类,民办,407,406,410
北华航天工业学院,河北,廊坊市,否,否,理工类,公办,433,409,413
上海立达学院,上海,上海市,否,否,财经类,民办,405,400,405
上海建桥学院,上海,上海市,否,否,财经类,民办,419,404,411
电子科技大学,四川,成都市,是,是,理工类,公办,573,569,559
上海海关学院,上海,上海市,否,否,财经类,公办,513,512,505
衡水学院,河北,衡水市,否,否,综合类,公办,414,411,431
山东师范大学,山东,济南市,否,否,师范类,公办,500,496,489
河北地质大学,河北,石家庄市,否,否,理工类,公办,432,422,430
河北工程大学,河北,邯郸市,否,否,理工类,公办,432,413,403
承德医学院,河北,承德市,否,否,医药类,公办,459,446,442
燕山大学,河北,秦皇岛市,否,否,综合类,公办,500,489,479
华北理工大学,河北,唐山市,否,否,综合类,公办,460,444,443
河北医科大学,河北,石家庄市,否,否,医药类,公办,493,463,469
华北电力大学保定校区,河北,保定市,否,是,理工类,公办,539,536,525
北京印刷学院,北京,北京市,否,否,理工类,公办,463,462,449
北京物资学院,北京,北京市,否,否,财经类,公办,464,448,455
中国劳动关系学院,北京,北京市,否,否,政法类,公办,448,440,444
中国人民公安大学,北京,北京市,否,否,政法类,公办,540,539,524
北京联合大学,北京,北京市,否,否,综合类,公办,451,436,437
中国戏曲学院,北京,北京市,否,否,艺术类,公办,496,496,496
北京协和医学院,北京,北京市,否,否,医药类,公办,530,519,514
北京建筑大学,北京,北京市,否,否,理工类,公办,506,500,495
北京工商大学,北京,北京市,否,否,财经类,公办,505,499,488
中国政法大学,北京,北京市,否,是,政法类,公办,560,563,562
中华女子学院,北京,北京市,否,否,语言类,公办,441,435,440
中央财经大学,北京,北京市,否,是,财经类,公办,565,564,559
北京城市学院,北京,北京市,否,否,综合类,民办,414,416,410
中国传媒大学,北京,北京市,否,是,综合类,公办,549,547,552
中国农业大学,北京,北京市,是,是,农林类,公办,565,555,553
北京化工大学,北京,北京市,否,是,理工类,公办,529,519,507
鲁东大学,山东,烟台市,否,否,综合类,公办,441,420,438
烟台大学,山东,烟台市,否,否,综合类,公办,449,435,436
山东第二医科大学,山东,潍坊市,否,否,医药类,公办,500,485,481
潍坊学院,山东,潍坊市,否,否,综合类,公办,416,398,411
齐鲁工业大学,山东,济南市,否,否,理工类,公办,446,439,442
北方民族大学,宁夏,银川市,否,否,综合类,公办,427,414,424
山东理工大学,山东,淄博市,否,否,理工类,公办,455,445,450
山东科技大学,山东,青岛市,否,否,理工类,公办,466,455,452
山东交通学院,山东,济南市,否,否,理工类,公办,436,418,417
桂林理工大学,广西,桂林市,否,否,理工类,公办,430,420,422
桂林电子科技大学,广西,桂林市,否,否,理工类,公办,453,421,420
广西师范大学,广西,桂林市,否,否,师范类,公办,464,449,438
山东建筑大学,山东,济南市,否,否,理工类,公办,442,420,409
山东工商学院,山东,烟台市,否,否,财经类,公办,435,417,433
贵州中医药大学,贵州,贵阳市,否,否,医药类,公办,478,455,453
贵州财经大学,贵州,贵阳市,否,否,财经类,公办,425,414,404
海南医科大学,海南,海口市,否,否,医药类,公办,470,452,445
海南师范大学,海南,海口市,否,否,师范类,公办,464,461,460
曲阜师范大学,山东,济宁市,否,否,师范类,公办,497,479,476
青岛理工大学,山东,青岛市,否,否,理工类,公办,452,444,450
青岛科技大学,山东,青岛市,否,否,理工类,公办,460,435,445
海南大学,海南,海口市,否,是,综合类,公办,528,520,507
甘肃政法大学,甘肃,兰州市,否,否,政法类,公办,435,416,413
兰州财经大学,甘肃,兰州市,否,否,财经类,公办,431,402,429
青岛大学,山东,青岛市,否,否,综合类,公办,510,495,484
西北师范大学,甘肃,兰州市,否,否,师范类,公办,448,451,438
青岛农业大学,山东,青岛市,否,否,农林类,公办,448,432,438
河南财经政法大学,河南,郑州市,否,否,财经类,公办,467,448,448
商丘师范学院,河南,商丘市,否,否,师范类,公办,423,407,421
兰州交通大学,甘肃,兰州市,否,否,理工类,公办,433,419,422
南阳师范学院,河南,南阳市,否,否,师范类,公办,424,399,425
兰州理工大学,甘肃,兰州市,否,否,理工类,公办,437,413,416
新乡医学院,河南,新乡市,否,否,医药类,公办,482,455,438
中原工学院,河南,郑州市,否,否,理工类,公办,415,395,409
西北民族大学,甘肃,兰州市,否,否,综合类,公办,432,405,424
郑州航空工业管理学院,河南,郑州市,否,否,综合类,公办,427,405,418
泉州师范学院,福建,泉州市,否,否,师范类,公办,437,427,428
福建理工大学,福建,福州市,否,否,理工类,公办,443,428,421
集美大学,福建,厦门市,否,否,综合类,公办,460,447,444
福建农林大学,福建,福州市,否,否,农林类,公办,444,440,440
河南工业大学,河南,郑州市,否,否,理工类,公办,427,403,411
华侨大学,福建,泉州市,否,否,综合类,公办,478,472,467
华北水利水电大学,河南,郑州市,否,否,理工类,公办,435,419,416
河南理工大学,河南,焦作市,否,否,理工类,公办,445,427,432
河南农业大学,河南,郑州市,否,否,农林类,公办,446,433,441
河南科技大学,河南,洛阳市,否,否,综合类,公办,440,438,438
河南大学,河南,开封市,否,否,综合类,公办,495,480,474
郑州轻工业大学,河南,郑州市,否,否,理工类,公办,437,423,428
齐齐哈尔医学院,黑龙江,齐齐哈尔市,否,否,医药类,公办,430,415,424
黑龙江科技大学,黑龙江,哈尔滨市,否,否,理工类,公办,421,406,407
东北石油大学,黑龙江,大庆市,否,否,理工类,公办,432,412,411
哈尔滨商业大学,黑龙江,哈尔滨市,否,否,财经类,公办,430,411,411
湖北医药学院,湖北,十堰市,否,否,医药类,公办,478,458,453
湖北中医药大学,湖北,武汉市,否,否,医药类,公办,459,446,452
武汉轻工大学,湖北,武汉市,否,否,理工类,公办,449,435,439
武汉工程大学,湖北,武汉市,否,否,理工类,公办,455,450,450
三峡大学,湖北,宜昌市,否,否,综合类,公办,462,436,437
哈尔滨医科大学,黑龙江,哈尔滨市,否,否,医药类,公办,494,478,473
长江大学,湖北,荆州市,否,否,综合类,公办,461,445,446
哈尔滨理工大学,黑龙江,哈尔滨市,否,否,理工类,公办,442,425,418
湖北大学,湖北,武汉市,否,否,综合类,公办,484,471,467
齐齐哈尔大学,黑龙江,齐齐哈尔市,否,否,综合类,公办,422,408,411
中南民族大学,湖北,武汉市,否,否,综合类,公办,461,450,454
佳木斯大学,黑龙江,佳木斯市,否,否,综合类,公办,451,421,429
黑龙江大学,黑龙江,哈尔滨市,否,否,综合类,公办,437,424,421
华中师范大学,湖北,武汉市,否,是,师范类,公办,548,551,539
东北林业大学,黑龙江,哈尔滨市,否,是,农林类,公办,518,504,493
邵阳学院,湖南,邵阳市,否,否,综合类,公办,418,405,412
华中农业大学,湖北,武汉市,否,是,农林类,公办,533,521,514
湖南文理学院,湖南,常德市,否,否,综合类,公办,430,435,436
中南财经政法大学,湖北,武汉市,否,是,财经类,公办,545,551,546
吉林财经大学,吉林,长春市,否,否,财经类,公办,451,431,437
湖南科技学院,湖南,永州市,否,否,综合类,公办,427,409,414
湖南工商大学,湖南,长沙市,否,否,财经类,公办,444,420,443
衡阳师范学院,湖南,衡阳市,否,否,师范类,公办,442,435,431
湘南学院,湖南,郴州市,否,否,综合类,公办,439,416,421
湖南中医药大学,湖南,长沙市,否,否,医药类,公办,507,486,480
湖南工程学院,湖南,湘潭市,否,否,理工类,公办,429,410,412
湖南工业大学,湖南,株洲市,否,否,综合类,公办,438,427,425
湖南理工学院,湖南,岳阳市,否,否,理工类,公办,429,405,412
东北电力大学,吉林,吉林市,否,否,理工类,公办,489,434,428
湖南农业大学,湖南,长沙市,否,否,农林类,公办,456,442,442
南华大学,湖南,衡阳市,否,否,综合类,公办,440,423,425
吉林师范大学,吉林,四平市,否,否,师范类,公办,429,428,439
长沙理工大学,湖南,长沙市,否,否,理工类,公办,487,467,467
湖南科技大学,湖南,湘潭市,否,否,综合类,公办,458,445,443
湘潭大学,湖南,湘潭市,否,否,综合类,公办,506,492,483
西安培华学院,陕西,西安市,否,否,综合类,民办,414,407,403
长春工业大学,吉林,长春市,否,否,理工类,公办,424,406,417
长春理工大学,吉林,长春市,否,否,理工类,公办,455,415,423
西北政法大学,陕西,西安市,否,否,政法类,公办,536,530,507
西安财经大学,陕西,西安市,否,否,财经类,公办,464,447,452
北华大学,吉林,吉林市,否,否,综合类,公办,435,422,423
西安外国语大学,陕西,西安市,否,否,语言类,公办,488,485,490
陕西理工大学,陕西,汉中市,否,否,理工类,公办,436,436,428
宝鸡文理学院,陕西,宝鸡市,否,否,师范类,公办,416,406,413
渭南师范学院,陕西,渭南市,否,否,师范类,公办,412,411,415
青海大学,青海,西宁市,否,是,综合类,公办,503,485,476
西藏大学,西藏,拉萨市,否,是,综合类,公办,450,438,439
西安邮电大学,陕西,西安市,否,否,理工类,公办,489,471,465
大理大学,云南,大理白族自治州,否,否,综合类,公办,478,453,448
西安工业大学,陕西,西安市,否,否,理工类,公办,449,429,435
云南警官学院,云南,昆明市,否,否,政法类,公办,435,441,442
陕西科技大学,陕西,西安市,否,否,理工类,公办,461,446,440
云南财经大学,云南,昆明市,否,否,财经类,公办,454,413,447
西安石油大学,陕西,西安市,否,否,理工类,公办,445,433,436
西安科技大学,陕西,西安市,否,否,理工类,公办,458,437,439
西安建筑科技大学,陕西,西安市,否,否,理工类,公办,476,465,463
西安理工大学,陕西,西安市,否,否,理工类,公办,488,456,459
昆明医科大学,云南,昆明市,否,否,医药类,公办,499,487,473
云南民族大学,云南,昆明市,否,否,综合类,公办,440,415,427
云南师范大学,云南,昆明市,否,否,师范类,公办,489,478,468
云南农业大学,云南,昆明市,否,否,农林类,公办,457,443,435
昆明理工大学,云南,昆明市,否,否,理工类,公办,467,433,430
延安大学,陕西,延安市,否,否,综合类,公办,427,415,417
安徽财经大学,安徽,蚌埠市,否,否,财经类,公办,481,474,473
陕西师范大学,陕西,西安市,否,是,师范类,公办,535,531,518
淮南师范学院,安徽,淮南市,否,否,师范类,公办,438,421,434
西北农林科技大学,陕西,咸阳市,是,是,农林类,公办,530,521,513
安徽科技学院,安徽,滁州市,否,否,综合类,公办,442,433,431
西安交通大学,陕西,西安市,是,是,综合类,公办,569,563,561
上海杉达学院,上海,上海市,否,否,财经类,民办,428,416,419
淮北师范大学,安徽,淮北市,否,否,综合类,公办,460,452,458
上海戏剧学院,上海,上海市,否,否,艺术类,公办,526,533,519
上海音乐学院,上海,上海市,否,否,艺术类,公办,510,514,515
上海体育大学,上海,上海市,否,否,体育类,公办,498,489,484
华东政法大学,上海,上海市,否,否,政法类,公办,545,545,538
安徽建筑大学,安徽,合肥市,否,否,理工类,公办,454,442,446
上海立信会计金融学院,上海,上海市,否,否,财经类,公办,476,473,476
上海对外经贸大学,上海,上海市,否,否,财经类,公办,525,526,522
上海电力大学,上海,上海市,否,否,理工类,公办,491,476,468
安徽工程大学,安徽,芜湖市,否,否,理工类,公办,442,437,431
上海应用技术大学,上海,上海市,否,否,理工类,公办,473,464,460
安徽师范大学,安徽,芜湖市,否,否,师范类,公办,481,475,489
上海海事大学,上海,上海市,否,否,理工类,公办,507,503,497
上海第二工业大学,上海,上海市,否,否,理工类,公办,460,453,454
上海师范大学,上海,上海市,否,否,综合类,公办,517,517,512
上海中医药大学,上海,上海市,否,否,医药类,公办,541,519,510
上海海洋大学,上海,上海市,否,否,农林类,公办,494,489,480
上海工程技术大学,上海,上海市,否,否,理工类,公办,475,466,465
上海理工大学,上海,上海市,否,否,理工类,公办,524,519,510
岭南师范学院,广东,湛江市,否,否,师范类,公办,423,440,428
广东药科大学,广东,广州市,否,否,医药类,公办,490,477,478
广州医科大学,广东,广州市,否,否,医药类,公办,546,530,515
广州中医药大学,广东,广州市,否,否,医药类,公办,525,521,514
广东海洋大学,广东,湛江市,否,否,综合类,公办,453,432,422
华南农业大学,广东,广州市,否,否,综合类,公办,520,499,497
深圳大学,广东,深圳市,否,否,综合类,公办,542,540,525
汕头大学,广东,汕头市,否,否,综合类,公办,472,466,464
山西大同大学,山西,大同市,否,否,综合类,公办,441,419,418
忻州师范学院,山西,忻州市,否,否,师范类,公办,445,433,441
中北大学,山西,太原市,否,否,综合类,公办,441,420,418
山西财经大学,山西,太原市,否,否,财经类,公办,454,440,443
西南医科大学,四川,泸州市,否,否,医药类,公办,506,493,484
四川轻化工大学,四川,自贡市,否,否,理工类,公办,432,421,430
山西医科大学,山西,太原市,否,否,医药类,公办,475,465,442
成都信息工程大学,四川,成都市,否,否,理工类,公办,448,431,434
山西农业大学,山西,晋中市,否,否,农林类,公办,438,417,428
西南石油大学,四川,成都市,否,否,综合类,公办,487,474,461
中国民用航空飞行学院,四川,德阳市,否,否,理工类,公办,442,425,419
西华师范大学,四川,南充市,否,否,师范类,公办,433,426,427
四川师范大学,四川,成都市,否,否,师范类,公办,500,498,482
成都中医药大学,四川,成都市,否,否,医药类,公办,528,524,518
西南科技大学,四川,绵阳市,否,否,理工类,公办,440,427,426
山西大学,山西,太原市,否,否,综合类,公办,506,496,480
中国美术学院,浙江,杭州市,否,否,艺术类,公办,539,539,507
浙江财经大学,浙江,杭州市,否,否,财经类,公办,498,492,485
浙江工商大学,浙江,杭州市,否,否,财经类,公办,504,494,489
温州大学,浙江,温州市,否,否,综合类,公办,503,501,487
湖州师范学院,浙江,湖州市,否,否,综合类,公办,473,462,449
杭州师范大学,浙江,杭州市,否,否,综合类,公办,487,475,461
温州医科大学,浙江,温州市,否,否,医药类,公办,547,540,526
浙江中医药大学,浙江,杭州市,否,否,医药类,公办,507,495,486
浙江农林大学,浙江,杭州市,否,否,农林类,公办,493,477,474
浙江海洋大学,浙江,舟山市,否,否,农林类,公办,448,442,442
中国计量大学,浙江,杭州市,否,否,理工类,公办,490,474,470
西华大学,四川,成都市,否,否,综合类,公办,456,439,438
嘉兴大学,浙江,嘉兴市,否,否,综合类,公办,447,432,433
浙江理工大学,浙江,杭州市,否,否,理工类,公办,502,486,483
浙江工业大学,浙江,杭州市,否,否,理工类,公办,517,509,497
浙江师范大学,浙江,金华市,否,否,综合类,公办,499,495,500
宁波大学,浙江,宁波市,否,否,综合类,公办,513,510,502
成都理工大学,四川,成都市,否,否,理工类,公办,492,477,468
西南民族大学,四川,成都市,否,否,民族类,公办,456,449,445
中国医科大学,辽宁,沈阳市,否,否,医药类,公办,515,504,509
东北财经大学,辽宁,大连市,否,否,财经类,公办,516,515,514
沈阳农业大学,辽宁,沈阳市,否,否,农林类,公办,441,426,428
沈阳工业大学,辽宁,沈阳市,否,否,理工类,公办,446,415,423
沈阳药科大学,辽宁,沈阳市,否,否,医药类,公办,521,497,488
辽宁师范大学,辽宁,大连市,否,否,师范类,公办,449,432,437
辽宁石油化工大学,辽宁,抚顺市,否,否,理工类,公办,419,405,412
辽宁科技大学,辽宁,鞍山市,否,否,理工类,公办,435,428,426
大连交通大学,辽宁,大连市,否,否,理工类,公办,439,418,427
大连医科大学,辽宁,大连市,否,否,医药类,公办,536,521,503
大连大学,辽宁,大连市,否,否,综合类,公办,445,433,430
沈阳理工大学,辽宁,沈阳市,否,否,理工类,公办,435,417,421
沈阳化工大学,辽宁,沈阳市,否,否,理工类,公办,439,416,416
沈阳建筑大学,辽宁,沈阳市,否,否,理工类,公办,461,496,448
大连海洋大学,辽宁,大连市,否,否,农林类,公办,437,420,423
沈阳航空航天大学,辽宁,沈阳市,否,否,理工类,公办,468,446,441
大连民族大学,辽宁,大连市,否,否,民族类,公办,424,399,425
锦州医科大学,辽宁,锦州市,否,否,医药类,公办,458,438,457
石河子大学,新疆,自治区直辖县级行政区划,否,是,综合类,公办,467,445,437
井冈山大学,江西,吉安市,否,否,综合类,公办,442,430,433
四川美术学院,重庆,重庆市,否,否,艺术类,公办,510,510,503
赣南医科大学,江西,赣州市,否,否,医药类,公办,444,422,433
九江学院,江西,九江市,否,否,综合类,公办,426,417,427
四川外国语大学,重庆,重庆市,否,否,语言类,公办,482,464,475
宜春学院,江西,宜春市,否,否,综合类,公办,445,422,425
江西科技师范大学,江西,南昌市,否,否,师范类,公办,456,452,441
赣南师范大学,江西,赣州市,否,否,师范类,公办,451,441,443
重庆理工大学,重庆,重庆市,否,否,理工类,公办,454,433,435
上饶师范学院,江西,上饶市,否,否,师范类,公办,443,440,440
江西中医药大学,江西,南昌市,否,否,医药类,公办,475,464,462
重庆邮电大学,重庆,重庆市,否,否,理工类,公办,528,518,502
景德镇陶瓷大学,江西,景德镇市,否,否,艺术类,公办,448,434,434
西南政法大学,重庆,重庆市,否,否,政法类,公办,546,544,537
重庆师范大学,重庆,重庆市,否,否,师范类,公办,489,482,468
重庆医科大学,重庆,重庆市,否,否,医药类,公办,517,511,499
南昌航空大学,江西,南昌市,否,否,理工类,公办,446,436,438
东华理工大学,江西,南昌市,否,否,理工类,公办,442,433,439
江西财经大学,江西,南昌市,否,否,财经类,公办,507,501,493
江西师范大学,江西,南昌市,否,否,师范类,公办,501,501,493
扬州大学,江苏,扬州市,否,否,综合类,公办,510,503,496
江西农业大学,江西,南昌市,否,否,农林类,公办,438,429,439
南京工业大学,江苏,南京市,否,否,理工类,公办,515,502,493
江苏大学,江苏,镇江市,否,否,综合类,公办,507,501,476
南京林业大学,江苏,南京市,否,否,农林类,公办,509,498,492
南京医科大学,江苏,南京市,否,否,医药类,公办,506,514,505
南京信息工程大学,江苏,南京市,否,否,综合类,公办,527,517,502
江西理工大学,江西,赣州市,否,否,理工类,公办,442,425,431
南京财经大学,江苏,南京市,否,否,财经类,公办,491,489,486
苏州科技大学,江苏,苏州市,否,否,综合类,公办,477,462,456
南京中医药大学,江苏,南京市,否,否,医药类,公办,529,515,511
江苏科技大学,江苏,镇江市,否,否,理工类,公办,469,449,447
南京邮电大学,江苏,南京市,否,否,理工类,公办,544,537,528
杭州电子科技大学,浙江,杭州市,否,否,理工类,公办,510,506,498
徐州医科大学,江苏,徐州市,否,否,医药类,公办,520,502,492
华东交通大学,江西,南昌市,否,否,理工类,公办,466,452,451
常州大学,江苏,常州市,否,否,理工类,公办,471,455,452
盐城工学院,江苏,盐城市,否,否,理工类,公办,444,433,435
盐城师范学院,江苏,盐城市,否,否,师范类,公办,445,440,446
南京审计大学,江苏,南京市,否,否,财经类,公办,500,489,482
江苏理工学院,江苏,常州市,否,否,理工类,公办,446,440,437
南京艺术学院,江苏,南京市,否,否,艺术类,公办,500,498,496
常州工学院,江苏,常州市,否,否,理工类,公办,436,425,442
南京晓庄学院,江苏,南京市,否,否,师范类,公办,504,516,504
南京工程学院,江苏,南京市,否,否,理工类,公办,449,435,435
北京科技大学,北京,北京市,否,是,理工类,公办,554,547,543
北京理工大学,北京,北京市,是,是,理工类,公办,576,574,563
东北师范大学,吉林,长春市,否,是,师范类,公办,499,519,515
清华大学,北京,北京市,是,是,综合类,公办,622,619,617
太原理工大学,山西,太原市,否,是,理工类,公办,529,518,504
大连理工大学,辽宁,大连市,是,是,理工类,公办,566,560,551
东北农业大学,黑龙江,哈尔滨市,否,是,农林类,公办,506,492,481
上海外国语大学,上海,上海市,否,是,语言类,公办,560,561,555
东华大学,上海,上海市,否,是,综合类,公办,544,540,532
东北大学,辽宁,沈阳市,是,是,理工类,公办,563,555,547
华东理工大学,上海,上海市,否,是,理工类,公办,551,550,543
华东师范大学,上海,上海市,是,是,师范类,公办,571,572,566
上海财经大学,上海,上海市,否,是,财经类,公办,567,566,560
延边大学,吉林,延边朝鲜族自治州,否,是,综合类,公办,483,458,455
武汉理工大学,湖北,武汉市,否,是,理工类,公办,540,537,529
华中科技大学,湖北,武汉市,是,是,综合类,公办,577,573,563
山东大学,山东,济南市,是,是,综合类,公办,567,566,555
哈尔滨工程大学,黑龙江,哈尔滨市,否,是,理工类,公办,546,538,527
中南大学,湖南,长沙市,是,是,综合类,公办,570,566,561
吉林大学,吉林,长春市,是,是,综合类,公办,560,552,546
中国地质大学（武汉）,湖北,武汉市,否,是,理工类,公办,529,529,524
中国石油大学（华东）,山东,青岛市,否,是,理工类,公办,536,523,510
重庆大学,重庆,重庆市,是,是,综合类,公办,562,559,552
苏州大学,江苏,苏州市,否,是,综合类,公办,550,548,538
中国药科大学,江苏,南京市,否,是,医药类,公办,552,545,533
河海大学,江苏,南京市,否,是,综合类,公办,539,535,529
南京师范大学,江苏,南京市,否,是,师范类,公办,543,545,544
浙江大学,浙江,杭州市,是,是,综合类,公办,588,587,578
南京农业大学,江苏,南京市,否,是,农林类,公办,529,527,519
南京理工大学,江苏,南京市,否,是,理工类,公办,555,548,537
中国矿业大学,江苏,徐州市,否,是,综合类,公办,539,530,524
东南大学,江苏,南京市,是,是,综合类,公办,574,571,565
南昌大学,江西,南昌市,否,是,综合类,公办,541,529,518
西北工业大学,陕西,西安市,是,是,理工类,公办,564,558,544
暨南大学,广东,广州市,否,是,综合类,公办,543,538,532
华南理工大学,广东,广州市,是,是,综合类,公办,569,563,556
中山大学,广东,广州市,是,是,综合类,公办,570,567,557
福州大学,福建,福州市,否,是,理工类,公办,537,529,519
厦门大学,福建,厦门市,是,是,综合类,公办,569,569,561
西南财经大学,四川,成都市,否,是,财经类,公办,547,541,544
四川农业大学,四川,成都市,否,是,农林类,公办,523,508,492
四川大学,四川,成都市,是,是,综合类,公办,569,565,558
兰州大学,甘肃,兰州市,是,是,综合类,公办,542,540,531
广西大学,广西,南宁市,否,是,综合类,公办,501,496,489
天津城建大学,天津,天津市,否,否,综合类,公办,430,429,425
天津职业技术师范大学,天津,天津市,否,否,师范类,公办,434,418,418
天津中医药大学,天津,天津市,否,否,医药类,公办,496,492,477
中国民航大学,天津,天津市,否,否,理工类,公办,465,450,447
天津外国语大学,天津,天津市,否,否,语言类,公办,474,462,452
江南大学,江苏,无锡市,否,是,综合类,公办,534,523,512
天津商业大学,天津,天津市,否,否,财经类,公办,447,422,423
天津财经大学,天津,天津市,否,否,财经类,公办,499,493,489
天津科技大学,天津,天津市,否,否,理工类,公办,464,449,448
天津理工大学,天津,天津市,否,否,理工类,公办,476,455,439
天津工业大学,天津,天津市,否,否,综合类,公办,500,492,482
南京航空航天大学,江苏,南京市,否,是,理工类,公办,553,547,536
上海大学,上海,上海市,否,是,综合类,公办,544,542,535
新疆大学,新疆,乌鲁木齐市,否,是,综合类,公办,487,469,477
同济大学,上海,上海市,是,是,综合类,公办,571,550,568
安徽医科大学,安徽,合肥市,否,否,医药类,公办,537,525,516
济南大学,山东,济南市,否,否,综合类,公办,471,457,463
安徽农业大学,安徽,合肥市,否,否,农林类,公办,465,451,435
安徽工业大学,安徽,马鞍山市,否,否,理工类,公办,452,441,441
安徽理工大学,安徽,淮南市,否,否,理工类,公办,445,438,424
安徽大学,安徽,合肥市,否,是,综合类,公办,531,520,516
中国科学技术大学,安徽,合肥市,是,是,理工类,公办,580,586,581
滨州医学院,山东,烟台市,否,否,医药类,公办,502,479,468
合肥工业大学,安徽,合肥市,否,是,理工类,公办,534,529,522
郑州大学,河南,郑州市,否,是,综合类,公办,534,528,522
中国海洋大学,山东,青岛市,是,是,综合类,公办,549,548,539
天津大学,天津,天津市,是,是,综合类,公办,568,564,559
南开大学,天津,天津市,是,是,综合类,公办,574,571,562
湖南师范大学,湖南,长沙市,否,是,师范类,公办,531,526,521
西安电子科技大学,陕西,西安市,否,是,理工类,公办,567,563,554
对外经济贸易大学,北京,北京市,否,是,财经类,公办,562,564,558
北京师范大学,北京,北京市,是,是,师范类,公办,568,569,562
西南交通大学,四川,成都市,否,是,理工类,公办,538,531,522
辽宁大学,辽宁,沈阳市,否,是,综合类,公办,501,491,485
北京中医药大学,北京,北京市,否,是,医药类,公办,561,555,551
北京邮电大学,北京,北京市,否,是,理工类,公办,565,563,553
北京航空航天大学,北京,北京市,是,是,理工类,公办,570,566,565
中央民族大学,北京,北京市,是,是,民族类,公办,540,542,538
湖南大学,湖南,长沙市,是,是,综合类,公办,558,558,549
北京林业大学,北京,北京市,否,是,农林类,公办,537,534,527
武汉大学,湖北,武汉市,是,是,综合类,公办,573,573,567
河北工业大学,天津,天津市,否,是,理工类,公办,532,522,507
北京外国语大学,北京,北京市,否,是,语言类,公办,558,563,554
北京交通大学,北京,北京市,否,是,理工类,公办,550,551,549
西北大学,陕西,西安市,否,是,综合类,公办,541,533,531
长安大学,陕西,西安市,否,是,理工类,公办,533,524,510
云南大学,云南,昆明市,否,是,综合类,公办,528,518,513
哈尔滨工业大学,黑龙江,哈尔滨市,是,是,理工类,公办,566,569,560
大连海事大学,辽宁,大连市,否,是,理工类,公办,529,520,506
北京大学,北京,北京市,是,是,综合类,公办,619,619,614
