﻿名称,省,市,985,211,学校类型,学校属性,2023年综合类录取分数,2022年综合类录取分数,2021年综合类录取分数
烟台科技学院,山东,烟台市,否,否,综合类,民办,464,460,471
江苏海洋大学,江苏,连云港市,否,否,理工类,公办,535,534,537
江西软件职业技术大学,江西,南昌市,否,否,理工类,民办,279,190,201
安徽艺术学院,安徽,合肥市,否,否,艺术类,公办,496,491,493
浙江大学医学院,浙江,杭州市,是,是,医药类,公办,673,652,657
复旦大学上海医学院,上海,上海市,是,是,医药类,公办,671,652,657
郑州西亚斯学院,河南,郑州市,否,否,综合类,民办,479,475,476
西藏农牧学院,西藏,林芝市,否,否,农林类,公办,475,467,480
南京审计大学金审学院,江苏,南京市,否,否,财经类,民办,481,478,478
中国石油大学（北京）克拉玛依校区,新疆,克拉玛依市,否,是,理工类,公办,565,553,549
茅台学院,贵州,遵义市,否,否,理工类,民办,475,465,469
深圳技术大学,广东,深圳市,否,否,理工类,公办,556,547,555
滇西应用技术大学,云南,大理白族自治州,否,否,综合类,公办,488,478,479
中国社会科学院大学,北京,北京市,否,否,综合类,公办,618,613,622
内蒙古艺术学院,内蒙古,呼和浩特市,否,否,艺术类,公办,480,477,477
上海健康医学院,上海,上海市,否,否,医药类,公办,516,511,515
温州肯恩大学,浙江,温州市,否,否,综合类,中外合作办学,547,533,534
合肥工业大学宣城校区,安徽,宣城市,否,是,综合类,公办,582,565,571
中国人民大学（苏州校区）,江苏,苏州市,是,是,综合类,公办,634,621,621
江苏第二师范学院,江苏,南京市,否,否,师范类,公办,511,505,509
中国科学院大学,北京,北京市,否,否,综合类,公办,683,662,668
大连理工大学盘锦校区,辽宁,盘锦市,是,是,理工类,公办,590,591,591
河南牧业经济学院,河南,郑州市,否,否,财经类,公办,481,479,482
山西能源学院,山西,晋中市,否,否,理工类,公办,480,472,474
营口理工学院,辽宁,营口市,否,否,理工类,公办,483,476,477
河北中医药大学,河北,石家庄市,否,否,医药类,公办,507,493,495
山东农业工程学院,山东,济南市,否,否,农林类,公办,481,474,477
山东管理学院,山东,济南市,否,否,综合类,公办,485,479,481
贵州理工学院,贵州,贵阳市,否,否,理工类,公办,477,472,471
山东财经大学燕山学院,山东,济南市,否,否,财经类,民办,474,467,470
四川电影电视学院,四川,成都市,否,否,艺术类,民办,470,462,484
张家口学院,河北,张家口市,否,否,综合类,公办,499,488,490
南昌师范学院,江西,南昌市,否,否,师范类,公办,490,484,492
江西服装学院,江西,南昌市,否,否,艺术类,民办,459,456,460
成都师范学院,四川,成都市,否,否,师范类,公办,488,481,487
山西传媒学院,山西,晋中市,否,否,艺术类,公办,484,479,481
河北环境工程学院,河北,秦皇岛市,否,否,理工类,公办,488,482,488
华北理工大学冀唐学院,河北,唐山市,否,否,医药类,民办,494,484,483
陕西服装工程学院,陕西,咸阳市,否,否,综合类,民办,463,463,467
青岛电影学院,山东,青岛市,否,否,艺术类,民办,461,457,466
南昌工学院,江西,南昌市,否,否,理工类,民办,464,449,465
河北科技学院,河北,唐山市,否,否,理工类,民办,464,456,470
山西工商学院,山西,太原市,否,否,财经类,民办,476,470,469
福州外语外贸学院,福建,福州市,否,否,财经类,民办,453,469,468
山东协和学院,山东,济南市,否,否,医药类,民办,464,453,462
郑州升达经贸管理学院,河南,郑州市,否,否,财经类,民办,473,462,468
广西外国语学院,广西,南宁市,否,否,语言类,民办,461,461,463
华北理工大学轻工学院,河北,唐山市,否,否,理工类,民办,469,462,466
陕西学前师范学院,陕西,西安市,否,否,师范类,公办,483,474,496
天津外国语大学滨海外事学院,天津,天津市,否,否,语言类,民办,477,471,479
浙江外国语学院,浙江,杭州市,否,否,语言类,公办,503,529,547
新疆政法学院,新疆,自治区直辖县级行政区划,否,否,政法类,公办,479,471,471
海军工程大学,湖北,武汉市,否,否,军事类,公办,521,545,527
内蒙古科技大学包头师范学院,内蒙古,包头市,否,否,师范类,公办,485,481,483
内蒙古科技大学包头医学院,内蒙古,包头市,否,否,医药类,公办,495,501,504
北京第二外国语学院,北京,北京市,否,否,语言类,公办,490,568,579
山东女子学院,山东,济南市,否,否,综合类,公办,484,477,482
山东青年政治学院,山东,济南市,否,否,综合类,公办,480,478,482
齐鲁师范学院,山东,济南市,否,否,师范类,公办,483,472,479
福建江夏学院,福建,福州市,否,否,财经类,公办,480,481,481
衢州学院,浙江,衢州市,否,否,综合类,公办,490,483,486
宁夏大学新华学院,宁夏,银川市,否,否,综合类,民办,475,473,478
遵义医科大学医学与科技学院,贵州,遵义市,否,否,医药类,民办,491,483,486
兴义民族师范学院,贵州,黔西南布依族苗族自治州,否,否,师范类,公办,497,480,483
西安科技大学高新学院,陕西,西安市,否,否,理工类,民办,474,465,468
西安明德理工学院,陕西,西安市,否,否,综合类,民办,463,456,460
西安工商学院,陕西,西安市,否,否,综合类,民办,465,459,461
西安交通大学城市学院,陕西,西安市,否,否,理工类,民办,475,465,467
南通大学杏林学院,江苏,南通市,否,否,综合类,民办,474,470,469
江苏科技大学苏州理工学院,江苏,苏州市,否,否,理工类,民办,476,474,478
南京邮电大学通达学院,江苏,扬州市,否,否,综合类,民办,480,469,471
江苏师范大学科文学院,江苏,徐州市,否,否,综合类,民办,477,468,469
扬州大学广陵学院,江苏,扬州市,否,否,综合类,民办,479,470,471
苏州科技大学天平学院,江苏,苏州市,否,否,综合类,民办,479,474,471
南京医科大学康达学院,江苏,连云港市,否,否,医药类,民办,476,474,476
南京师范大学中北学院,江苏,镇江市,否,否,综合类,民办,479,469,474
南京工业大学浦江学院,江苏,南京市,否,否,理工类,民办,477,467,471
南京理工大学紫金学院,江苏,南京市,否,否,理工类,民办,481,471,475
哈尔滨剑桥学院,黑龙江,哈尔滨市,否,否,综合类,民办,462,454,461
黑龙江工商学院,黑龙江,哈尔滨市,否,否,综合类,民办,462,453,469
昆明理工大学津桥学院,云南,昆明市,否,否,理工类,民办,467,458,466
昆明传媒学院,云南,昆明市,否,否,艺术类,民办,465,467,469
丽江文化旅游学院,云南,丽江市,否,否,综合类,民办,465,458,459
滇池学院,云南,昆明市,否,否,综合类,民办,470,460,465
文山学院,云南,文山壮族苗族自治州,否,否,综合类,公办,479,472,475
聊城大学东昌学院,山东,聊城市,否,否,综合类,民办,477,468,470
潍坊理工学院,山东,潍坊市,否,否,综合类,民办,462,459,465
齐鲁理工学院,山东,济南市,否,否,综合类,民办,458,452,458
青岛农业大学海都学院,山东,烟台市,否,否,综合类,民办,474,464,470
青岛工学院,山东,青岛市,否,否,综合类,民办,459,450,457
泰山科技学院,山东,泰安市,否,否,理工类,民办,457,447,462
西南财经大学天府学院,四川,绵阳市,否,否,财经类,民办,473,468,476
四川文化艺术学院,四川,绵阳市,否,否,艺术类,民办,465,483,469
成都锦城学院,四川,成都市,否,否,综合类,民办,469,464,470
成都外国语学院,四川,成都市,否,否,语言类,民办,464,470,464
成都文理学院,四川,成都市,否,否,综合类,民办,470,475,223
成都银杏酒店管理学院,四川,成都市,否,否,财经类,民办,464,467,472
四川传媒学院,四川,成都市,否,否,综合类,民办,470,213,465
成都理工大学工程技术学院,四川,乐山市,否,否,理工类,民办,472,467,470
成都大学,四川,成都市,否,否,综合类,公办,540,534,458
新疆第二医学院,新疆,克拉玛依市,否,否,医药类,公办,482,479,476
新疆科技学院,新疆,巴音郭楞蒙古自治州,否,否,财经类,公办,477,469,471
新疆理工学院,新疆,阿克苏地区,否,否,理工类,公办,475,468,468
湖南理工学院南湖学院,湖南,岳阳市,否,否,理工类,民办,477,468,472
南华大学船山学院,湖南,衡阳市,否,否,综合类,民办,473,467,469
湘潭大学兴湘学院,湖南,湘潭市,否,否,综合类,民办,475,471,470
湖南科技大学潇湘学院,湖南,湘潭市,否,否,综合类,民办,475,454,479
长沙理工大学城南学院,湖南,长沙市,否,否,理工类,民办,477,467,470
湖南第一师范学院,湖南,长沙市,否,否,师范类,公办,506,501,497
湖北恩施学院,湖北,恩施土家族苗族自治州,否,否,综合类,民办,473,481,478
郑州商学院,河南,郑州市,否,否,财经类,民办,471,460,477
南昌应用技术师范学院,江西,南昌市,否,否,师范类,民办,474,468,464
赣南师范大学科技学院,江西,赣州市,否,否,师范类,民办,476,466,469
江西财经大学现代经济管理学院,江西,九江市,否,否,财经类,民办,475,464,469
南昌医学院,江西,南昌市,否,否,医药类,公办,504,496,516
南昌航空大学科技学院,江西,九江市,否,否,理工类,民办,474,466,467
赣东学院,江西,抚州市,否,否,综合类,公办,481,477,478
赣南科技学院,江西,赣州市,否,否,理工类,公办,481,474,476
南昌交通学院,江西,南昌市,否,否,理工类,民办,469,458,464
江西师范大学科学技术学院,江西,九江市,否,否,综合类,民办,476,467,477
江西农业大学南昌商学院,江西,九江市,否,否,综合类,民办,478,470,476
南昌大学科学技术学院,江西,九江市,否,否,综合类,民办,477,470,475
厦门工学院,福建,厦门市,否,否,理工类,民办,471,465,471
皖江工学院,安徽,马鞍山市,否,否,理工类,民办,468,457,465
安徽信息工程学院,安徽,芜湖市,否,否,理工类,民办,471,462,467
合肥城市学院,安徽,合肥市,否,否,理工类,民办,469,461,466
蚌埠工商学院,安徽,蚌埠市,否,否,财经类,民办,472,469,475
马鞍山学院,安徽,马鞍山市,否,否,理工类,民办,472,463,468
上海财经大学浙江学院,浙江,金华市,否,否,财经类,民办,478,474,487
温州商学院,浙江,温州市,否,否,财经类,民办,470,465,475
嘉兴南湖学院,浙江,嘉兴市,否,否,财经类,公办,495,487,484
中国计量大学现代科技学院,浙江,金华市,否,否,理工类,民办,486,475,475
浙江工商大学杭州商学院,浙江,杭州市,否,否,财经类,民办,475,471,477
湖州学院,浙江,湖州市,否,否,综合类,公办,498,494,494
温州医科大学仁济学院,浙江,温州市,否,否,医药类,民办,478,475,478
浙江农林大学暨阳学院,浙江,绍兴市,否,否,农林类,民办,474,466,467
浙大城市学院,浙江,杭州市,否,否,综合类,公办,494,515,521
广西中医药大学赛恩斯新医药学院,广西,南宁市,否,否,医药类,民办,484,475,480
兰州工商学院,甘肃,兰州市,否,否,财经类,民办,465,462,466
甘肃民族师范学院,甘肃,甘南藏族自治州,否,否,师范类,公办,484,482,483
大连艺术学院,辽宁,大连市,否,否,艺术类,民办,460,458,464
大连东软信息学院,辽宁,大连市,否,否,理工类,民办,472,466,466
山西晋中理工学院,山西,晋中市,否,否,理工类,民办,474,470,467
山西工学院,山西,朔州市,否,否,理工类,公办,481,472,485
内蒙古大学创业学院,内蒙古,呼和浩特市,否,否,综合类,民办,477,477,478
呼和浩特民族学院,内蒙古,呼和浩特市,否,否,民族类,公办,489,479,478
长春大学旅游学院,吉林,长春市,否,否,综合类,民办,463,461,470
长春财经学院,吉林,长春市,否,否,财经类,民办,471,475,481
长春光华学院,吉林,长春市,否,否,综合类,民办,460,450,479
天津天狮学院,天津,天津市,否,否,综合类,民办,471,468,476
天津财经大学珠江学院,天津,天津市,否,否,综合类,民办,476,468,475
天津理工大学中环信息学院,天津,天津市,否,否,综合类,民办,476,466,467
北京科技大学天津学院,天津,天津市,否,否,综合类,民办,473,467,473
天津医科大学临床医学院,天津,天津市,否,否,医药类,民办,493,482,485
天津商业大学宝德学院,天津,天津市,否,否,财经类,民办,478,470,476
民政职业大学,北京,北京市,否,否,政法类,公办,425,402,415
银川能源学院,宁夏,银川市,否,否,理工类,民办,462,462,462
宁夏理工学院,宁夏,石嘴山市,否,否,理工类,民办,461,461,465
贵阳信息科技学院,贵州,贵阳市,否,否,理工类,民办,467,456,467
贵州交通职业大学,贵州,贵阳市,否,否,理工类,公办,431,415,415
贵州警察学院,贵州,贵阳市,否,否,政法类,公办,508,501,499
西安交通工程学院,陕西,西安市,否,否,理工类,民办,471,463,467
西安信息职业大学,陕西,西安市,否,否,理工类,民办,462,460,462
西安汽车职业大学,陕西,西安市,否,否,理工类,民办,465,455,206
陕西国际商贸学院,陕西,咸阳市,否,否,财经类,民办,472,468,471
陕西科技大学镐京学院,陕西,咸阳市,否,否,理工类,民办,473,464,467
西安建筑科技大学华清学院,陕西,西安市,否,否,理工类,民办,470,459,465
西北大学现代学院,陕西,西安市,否,否,综合类,民办,476,469,477
无锡太湖学院,江苏,无锡市,否,否,综合类,民办,469,463,466
哈尔滨体育学院,黑龙江,哈尔滨市,否,否,体育类,公办,481,478,481
云南经济管理学院,云南,昆明市,否,否,财经类,民办,469,461,464
滇西科技师范学院,云南,临沧市,否,否,师范类,公办,481,473,475
普洱学院,云南,普洱市,否,否,综合类,公办,481,476,480
青岛黄海学院,山东,青岛市,否,否,综合类,民办,457,448,456
山东华宇工学院,山东,德州市,否,否,理工类,民办,457,448,456
山东现代学院,山东,济南市,否,否,综合类,民办,460,449,459
山东外事职业大学,山东,威海市,否,否,综合类,民办,457,448,458
山东工程职业技术大学,山东,济南市,否,否,理工类,民办,456,448,459
山东外国语职业技术大学,山东,日照市,否,否,语言类,民办,461,452,459
青岛恒星科技学院,山东,青岛市,否,否,综合类,民办,456,447,456
烟台南山学院,山东,烟台市,否,否,综合类,民办,470,461,467
齐鲁医药学院,山东,淄博市,否,否,医药类,民办,474,468,473
潍坊科技学院,山东,潍坊市,否,否,综合类,民办,470,462,458
山东英才学院,山东,济南市,否,否,综合类,民办,457,451,456
山东石油化工学院,山东,东营市,否,否,理工类,公办,482,474,475
济宁学院,山东,济宁市,否,否,综合类,公办,484,476,478
新疆天山职业技术大学,新疆,乌鲁木齐市,否,否,综合类,民办,463,458,463
新疆工程学院,新疆,乌鲁木齐市,否,否,理工类,公办,477,468,470
湖南交通工程学院,湖南,衡阳市,否,否,理工类,民办,465,462,465
湖南汽车工程职业大学,湖南,株洲市,否,否,理工类,公办,286,349,323
湖南女子学院,湖南,长沙市,否,否,综合类,公办,484,480,484
长沙师范学院,湖南,长沙市,否,否,师范类,公办,512,489,478
湖南医药学院,湖南,怀化市,否,否,医药类,公办,522,513,518
湖南财政经济学院,湖南,长沙市,否,否,财经类,公办,528,502,520
湖南工学院,湖南,衡阳市,否,否,理工类,公办,493,484,486
武汉生物工程学院,湖北,武汉市,否,否,理工类,民办,476,468,471
武汉晴川学院,湖北,武汉市,否,否,综合类,民办,475,473,478
荆州学院,湖北,荆州市,否,否,理工类,民办,465,458,460
湖北文理学院理工学院,湖北,襄阳市,否,否,理工类,民办,475,465,469
湖北师范大学文理学院,湖北,黄石市,否,否,师范类,民办,474,473,478
武汉工程大学邮电与信息工程学院,湖北,武汉市,否,否,理工类,民办,471,461,465
湖北商贸学院,湖北,武汉市,否,否,财经类,民办,217,350,469
湖北工业大学工程技术学院,湖北,武汉市,否,否,综合类,民办,470,461,466
武汉工商学院,湖北,武汉市,否,否,综合类,民办,468,458,467
新乡医学院三全学院,河南,新乡市,否,否,医药类,民办,512,498,499
郑州工程技术学院,河南,郑州市,否,否,理工类,公办,482,478,480
河南财政金融学院,河南,郑州市,否,否,财经类,公办,485,472,485
新乡学院,河南,新乡市,否,否,综合类,公办,481,472,479
福州理工学院,福建,福州市,否,否,理工类,民办,461,457,463
泉州信息工程学院,福建,泉州市,否,否,理工类,民办,461,456,463
泉州职业技术大学,福建,泉州市,否,否,综合类,民办,463,456,460
厦门华厦学院,福建,厦门市,否,否,综合类,民办,471,459,469
福建农林大学金山学院,福建,福州市,否,否,综合类,民办,467,464,468
阳光学院,福建,福州市,否,否,综合类,民办,460,457,462
厦门大学嘉庚学院,福建,漳州市,否,否,综合类,民办,474,468,474
宁德师范学院,福建,宁德市,否,否,师范类,公办,483,480,481
武夷学院,福建,南平市,否,否,综合类,公办,488,478,486
安徽文达信息工程学院,安徽,合肥市,否,否,理工类,民办,471,459,463
安徽新华学院,安徽,合肥市,否,否,综合类,民办,467,459,467
安徽三联学院,安徽,合肥市,否,否,理工类,民办,469,466,467
合肥师范学院,安徽,合肥市,否,否,师范类,公办,488,488,494
蚌埠学院,安徽,蚌埠市,否,否,理工类,公办,490,483,484
桂林旅游学院,广西,桂林市,否,否,财经类,公办,481,474,479
桂林航天工业学院,广西,桂林市,否,否,理工类,公办,482,476,479
广西科技师范学院,广西,来宾市,否,否,师范类,公办,477,475,477
兰州资源环境职业技术大学,甘肃,兰州市,否,否,理工类,公办,478,468,314
兰州文理学院,甘肃,兰州市,否,否,综合类,公办,479,472,480
兰州石化职业技术大学,甘肃,兰州市,否,否,理工类,公办,478,469,367
兰州工业学院,甘肃,兰州市,否,否,理工类,公办,478,473,477
辽宁传媒学院,辽宁,沈阳市,否,否,艺术类,民办,459,454,457
沈阳工学院,辽宁,抚顺市,否,否,理工类,民办,461,432,432
朝阳师范学院,辽宁,朝阳市,否,否,师范类,公办,431,430,427
山西应用科技学院,山西,太原市,否,否,综合类,民办,471,462,479
山西工程科技职业大学,山西,晋中市,否,否,理工类,公办,478,472,400
山西工程技术学院,山西,阳泉市,否,否,理工类,公办,482,475,478
太原学院,山西,太原市,否,否,综合类,公办,481,474,478
吕梁学院,山西,吕梁市,否,否,综合类,公办,480,473,476
长春人文学院,吉林,长春市,否,否,综合类,民办,473,467,468
吉林建筑科技学院,吉林,长春市,否,否,理工类,民办,464,459,467
吉林警察学院,吉林,长春市,否,否,政法类,公办,498,488,491
吉林工商学院,吉林,长春市,否,否,财经类,公办,485,475,477
天津仁爱学院,天津,天津市,否,否,综合类,民办,465,462,466
六盘水师范学院,贵州,六盘水市,否,否,师范类,公办,482,473,476
河北工程大学科信学院,河北,邯郸市,否,否,理工类,民办,477,467,470
石家庄铁道大学四方学院,河北,石家庄市,否,否,理工类,民办,477,468,469
河北经贸大学经济管理学院,河北,石家庄市,否,否,财经类,民办,479,473,477
河北医科大学临床学院,河北,石家庄市,否,否,医药类,民办,503,491,486
贵州师范学院,贵州,贵阳市,否,否,师范类,公办,489,480,480
贵州商学院,贵州,贵阳市,否,否,财经类,公办,481,476,482
兰州博文科技学院,甘肃,兰州市,否,否,理工类,民办,463,458,465
常州大学怀德学院,江苏,泰州市,否,否,理工类,民办,475,468,470
集宁师范学院,内蒙古,乌兰察布市,否,否,师范类,公办,485,480,483
大连财经学院,辽宁,大连市,否,否,财经类,民办,472,460,491
南通理工学院,江苏,南通市,否,否,综合类,民办,463,461,464
山东财经大学东方学院,山东,泰安市,否,否,综合类,民办,477,467,470
河北东方学院,河北,廊坊市,否,否,综合类,民办,471,461,467
琼台师范学院,海南,海口市,否,否,师范类,公办,492,489,493
亳州学院,安徽,亳州市,否,否,综合类,公办,483,476,484
河南城建学院,河南,平顶山市,否,否,理工类,公办,478,474,478
荆楚理工学院,湖北,荆门市,否,否,理工类,公办,486,480,482
重庆第二师范学院,重庆,重庆市,否,否,师范类,公办,476,489,490
重庆电子科技职业大学,重庆,重庆市,否,否,理工类,公办,452,442,446
重庆财经学院,重庆,重庆市,否,否,财经类,民办,477,472,473
重庆外语外事学院,重庆,重庆市,否,否,语言类,民办,470,464,485
重庆对外经贸学院,重庆,重庆市,否,否,财经类,民办,476,473,476
上海视觉艺术学院,上海,上海市,否,否,艺术类,民办,503,503,508
沧州交通学院,河北,沧州市,否,否,理工类,民办,473,464,468
哈尔滨工业大学（威海）,山东,威海市,是,是,理工类,公办,613,602,607
珠海科技学院,广东,珠海市,否,否,综合类,民办,471,467,475
烟台理工学院,山东,烟台市,否,否,综合类,民办,464,458,463
南京师范大学泰州学院,江苏,泰州市,否,否,师范类,民办,478,473,477
江苏大学京江学院,江苏,镇江市,否,否,综合类,民办,477,467,469
长春工业大学人文信息学院,吉林,长春市,否,否,综合类,民办,467,458,464
长春建筑学院,吉林,长春市,否,否,理工类,民办,460,456,455
河北师范大学汇华学院,河北,石家庄市,否,否,师范类,民办,479,469,488
无锡学院,江苏,无锡市,否,否,理工类,公办,523,506,498
河北地质大学华信学院,河北,石家庄市,否,否,综合类,民办,467,466,469
北京中医药大学东方学院,河北,廊坊市,否,否,医药类,民办,475,466,477
青岛城市学院,山东,青岛市,否,否,理工类,民办,456,448,460
燕京理工学院,河北,廊坊市,否,否,理工类,民办,308,242,163
海口经济学院,海南,海口市,否,否,综合类,民办,456,480,465
河北传媒学院,河北,石家庄市,否,否,艺术类,民办,472,465,475
四川音乐学院,四川,成都市,否,否,艺术类,公办,495,493,486
广西艺术学院,广西,南宁市,否,否,艺术类,公办,471,477,480
吉林动画学院,吉林,长春市,否,否,艺术类,民办,463,456,458
湖北第二师范学院,湖北,武汉市,否,否,师范类,公办,522,517,519
西交利物浦大学,江苏,苏州市,否,否,综合类,中外合作办学,573,554,556
新疆农业职业技术大学,新疆,昌吉回族自治州,否,否,农林类,公办,355,325,263
三亚学院,海南,三亚市,否,否,综合类,民办,462,460,471
黑龙江外国语学院,黑龙江,哈尔滨市,否,否,语言类,民办,461,465,463
河南工程学院,河南,郑州市,否,否,理工类,公办,481,475,480
武汉纺织大学外经贸学院,湖北,武汉市,否,否,综合类,民办,469,468,471
长春电子科技学院,吉林,长春市,否,否,理工类,民办,462,454,462
陆军工程大学,江苏,南京市,否,否,军事类,公办,572,574,578
广州软件学院,广东,广州市,否,否,理工类,民办,470,458,471
大连理工大学城市学院,辽宁,大连市,否,否,理工类,民办,471,464,469
上海外国语大学贤达经济人文学院,上海,上海市,否,否,财经类,民办,467,469,466
北京理工大学珠海学院,广东,珠海市,否,否,理工类,民办,476,469,467
广州新华学院,广东,广州市,否,否,综合类,民办,465,461,468
武汉体育学院体育科技学院,湖北,武汉市,否,否,体育类,民办,473,471,476
昆明城市学院,云南,昆明市,否,否,综合类,民办,465,463,470
山东政法学院,山东,济南市,否,否,政法类,公办,504,501,499
昆明医科大学海源学院,云南,昆明市,否,否,医药类,民办,511,509,509
北京师范大学-香港浸会大学联合国际学院,广东,珠海市,否,否,综合类,内地与港澳台地区合作办学,559,542,544
长春科技学院,吉林,长春市,否,否,综合类,民办,467,459,465
兰州城市学院,甘肃,兰州市,否,否,综合类,公办,477,467,482
安顺学院,贵州,安顺市,否,否,综合类,公办,484,477,481
西安医学院,陕西,西安市,否,否,医药类,公办,493,494,498
菏泽学院,山东,菏泽市,否,否,综合类,公办,483,477,478
安康学院,陕西,安康市,否,否,综合类,公办,482,476,480
商洛学院,陕西,商洛市,否,否,综合类,公办,481,474,479
三明学院,福建,三明市,否,否,综合类,公办,481,473,490
贺州学院,广西,贺州市,否,否,综合类,公办,481,472,476
河北科技师范学院,河北,秦皇岛市,否,否,师范类,公办,499,487,487
长治学院,山西,长治市,否,否,综合类,公办,482,477,480
北部湾大学,广西,钦州市,否,否,综合类,公办,498,489,491
丽水学院,浙江,丽水市,否,否,综合类,公办,493,492,495
百色学院,广西,百色市,否,否,综合类,公办,481,473,472
梧州学院,广西,梧州市,否,否,综合类,公办,486,476,481
龙岩学院,福建,龙岩市,否,否,综合类,公办,486,478,482
海南热带海洋学院,海南,三亚市,否,否,综合类,公办,479,480,484
滁州学院,安徽,滁州市,否,否,综合类,公办,494,492,495
枣庄学院,山东,枣庄市,否,否,综合类,公办,482,475,479
青岛滨海学院,山东,青岛市,否,否,综合类,民办,458,449,458
辽宁对外经贸学院,辽宁,大连市,否,否,财经类,民办,469,460,464
长沙医学院,湖南,长沙市,否,否,医药类,民办,504,504,505
呼伦贝尔学院,内蒙古,呼伦贝尔市,否,否,综合类,公办,478,473,475
宁夏师范大学,宁夏,固原市,否,否,师范类,公办,478,473,478
济宁医学院,山东,济宁市,否,否,医药类,公办,486,483,496
山东大学（威海）,山东,威海市,是,是,综合类,公办,605,598,600
东北大学秦皇岛分校,河北,秦皇岛市,是,是,理工类,公办,593,587,591
北京大学医学部,北京,北京市,是,是,医药类,公办,679,665,667
宁波诺丁汉大学,浙江,宁波市,否,否,综合类,中外合作办学,567,548,534
上海师范大学天华学院,上海,上海市,否,否,综合类,民办,471,469,478
集美大学诚毅学院,福建,厦门市,否,否,综合类,民办,476,466,469
山东航空学院,山东,滨州市,否,否,综合类,公办,484,473,476
信阳农林学院,河南,信阳市,否,否,农林类,公办,480,476,482
安徽中医药大学,安徽,合肥市,否,否,医药类,公办,507,501,502
南京财经大学红山学院,江苏,镇江市,否,否,综合类,民办,478,473,477
宁波工程学院,浙江,宁波市,否,否,理工类,公办,505,496,500
西京学院,陕西,西安市,否,否,理工类,民办,468,471,475
西安翻译学院,陕西,西安市,否,否,语言类,民办,458,263,214
常熟理工学院,江苏,苏州市,否,否,理工类,公办,496,489,495
宿州学院,安徽,宿州市,否,否,综合类,公办,482,473,474
三江学院,江苏,南京市,否,否,综合类,民办,464,464,469
洛阳理工学院,河南,洛阳市,否,否,理工类,公办,488,479,487
武汉城市学院,湖北,武汉市,否,否,理工类,民办,470,464,468
武汉学院,湖北,武汉市,否,否,综合类,民办,476,472,477
保定理工学院,河北,保定市,否,否,理工类,民办,467,460,467
商丘工学院,河南,商丘市,否,否,理工类,民办,469,460,466
武汉东湖学院,湖北,武汉市,否,否,综合类,民办,472,463,467
湖北医药学院药护学院,湖北,十堰市,否,否,医药类,民办,479,473,477
武昌理工学院,湖北,武汉市,否,否,综合类,民办,465,459,461
郑州工商学院,河南,郑州市,否,否,财经类,民办,476,465,469
郑州师范学院,河南,郑州市,否,否,师范类,公办,516,504,504
东南大学成贤学院,江苏,南京市,否,否,综合类,民办,477,467,471
武汉工程科技学院,湖北,武汉市,否,否,理工类,民办,462,327,463
南京理工大学泰州科技学院,江苏,泰州市,否,否,理工类,民办,477,466,470
山东中医药大学,山东,济南市,否,否,医药类,公办,503,498,499
南京特殊教育师范学院,江苏,南京市,否,否,师范类,公办,492,492,493
太原工业学院,山西,太原市,否,否,理工类,公办,476,472,482
电子科技大学成都学院,四川,成都市,否,否,理工类,民办,481,472,478
陕西警察学院,陕西,西安市,否,否,政法类,公办,443,431,430
中国矿业大学徐海学院,江苏,徐州市,否,否,综合类,民办,475,466,469
郑州财经学院,河南,郑州市,否,否,财经类,民办,474,464,470
三峡大学科技学院,湖北,宜昌市,否,否,综合类,民办,477,468,473
北京工业大学耿丹学院,北京,北京市,否,否,综合类,民办,481,474,472
汉口学院,湖北,武汉市,否,否,综合类,民办,463,497,469
武昌首义学院,湖北,武汉市,否,否,理工类,民办,470,466,470
西安航空学院,陕西,西安市,否,否,理工类,公办,474,502,502
广州南方学院,广东,广州市,否,否,综合类,民办,466,455,465
天水师范学院,甘肃,天水市,否,否,师范类,公办,475,476,485
陇东学院,甘肃,庆阳市,否,否,综合类,公办,478,473,474
上海电机学院,上海,上海市,否,否,理工类,公办,499,527,531
塔里木大学,新疆,自治区直辖县级行政区划,否,否,综合类,公办,478,471,488
榆林学院,陕西,榆林市,否,否,综合类,公办,480,474,475
曲靖师范学院,云南,曲靖市,否,否,师范类,公办,481,475,479
成都体育学院,四川,成都市,否,否,体育类,公办,497,499,505
乐山师范学院,四川,乐山市,否,否,师范类,公办,489,482,487
内江师范学院,四川,内江市,否,否,师范类,公办,500,489,479
绵阳师范学院,四川,绵阳市,否,否,师范类,公办,490,480,493
文华学院,湖北,武汉市,否,否,综合类,民办,455,462,467
成都医学院,四川,成都市,否,否,医药类,公办,577,564,566
重庆工商大学,重庆,重庆市,否,否,财经类,公办,533,497,545
贵阳学院,贵州,贵阳市,否,否,综合类,公办,485,474,478
湖南人文科技学院,湖南,娄底市,否,否,综合类,公办,482,478,480
辽宁科技学院,辽宁,本溪市,否,否,理工类,公办,491,481,488
浙江传媒学院,浙江,杭州市,否,否,艺术类,公办,515,536,548
南京工业职业技术大学,江苏,南京市,否,否,理工类,公办,501,478,464
淮阴师范学院,江苏,淮安市,否,否,师范类,公办,490,478,487
绥化学院,黑龙江,绥化市,否,否,综合类,公办,478,473,475
哈尔滨师范大学,黑龙江,哈尔滨市,否,否,师范类,公办,532,539,548
厦门理工学院,福建,厦门市,否,否,理工类,公办,522,524,518
湖北经济学院法商学院,湖北,武汉市,否,否,财经类,民办,479,471,475
徐州工程学院,江苏,徐州市,否,否,综合类,公办,478,490,491
金陵科技学院,江苏,南京市,否,否,理工类,公办,513,508,524
吉林医药学院,吉林,吉林市,否,否,医药类,公办,483,480,485
广西财经学院,广西,南宁市,否,否,财经类,公办,489,492,492
黑河学院,黑龙江,黑河市,否,否,综合类,公办,480,470,475
昆明学院,云南,昆明市,否,否,综合类,公办,484,480,486
西安文理学院,陕西,西安市,否,否,综合类,公办,511,509,505
赤峰学院,内蒙古,赤峰市,否,否,综合类,公办,482,470,476
沈阳工程学院,辽宁,沈阳市,否,否,理工类,公办,540,518,519
重庆文理学院,重庆,重庆市,否,否,综合类,公办,493,490,489
伊犁师范大学,新疆,伊犁哈萨克自治州,否,否,师范类,公办,479,472,473
河池学院,广西,河池市,否,否,综合类,公办,481,475,477
广西中医药大学,广西,南宁市,否,否,医药类,公办,502,502,511
广东金融学院,广东,广州市,否,否,财经类,公办,541,538,542
长沙学院,湖南,长沙市,否,否,综合类,公办,500,491,496
湖北警官学院,湖北,武汉市,否,否,政法类,公办,519,507,508
湖北理工学院,湖北,黄石市,否,否,理工类,公办,490,493,492
安庆师范大学,安徽,安庆市,否,否,师范类,公办,501,501,503
阜阳师范大学,安徽,阜阳市,否,否,师范类,公办,504,499,498
蚌埠医科大学,安徽,蚌埠市,否,否,医药类,公办,506,499,501
福建医科大学,福建,福州市,否,否,医药类,公办,559,540,537
重庆交通大学,重庆,重庆市,否,否,理工类,公办,539,538,552
吉林农业科技学院,吉林,吉林市,否,否,农林类,公办,482,474,477
大庆师范学院,黑龙江,大庆市,否,否,师范类,公办,480,474,476
上海政法学院,上海,上海市,否,否,政法类,公办,565,557,565
上海商学院,上海,上海市,否,否,财经类,公办,558,546,552
重庆科技大学,重庆,重庆市,否,否,理工类,公办,494,491,493
武汉科技大学,湖北,武汉市,否,否,综合类,公办,551,555,564
中国矿业大学（北京）,北京,北京市,否,是,理工类,公办,587,575,576
广东理工学院,广东,肇庆市,否,否,理工类,民办,457,456,460
肇庆医学院,广东,肇庆市,否,否,医药类,公办,461,448,450
广东培正学院,广东,广州市,否,否,财经类,民办,462,457,465
广东技术师范大学,广东,广州市,否,否,师范类,公办,504,505,509
肇庆学院,广东,肇庆市,否,否,师范类,公办,484,479,484
南方医科大学,广东,广州市,否,否,医药类,公办,574,566,578
中国人民解放军国防科技大学,湖南,长沙市,是,是,军事类,公办,641,623,626
中国人民解放军空军军医大学,陕西,西安市,否,是,军事类,公办,585,574,580
海军军医大学,上海,上海市,否,是,军事类,公办,603,579,591
贵州大学,贵州,贵阳市,否,是,综合类,公办,573,562,568
西南大学,重庆,重庆市,否,是,综合类,公办,571,579,582
攀枝花学院,四川,攀枝花市,否,否,综合类,公办,481,473,478
西昌学院,四川,凉山彝族自治州,否,否,综合类,公办,479,474,482
江西应用科技学院,江西,南昌市,否,否,综合类,民办,456,453,255
晋中学院,山西,晋中市,否,否,综合类,公办,481,476,480
运城学院,山西,运城市,否,否,综合类,公办,482,473,475
山西中医药大学,山西,晋中市,否,否,医药类,公办,504,496,498
南昌职业大学,江西,南昌市,否,否,综合类,民办,420,257,437
河南工学院,河南,新乡市,否,否,理工类,公办,482,473,475
江西职业技术大学,江西,九江市,否,否,综合类,公办,423,369,396
新余学院,江西,新余市,否,否,综合类,公办,481,475,478
景德镇学院,江西,景德镇市,否,否,综合类,公办,480,473,477
萍乡学院,江西,萍乡市,否,否,综合类,公办,481,474,478
黄淮学院,河南,驻马店市,否,否,综合类,公办,479,473,476
河南科技学院,河南,新乡市,否,否,综合类,公办,484,477,477
平顶山学院,河南,平顶山市,否,否,综合类,公办,481,470,479
北京信息科技大学,北京,北京市,否,否,理工类,公办,559,563,567
安阳师范学院,河南,安阳市,否,否,师范类,公办,482,476,483
信阳师范大学,河南,信阳市,否,否,师范类,公办,489,472,485
首都经济贸易大学,北京,北京市,否,否,财经类,公办,573,563,578
河南中医药大学,河南,郑州市,否,否,医药类,公办,517,508,511
江西科技学院,江西,南昌市,否,否,综合类,民办,475,469,469
南昌理工学院,江西,南昌市,否,否,综合类,民办,468,460,460
南昌工程学院,江西,南昌市,否,否,理工类,公办,492,488,491
北京体育大学,北京,北京市,否,是,体育类,公办,550,577,580
西安思源学院,陕西,西安市,否,否,综合类,民办,470,474,473
西安外事学院,陕西,西安市,否,否,综合类,民办,462,462,468
天津中德应用技术大学,天津,天津市,否,否,理工类,公办,488,490,490
南阳理工学院,河南,南阳市,否,否,理工类,公办,480,475,479
安阳工学院,河南,安阳市,否,否,理工类,公办,483,473,477
河南师范大学,河南,新乡市,否,否,师范类,公办,505,502,515
中国石油大学（北京）,北京,北京市,否,是,理工类,公办,592,580,582
华北电力大学,北京,北京市,否,是,理工类,公办,602,592,598
中国地质大学（北京）,北京,北京市,否,是,理工类,公办,589,577,579
吉利学院,四川,成都市,否,否,理工类,民办,456,457,463
汉江师范学院,湖北,十堰市,否,否,师范类,公办,499,502,502
武汉商学院,湖北,武汉市,否,否,财经类,公办,525,513,516
四川工业科技学院,四川,德阳市,否,否,综合类,民办,469,460,467
四川文理学院,四川,达州市,否,否,综合类,公办,483,480,484
四川工程职业技术大学,四川,德阳市,否,否,理工类,公办,444,429,437
南通大学,江苏,南通市,否,否,综合类,公办,530,540,543
辽宁工程技术大学,辽宁,阜新市,否,否,理工类,公办,507,502,505
阿坝师范学院,四川,阿坝藏族羌族自治州,否,否,师范类,公办,491,490,490
四川旅游学院,四川,成都市,否,否,综合类,公办,481,478,483
成都东软学院,四川,成都市,否,否,理工类,民办,469,464,465
成都工业学院,四川,成都市,否,否,理工类,公办,502,460,505
齐齐哈尔工程学院,黑龙江,齐齐哈尔市,否,否,综合类,民办,456,453,460
黑龙江工业学院,黑龙江,鸡西市,否,否,综合类,公办,480,473,476
河北外国语学院,河北,石家庄市,否,否,语言类,民办,463,459,466
河北工程技术学院,河北,石家庄市,否,否,理工类,民办,462,458,461
哈尔滨职业技术大学,黑龙江,哈尔滨市,否,否,综合类,公办,383,365,308
哈尔滨金融学院,黑龙江,哈尔滨市,否,否,财经类,公办,488,488,490
上海中侨职业技术大学,上海,上海市,否,否,财经类,民办,467,462,466
河北科技工程职业技术大学,河北,邢台市,否,否,理工类,公办,481,472,385
河北金融学院,河北,保定市,否,否,财经类,公办,471,491,490
河北民族师范学院,河北,承德市,否,否,民族类,公办,505,488,509
邢台医学院,河北,邢台市,否,否,医药类,公办,439,433,439
河北石油职业技术大学,河北,承德市,否,否,理工类,公办,479,471,476
河北水利电力学院,河北,沧州市,否,否,理工类,公办,486,475,467
北华航天工业学院,河北,廊坊市,否,否,理工类,公办,494,486,489
上海建桥学院,上海,上海市,否,否,财经类,民办,481,485,488
电子科技大学,四川,成都市,是,是,理工类,公办,650,629,633
防灾科技学院,河北,廊坊市,否,否,综合类,公办,501,494,494
沧州师范学院,河北,沧州市,否,否,师范类,公办,492,488,512
保定学院,河北,保定市,否,否,综合类,公办,486,478,482
深圳职业技术大学,广东,深圳市,否,否,综合类,公办,467,456,464
广东东软学院,广东,佛山市,否,否,理工类,民办,463,456,462
广州工商学院,广东,广州市,否,否,财经类,民办,463,465,459
石家庄学院,河北,石家庄市,否,否,综合类,公办,490,484,489
衡水学院,河北,衡水市,否,否,综合类,公办,485,478,481
廊坊师范学院,河北,廊坊市,否,否,师范类,公办,489,483,489
唐山师范学院,河北,唐山市,否,否,师范类,公办,484,478,483
山东师范大学,山东,济南市,否,否,师范类,公办,540,560,563
中国人民警察大学,河北,廊坊市,否,否,政法类,公办,532,522,524
邢台学院,河北,邢台市,否,否,综合类,公办,493,487,489
唐山学院,河北,唐山市,否,否,理工类,公办,489,479,482
石家庄铁道大学,河北,石家庄市,否,否,理工类,公办,535,532,541
河北地质大学,河北,石家庄市,否,否,理工类,公办,505,497,504
华北科技学院,河北,廊坊市,否,否,理工类,公办,492,485,488
河北建筑工程学院,河北,张家口市,否,否,理工类,公办,487,474,483
河北工程大学,河北,邯郸市,否,否,理工类,公办,509,500,505
河北北方学院,河北,张家口市,否,否,综合类,公办,522,515,520
承德医学院,河北,承德市,否,否,医药类,公办,497,490,495
燕山大学,河北,秦皇岛市,否,否,综合类,公办,496,456,519
华北理工大学,河北,唐山市,否,否,综合类,公办,462,507,514
河北医科大学,河北,石家庄市,否,否,医药类,公办,555,543,538
河北师范大学,河北,石家庄市,否,否,师范类,公办,511,507,505
北京语言大学,北京,北京市,否,否,语言类,公办,577,579,585
华北电力大学保定校区,河北,保定市,否,是,理工类,公办,581,578,583
北京印刷学院,北京,北京市,否,否,理工类,公办,533,522,525
首都师范大学,北京,北京市,否,否,师范类,公办,592,586,592
北京物资学院,北京,北京市,否,否,财经类,公办,517,546,554
首都医科大学,北京,北京市,否,否,医药类,公办,574,579,578
首钢工学院,北京,北京市,否,否,理工类,公办,455,447,455
北京石油化工学院,北京,北京市,否,否,综合类,公办,524,515,521
中国劳动关系学院,北京,北京市,否,否,政法类,公办,530,523,525
北京农学院,北京,北京市,否,否,农林类,公办,527,512,526
中国人民公安大学,北京,北京市,否,否,政法类,公办,631,615,617
北京联合大学,北京,北京市,否,否,综合类,公办,523,527,534
中国戏曲学院,北京,北京市,否,否,艺术类,公办,545,557,562
北京协和医学院,北京,北京市,否,否,医药类,公办,599,581,585
北京建筑大学,北京,北京市,否,否,理工类,公办,570,564,569
北京工商大学,北京,北京市,否,否,财经类,公办,561,549,556
中国政法大学,北京,北京市,否,是,政法类,公办,622,612,615
中华女子学院,北京,北京市,否,否,语言类,公办,529,524,525
北京服装学院,北京,北京市,否,否,艺术类,公办,514,516,518
中央财经大学,北京,北京市,否,是,财经类,公办,622,623,629
北京电影学院,北京,北京市,否,否,艺术类,公办,616,590,608
中央戏剧学院,北京,北京市,否,否,艺术类,公办,562,578,575
北方工业大学,北京,北京市,否,否,理工类,公办,556,568,571
北京城市学院,北京,北京市,否,否,综合类,民办,475,462,452
中国传媒大学,北京,北京市,否,是,综合类,公办,605,601,606
中国农业大学,北京,北京市,是,是,农林类,公办,580,570,571
北京化工大学,北京,北京市,否,是,理工类,公办,598,588,595
鲁东大学,山东,烟台市,否,否,综合类,公办,493,497,502
烟台大学,山东,烟台市,否,否,综合类,公办,503,506,507
山东第二医科大学,山东,潍坊市,否,否,医药类,公办,496,485,550
潍坊学院,山东,潍坊市,否,否,综合类,公办,485,483,484
山东第一医科大学,山东,济南市,否,否,医药类,公办,507,499,538
泰山学院,山东,泰安市,否,否,综合类,公办,484,481,488
山东艺术学院,山东,济南市,否,否,艺术类,公办,487,484,485
山东体育学院,山东,济南市,否,否,体育类,公办,483,478,481
齐鲁工业大学,山东,济南市,否,否,理工类,公办,509,499,508
宁夏医科大学,宁夏,银川市,否,否,医药类,公办,473,524,532
北方民族大学,宁夏,银川市,否,否,综合类,公办,495,491,493
宁夏大学,宁夏,银川市,否,是,综合类,公办,504,550,551
广西民族大学,广西,南宁市,否,否,民族类,公办,475,488,487
山东农业大学,山东,泰安市,否,否,农林类,公办,508,506,506
南宁师范大学,广西,南宁市,否,否,师范类,公办,495,500,501
山东理工大学,山东,淄博市,否,否,理工类,公办,503,496,498
玉林师范学院,广西,玉林市,否,否,师范类,公办,478,469,477
桂林医学院,广西,桂林市,否,否,医药类,公办,521,516,524
山东科技大学,山东,青岛市,否,否,理工类,公办,499,528,521
广西科技大学,广西,柳州市,否,否,理工类,公办,494,493,493
山东财经大学,山东,济南市,否,否,财经类,公办,534,543,547
山东交通学院,山东,济南市,否,否,理工类,公办,492,482,483
桂林理工大学,广西,桂林市,否,否,理工类,公办,497,494,496
桂林电子科技大学,广西,桂林市,否,否,理工类,公办,486,517,528
广西师范大学,广西,桂林市,否,否,师范类,公办,459,521,522
广西医科大学,广西,南宁市,否,否,医药类,公办,511,504,506
内蒙古财经大学,内蒙古,呼和浩特市,否,否,财经类,公办,500,494,495
山东建筑大学,山东,济南市,否,否,理工类,公办,499,493,494
山东工艺美术学院,山东,济南市,否,否,艺术类,公办,476,473,476
山东工商学院,山东,烟台市,否,否,财经类,公办,486,482,489
内蒙古医科大学,内蒙古,呼和浩特市,否,否,医药类,公办,503,493,497
遵义师范学院,贵州,遵义市,否,否,师范类,公办,491,475,484
黔南民族师范学院,贵州,黔南布依族苗族自治州,否,否,师范类,公办,486,478,483
贵州财经大学,贵州,贵阳市,否,否,财经类,公办,467,512,514
内蒙古师范大学,内蒙古,呼和浩特市,否,否,师范类,公办,522,532,525
遵义医科大学,贵州,遵义市,否,否,医药类,公办,521,513,515
内蒙古农业大学,内蒙古,呼和浩特市,否,否,农林类,公办,495,486,491
贵州民族大学,贵州,贵阳市,否,否,民族类,公办,494,488,490
贵州医科大学,贵州,贵阳市,否,否,医药类,公办,598,556,564
贵州师范大学,贵州,贵阳市,否,否,师范类,公办,511,474,483
海南医科大学,海南,海口市,否,否,医药类,公办,504,500,503
海南师范大学,海南,海口市,否,否,师范类,公办,516,513,519
曲阜师范大学,山东,济宁市,否,否,师范类,公办,491,520,521
青岛理工大学,山东,青岛市,否,否,理工类,公办,494,522,528
内蒙古工业大学,内蒙古,呼和浩特市,否,否,理工类,公办,492,488,486
青岛科技大学,山东,青岛市,否,否,理工类,公办,501,528,531
内蒙古民族大学,内蒙古,通辽市,否,否,综合类,公办,490,484,485
内蒙古科技大学,内蒙古,包头市,否,否,综合类,公办,490,484,485
海南大学,海南,海口市,否,是,综合类,公办,571,559,567
河西学院,甘肃,张掖市,否,否,综合类,公办,480,473,477
甘肃政法大学,甘肃,兰州市,否,否,政法类,公办,504,515,514
兰州财经大学,甘肃,兰州市,否,否,财经类,公办,470,475,514
青岛大学,山东,青岛市,否,否,综合类,公办,540,531,547
甘肃中医药大学,甘肃,兰州市,否,否,医药类,公办,494,492,495
临沂大学,山东,临沂市,否,否,综合类,公办,499,494,495
西北师范大学,甘肃,兰州市,否,否,师范类,公办,492,480,529
聊城大学,山东,聊城市,否,否,综合类,公办,493,490,501
许昌学院,河南,许昌市,否,否,理工类,公办,485,476,480
甘肃农业大学,甘肃,兰州市,否,否,农林类,公办,495,488,493
青岛农业大学,山东,青岛市,否,否,农林类,公办,497,492,494
河南财经政法大学,河南,郑州市,否,否,财经类,公办,498,507,516
商丘师范学院,河南,商丘市,否,否,师范类,公办,483,475,478
兰州交通大学,甘肃,兰州市,否,否,理工类,公办,505,525,526
南阳师范学院,河南,南阳市,否,否,师范类,公办,479,472,478
周口师范学院,河南,周口市,否,否,师范类,公办,483,475,479
洛阳师范学院,河南,洛阳市,否,否,综合类,公办,481,490,493
兰州理工大学,甘肃,兰州市,否,否,理工类,公办,476,504,503
新乡医学院,河南,新乡市,否,否,医药类,公办,521,519,523
中原工学院,河南,郑州市,否,否,理工类,公办,488,483,486
西北民族大学,甘肃,兰州市,否,否,综合类,公办,496,481,492
郑州航空工业管理学院,河南,郑州市,否,否,综合类,公办,492,501,487
莆田学院,福建,莆田市,否,否,综合类,公办,491,479,481
闽江学院,福建,福州市,否,否,综合类,公办,489,466,502
闽南师范大学,福建,漳州市,否,否,师范类,公办,488,497,499
泉州师范学院,福建,泉州市,否,否,师范类,公办,482,478,482
福建理工大学,福建,福州市,否,否,理工类,公办,496,484,487
福建师范大学,福建,福州市,否,否,师范类,公办,552,550,549
仰恩大学,福建,泉州市,否,否,综合类,民办,471,470,473
集美大学,福建,厦门市,否,否,综合类,公办,542,542,547
西藏民族大学,陕西,咸阳市,否,否,民族类,公办,495,498,490
黄河科技学院,河南,郑州市,否,否,理工类,民办,480,468,474
福建农林大学,福建,福州市,否,否,农林类,公办,483,505,507
河南工业大学,河南,郑州市,否,否,理工类,公办,445,509,514
华侨大学,福建,泉州市,否,否,综合类,公办,528,543,555
华北水利水电大学,河南,郑州市,否,否,理工类,公办,511,519,526
河南理工大学,河南,焦作市,否,否,理工类,公办,473,506,511
河南农业大学,河南,郑州市,否,否,农林类,公办,453,505,504
湖北文理学院,湖北,襄阳市,否,否,综合类,公办,514,499,495
河南科技大学,河南,洛阳市,否,否,综合类,公办,494,509,515
河南大学,河南,开封市,否,否,综合类,公办,542,555,567
郑州轻工业大学,河南,郑州市,否,否,理工类,公办,510,505,502
湖北科技学院,湖北,咸宁市,否,否,综合类,公办,519,507,504
黑龙江东方学院,黑龙江,哈尔滨市,否,否,综合类,民办,461,457,461
齐齐哈尔医学院,黑龙江,齐齐哈尔市,否,否,医药类,公办,510,497,511
牡丹江医科大学,黑龙江,牡丹江市,否,否,医药类,公办,497,489,492
湖北民族大学,湖北,恩施土家族苗族自治州,否,否,综合类,公办,498,502,497
黑龙江科技大学,黑龙江,哈尔滨市,否,否,理工类,公办,498,495,487
黑龙江工程学院,黑龙江,哈尔滨市,否,否,理工类,公办,484,478,480
哈尔滨学院,黑龙江,哈尔滨市,否,否,综合类,公办,483,479,481
东北石油大学,黑龙江,大庆市,否,否,理工类,公办,505,497,503
湖北经济学院,湖北,武汉市,否,否,财经类,公办,532,522,528
哈尔滨商业大学,黑龙江,哈尔滨市,否,否,财经类,公办,491,484,487
湖北工程学院,湖北,孝感市,否,否,理工类,公办,500,499,499
牡丹江师范学院,黑龙江,牡丹江市,否,否,师范类,公办,484,478,481
黑龙江中医药大学,黑龙江,哈尔滨市,否,否,医药类,公办,513,504,508
黄冈师范学院,湖北,黄冈市,否,否,师范类,公办,487,469,485
湖北师范大学,湖北,黄石市,否,否,师范类,公办,510,513,519
湖北医药学院,湖北,十堰市,否,否,医药类,公办,540,538,538
湖北中医药大学,湖北,武汉市,否,否,医药类,公办,462,514,522
武汉轻工大学,湖北,武汉市,否,否,理工类,公办,546,544,545
湖北汽车工业学院,湖北,十堰市,否,否,理工类,公办,519,513,516
武汉工程大学,湖北,武汉市,否,否,理工类,公办,543,537,562
湖北工业大学,湖北,武汉市,否,否,理工类,公办,552,547,555
武汉纺织大学,湖北,武汉市,否,否,理工类,公办,524,523,531
三峡大学,湖北,宜昌市,否,否,综合类,公办,514,529,528
江汉大学,湖北,武汉市,否,否,综合类,公办,544,532,537
哈尔滨医科大学,黑龙江,哈尔滨市,否,否,医药类,公办,512,506,501
长江大学,湖北,荆州市,否,否,综合类,公办,524,522,527
黑龙江八一农垦大学,黑龙江,大庆市,否,否,农林类,公办,493,489,488
哈尔滨理工大学,黑龙江,哈尔滨市,否,否,理工类,公办,505,527,546
湖北大学,湖北,武汉市,否,否,综合类,公办,551,551,565
齐齐哈尔大学,黑龙江,齐齐哈尔市,否,否,综合类,公办,466,492,492
中南民族大学,湖北,武汉市,否,否,综合类,公办,535,532,535
佳木斯大学,黑龙江,佳木斯市,否,否,综合类,公办,484,479,482
黑龙江大学,黑龙江,哈尔滨市,否,否,综合类,公办,452,503,469
华中师范大学,湖北,武汉市,否,是,师范类,公办,595,590,594
东北林业大学,黑龙江,哈尔滨市,否,是,农林类,公办,554,563,567
邵阳学院,湖南,邵阳市,否,否,综合类,公办,488,481,479
华中农业大学,湖北,武汉市,否,是,农林类,公办,571,570,574
怀化学院,湖南,怀化市,否,否,综合类,公办,486,479,483
湖南文理学院,湖南,常德市,否,否,综合类,公办,489,488,487
中南财经政法大学,湖北,武汉市,否,是,财经类,公办,556,590,596
吉林财经大学,吉林,长春市,否,否,财经类,公办,487,499,522
吉林外国语大学,吉林,长春市,否,否,语言类,民办,467,466,465
白城师范学院,吉林,白城市,否,否,师范类,公办,483,474,475
湖南科技学院,湖南,永州市,否,否,综合类,公办,491,484,489
通化师范学院,吉林,通化市,否,否,师范类,公办,488,482,484
湖南工商大学,湖南,长沙市,否,否,财经类,公办,511,484,531
衡阳师范学院,湖南,衡阳市,否,否,师范类,公办,483,487,492
吉林工程技术师范学院,吉林,长春市,否,否,师范类,公办,484,478,477
长春中医药大学,吉林,长春市,否,否,医药类,公办,526,517,520
湘南学院,湖南,郴州市,否,否,综合类,公办,489,481,492
湖南中医药大学,湖南,长沙市,否,否,医药类,公办,534,538,541
中南林业科技大学,湖南,长沙市,否,否,农林类,公办,507,520,525
吉林化工学院,吉林,吉林市,否,否,理工类,公办,484,476,479
湖南工程学院,湖南,湘潭市,否,否,理工类,公办,482,476,489
湖南工业大学,湖南,株洲市,否,否,综合类,公办,478,505,491
湖南城市学院,湖南,益阳市,否,否,综合类,公办,483,478,482
湖南理工学院,湖南,岳阳市,否,否,理工类,公办,486,485,495
吉林建筑大学,吉林,长春市,否,否,理工类,公办,492,487,491
长春工程学院,吉林,长春市,否,否,理工类,公办,479,478,478
东北电力大学,吉林,吉林市,否,否,理工类,公办,476,510,525
湖南农业大学,湖南,长沙市,否,否,农林类,公办,513,507,522
南华大学,湖南,衡阳市,否,否,综合类,公办,501,509,518
吉林师范大学,吉林,四平市,否,否,师范类,公办,445,495,496
长沙理工大学,湖南,长沙市,否,否,理工类,公办,508,550,557
湖南科技大学,湖南,湘潭市,否,否,综合类,公办,491,519,528
长春师范大学,吉林,长春市,否,否,师范类,公办,451,494,497
吉首大学,湖南,湘西土家族苗族自治州,否,否,综合类,公办,490,501,507
湘潭大学,湖南,湘潭市,否,否,综合类,公办,557,553,560
吉林农业大学,吉林,长春市,否,否,农林类,公办,498,491,494
西安培华学院,陕西,西安市,否,否,综合类,民办,470,469,473
长春工业大学,吉林,长春市,否,否,理工类,公办,501,495,489
长春理工大学,吉林,长春市,否,否,理工类,公办,485,510,518
长春大学,吉林,长春市,否,否,综合类,公办,504,497,504
西北政法大学,陕西,西安市,否,否,政法类,公办,589,581,584
西安财经大学,陕西,西安市,否,否,财经类,公办,541,531,536
北华大学,吉林,吉林市,否,否,综合类,公办,480,491,496
西安外国语大学,陕西,西安市,否,否,语言类,公办,564,571,551
青海民族大学,青海,西宁市,否,否,民族类,公办,479,477,472
陕西理工大学,陕西,汉中市,否,否,理工类,公办,527,517,519
青海师范大学,青海,西宁市,否,否,师范类,公办,484,487,485
宝鸡文理学院,陕西,宝鸡市,否,否,师范类,公办,484,475,481
渭南师范学院,陕西,渭南市,否,否,师范类,公办,497,489,493
青海大学,青海,西宁市,否,是,综合类,公办,538,541,542
咸阳师范学院,陕西,咸阳市,否,否,师范类,公办,490,487,489
陕西中医药大学,陕西,咸阳市,否,否,医药类,公办,557,549,550
西藏大学,西藏,拉萨市,否,是,综合类,公办,532,523,521
西安邮电大学,陕西,西安市,否,否,理工类,公办,559,564,563
大理大学,云南,大理白族自治州,否,否,综合类,公办,505,498,502
西安工业大学,陕西,西安市,否,否,理工类,公办,546,541,544
云南警官学院,云南,昆明市,否,否,政法类,公办,512,504,504
西安工程大学,陕西,西安市,否,否,理工类,公办,520,516,525
陕西科技大学,陕西,西安市,否,否,理工类,公办,506,537,543
云南财经大学,云南,昆明市,否,否,财经类,公办,459,505,512
红河学院,云南,红河哈尼族彝族自治州,否,否,综合类,公办,483,471,475
西安石油大学,陕西,西安市,否,否,理工类,公办,520,530,533
楚雄师范学院,云南,楚雄彝族自治州,否,否,师范类,公办,477,477,473
西安科技大学,陕西,西安市,否,否,理工类,公办,541,538,539
西安建筑科技大学,陕西,西安市,否,否,理工类,公办,539,541,546
玉溪师范学院,云南,玉溪市,否,否,师范类,公办,478,478,481
西安理工大学,陕西,西安市,否,否,理工类,公办,564,554,558
云南中医药大学,云南,昆明市,否,否,医药类,公办,508,507,502
昆明医科大学,云南,昆明市,否,否,医药类,公办,548,539,553
西南林业大学,云南,昆明市,否,否,农林类,公办,469,493,496
云南民族大学,云南,昆明市,否,否,综合类,公办,505,504,512
云南师范大学,云南,昆明市,否,否,师范类,公办,497,532,535
云南农业大学,云南,昆明市,否,否,农林类,公办,503,497,499
昆明理工大学,云南,昆明市,否,否,理工类,公办,531,524,527
黄山学院,安徽,黄山市,否,否,综合类,公办,484,478,481
合肥大学,安徽,合肥市,否,否,综合类,公办,493,489,496
延安大学,陕西,延安市,否,否,综合类,公办,469,500,500
安徽财经大学,安徽,蚌埠市,否,否,财经类,公办,456,502,532
陕西师范大学,陕西,西安市,否,是,师范类,公办,591,576,580
淮南师范学院,安徽,淮南市,否,否,师范类,公办,480,471,479
西北农林科技大学,陕西,咸阳市,是,是,农林类,公办,582,576,581
安徽科技学院,安徽,滁州市,否,否,综合类,公办,491,478,462
西安交通大学,陕西,西安市,是,是,综合类,公办,644,627,628
上海杉达学院,上海,上海市,否,否,财经类,民办,477,483,492
淮北师范大学,安徽,淮北市,否,否,综合类,公办,490,522,527
上海戏剧学院,上海,上海市,否,否,艺术类,公办,550,573,572
上海音乐学院,上海,上海市,否,否,艺术类,公办,570,577,572
上海体育大学,上海,上海市,否,否,体育类,公办,575,560,562
华东政法大学,上海,上海市,否,否,政法类,公办,610,597,608
安徽建筑大学,安徽,合肥市,否,否,理工类,公办,484,511,516
上海立信会计金融学院,上海,上海市,否,否,财经类,公办,457,554,561
上海对外经贸大学,上海,上海市,否,否,财经类,公办,605,591,592
上海电力大学,上海,上海市,否,否,理工类,公办,580,567,572
安徽工程大学,安徽,芜湖市,否,否,理工类,公办,498,493,499
上海应用技术大学,上海,上海市,否,否,理工类,公办,558,552,555
安徽师范大学,安徽,芜湖市,否,否,师范类,公办,489,497,543
上海海事大学,上海,上海市,否,否,理工类,公办,564,573,578
上海第二工业大学,上海,上海市,否,否,理工类,公办,533,532,539
上海师范大学,上海,上海市,否,否,综合类,公办,553,557,563
上海中医药大学,上海,上海市,否,否,医药类,公办,640,614,614
上海海洋大学,上海,上海市,否,否,农林类,公办,547,569,572
上海工程技术大学,上海,上海市,否,否,理工类,公办,535,538,549
上海理工大学,上海,上海市,否,否,理工类,公办,576,577,579
佛山大学,广东,佛山市,否,否,理工类,公办,492,493,491
星海音乐学院,广东,广州市,否,否,艺术类,公办,539,536,543
广东财经大学,广东,广州市,否,否,财经类,公办,550,561,562
岭南师范学院,广东,湛江市,否,否,师范类,公办,476,476,482
韶关学院,广东,韶关市,否,否,综合类,公办,480,490,490
韩山师范学院,广东,潮州市,否,否,师范类,公办,486,480,479
广东药科大学,广东,广州市,否,否,医药类,公办,550,540,545
广东医科大学,广东,湛江市,否,否,医药类,公办,571,563,564
广州大学,广东,广州市,否,否,综合类,公办,564,556,565
广东石油化工学院,广东,茂名市,否,否,理工类,公办,487,472,487
东莞理工学院,广东,东莞市,否,否,理工类,公办,504,508,513
广东外语外贸大学,广东,广州市,否,否,语言类,公办,510,547,564
广州中医药大学,广东,广州市,否,否,医药类,公办,567,551,560
广东海洋大学,广东,湛江市,否,否,综合类,公办,513,511,512
华南农业大学,广东,广州市,否,否,综合类,公办,565,557,555
广东工业大学,广东,广州市,否,否,理工类,公办,542,558,562
五邑大学,广东,江门市,否,否,综合类,公办,540,526,525
深圳大学,广东,深圳市,否,否,综合类,公办,601,588,593
汕头大学,广东,汕头市,否,否,综合类,公办,557,555,564
太原师范学院,山西,晋中市,否,否,师范类,公办,497,493,496
山西大同大学,山西,大同市,否,否,综合类,公办,515,506,493
忻州师范学院,山西,忻州市,否,否,师范类,公办,484,476,481
长治医学院,山西,长治市,否,否,医药类,公办,489,482,486
太原科技大学,山西,太原市,否,否,理工类,公办,486,502,507
中北大学,山西,太原市,否,否,综合类,公办,499,474,533
川北医学院,四川,南充市,否,否,医药类,公办,550,536,537
山西财经大学,山西,太原市,否,否,财经类,公办,460,515,521
西南医科大学,四川,泸州市,否,否,医药类,公办,495,508,515
四川轻化工大学,四川,自贡市,否,否,理工类,公办,505,500,501
山西师范大学,山西,太原市,否,否,师范类,公办,511,500,511
山西医科大学,山西,太原市,否,否,医药类,公办,513,497,497
成都信息工程大学,四川,成都市,否,否,理工类,公办,535,554,552
山西农业大学,山西,晋中市,否,否,农林类,公办,496,488,491
西南石油大学,四川,成都市,否,否,综合类,公办,561,557,561
中国民用航空飞行学院,四川,德阳市,否,否,理工类,公办,517,511,509
西华师范大学,四川,南充市,否,否,师范类,公办,490,517,518
四川师范大学,四川,成都市,否,否,师范类,公办,542,543,546
成都中医药大学,四川,成都市,否,否,医药类,公办,560,543,546
西南科技大学,四川,绵阳市,否,否,理工类,公办,504,516,522
山西大学,山西,太原市,否,否,综合类,公办,511,555,527
浙江财经大学,浙江,杭州市,否,否,财经类,公办,557,558,566
浙江工商大学,浙江,杭州市,否,否,财经类,公办,545,547,559
温州大学,浙江,温州市,否,否,综合类,公办,545,543,553
绍兴文理学院,浙江,绍兴市,否,否,综合类,公办,518,503,507
台州学院,浙江,台州市,否,否,综合类,公办,496,483,487
湖州师范学院,浙江,湖州市,否,否,综合类,公办,500,493,496
杭州师范大学,浙江,杭州市,否,否,综合类,公办,546,532,562
温州医科大学,浙江,温州市,否,否,医药类,公办,550,529,579
浙江中医药大学,浙江,杭州市,否,否,医药类,公办,544,540,555
浙江农林大学,浙江,杭州市,否,否,农林类,公办,531,537,541
浙江海洋大学,浙江,舟山市,否,否,农林类,公办,537,535,539
中国计量大学,浙江,杭州市,否,否,理工类,公办,571,563,569
浙江科技大学,浙江,杭州市,否,否,理工类,公办,513,507,525
西华大学,四川,成都市,否,否,综合类,公办,533,529,534
嘉兴大学,浙江,嘉兴市,否,否,综合类,公办,508,489,496
浙江理工大学,浙江,杭州市,否,否,理工类,公办,557,550,555
浙江工业大学,浙江,杭州市,否,否,理工类,公办,574,566,572
浙江师范大学,浙江,金华市,否,否,综合类,公办,492,566,571
宁波大学,浙江,宁波市,否,否,综合类,公办,575,562,568
昌吉学院,新疆,昌吉回族自治州,否,否,综合类,公办,476,469,468
新疆艺术学院,新疆,乌鲁木齐市,否,否,艺术类,公办,480,477,479
新疆财经大学,新疆,乌鲁木齐市,否,否,财经类,公办,485,480,485
喀什大学,新疆,喀什地区,否,否,综合类,公办,478,472,474
新疆师范大学,新疆,乌鲁木齐市,否,否,师范类,公办,488,483,490
新疆医科大学,新疆,乌鲁木齐市,否,否,医药类,公办,496,489,486
新疆农业大学,新疆,乌鲁木齐市,否,否,农林类,公办,480,475,479
成都理工大学,四川,成都市,否,否,理工类,公办,561,558,562
西南民族大学,四川,成都市,否,否,民族类,公办,528,515,535
中国医科大学,辽宁,沈阳市,否,否,医药类,公办,600,589,579
东北财经大学,辽宁,大连市,否,否,财经类,公办,560,562,574
沈阳农业大学,辽宁,沈阳市,否,否,农林类,公办,504,497,502
沈阳工业大学,辽宁,沈阳市,否,否,理工类,公办,474,525,538
沈阳药科大学,辽宁,沈阳市,否,否,医药类,公办,515,527,538
辽宁师范大学,辽宁,大连市,否,否,师范类,公办,559,548,550
沈阳大学,辽宁,沈阳市,否,否,综合类,公办,500,504,500
辽宁石油化工大学,辽宁,抚顺市,否,否,理工类,公办,485,495,498
辽宁科技大学,辽宁,鞍山市,否,否,理工类,公办,494,500,508
沈阳师范大学,辽宁,沈阳市,否,否,师范类,公办,498,492,472
大连交通大学,辽宁,大连市,否,否,理工类,公办,468,521,551
大连医科大学,辽宁,大连市,否,否,医药类,公办,568,557,563
大连大学,辽宁,大连市,否,否,综合类,公办,493,517,527
沈阳理工大学,辽宁,沈阳市,否,否,理工类,公办,516,516,521
大连外国语大学,辽宁,大连市,否,否,语言类,公办,449,545,557
沈阳化工大学,辽宁,沈阳市,否,否,理工类,公办,494,496,497
渤海大学,辽宁,锦州市,否,否,综合类,公办,507,506,504
辽宁工业大学,辽宁,锦州市,否,否,理工类,公办,511,501,505
沈阳建筑大学,辽宁,沈阳市,否,否,理工类,公办,501,528,518
大连工业大学,辽宁,大连市,否,否,理工类,公办,529,520,523
大连海洋大学,辽宁,大连市,否,否,农林类,公办,528,525,528
沈阳航空航天大学,辽宁,沈阳市,否,否,理工类,公办,498,468,528
大连民族大学,辽宁,大连市,否,否,民族类,公办,464,479,519
锦州医科大学,辽宁,锦州市,否,否,医药类,公办,548,542,545
沈阳音乐学院,辽宁,沈阳市,否,否,艺术类,公办,486,476,514
辽宁中医药大学,辽宁,沈阳市,否,否,医药类,公办,500,491,493
鞍山师范学院,辽宁,鞍山市,否,否,师范类,公办,489,489,492
沈阳体育学院,辽宁,沈阳市,否,否,体育类,公办,496,489,489
沈阳医学院,辽宁,沈阳市,否,否,医药类,公办,515,507,510
石河子大学,新疆,自治区直辖县级行政区划,否,是,综合类,公办,541,530,530
重庆三峡学院,重庆,重庆市,否,否,综合类,公办,501,494,495
井冈山大学,江西,吉安市,否,否,综合类,公办,498,492,495
四川美术学院,重庆,重庆市,否,否,艺术类,公办,548,533,543
赣南医科大学,江西,赣州市,否,否,医药类,公办,492,475,523
九江学院,江西,九江市,否,否,综合类,公办,483,478,489
四川外国语大学,重庆,重庆市,否,否,语言类,公办,548,552,561
宜春学院,江西,宜春市,否,否,综合类,公办,482,474,477
长江师范学院,重庆,重庆市,否,否,师范类,公办,491,482,491
江西科技师范大学,江西,南昌市,否,否,师范类,公办,498,490,491
赣南师范大学,江西,赣州市,否,否,师范类,公办,492,489,481
辽东学院,辽宁,丹东市,否,否,综合类,公办,455,451,451
重庆理工大学,重庆,重庆市,否,否,理工类,公办,514,542,543
上饶师范学院,江西,上饶市,否,否,师范类,公办,489,487,486
江西中医药大学,江西,南昌市,否,否,医药类,公办,502,470,500
重庆邮电大学,重庆,重庆市,否,否,理工类,公办,571,561,569
景德镇陶瓷大学,江西,景德镇市,否,否,艺术类,公办,498,487,492
南京体育学院,江苏,南京市,否,否,体育类,公办,501,493,498
西南政法大学,重庆,重庆市,否,否,政法类,公办,595,580,599
重庆师范大学,重庆,重庆市,否,否,师范类,公办,548,545,548
重庆医科大学,重庆,重庆市,否,否,医药类,公办,560,561,559
南昌航空大学,江西,南昌市,否,否,理工类,公办,506,532,541
东华理工大学,江西,南昌市,否,否,理工类,公办,456,507,516
江西财经大学,江西,南昌市,否,否,财经类,公办,535,538,539
江西师范大学,江西,南昌市,否,否,师范类,公办,495,543,538
扬州大学,江苏,扬州市,否,否,综合类,公办,552,557,571
江西农业大学,江西,南昌市,否,否,农林类,公办,500,494,499
南京工业大学,江苏,南京市,否,否,理工类,公办,556,560,570
江苏大学,江苏,镇江市,否,否,综合类,公办,519,554,553
南京林业大学,江苏,南京市,否,否,农林类,公办,571,562,567
南京医科大学,江苏,南京市,否,否,医药类,公办,575,564,571
江苏师范大学,江苏,徐州市,否,否,师范类,公办,459,558,560
南京信息工程大学,江苏,南京市,否,否,综合类,公办,580,575,578
江西理工大学,江西,赣州市,否,否,理工类,公办,451,504,510
南京财经大学,江苏,南京市,否,否,财经类,公办,565,558,564
苏州科技大学,江苏,苏州市,否,否,综合类,公办,557,557,559
南京中医药大学,江苏,南京市,否,否,医药类,公办,570,561,561
江苏科技大学,江苏,镇江市,否,否,理工类,公办,537,531,553
南京邮电大学,江苏,南京市,否,否,理工类,公办,584,581,585
杭州电子科技大学,浙江,杭州市,否,否,理工类,公办,584,575,578
徐州医科大学,江苏,徐州市,否,否,医药类,公办,559,557,559
华东交通大学,江西,南昌市,否,否,理工类,公办,532,525,529
常州大学,江苏,常州市,否,否,理工类,公办,534,522,526
盐城师范学院,江苏,盐城市,否,否,师范类,公办,488,489,493
淮阴工学院,江苏,淮安市,否,否,理工类,公办,492,481,490
南京审计大学,江苏,南京市,否,否,财经类,公办,585,577,579
江苏理工学院,江苏,常州市,否,否,理工类,公办,505,497,501
南京艺术学院,江苏,南京市,否,否,艺术类,公办,558,536,544
南京晓庄学院,江苏,南京市,否,否,师范类,公办,507,520,512
南京工程学院,江苏,南京市,否,否,理工类,公办,533,529,533
北京科技大学,北京,北京市,否,是,理工类,公办,593,593,594
北京理工大学,北京,北京市,是,是,理工类,公办,662,641,645
东北师范大学,吉林,长春市,否,是,师范类,公办,583,579,585
清华大学,北京,北京市,是,是,综合类,公办,691,672,678
太原理工大学,山西,太原市,否,是,理工类,公办,581,573,576
大连理工大学,辽宁,大连市,是,是,理工类,公办,557,600,602
东北农业大学,黑龙江,哈尔滨市,否,是,农林类,公办,554,538,550
上海外国语大学,上海,上海市,否,是,语言类,公办,612,612,618
东华大学,上海,上海市,否,是,综合类,公办,584,590,595
东北大学,辽宁,沈阳市,是,是,理工类,公办,588,592,598
华东理工大学,上海,上海市,否,是,理工类,公办,601,594,600
复旦大学,上海,上海市,是,是,综合类,公办,674,655,661
华东师范大学,上海,上海市,是,是,师范类,公办,627,633,627
上海财经大学,上海,上海市,否,是,财经类,公办,623,620,630
延边大学,吉林,延边朝鲜族自治州,否,是,综合类,公办,562,559,565
武汉理工大学,湖北,武汉市,否,是,理工类,公办,580,581,589
华中科技大学,湖北,武汉市,是,是,综合类,公办,638,631,636
山东大学,山东,济南市,是,是,综合类,公办,614,607,612
上海交通大学,上海,上海市,是,是,综合类,公办,660,644,652
哈尔滨工程大学,黑龙江,哈尔滨市,否,是,理工类,公办,590,581,584
中南大学,湖南,长沙市,是,是,综合类,公办,609,597,605
吉林大学,吉林,长春市,是,是,综合类,公办,592,578,580
中国地质大学（武汉）,湖北,武汉市,否,是,理工类,公办,546,577,581
中国石油大学（华东）,山东,青岛市,否,是,理工类,公办,590,578,581
重庆大学,重庆,重庆市,是,是,综合类,公办,617,608,615
苏州大学,江苏,苏州市,否,是,综合类,公办,590,587,582
中国药科大学,江苏,南京市,否,是,医药类,公办,604,589,593
河海大学,江苏,南京市,否,是,综合类,公办,593,583,593
南京师范大学,江苏,南京市,否,是,师范类,公办,593,582,569
浙江大学,浙江,杭州市,是,是,综合类,公办,656,637,644
南京农业大学,江苏,南京市,否,是,农林类,公办,574,577,583
南京理工大学,江苏,南京市,否,是,理工类,公办,608,595,589
南京大学,江苏,南京市,是,是,综合类,公办,668,651,656
中国矿业大学,江苏,徐州市,否,是,综合类,公办,577,572,577
东南大学,江苏,南京市,是,是,综合类,公办,644,628,632
南昌大学,江西,南昌市,否,是,综合类,公办,514,571,575
西北工业大学,陕西,西安市,是,是,理工类,公办,615,602,609
暨南大学,广东,广州市,否,是,综合类,公办,584,584,589
华南理工大学,广东,广州市,是,是,综合类,公办,617,611,610
中山大学,广东,广州市,是,是,综合类,公办,638,626,629
福州大学,福建,福州市,否,是,理工类,公办,589,577,585
厦门大学,福建,厦门市,是,是,综合类,公办,633,623,627
西南财经大学,四川,成都市,否,是,财经类,公办,607,596,603
四川农业大学,四川,成都市,否,是,农林类,公办,572,565,570
四川大学,四川,成都市,是,是,综合类,公办,612,599,591
华南师范大学,广东,广州市,否,是,师范类,公办,584,575,585
兰州大学,甘肃,兰州市,是,是,综合类,公办,603,595,600
广西大学,广西,南宁市,否,是,综合类,公办,564,559,564
天津农学院,天津,天津市,否,否,农林类,公办,498,494,496
天津体育学院,天津,天津市,否,否,体育类,公办,498,498,499
天津城建大学,天津,天津市,否,否,综合类,公办,508,519,529
天津职业技术师范大学,天津,天津市,否,否,师范类,公办,457,490,530
天津中医药大学,天津,天津市,否,否,医药类,公办,570,563,567
中国民航大学,天津,天津市,否,否,理工类,公办,569,552,555
天津外国语大学,天津,天津市,否,否,语言类,公办,520,547,535
江南大学,江苏,无锡市,否,是,综合类,公办,589,573,581
天津商业大学,天津,天津市,否,否,财经类,公办,509,526,533
天津财经大学,天津,天津市,否,否,财经类,公办,566,558,568
天津科技大学,天津,天津市,否,否,理工类,公办,527,549,556
天津理工大学,天津,天津市,否,否,理工类,公办,449,550,556
天津工业大学,天津,天津市,否,否,综合类,公办,567,560,564
天津师范大学,天津,天津市,否,否,师范类,公办,535,555,564
天津医科大学,天津,天津市,否,是,医药类,公办,592,576,582
南京航空航天大学,江苏,南京市,否,是,理工类,公办,607,597,603
上海大学,上海,上海市,否,是,综合类,公办,614,599,598
上海交通大学医学院,上海,上海市,是,是,医药类,公办,679,658,665
新疆大学,新疆,乌鲁木齐市,否,是,综合类,公办,552,540,541
同济大学,上海,上海市,是,是,综合类,公办,651,636,643
安徽医科大学,安徽,合肥市,否,否,医药类,公办,585,572,578
济南大学,山东,济南市,否,否,综合类,公办,516,518,521
安徽农业大学,安徽,合肥市,否,否,农林类,公办,503,512,512
安徽工业大学,安徽,马鞍山市,否,否,理工类,公办,444,510,514
安徽理工大学,安徽,淮南市,否,否,理工类,公办,473,497,520
安徽大学,安徽,合肥市,否,是,综合类,公办,595,585,588
中国科学技术大学,安徽,合肥市,是,是,理工类,公办,676,656,661
德州学院,山东,德州市,否,否,综合类,公办,479,477,480
滨州医学院,山东,烟台市,否,否,医药类,公办,489,481,492
合肥工业大学,安徽,合肥市,否,是,理工类,公办,584,575,572
郑州大学,河南,郑州市,否,是,综合类,公办,579,575,583
中国海洋大学,山东,青岛市,是,是,综合类,公办,600,594,598
天津大学,天津,天津市,是,是,综合类,公办,632,620,625
南开大学,天津,天津市,是,是,综合类,公办,647,634,636
湖南师范大学,湖南,长沙市,否,是,师范类,公办,574,574,582
西安电子科技大学,陕西,西安市,否,是,理工类,公办,626,608,612
河北经贸大学,河北,石家庄市,否,否,财经类,公办,489,466,523
河北科技大学,河北,石家庄市,否,否,理工类,公办,500,468,526
河北大学,河北,保定市,否,否,综合类,公办,562,557,564
对外经济贸易大学,北京,北京市,否,是,财经类,公办,638,626,632
北京师范大学,北京,北京市,是,是,师范类,公办,646,624,633
西南交通大学,四川,成都市,否,是,理工类,公办,580,580,584
辽宁大学,辽宁,沈阳市,否,是,综合类,公办,566,560,578
北京中医药大学,北京,北京市,否,是,医药类,公办,581,575,584
北京邮电大学,北京,北京市,否,是,理工类,公办,613,603,613
北京航空航天大学,北京,北京市,是,是,理工类,公办,650,637,645
中国人民大学,北京,北京市,是,是,综合类,公办,669,653,656
中央民族大学,北京,北京市,是,是,民族类,公办,604,592,605
湖南大学,湖南,长沙市,是,是,综合类,公办,600,597,605
北京林业大学,北京,北京市,否,是,农林类,公办,587,578,572
武汉大学,湖北,武汉市,是,是,综合类,公办,650,633,637
河北工业大学,天津,天津市,否,是,理工类,公办,548,564,548
中央音乐学院,北京,北京市,否,是,艺术类,公办,332,327,333
北京外国语大学,北京,北京市,否,是,语言类,公办,588,619,627
北京交通大学,北京,北京市,否,是,理工类,公办,605,598,608
西北大学,陕西,西安市,否,是,综合类,公办,590,579,583
长安大学,陕西,西安市,否,是,理工类,公办,577,574,578
云南大学,云南,昆明市,否,是,综合类,公办,538,570,573
哈尔滨工业大学,黑龙江,哈尔滨市,是,是,理工类,公办,663,636,636
大连海事大学,辽宁,大连市,否,是,理工类,公办,572,578,580
内蒙古大学,内蒙古,呼和浩特市,否,是,综合类,公办,479,560,563
北京大学,北京,北京市,是,是,综合类,公办,689,672,677
北京工业大学,北京,北京市,否,是,理工类,公办,598,588,600
