﻿名称,省,市,985,211,学校类型,学校属性,2023年物理类录取分数,2023年历史类录取分数,2022年物理类录取分数,2022年历史类录取分数,2021年物理类录取分数,2021年历史类录取分数
江西软件职业技术大学,江西,南昌市,否,否,理工类,民办,479,481,476,480,447,463
中国消防救援学院,北京,北京市,否,否,军事类,公办,574,556,579,538,570,569
南京审计大学金审学院,江苏,南京市,否,否,财经类,民办,486,487,486,486,471,490
深圳技术大学,广东,深圳市,否,否,理工类,公办,569,545,561,541,562,552
滇西应用技术大学,云南,大理白族自治州,否,否,综合类,公办,499,488,499,499,488,504
哈尔滨工业大学（深圳）,广东,深圳市,是,是,理工类,公办,659,617,647,600,650,612
中国社会科学院大学,北京,北京市,否,否,综合类,公办,629,603,625,592,635,610
香港中文大学（深圳）,广东,深圳市,否,否,综合类,内地与港澳台地区合作办学,667,636,656,617,667,631
温州肯恩大学,浙江,温州市,否,否,综合类,中外合作办学,543,527,537,519,511,534
合肥工业大学宣城校区,安徽,宣城市,否,是,综合类,公办,601,573,585,563,590,573
中国人民大学（苏州校区）,江苏,苏州市,是,是,综合类,公办,644,619,630,595,629,608
河北中医药大学,河北,石家庄市,否,否,医药类,公办,545,546,534,528,530,537
武警警官学院,四川,成都市,否,否,军事类,公办,568,573,564,591,559,562
四川电影电视学院,四川,成都市,否,否,艺术类,民办,478,481,496,493,491,504
南昌师范学院,江西,南昌市,否,否,师范类,公办,496,502,513,507,507,508
成都师范学院,四川,成都市,否,否,师范类,公办,527,509,526,513,522,521
山西传媒学院,山西,晋中市,否,否,艺术类,公办,515,491,511,499,515,506
河北环境工程学院,河北,秦皇岛市,否,否,理工类,公办,493,492,496,494,483,499
南昌工学院,江西,南昌市,否,否,理工类,民办,480,479,480,485,467,488
安徽外国语学院,安徽,合肥市,否,否,语言类,民办,474,476,484,479,478,487
福州外语外贸学院,福建,福州市,否,否,财经类,民办,478,480,477,480,469,491
山东协和学院,山东,济南市,否,否,医药类,民办,500,470,496,475,477,485
广东科技学院,广东,东莞市,否,否,综合类,民办,444,434,452,438,444,455
广西外国语学院,广西,南宁市,否,否,语言类,民办,479,480,485,485,470,492
华北理工大学轻工学院,河北,唐山市,否,否,理工类,民办,482,475,479,478,466,485
空军航空大学,吉林,长春市,否,否,军事类,公办,539,544,544,548,561,586
北京第二外国语学院,北京,北京市,否,否,语言类,公办,579,573,580,572,590,593
广东第二师范学院,广东,广州市,否,否,师范类,公办,527,520,527,515,523,529
福建江夏学院,福建,福州市,否,否,财经类,公办,511,502,513,502,506,509
贵阳人文科技学院,贵州,贵阳市,否,否,民族类,民办,487,487,481,491,452,494
西安科技大学高新学院,陕西,西安市,否,否,理工类,民办,486,480,482,477,471,484
西安明德理工学院,陕西,西安市,否,否,综合类,民办,480,477,477,471,465,481
江苏科技大学苏州理工学院,江苏,苏州市,否,否,理工类,民办,489,490,489,489,478,495
南京邮电大学通达学院,江苏,扬州市,否,否,综合类,民办,489,486,487,489,471,491
江苏师范大学科文学院,江苏,徐州市,否,否,综合类,民办,489,490,495,494,476,495
扬州大学广陵学院,江苏,扬州市,否,否,综合类,民办,490,491,492,491,475,494
苏州大学应用技术学院,江苏,苏州市,否,否,综合类,民办,488,486,490,488,479,493
苏州城市学院,江苏,苏州市,否,否,综合类,公办,522,511,514,510,498,513
南京医科大学康达学院,江苏,连云港市,否,否,医药类,民办,498,488,499,489,479,495
南京师范大学中北学院,江苏,镇江市,否,否,综合类,民办,487,488,492,491,475,497
南京工业大学浦江学院,江苏,南京市,否,否,理工类,民办,487,484,485,484,471,490
南京理工大学紫金学院,江苏,南京市,否,否,理工类,民办,488,490,486,490,474,493
黑龙江工商学院,黑龙江,哈尔滨市,否,否,综合类,民办,457,453,457,463,441,464
哈尔滨华德学院,黑龙江,哈尔滨市,否,否,理工类,民办,456,443,457,460,445,470
昆明理工大学津桥学院,云南,昆明市,否,否,理工类,民办,483,482,482,483,468,489
丽江文化旅游学院,云南,丽江市,否,否,综合类,民办,484,478,483,477,466,481
滇池学院,云南,昆明市,否,否,综合类,民办,484,482,483,482,470,487
齐鲁理工学院,山东,济南市,否,否,综合类,民办,478,469,478,473,462,483
青岛工学院,山东,青岛市,否,否,综合类,民办,480,477,479,477,464,480
西南财经大学天府学院,四川,绵阳市,否,否,财经类,民办,492,488,493,489,486,496
四川大学锦江学院,四川,眉山市,否,否,综合类,民办,490,489,489,489,481,491
成都锦城学院,四川,成都市,否,否,综合类,民办,491,489,493,492,483,501
成都外国语学院,四川,成都市,否,否,语言类,民办,488,486,469,490,456,467
成都银杏酒店管理学院,四川,成都市,否,否,财经类,民办,482,479,484,481,472,485
成都理工大学工程技术学院,四川,乐山市,否,否,理工类,民办,488,485,488,486,476,487
成都大学,四川,成都市,否,否,综合类,公办,552,532,526,526,523,532
湛江科技学院,广东,湛江市,否,否,综合类,民办,441,436,450,441,447,459
东莞城市学院,广东,东莞市,否,否,理工类,民办,467,449,475,466,470,482
电子科技大学中山学院,广东,中山市,否,否,理工类,民办,482,471,483,476,471,480
仲恺农业工程学院,广东,广州市,否,否,农林类,公办,508,505,508,507,493,511
衡阳师范学院南岳学院,湖南,衡阳市,否,否,师范类,民办,498,494,504,497,490,501
湖南中医药大学湘杏学院,湖南,岳阳市,否,否,医药类,民办,521,525,517,503,509,526
张家界学院,湖南,张家界市,否,否,综合类,民办,491,490,493,492,471,498
湖南理工学院南湖学院,湖南,岳阳市,否,否,理工类,民办,500,490,496,492,482,495
湖南文理学院芙蓉学院,湖南,常德市,否,否,综合类,民办,492,491,492,494,482,499
南华大学船山学院,湖南,衡阳市,否,否,综合类,民办,493,490,493,491,482,494
湘潭大学兴湘学院,湖南,湘潭市,否,否,综合类,民办,496,494,498,495,483,498
湖南工业大学科技学院,湖南,株洲市,否,否,综合类,民办,493,487,495,485,485,498
湖南科技大学潇湘学院,湖南,湘潭市,否,否,综合类,民办,496,496,499,496,488,501
长沙理工大学城南学院,湖南,长沙市,否,否,理工类,民办,493,491,494,492,478,498
湘潭理工学院,湖南,湘潭市,否,否,理工类,民办,482,488,490,488,478,496
长沙工业学院,湖南,长沙市,否,否,理工类,公办,492,492,504,495,490,499
湖北恩施学院,湖北,恩施土家族苗族自治州,否,否,综合类,民办,504,486,500,487,484,487
南昌应用技术师范学院,江西,南昌市,否,否,师范类,民办,494,494,499,493,473,482
景德镇艺术职业大学,江西,景德镇市,否,否,艺术类,民办,480,483,485,482,463,466
赣南师范大学科技学院,江西,赣州市,否,否,师范类,民办,497,493,494,495,482,499
江西财经大学现代经济管理学院,江西,九江市,否,否,财经类,民办,490,490,492,491,477,492
南昌医学院,江西,南昌市,否,否,医药类,公办,530,513,522,502,511,522
南昌航空大学科技学院,江西,九江市,否,否,理工类,民办,489,489,490,490,478,487
赣东学院,江西,抚州市,否,否,综合类,公办,499,494,499,498,488,503
赣南科技学院,江西,赣州市,否,否,理工类,公办,495,495,501,498,490,502
南昌交通学院,江西,南昌市,否,否,理工类,民办,486,483,485,483,472,485
江西师范大学科学技术学院,江西,九江市,否,否,综合类,民办,490,492,493,494,481,497
江西农业大学南昌商学院,江西,九江市,否,否,综合类,民办,488,486,490,489,476,492
南昌大学科学技术学院,江西,九江市,否,否,综合类,民办,491,492,491,491,480,491
厦门工学院,福建,厦门市,否,否,理工类,民办,483,484,484,486,477,493
合肥城市学院,安徽,合肥市,否,否,理工类,民办,483,481,481,481,468,484
蚌埠工商学院,安徽,蚌埠市,否,否,财经类,民办,484,482,485,486,470,489
马鞍山学院,安徽,马鞍山市,否,否,理工类,民办,483,479,480,477,470,482
浙江越秀外国语学院,浙江,绍兴市,否,否,语言类,民办,479,466,480,472,474,480
上海财经大学浙江学院,浙江,金华市,否,否,财经类,民办,487,488,490,492,480,499
浙江工商大学杭州商学院,浙江,杭州市,否,否,财经类,民办,483,483,485,485,476,492
浙大城市学院,浙江,杭州市,否,否,综合类,公办,541,523,548,531,521,541
广西中医药大学赛恩斯新医药学院,广西,南宁市,否,否,医药类,民办,493,487,492,489,475,491
广西民族大学相思湖学院,广西,南宁市,否,否,民族类,民办,489,488,489,487,469,491
柳州工学院,广西,柳州市,否,否,理工类,民办,480,477,483,487,468,485
桂林信息科技学院,广西,桂林市,否,否,理工类,民办,485,476,483,481,473,488
桂林学院,广西,桂林市,否,否,综合类,民办,488,489,489,491,479,498
大连东软信息学院,辽宁,大连市,否,否,理工类,民办,475,458,475,457,460,457
大连医科大学中山学院,辽宁,大连市,否,否,医药类,民办,499,477,496,472,489,480
辽宁中医药大学杏林学院,辽宁,沈阳市,否,否,医药类,民办,506,490,497,488,484,495
沈阳城市建设学院,辽宁,沈阳市,否,否,理工类,民办,470,469,470,471,454,486
辽宁师范大学海华学院,辽宁,大连市,否,否,综合类,民办,474,475,476,477,459,482
沈阳城市学院,辽宁,沈阳市,否,否,综合类,民办,468,464,470,469,460,478
山西晋中理工学院,山西,晋中市,否,否,理工类,民办,489,482,485,484,476,485
长春财经学院,吉林,长春市,否,否,财经类,民办,476,466,477,471,467,472
天津财经大学珠江学院,天津,天津市,否,否,综合类,民办,485,483,487,484,470,488
天津理工大学中环信息学院,天津,天津市,否,否,综合类,民办,486,483,484,482,470,486
北京科技大学天津学院,天津,天津市,否,否,综合类,民办,484,486,484,487,472,488
天津医科大学临床医学院,天津,天津市,否,否,医药类,民办,516,486,511,486,504,490
天津商业大学宝德学院,天津,天津市,否,否,财经类,民办,484,481,485,483,470,489
民政职业大学,北京,北京市,否,否,政法类,公办,410,403,389,435,320,410
宁夏理工学院,宁夏,石嘴山市,否,否,理工类,民办,487,475,489,476,475,483
贵州警察学院,贵州,贵阳市,否,否,政法类,公办,519,511,514,504,506,508
西安信息职业大学,陕西,西安市,否,否,理工类,民办,479,474,479,473,465,308
西安欧亚学院,陕西,西安市,否,否,财经类,民办,476,472,478,476,471,480
无锡太湖学院,江苏,无锡市,否,否,综合类,民办,470,471,482,482,470,487
哈尔滨体育学院,黑龙江,哈尔滨市,否,否,体育类,公办,492,491,491,495,478,501
云南经济管理学院,云南,昆明市,否,否,财经类,民办,484,480,485,483,470,487
昆明文理学院,云南,昆明市,否,否,师范类,民办,482,482,481,485,463,490
烟台南山学院,山东,烟台市,否,否,综合类,民办,484,480,484,479,466,483
山东石油化工学院,山东,东营市,否,否,理工类,公办,499,493,497,495,486,502
广东外语外贸大学南国商学院,广东,广州市,否,否,综合类,民办,480,464,482,471,471,482
广州华商学院,广东,广州市,否,否,财经类,民办,461,446,465,456,459,470
广州城市理工学院,广东,广州市,否,否,理工类,民办,489,483,491,482,479,488
广州理工学院,广东,广州市,否,否,综合类,民办,456,442,456,443,448,457
华南农业大学珠江学院,广东,广州市,否,否,综合类,民办,469,453,466,458,451,467
广州华立学院,广东,广州市,否,否,理工类,民办,447,436,454,439,450,462
广州商学院,广东,广州市,否,否,财经类,民办,451,443,451,442,441,453
广东轻工职业技术大学,广东,广州市,否,否,理工类,公办,471,464,469,458,448,457
湖南软件职业技术大学,湖南,湘潭市,否,否,理工类,民办,374,350,358,307,329,207
湖南交通工程学院,湖南,衡阳市,否,否,理工类,民办,484,473,480,467,473,487
湖南应用技术学院,湖南,常德市,否,否,综合类,民办,484,490,485,493,473,497
湖南信息学院,湖南,长沙市,否,否,理工类,民办,340,376,404,341,432,320
湖南汽车工程职业大学,湖南,株洲市,否,否,理工类,公办,382,373,378,346,278,290
湖南医药学院,湖南,怀化市,否,否,医药类,公办,540,516,534,517,532,528
湖南警察学院,湖南,长沙市,否,否,政法类,公办,529,515,529,518,527,538
湖南财政经济学院,湖南,长沙市,否,否,财经类,公办,509,507,524,515,537,528
武汉生物工程学院,湖北,武汉市,否,否,理工类,民办,489,486,490,486,478,491
武汉晴川学院,湖北,武汉市,否,否,综合类,民办,485,480,484,484,470,491
长江大学文理学院,湖北,荆州市,否,否,综合类,民办,486,484,488,487,470,496
湖北师范大学文理学院,湖北,黄石市,否,否,师范类,民办,493,491,492,494,481,495
武汉工程大学邮电与信息工程学院,湖北,武汉市,否,否,理工类,民办,491,486,494,484,478,489
湖北工业大学工程技术学院,湖北,武汉市,否,否,综合类,民办,486,484,485,483,473,486
湖北大学知行学院,湖北,武汉市,否,否,理工类,民办,489,490,495,492,480,494
郑州工程技术学院,河南,郑州市,否,否,理工类,公办,495,493,500,496,487,499
河南财政金融学院,河南,郑州市,否,否,财经类,公办,499,492,499,497,488,506
泉州信息工程学院,福建,泉州市,否,否,理工类,民办,473,476,474,479,453,488
厦门华厦学院,福建,厦门市,否,否,综合类,民办,487,486,490,490,479,496
闽南理工学院,福建,泉州市,否,否,理工类,民办,493,477,496,480,482,485
福建农林大学金山学院,福建,福州市,否,否,综合类,民办,478,472,483,464,464,484
福州大学至诚学院,福建,福州市,否,否,综合类,民办,489,492,490,494,476,494
闽南科技学院,福建,泉州市,否,否,理工类,民办,482,479,490,487,478,492
福建师范大学协和学院,福建,福州市,否,否,综合类,民办,490,491,495,497,476,500
阳光学院,福建,福州市,否,否,综合类,民办,467,464,474,470,449,471
厦门大学嘉庚学院,福建,漳州市,否,否,综合类,民办,492,493,502,501,490,509
武夷学院,福建,南平市,否,否,综合类,公办,506,497,508,503,500,510
安徽新华学院,安徽,合肥市,否,否,综合类,民办,481,480,478,476,468,485
武警海警学院,浙江,宁波市,否,否,政法类,公办,577,595,572,571,563,553
南宁学院,广西,南宁市,否,否,理工类,民办,476,484,493,493,482,496
广西城市职业大学,广西,崇左市,否,否,综合类,民办,470,453,474,465,465,481
广西农业职业技术大学,广西,南宁市,否,否,农林类,公办,496,494,492,378,221,286
桂林旅游学院,广西,桂林市,否,否,财经类,公办,497,492,493,497,482,500
桂林航天工业学院,广西,桂林市,否,否,理工类,公办,513,495,511,498,501,502
广西科技师范学院,广西,来宾市,否,否,师范类,公办,501,502,504,501,497,505
山西应用科技学院,山西,太原市,否,否,综合类,民办,484,480,483,483,470,486
太原学院,山西,太原市,否,否,综合类,公办,496,495,501,497,487,502
吕梁学院,山西,吕梁市,否,否,综合类,公办,502,496,500,499,489,502
长春人文学院,吉林,长春市,否,否,综合类,民办,474,479,474,481,454,483
吉林工商学院,吉林,长春市,否,否,财经类,公办,496,492,498,495,485,500
天津仁爱学院,天津,天津市,否,否,综合类,民办,475,479,473,483,474,493
河北工程大学科信学院,河北,邯郸市,否,否,理工类,民办,488,485,486,488,474,495
石家庄铁道大学四方学院,河北,石家庄市,否,否,理工类,民办,489,483,490,485,477,488
贵州商学院,贵州,贵阳市,否,否,财经类,公办,496,488,503,494,484,500
常州大学怀德学院,江苏,泰州市,否,否,理工类,民办,485,483,484,484,470,487
大连财经学院,辽宁,大连市,否,否,财经类,民办,474,471,473,470,463,479
南通理工学院,江苏,南通市,否,否,综合类,民办,472,459,479,480,467,481
河北东方学院,河北,廊坊市,否,否,综合类,民办,483,483,484,484,472,488
信阳学院,河南,信阳市,否,否,综合类,民办,498,493,492,493,479,496
琼台师范学院,海南,海口市,否,否,师范类,公办,508,506,503,471,492,506
荆楚理工学院,湖北,荆门市,否,否,理工类,公办,492,494,491,497,492,502
重庆电子科技职业大学,重庆,重庆市,否,否,理工类,公办,435,376,441,429,426,434
重庆财经学院,重庆,重庆市,否,否,财经类,民办,491,490,494,493,483,497
重庆外语外事学院,重庆,重庆市,否,否,语言类,民办,489,487,492,492,480,496
重庆对外经贸学院,重庆,重庆市,否,否,财经类,民办,489,491,494,492,480,498
上海视觉艺术学院,上海,上海市,否,否,艺术类,民办,530,494,528,500,508,516
沧州交通学院,河北,沧州市,否,否,理工类,民办,484,480,485,484,469,482
珠海科技学院,广东,珠海市,否,否,综合类,民办,490,485,492,491,480,497
江苏大学京江学院,江苏,镇江市,否,否,综合类,民办,490,486,490,488,477,490
无锡学院,江苏,无锡市,否,否,理工类,公办,532,518,511,505,499,513
河北地质大学华信学院,河北,石家庄市,否,否,综合类,民办,480,481,478,479,468,485
北京中医药大学东方学院,河北,廊坊市,否,否,医药类,民办,504,493,500,488,482,493
青岛城市学院,山东,青岛市,否,否,理工类,民办,479,471,481,476,471,484
海口经济学院,海南,海口市,否,否,综合类,民办,458,447,461,457,452,460
四川音乐学院,四川,成都市,否,否,艺术类,公办,540,508,538,514,529,530
广西艺术学院,广西,南宁市,否,否,艺术类,公办,495,493,510,499,500,499
湖北第二师范学院,湖北,武汉市,否,否,师范类,公办,511,502,512,510,505,515
三亚学院,海南,三亚市,否,否,综合类,民办,479,467,486,479,475,486
河南工程学院,河南,郑州市,否,否,理工类,公办,499,493,498,498,486,500
武汉纺织大学外经贸学院,湖北,武汉市,否,否,综合类,民办,481,481,483,486,473,481
长春电子科技学院,吉林,长春市,否,否,理工类,民办,478,471,477,472,464,478
广州软件学院,广东,广州市,否,否,理工类,民办,471,459,470,465,465,479
大连理工大学城市学院,辽宁,大连市,否,否,理工类,民办,478,472,477,475,467,476
北京理工大学珠海学院,广东,珠海市,否,否,理工类,民办,490,486,489,483,478,482
广州应用科技学院,广东,广州市,否,否,综合类,民办,453,442,459,447,461,472
广州新华学院,广东,广州市,否,否,综合类,民办,482,481,485,484,474,491
昆明城市学院,云南,昆明市,否,否,综合类,民办,482,482,485,482,473,489
昆明医科大学海源学院,云南,昆明市,否,否,医药类,民办,510,488,510,484,490,488
吉林师范大学博达学院,吉林,四平市,否,否,师范类,民办,483,478,482,485,461,491
北京师范大学-香港浸会大学联合国际学院,广东,珠海市,否,否,综合类,内地与港澳台地区合作办学,581,564,567,541,556,552
安顺学院,贵州,安顺市,否,否,综合类,公办,498,496,507,495,501,504
菏泽学院,山东,菏泽市,否,否,综合类,公办,501,498,506,498,496,503
商洛学院,陕西,商洛市,否,否,综合类,公办,500,492,500,498,491,502
三明学院,福建,三明市,否,否,综合类,公办,515,502,509,502,500,508
贺州学院,广西,贺州市,否,否,综合类,公办,502,495,499,497,485,501
北部湾大学,广西,钦州市,否,否,综合类,公办,503,505,500,506,495,513
梧州学院,广西,梧州市,否,否,综合类,公办,496,497,501,499,490,502
海南热带海洋学院,海南,三亚市,否,否,综合类,公办,503,495,502,497,493,505
辽宁对外经贸学院,辽宁,大连市,否,否,财经类,民办,465,463,470,471,451,475
长沙医学院,湖南,长沙市,否,否,医药类,民办,506,474,498,479,493,492
香港城市大学,香港,九龙半岛,否,否,综合类,公办,645,599,613,586,637,608
香港中文大学,香港,新界,否,否,综合类,公办,674,643,655,617,649,622
山东大学（威海）,山东,威海市,是,是,综合类,公办,615,604,604,590,607,601
东北大学秦皇岛分校,河北,秦皇岛市,是,是,理工类,公办,606,590,599,578,598,592
北京大学医学部,北京,北京市,是,是,医药类,公办,682,635,669,635,671,637
宁波诺丁汉大学,浙江,宁波市,否,否,综合类,中外合作办学,594,573,575,548,576,558
上海师范大学天华学院,上海,上海市,否,否,综合类,民办,479,471,480,480,470,482
集美大学诚毅学院,福建,厦门市,否,否,综合类,民办,495,495,495,498,484,501
信阳农林学院,河南,信阳市,否,否,农林类,公办,496,493,498,496,487,501
安徽中医药大学,安徽,合肥市,否,否,医药类,公办,534,548,531,535,528,547
南京财经大学红山学院,江苏,镇江市,否,否,综合类,民办,485,486,487,487,471,492
湖南涉外经济学院,湖南,长沙市,否,否,财经类,民办,474,475,475,477,464,485
西京学院,陕西,西安市,否,否,理工类,民办,482,474,480,478,471,483
三江学院,江苏,南京市,否,否,综合类,民办,479,481,487,492,474,496
洛阳理工学院,河南,洛阳市,否,否,理工类,公办,498,494,500,497,486,502
武汉城市学院,湖北,武汉市,否,否,理工类,民办,486,481,486,483,473,486
武汉学院,湖北,武汉市,否,否,综合类,民办,489,489,489,489,478,496
武汉东湖学院,湖北,武汉市,否,否,综合类,民办,376,284,440,420,423,430
武昌理工学院,湖北,武汉市,否,否,综合类,民办,481,467,481,473,468,475
东南大学成贤学院,江苏,南京市,否,否,综合类,民办,492,488,489,489,478,498
南京特殊教育师范学院,江苏,南京市,否,否,师范类,公办,528,522,533,512,515,521
南京警察学院,江苏,南京市,否,否,政法类,公办,554,550,575,521,538,513
电子科技大学成都学院,四川,成都市,否,否,理工类,民办,489,484,493,486,481,493
陕西警察学院,陕西,西安市,否,否,政法类,公办,402,387,403,384,336,375
中国矿业大学徐海学院,江苏,徐州市,否,否,综合类,民办,487,488,487,489,475,494
郑州财经学院,河南,郑州市,否,否,财经类,民办,485,485,488,489,470,485
三峡大学科技学院,湖北,宜昌市,否,否,综合类,民办,510,487,499,486,488,491
汉口学院,湖北,武汉市,否,否,综合类,民办,479,474,478,472,459,418
武昌首义学院,湖北,武汉市,否,否,理工类,民办,489,491,492,493,482,493
西安航空学院,陕西,西安市,否,否,理工类,公办,509,494,517,498,511,503
武汉华夏理工学院,湖北,武汉市,否,否,理工类,民办,483,478,483,480,472,487
广州南方学院,广东,广州市,否,否,综合类,民办,478,470,479,475,472,492
天水师范学院,甘肃,天水市,否,否,师范类,公办,492,493,496,497,484,500
陇东学院,甘肃,庆阳市,否,否,综合类,公办,492,494,508,498,479,502
上海电机学院,上海,上海市,否,否,理工类,公办,540,510,536,510,541,518
乐山师范学院,四川,乐山市,否,否,师范类,公办,499,494,501,498,491,504
文华学院,湖北,武汉市,否,否,综合类,民办,487,488,492,491,478,495
重庆工商大学,重庆,重庆市,否,否,财经类,公办,540,523,542,526,547,549
湖南人文科技学院,湖南,娄底市,否,否,综合类,公办,495,493,503,501,490,506
浙江传媒学院,浙江,杭州市,否,否,艺术类,公办,556,548,562,547,565,564
南京工业职业技术大学,江苏,南京市,否,否,理工类,公办,509,497,497,498,444,465
哈尔滨师范大学,黑龙江,哈尔滨市,否,否,师范类,公办,529,510,535,529,534,544
厦门理工学院,福建,厦门市,否,否,理工类,公办,549,527,545,528,548,538
湖北经济学院法商学院,湖北,武汉市,否,否,财经类,民办,487,483,487,482,477,491
徐州工程学院,江苏,徐州市,否,否,综合类,公办,516,499,510,503,507,515
金陵科技学院,江苏,南京市,否,否,理工类,公办,529,507,527,504,526,521
广西财经学院,广西,南宁市,否,否,财经类,公办,515,509,514,509,508,520
黑河学院,黑龙江,黑河市,否,否,综合类,公办,493,491,495,497,485,500
昆明学院,云南,昆明市,否,否,综合类,公办,517,503,503,497,499,502
西安文理学院,陕西,西安市,否,否,综合类,公办,512,515,512,510,505,519
广西中医药大学,广西,南宁市,否,否,医药类,公办,555,557,552,538,552,548
右江民族医学院,广西,百色市,否,否,医药类,公办,516,505,513,503,517,511
广东金融学院,广东,广州市,否,否,财经类,公办,518,502,511,500,522,520
长沙学院,湖南,长沙市,否,否,综合类,公办,523,507,522,516,526,531
湖北理工学院,湖北,黄石市,否,否,理工类,公办,529,498,529,503,522,505
安庆师范大学,安徽,安庆市,否,否,师范类,公办,522,504,516,509,506,518
重庆交通大学,重庆,重庆市,否,否,理工类,公办,548,532,548,533,550,546
吉林农业科技学院,吉林,吉林市,否,否,农林类,公办,494,492,496,497,485,500
上海政法学院,上海,上海市,否,否,政法类,公办,585,573,583,561,580,576
上海商学院,上海,上海市,否,否,财经类,公办,539,513,543,524,550,541
重庆科技大学,重庆,重庆市,否,否,理工类,公办,531,507,533,513,533,526
武汉科技大学,湖北,武汉市,否,否,综合类,公办,557,532,564,535,567,550
广州科技职业技术大学,广东,广州市,否,否,综合类,民办,444,441,446,437,439,448
广东理工学院,广东,肇庆市,否,否,理工类,民办,439,434,449,437,436,448
广东工商职业技术大学,广东,肇庆市,否,否,综合类,民办,440,436,447,438,436,448
肇庆医学院,广东,肇庆市,否,否,医药类,公办,489,487,456,451,394,413
广州航海学院,广东,广州市,否,否,综合类,公办,502,495,504,498,483,500
广东白云学院,广东,广州市,否,否,综合类,民办,463,457,461,446,455,462
广东培正学院,广东,广州市,否,否,财经类,民办,470,451,470,460,460,472
广东技术师范大学,广东,广州市,否,否,师范类,公办,530,518,512,509,505,520
广东警官学院,广东,广州市,否,否,政法类,公办,542,509,532,495,512,496
肇庆学院,广东,肇庆市,否,否,师范类,公办,508,501,523,516,509,518
南方医科大学,广东,广州市,否,否,医药类,公办,592,543,571,530,565,529
中国人民解放军国防科技大学,湖南,长沙市,是,是,军事类,公办,645,597,633,593,626,600
贵州大学,贵州,贵阳市,否,是,综合类,公办,574,576,568,568,585,580
西南大学,重庆,重庆市,否,是,综合类,公办,602,598,595,581,598,596
山西中医药大学,山西,晋中市,否,否,医药类,公办,537,525,529,519,525,532
南昌职业大学,江西,南昌市,否,否,综合类,民办,483,480,484,474,466,476
江西职业技术大学,江西,九江市,否,否,综合类,公办,402,390,401,377,216,335
新余学院,江西,新余市,否,否,综合类,公办,502,506,511,509,493,510
萍乡学院,江西,萍乡市,否,否,综合类,公办,498,493,498,497,486,501
郑州警察学院,河南,郑州市,否,否,政法类,公办,551,527,560,517,539,509
信阳师范大学,河南,信阳市,否,否,师范类,公办,493,490,487,491,483,496
首都经济贸易大学,北京,北京市,否,否,财经类,公办,585,574,586,569,589,594
江西警察学院,江西,南昌市,否,否,政法类,公办,524,517,520,512,514,521
河南中医药大学,河南,郑州市,否,否,医药类,公办,539,556,534,538,529,552
豫章师范学院,江西,南昌市,否,否,师范类,公办,495,481,500,498,486,502
江西科技学院,江西,南昌市,否,否,综合类,民办,485,487,489,484,473,486
南昌理工学院,江西,南昌市,否,否,综合类,民办,483,471,484,482,470,484
南昌工程学院,江西,南昌市,否,否,理工类,公办,512,499,515,502,503,512
北京体育大学,北京,北京市,否,是,体育类,公办,582,548,586,567,587,582
西安思源学院,陕西,西安市,否,否,综合类,民办,484,486,490,486,477,493
西安外事学院,陕西,西安市,否,否,综合类,民办,479,470,484,478,470,484
南阳理工学院,河南,南阳市,否,否,理工类,公办,496,494,500,497,488,502
安阳工学院,河南,安阳市,否,否,理工类,公办,495,493,493,495,485,500
河南师范大学,河南,新乡市,否,否,师范类,公办,523,539,522,538,552,550
中国石油大学（北京）,北京,北京市,否,是,理工类,公办,607,585,595,574,596,587
华北电力大学,北京,北京市,否,是,理工类,公办,610,587,600,575,605,587
中国地质大学（北京）,北京,北京市,否,是,理工类,公办,601,594,598,582,599,597
四川工业科技学院,四川,德阳市,否,否,综合类,民办,489,486,487,485,473,487
四川文理学院,四川,达州市,否,否,综合类,公办,494,494,502,498,491,507
四川工程职业技术大学,四川,德阳市,否,否,理工类,公办,431,402,428,415,404,417
南通大学,江苏,南通市,否,否,综合类,公办,545,532,546,534,552,550
辽宁工程技术大学,辽宁,阜新市,否,否,理工类,公办,526,492,532,497,528,505
成都东软学院,四川,成都市,否,否,理工类,民办,496,485,495,489,460,498
河北外国语学院,河北,石家庄市,否,否,语言类,民办,477,475,477,475,454,477
哈尔滨职业技术大学,黑龙江,哈尔滨市,否,否,综合类,公办,371,358,394,296,225,255
上海中侨职业技术大学,上海,上海市,否,否,财经类,民办,475,464,472,460,459,464
河北科技工程职业技术大学,河北,邢台市,否,否,理工类,公办,496,492,491,489,259,245
河北金融学院,河北,保定市,否,否,财经类,公办,490,493,502,496,494,505
邢台医学院,河北,邢台市,否,否,医药类,公办,436,420,446,427,390,408
河北石油职业技术大学,河北,承德市,否,否,理工类,公办,494,491,489,491,328,263
北华航天工业学院,河北,廊坊市,否,否,理工类,公办,519,495,512,497,503,502
上海建桥学院,上海,上海市,否,否,财经类,民办,482,471,486,477,471,486
上海海关学院,上海,上海市,否,否,财经类,公办,594,569,597,563,599,571
防灾科技学院,河北,廊坊市,否,否,综合类,公办,513,495,512,502,500,508
沧州师范学院,河北,沧州市,否,否,师范类,公办,499,496,498,499,486,504
深圳职业技术大学,广东,深圳市,否,否,综合类,公办,492,461,485,477,472,491
广东东软学院,广东,佛山市,否,否,理工类,民办,473,451,471,451,457,462
广州工商学院,广东,广州市,否,否,财经类,民办,440,433,447,437,438,450
邯郸学院,河北,邯郸市,否,否,师范类,公办,501,490,497,499,486,502
衡水学院,河北,衡水市,否,否,综合类,公办,496,491,497,497,489,504
山东师范大学,山东,济南市,否,否,师范类,公办,548,547,551,540,552,551
中央司法警官学院,河北,保定市,否,否,政法类,公办,575,534,557,523,559,540
中国人民警察大学,河北,廊坊市,否,否,政法类,公办,570,569,568,556,554,526
邢台学院,河北,邢台市,否,否,综合类,公办,494,493,503,495,494,501
石家庄铁道大学,河北,石家庄市,否,否,理工类,公办,544,507,547,518,557,531
河北地质大学,河北,石家庄市,否,否,理工类,公办,512,506,517,512,513,527
华北科技学院,河北,廊坊市,否,否,理工类,公办,500,505,507,505,489,511
燕山大学,河北,秦皇岛市,否,否,综合类,公办,560,530,555,535,574,551
华北理工大学,河北,唐山市,否,否,综合类,公办,523,510,529,507,533,525
河北医科大学,河北,石家庄市,否,否,医药类,公办,544,521,549,514,557,522
河北师范大学,河北,石家庄市,否,否,师范类,公办,554,556,557,547,547,556
国际关系学院,北京,北京市,否,否,政法类,公办,607,597,608,593,613,599
北京语言大学,北京,北京市,否,否,语言类,公办,594,587,590,579,593,597
华北电力大学保定校区,河北,保定市,否,是,理工类,公办,593,571,591,562,595,574
北京印刷学院,北京,北京市,否,否,理工类,公办,536,540,535,537,532,553
北京物资学院,北京,北京市,否,否,财经类,公办,550,531,548,532,548,544
外交学院,北京,北京市,否,否,语言类,公办,628,618,628,601,640,616
中国劳动关系学院,北京,北京市,否,否,政法类,公办,540,529,537,528,531,549
中国人民公安大学,北京,北京市,否,否,政法类,公办,619,593,609,580,604,545
北京联合大学,北京,北京市,否,否,综合类,公办,550,532,547,532,549,548
中国政法大学,北京,北京市,否,是,政法类,公办,624,613,617,601,627,611
北京服装学院,北京,北京市,否,否,艺术类,公办,532,531,529,531,544,544
中央财经大学,北京,北京市,否,是,财经类,公办,622,614,624,597,633,611
北京电影学院,北京,北京市,否,否,艺术类,公办,613,583,606,575,612,603
北京城市学院,北京,北京市,否,否,综合类,民办,492,486,491,491,480,498
中国传媒大学,北京,北京市,否,是,综合类,公办,604,602,602,592,612,608
中国农业大学,北京,北京市,是,是,农林类,公办,620,596,609,582,613,594
北京化工大学,北京,北京市,否,是,理工类,公办,600,584,593,568,597,583
鲁东大学,山东,烟台市,否,否,综合类,公办,518,528,517,527,512,539
烟台大学,山东,烟台市,否,否,综合类,公办,495,506,507,514,541,545
潍坊学院,山东,潍坊市,否,否,综合类,公办,497,499,499,500,486,502
齐鲁工业大学,山东,济南市,否,否,理工类,公办,505,502,499,507,531,522
北方民族大学,宁夏,银川市,否,否,综合类,公办,504,513,508,506,500,515
宁夏大学,宁夏,银川市,否,是,综合类,公办,551,565,557,549,556,560
广西民族大学,广西,南宁市,否,否,民族类,公办,518,515,523,517,522,533
山东农业大学,山东,泰安市,否,否,农林类,公办,527,519,521,518,518,526
南宁师范大学,广西,南宁市,否,否,师范类,公办,534,524,538,523,527,536
山东理工大学,山东,淄博市,否,否,理工类,公办,538,515,537,515,538,527
玉林师范学院,广西,玉林市,否,否,师范类,公办,496,496,499,498,486,502
山东财经大学,山东,济南市,否,否,财经类,公办,547,536,547,536,559,556
桂林理工大学,广西,桂林市,否,否,理工类,公办,504,514,520,492,521,522
桂林电子科技大学,广西,桂林市,否,否,理工类,公办,554,447,542,450,545,528
广西师范大学,广西,桂林市,否,否,师范类,公办,560,551,554,546,559,556
山东工商学院,山东,烟台市,否,否,财经类,公办,496,500,505,501,497,509
贵州中医药大学,贵州,贵阳市,否,否,医药类,公办,537,551,527,534,520,529
贵州财经大学,贵州,贵阳市,否,否,财经类,公办,536,520,527,514,535,505
内蒙古师范大学,内蒙古,呼和浩特市,否,否,师范类,公办,521,502,507,508,498,517
遵义医科大学,贵州,遵义市,否,否,医药类,公办,527,512,522,511,522,518
内蒙古农业大学,内蒙古,呼和浩特市,否,否,农林类,公办,498,495,503,501,490,508
海南医科大学,海南,海口市,否,否,医药类,公办,501,498,513,514,509,530
海南师范大学,海南,海口市,否,否,师范类,公办,552,537,556,538,551,548
青岛理工大学,山东,青岛市,否,否,理工类,公办,539,509,541,526,551,541
内蒙古民族大学,内蒙古,通辽市,否,否,综合类,公办,502,499,504,501,492,508
内蒙古科技大学,内蒙古,包头市,否,否,综合类,公办,492,491,496,499,487,510
海南大学,海南,海口市,否,是,综合类,公办,584,564,580,545,587,573
甘肃政法大学,甘肃,兰州市,否,否,政法类,公办,547,527,542,528,551,541
兰州财经大学,甘肃,兰州市,否,否,财经类,公办,507,486,514,507,513,520
青岛大学,山东,青岛市,否,否,综合类,公办,552,540,554,531,553,551
临沂大学,山东,临沂市,否,否,综合类,公办,513,506,511,510,513,515
西北师范大学,甘肃,兰州市,否,否,师范类,公办,532,528,548,532,543,543
甘肃农业大学,甘肃,兰州市,否,否,农林类,公办,495,491,498,499,490,507
青岛农业大学,山东,青岛市,否,否,农林类,公办,507,488,517,513,514,532
河南财经政法大学,河南,郑州市,否,否,财经类,公办,532,521,535,523,524,524
商丘师范学院,河南,商丘市,否,否,师范类,公办,496,493,498,496,489,501
兰州交通大学,甘肃,兰州市,否,否,理工类,公办,544,503,534,516,545,531
南阳师范学院,河南,南阳市,否,否,师范类,公办,497,494,498,497,489,502
周口师范学院,河南,周口市,否,否,师范类,公办,496,493,498,497,487,501
洛阳师范学院,河南,洛阳市,否,否,综合类,公办,519,494,522,497,509,502
兰州理工大学,甘肃,兰州市,否,否,理工类,公办,520,504,532,510,529,525
中原工学院,河南,郑州市,否,否,理工类,公办,516,494,512,498,503,508
西北民族大学,甘肃,兰州市,否,否,综合类,公办,511,510,511,513,503,518
郑州航空工业管理学院,河南,郑州市,否,否,综合类,公办,516,501,511,500,506,506
闽江学院,福建,福州市,否,否,综合类,公办,523,514,527,517,517,523
福建师范大学,福建,福州市,否,否,师范类,公办,560,558,556,541,546,545
集美大学,福建,厦门市,否,否,综合类,公办,554,553,548,543,541,556
黄河科技学院,河南,郑州市,否,否,理工类,民办,486,481,483,483,474,490
福建农林大学,福建,福州市,否,否,农林类,公办,538,532,532,520,526,528
河南工业大学,河南,郑州市,否,否,理工类,公办,526,509,524,520,529,520
华侨大学,福建,泉州市,否,否,综合类,公办,555,541,552,541,553,556
河南理工大学,河南,焦作市,否,否,理工类,公办,528,476,539,522,535,530
河南农业大学,河南,郑州市,否,否,农林类,公办,539,523,536,519,525,534
湖北文理学院,湖北,襄阳市,否,否,综合类,公办,511,509,519,507,508,513
河南科技大学,河南,洛阳市,否,否,综合类,公办,539,510,541,524,540,536
河南大学,河南,开封市,否,否,综合类,公办,555,543,562,544,552,560
郑州轻工业大学,河南,郑州市,否,否,理工类,公办,521,504,519,509,508,522
齐齐哈尔医学院,黑龙江,齐齐哈尔市,否,否,医药类,公办,526,491,523,495,512,502
黑龙江科技大学,黑龙江,哈尔滨市,否,否,理工类,公办,504,494,509,500,500,501
黑龙江工程学院,黑龙江,哈尔滨市,否,否,理工类,公办,493,492,495,495,482,502
武汉体育学院,湖北,武汉市,否,否,体育类,公办,537,516,517,510,511,523
哈尔滨学院,黑龙江,哈尔滨市,否,否,综合类,公办,502,493,498,496,488,502
东北石油大学,黑龙江,大庆市,否,否,理工类,公办,501,475,497,492,485,501
湖北经济学院,湖北,武汉市,否,否,财经类,公办,533,518,532,517,536,534
哈尔滨商业大学,黑龙江,哈尔滨市,否,否,财经类,公办,496,490,503,502,493,520
湖北工程学院,湖北,孝感市,否,否,理工类,公办,513,500,519,498,523,501
牡丹江师范学院,黑龙江,牡丹江市,否,否,师范类,公办,492,493,496,498,484,501
湖北师范大学,湖北,黄石市,否,否,师范类,公办,555,534,551,530,552,546
湖北中医药大学,湖北,武汉市,否,否,医药类,公办,546,531,548,532,548,544
武汉轻工大学,湖北,武汉市,否,否,理工类,公办,553,527,549,528,552,541
湖北工业大学,湖北,武汉市,否,否,理工类,公办,545,521,543,528,536,540
武汉纺织大学,湖北,武汉市,否,否,理工类,公办,541,519,533,524,513,537
三峡大学,湖北,宜昌市,否,否,综合类,公办,567,519,567,525,565,540
哈尔滨医科大学,黑龙江,哈尔滨市,否,否,医药类,公办,552,493,563,495,565,541
长江大学,湖北,荆州市,否,否,综合类,公办,536,497,534,531,529,544
哈尔滨理工大学,黑龙江,哈尔滨市,否,否,理工类,公办,526,503,525,508,523,514
湖北大学,湖北,武汉市,否,否,综合类,公办,555,540,551,538,543,555
齐齐哈尔大学,黑龙江,齐齐哈尔市,否,否,综合类,公办,495,504,497,502,490,510
中南民族大学,湖北,武汉市,否,否,综合类,公办,545,550,544,541,543,540
黑龙江大学,黑龙江,哈尔滨市,否,否,综合类,公办,513,498,523,515,528,547
华中师范大学,湖北,武汉市,否,是,师范类,公办,622,609,615,595,619,605
东北林业大学,黑龙江,哈尔滨市,否,是,农林类,公办,571,564,573,559,576,574
邵阳学院,湖南,邵阳市,否,否,综合类,公办,510,507,515,502,500,508
华中农业大学,湖北,武汉市,否,是,农林类,公办,594,580,589,569,593,584
怀化学院,湖南,怀化市,否,否,综合类,公办,505,496,508,502,499,504
湖南文理学院,湖南,常德市,否,否,综合类,公办,507,502,510,514,505,524
中南财经政法大学,湖北,武汉市,否,是,财经类,公办,603,591,599,574,602,582
吉林财经大学,吉林,长春市,否,否,财经类,公办,516,507,520,511,514,524
吉林外国语大学,吉林,长春市,否,否,语言类,民办,474,465,490,487,474,482
湖南科技学院,湖南,永州市,否,否,综合类,公办,519,498,514,503,501,514
湖南工商大学,湖南,长沙市,否,否,财经类,公办,543,528,547,530,550,547
衡阳师范学院,湖南,衡阳市,否,否,师范类,公办,524,498,529,516,523,532
湘南学院,湖南,郴州市,否,否,综合类,公办,524,500,524,505,509,509
中南林业科技大学,湖南,长沙市,否,否,农林类,公办,540,524,540,529,546,543
湖南工程学院,湖南,湘潭市,否,否,理工类,公办,512,499,491,502,517,514
湖南工业大学,湖南,株洲市,否,否,综合类,公办,536,511,535,527,544,544
湖南城市学院,湖南,益阳市,否,否,综合类,公办,512,503,515,505,509,512
湖南理工学院,湖南,岳阳市,否,否,理工类,公办,538,509,517,522,512,534
东北电力大学,吉林,吉林市,否,否,理工类,公办,559,519,551,519,529,530
湖南农业大学,湖南,长沙市,否,否,农林类,公办,539,527,537,527,537,537
南华大学,湖南,衡阳市,否,否,综合类,公办,537,532,536,524,543,540
吉林师范大学,吉林,四平市,否,否,师范类,公办,470,516,522,529,523,545
长沙理工大学,湖南,长沙市,否,否,理工类,公办,566,537,559,535,553,552
湖南科技大学,湖南,湘潭市,否,否,综合类,公办,548,534,549,536,551,552
长春师范大学,吉林,长春市,否,否,师范类,公办,523,503,525,516,521,531
吉首大学,湖南,湘西土家族苗族自治州,否,否,综合类,公办,531,490,534,527,529,536
湘潭大学,湖南,湘潭市,否,否,综合类,公办,586,566,584,560,580,569
长春理工大学,吉林,长春市,否,否,理工类,公办,530,493,533,514,528,526
长春大学,吉林,长春市,否,否,综合类,公办,499,496,503,501,499,505
西北政法大学,陕西,西安市,否,否,政法类,公办,600,599,603,576,613,595
西安财经大学,陕西,西安市,否,否,财经类,公办,539,520,536,525,540,540
北华大学,吉林,吉林市,否,否,综合类,公办,506,501,509,507,503,517
陕西理工大学,陕西,汉中市,否,否,理工类,公办,527,504,518,506,525,520
青海师范大学,青海,西宁市,否,否,师范类,公办,517,522,513,512,491,516
咸阳师范学院,陕西,咸阳市,否,否,师范类,公办,509,497,513,498,500,504
西藏大学,西藏,拉萨市,否,是,综合类,公办,549,539,544,532,533,543
西安邮电大学,陕西,西安市,否,否,理工类,公办,537,506,535,491,533,528
大理大学,云南,大理白族自治州,否,否,综合类,公办,527,507,527,516,523,525
西安工业大学,陕西,西安市,否,否,理工类,公办,548,530,542,529,546,543
陕西科技大学,陕西,西安市,否,否,理工类,公办,551,539,546,526,540,538
云南财经大学,云南,昆明市,否,否,财经类,公办,521,508,525,510,514,523
红河学院,云南,红河哈尼族彝族自治州,否,否,综合类,公办,494,494,498,497,486,500
西安石油大学,陕西,西安市,否,否,理工类,公办,543,520,545,530,545,542
玉溪师范学院,云南,玉溪市,否,否,师范类,公办,502,494,502,499,492,502
云南中医药大学,云南,昆明市,否,否,医药类,公办,535,544,540,534,540,552
云南师范大学,云南,昆明市,否,否,师范类,公办,556,521,546,538,559,554
昆明理工大学,云南,昆明市,否,否,理工类,公办,556,543,549,533,554,548
延安大学,陕西,延安市,否,否,综合类,公办,513,515,522,518,516,529
安徽财经大学,安徽,蚌埠市,否,否,财经类,公办,536,528,541,529,545,546
陕西师范大学,陕西,西安市,否,是,师范类,公办,609,602,605,587,604,595
西北农林科技大学,陕西,咸阳市,是,是,农林类,公办,596,595,591,581,598,592
西安交通大学,陕西,西安市,是,是,综合类,公办,641,616,629,600,644,611
上海杉达学院,上海,上海市,否,否,财经类,民办,518,486,506,488,490,493
淮北师范大学,安徽,淮北市,否,否,综合类,公办,522,529,520,534,518,543
上海体育大学,上海,上海市,否,否,体育类,公办,552,544,551,538,548,548
华东政法大学,上海,上海市,否,否,政法类,公办,618,611,620,588,633,608
上海立信会计金融学院,上海,上海市,否,否,财经类,公办,560,538,554,540,560,561
安徽师范大学,安徽,芜湖市,否,否,师范类,公办,555,526,553,540,557,557
上海海事大学,上海,上海市,否,否,理工类,公办,565,551,562,543,566,569
上海第二工业大学,上海,上海市,否,否,理工类,公办,551,518,547,518,550,539
上海师范大学,上海,上海市,否,否,综合类,公办,552,558,551,559,556,575
上海海洋大学,上海,上海市,否,否,农林类,公办,565,541,563,534,563,558
上海工程技术大学,上海,上海市,否,否,理工类,公办,544,534,541,532,548,546
佛山大学,广东,佛山市,否,否,理工类,公办,533,515,530,515,528,529
星海音乐学院,广东,广州市,否,否,艺术类,公办,550,527,549,518,542,529
广州美术学院,广东,广州市,否,否,艺术类,公办,537,500,543,496,552,489
广州体育学院,广东,广州市,否,否,体育类,公办,510,504,510,509,502,516
广东财经大学,广东,广州市,否,否,财经类,公办,544,530,508,501,543,538
嘉应学院,广东,梅州市,否,否,综合类,公办,502,489,527,513,506,516
惠州学院,广东,惠州市,否,否,综合类,公办,515,507,526,515,517,524
岭南师范学院,广东,湛江市,否,否,师范类,公办,506,506,528,513,507,516
韶关学院,广东,韶关市,否,否,综合类,公办,494,496,522,508,506,507
韩山师范学院,广东,潮州市,否,否,师范类,公办,502,490,519,512,505,515
广东药科大学,广东,广州市,否,否,医药类,公办,525,505,537,512,525,525
广州医科大学,广东,广州市,否,否,医药类,公办,561,545,552,538,552,549
广东医科大学,广东,湛江市,否,否,医药类,公办,530,507,539,513,533,525
广州大学,广东,广州市,否,否,综合类,公办,555,547,565,540,560,554
广东石油化工学院,广东,茂名市,否,否,理工类,公办,503,499,502,500,489,504
东莞理工学院,广东,东莞市,否,否,理工类,公办,541,502,536,508,531,517
广东外语外贸大学,广东,广州市,否,否,语言类,公办,565,549,554,544,577,562
广州中医药大学,广东,广州市,否,否,医药类,公办,564,559,566,554,561,554
广东海洋大学,广东,湛江市,否,否,综合类,公办,519,514,515,515,506,524
华南农业大学,广东,广州市,否,否,综合类,公办,573,554,568,547,563,555
广东工业大学,广东,广州市,否,否,理工类,公办,570,531,562,520,547,533
五邑大学,广东,江门市,否,否,综合类,公办,506,497,507,505,503,513
深圳大学,广东,深圳市,否,否,综合类,公办,600,580,592,565,598,570
汕头大学,广东,汕头市,否,否,综合类,公办,562,539,563,531,558,541
山西大同大学,山西,大同市,否,否,综合类,公办,542,494,530,499,506,514
中北大学,山西,太原市,否,否,综合类,公办,533,511,524,522,535,535
川北医学院,四川,南充市,否,否,医药类,公办,558,514,550,509,543,533
山西财经大学,山西,太原市,否,否,财经类,公办,532,510,537,524,543,538
四川轻化工大学,四川,自贡市,否,否,理工类,公办,532,520,532,522,529,533
山西师范大学,山西,太原市,否,否,师范类,公办,527,533,517,536,519,549
成都信息工程大学,四川,成都市,否,否,理工类,公办,570,526,563,527,557,541
山西农业大学,山西,晋中市,否,否,农林类,公办,511,482,511,505,505,520
西南石油大学,四川,成都市,否,否,综合类,公办,570,552,563,542,560,555
中国民用航空飞行学院,四川,德阳市,否,否,理工类,公办,520,512,515,502,514,511
西华师范大学,四川,南充市,否,否,师范类,公办,528,454,530,525,525,540
四川师范大学,四川,成都市,否,否,师范类,公办,546,551,560,551,560,562
成都中医药大学,四川,成都市,否,否,医药类,公办,550,524,566,543,555,559
西南科技大学,四川,绵阳市,否,否,理工类,公办,534,525,539,528,543,544
山西大学,山西,太原市,否,否,综合类,公办,565,562,563,548,558,554
浙江万里学院,浙江,宁波市,否,否,理工类,公办,515,491,508,502,495,506
浙江财经大学,浙江,杭州市,否,否,财经类,公办,560,553,561,544,566,568
浙江工商大学,浙江,杭州市,否,否,财经类,公办,514,555,565,553,567,571
湖州师范学院,浙江,湖州市,否,否,综合类,公办,522,525,516,520,517,528
浙江农林大学,浙江,杭州市,否,否,农林类,公办,531,531,543,534,544,550
中国计量大学,浙江,杭州市,否,否,理工类,公办,567,551,565,550,563,564
西华大学,四川,成都市,否,否,综合类,公办,506,496,511,506,505,546
浙江理工大学,浙江,杭州市,否,否,理工类,公办,556,540,555,543,568,560
浙江师范大学,浙江,金华市,否,否,综合类,公办,567,555,568,568,578,582
宁波大学,浙江,宁波市,否,否,综合类,公办,578,582,579,570,586,582
新疆财经大学,新疆,乌鲁木齐市,否,否,财经类,公办,497,491,498,500,494,510
新疆师范大学,新疆,乌鲁木齐市,否,否,师范类,公办,514,510,500,511,513,521
新疆农业大学,新疆,乌鲁木齐市,否,否,农林类,公办,492,491,491,493,477,495
成都理工大学,四川,成都市,否,否,理工类,公办,571,543,567,543,570,556
西南民族大学,四川,成都市,否,否,民族类,公办,538,534,541,533,542,545
东北财经大学,辽宁,大连市,否,否,财经类,公办,565,554,575,554,587,573
沈阳工业大学,辽宁,沈阳市,否,否,理工类,公办,523,507,527,511,528,525
沈阳药科大学,辽宁,沈阳市,否,否,医药类,公办,544,534,535,519,517,539
辽宁师范大学,辽宁,大连市,否,否,师范类,公办,517,499,513,502,513,514
沈阳大学,辽宁,沈阳市,否,否,综合类,公办,517,505,516,508,510,522
大连交通大学,辽宁,大连市,否,否,理工类,公办,532,504,535,509,527,515
大连外国语大学,辽宁,大连市,否,否,语言类,公办,548,528,552,531,555,556
渤海大学,辽宁,锦州市,否,否,综合类,公办,536,504,531,517,530,531
大连海洋大学,辽宁,大连市,否,否,农林类,公办,508,505,508,506,504,517
大连民族大学,辽宁,大连市,否,否,民族类,公办,496,500,506,505,504,521
鞍山师范学院,辽宁,鞍山市,否,否,师范类,公办,495,493,501,496,481,504
中国刑事警察学院,辽宁,沈阳市,否,否,政法类,公办,600,560,592,563,589,519
井冈山大学,江西,吉安市,否,否,综合类,公办,525,519,530,515,523,530
四川美术学院,重庆,重庆市,否,否,艺术类,公办,540,533,551,533,563,548
九江学院,江西,九江市,否,否,综合类,公办,526,494,525,498,519,502
四川外国语大学,重庆,重庆市,否,否,语言类,公办,547,532,560,541,564,558
宜春学院,江西,宜春市,否,否,综合类,公办,516,502,516,501,499,503
长江师范学院,重庆,重庆市,否,否,师范类,公办,501,513,504,508,496,521
江西科技师范大学,江西,南昌市,否,否,师范类,公办,522,535,529,530,521,539
赣南师范大学,江西,赣州市,否,否,师范类,公办,546,529,545,535,535,546
重庆理工大学,重庆,重庆市,否,否,理工类,公办,554,529,549,532,550,546
上饶师范学院,江西,上饶市,否,否,师范类,公办,502,498,502,499,487,504
江西中医药大学,江西,南昌市,否,否,医药类,公办,537,530,543,522,536,550
景德镇陶瓷大学,江西,景德镇市,否,否,艺术类,公办,525,532,519,493,512,536
西南政法大学,重庆,重庆市,否,否,政法类,公办,604,593,598,573,605,592
重庆师范大学,重庆,重庆市,否,否,师范类,公办,559,544,558,553,562,564
重庆医科大学,重庆,重庆市,否,否,医药类,公办,587,542,577,534,597,549
南昌航空大学,江西,南昌市,否,否,理工类,公办,546,510,544,528,541,539
东华理工大学,江西,南昌市,否,否,理工类,公办,537,516,536,518,540,530
江西财经大学,江西,南昌市,否,否,财经类,公办,555,538,546,538,584,568
江西师范大学,江西,南昌市,否,否,师范类,公办,571,556,559,549,563,565
扬州大学,江苏,扬州市,否,否,综合类,公办,559,550,564,546,569,564
江西农业大学,江西,南昌市,否,否,农林类,公办,530,539,529,532,531,536
南京工业大学,江苏,南京市,否,否,理工类,公办,581,544,579,540,589,558
江苏大学,江苏,镇江市,否,否,综合类,公办,572,572,573,564,583,578
南京林业大学,江苏,南京市,否,否,农林类,公办,563,568,563,559,560,575
南京医科大学,江苏,南京市,否,否,医药类,公办,604,566,607,559,608,558
南京信息工程大学,江苏,南京市,否,否,综合类,公办,581,558,580,549,580,563
江西理工大学,江西,赣州市,否,否,理工类,公办,543,490,543,522,541,530
南京财经大学,江苏,南京市,否,否,财经类,公办,558,548,569,545,576,567
苏州科技大学,江苏,苏州市,否,否,综合类,公办,550,544,548,540,559,551
江苏科技大学,江苏,镇江市,否,否,理工类,公办,552,528,549,530,552,544
杭州电子科技大学,浙江,杭州市,否,否,理工类,公办,593,536,585,544,590,574
华东交通大学,江西,南昌市,否,否,理工类,公办,543,530,539,528,544,542
盐城师范学院,江苏,盐城市,否,否,师范类,公办,501,534,505,528,490,533
南京审计大学,江苏,南京市,否,否,财经类,公办,572,558,571,553,575,571
江苏理工学院,江苏,常州市,否,否,理工类,公办,535,500,535,501,537,526
南京工程学院,江苏,南京市,否,否,理工类,公办,568,523,552,521,549,530
北京理工大学,北京,北京市,是,是,理工类,公办,642,613,630,596,637,609
东北师范大学,吉林,长春市,否,是,师范类,公办,611,601,602,589,603,599
清华大学,北京,北京市,是,是,综合类,公办,689,674,672,653,684,669
东北农业大学,黑龙江,哈尔滨市,否,是,农林类,公办,558,562,570,556,574,571
上海外国语大学,上海,上海市,否,是,语言类,公办,614,609,616,598,627,613
东华大学,上海,上海市,否,是,综合类,公办,606,594,600,580,605,596
华东理工大学,上海,上海市,否,是,理工类,公办,614,602,606,586,610,597
复旦大学,上海,上海市,是,是,综合类,公办,684,657,674,635,678,646
华东师范大学,上海,上海市,是,是,师范类,公办,645,621,641,607,647,623
上海财经大学,上海,上海市,否,是,财经类,公办,637,622,634,605,654,626
延边大学,吉林,延边朝鲜族自治州,否,是,综合类,公办,574,548,574,549,577,571
武汉理工大学,湖北,武汉市,否,是,理工类,公办,607,584,596,569,594,582
华中科技大学,湖北,武汉市,是,是,综合类,公办,642,613,633,600,640,614
山东大学,山东,济南市,是,是,综合类,公办,625,609,620,595,620,608
上海交通大学,上海,上海市,是,是,综合类,公办,682,667,672,645,675,654
中南大学,湖南,长沙市,是,是,综合类,公办,632,611,626,593,629,606
吉林大学,吉林,长春市,是,是,综合类,公办,616,610,612,596,614,610
中国地质大学（武汉）,湖北,武汉市,否,是,理工类,公办,599,586,591,574,595,585
重庆大学,重庆,重庆市,是,是,综合类,公办,621,610,612,593,615,607
苏州大学,江苏,苏州市,否,是,综合类,公办,611,601,604,585,606,599
中国药科大学,江苏,南京市,否,是,医药类,公办,611,590,601,572,601,585
河海大学,江苏,南京市,否,是,综合类,公办,594,586,590,573,593,589
南京师范大学,江苏,南京市,否,是,师范类,公办,605,595,602,583,604,597
浙江大学,浙江,杭州市,是,是,综合类,公办,670,644,661,627,665,639
南京农业大学,江苏,南京市,否,是,农林类,公办,588,580,586,568,591,584
南京大学,江苏,南京市,是,是,综合类,公办,667,650,664,625,669,643
中国矿业大学,江苏,徐州市,否,是,综合类,公办,590,576,588,565,593,580
东南大学,江苏,南京市,是,是,综合类,公办,649,617,636,599,640,613
南昌大学,江西,南昌市,否,是,综合类,公办,593,581,586,570,593,584
西北工业大学,陕西,西安市,是,是,理工类,公办,638,598,623,586,621,599
暨南大学,广东,广州市,否,是,综合类,公办,610,604,601,585,603,600
华南理工大学,广东,广州市,是,是,综合类,公办,622,603,616,592,618,605
中山大学,广东,广州市,是,是,综合类,公办,641,622,635,605,631,615
福州大学,福建,福州市,否,是,理工类,公办,596,581,590,571,596,586
厦门大学,福建,厦门市,是,是,综合类,公办,620,617,609,595,613,605
西南财经大学,四川,成都市,否,是,财经类,公办,603,595,598,579,606,594
四川大学,四川,成都市,是,是,综合类,公办,634,594,629,602,626,616
华南师范大学,广东,广州市,否,是,师范类,公办,596,580,585,555,596,581
兰州大学,甘肃,兰州市,是,是,综合类,公办,616,597,607,583,609,597
天津体育学院,天津,天津市,否,否,体育类,公办,501,498,512,503,501,520
天津中医药大学,天津,天津市,否,否,医药类,公办,558,558,551,544,557,557
中国民航大学,天津,天津市,否,否,理工类,公办,543,548,540,548,531,530
天津外国语大学,天津,天津市,否,否,语言类,公办,543,530,556,545,561,558
天津商业大学,天津,天津市,否,否,财经类,公办,519,516,527,516,526,526
天津财经大学,天津,天津市,否,否,财经类,公办,556,540,568,537,576,557
天津科技大学,天津,天津市,否,否,理工类,公办,545,531,541,532,543,549
天津师范大学,天津,天津市,否,否,师范类,公办,562,564,578,561,583,573
同济大学,上海,上海市,是,是,综合类,公办,652,639,644,619,653,634
济南大学,山东,济南市,否,否,综合类,公办,548,544,548,538,549,552
安徽农业大学,安徽,合肥市,否,否,农林类,公办,525,499,543,528,535,544
安徽工业大学,安徽,马鞍山市,否,否,理工类,公办,528,516,539,516,543,523
安徽大学,安徽,合肥市,否,是,综合类,公办,592,575,587,569,593,582
滨州医学院,山东,烟台市,否,否,医药类,公办,545,535,541,528,529,540
合肥工业大学,安徽,合肥市,否,是,理工类,公办,596,580,586,567,589,580
郑州大学,河南,郑州市,否,是,综合类,公办,596,587,596,580,599,594
中国海洋大学,山东,青岛市,是,是,综合类,公办,610,600,602,584,603,598
南开大学,天津,天津市,是,是,综合类,公办,650,626,639,609,642,621
湖南师范大学,湖南,长沙市,否,是,师范类,公办,593,579,590,572,595,590
对外经济贸易大学,北京,北京市,否,是,财经类,公办,624,609,626,596,637,614
北京师范大学,北京,北京市,是,是,师范类,公办,638,626,630,604,631,615
西南交通大学,四川,成都市,否,是,理工类,公办,598,591,594,579,604,594
辽宁大学,辽宁,沈阳市,否,是,综合类,公办,565,554,561,551,559,564
北京中医药大学,北京,北京市,否,是,医药类,公办,593,581,597,588,605,604
北京航空航天大学,北京,北京市,是,是,理工类,公办,637,626,624,605,624,617
中国人民大学,北京,北京市,是,是,综合类,公办,671,654,663,633,669,645
中央民族大学,北京,北京市,是,是,民族类,公办,609,604,606,591,611,605
湖南大学,湖南,长沙市,是,是,综合类,公办,612,608,598,582,617,609
北京林业大学,北京,北京市,否,是,农林类,公办,589,585,586,574,591,591
武汉大学,湖北,武汉市,是,是,综合类,公办,641,628,638,610,645,629
中央音乐学院,北京,北京市,否,是,艺术类,公办,310,310,313,313,260,260
北京外国语大学,北京,北京市,否,是,语言类,公办,620,614,623,597,629,611
北京交通大学,北京,北京市,否,是,理工类,公办,613,591,604,578,606,605
西北大学,陕西,西安市,否,是,综合类,公办,597,596,591,577,596,600
长安大学,陕西,西安市,否,是,理工类,公办,584,576,582,567,584,581
云南大学,云南,昆明市,否,是,综合类,公办,587,579,588,570,595,584
大连海事大学,辽宁,大连市,否,是,理工类,公办,589,570,583,562,586,579
内蒙古大学,内蒙古,呼和浩特市,否,是,综合类,公办,561,557,565,555,563,566
北京大学,北京,北京市,是,是,综合类,公办,688,662,676,644,685,656
