﻿名称,省,市,985,211,学校类型,学校属性,2023年综合类录取分数,2022年综合类录取分数,2021年综合类录取分数
烟台科技学院,山东,烟台市,否,否,综合类,民办,512,511,500
江苏海洋大学,江苏,连云港市,否,否,理工类,公办,572,569,560
江西软件职业技术大学,江西,南昌市,否,否,理工类,民办,345,338,267
浙江大学医学院,浙江,杭州市,是,是,医药类,公办,668,657,655
复旦大学上海医学院,上海,上海市,是,是,医药类,公办,696,686,686
郑州西亚斯学院,河南,郑州市,否,否,综合类,民办,515,521,533
南京审计大学金审学院,江苏,南京市,否,否,财经类,民办,542,544,540
中国石油大学（北京）克拉玛依校区,新疆,克拉玛依市,否,是,理工类,公办,592,584,569
哈尔滨工业大学（深圳）,广东,深圳市,是,是,理工类,公办,673,657,655
上海健康医学院,上海,上海市,否,否,医药类,公办,564,566,513
温州肯恩大学,浙江,温州市,否,否,综合类,中外合作办学,570,561,557
合肥工业大学宣城校区,安徽,宣城市,否,是,综合类,公办,618,595,616
中国人民大学（苏州校区）,江苏,苏州市,是,是,综合类,公办,660,649,646
中国科学院大学,北京,北京市,否,否,综合类,公办,699,687,692
大连理工大学盘锦校区,辽宁,盘锦市,是,是,理工类,公办,643,638,627
河南牧业经济学院,河南,郑州市,否,否,财经类,公办,544,554,548
河北中医药大学,河北,石家庄市,否,否,医药类,公办,567,566,564
贵州理工学院,贵州,贵阳市,否,否,理工类,公办,530,536,528
南昌师范学院,江西,南昌市,否,否,师范类,公办,574,569,566
江西服装学院,江西,南昌市,否,否,艺术类,民办,518,523,519
山西传媒学院,山西,晋中市,否,否,艺术类,公办,547,541,534
河北环境工程学院,河北,秦皇岛市,否,否,理工类,公办,533,529,532
华北理工大学冀唐学院,河北,唐山市,否,否,医药类,民办,537,535,532
陕西服装工程学院,陕西,咸阳市,否,否,综合类,民办,510,526,523
青岛电影学院,山东,青岛市,否,否,艺术类,民办,515,522,521
南昌工学院,江西,南昌市,否,否,理工类,民办,508,505,497
河北科技学院,河北,唐山市,否,否,理工类,民办,515,519,546
福州外语外贸学院,福建,福州市,否,否,财经类,民办,519,521,522
山东协和学院,山东,济南市,否,否,医药类,民办,523,516,495
广西外国语学院,广西,南宁市,否,否,语言类,民办,524,517,518
天津外国语大学滨海外事学院,天津,天津市,否,否,语言类,民办,526,531,539
浙江外国语学院,浙江,杭州市,否,否,语言类,公办,555,568,520
南宁理工学院,广西,南宁市,否,否,理工类,民办,509,551,543
海军工程大学,湖北,武汉市,否,否,军事类,公办,614,596,602
内蒙古科技大学包头师范学院,内蒙古,包头市,否,否,师范类,公办,533,541,530
北京第二外国语学院,北京,北京市,否,否,语言类,公办,608,621,628
衢州学院,浙江,衢州市,否,否,综合类,公办,541,540,506
宁夏大学新华学院,宁夏,银川市,否,否,综合类,民办,517,530,524
贵州黔南经济学院,贵州,黔南布依族苗族自治州,否,否,财经类,民办,527,528,526
西安理工大学高科学院,陕西,西安市,否,否,理工类,民办,511,508,524
西安科技大学高新学院,陕西,西安市,否,否,理工类,民办,518,515,519
西安明德理工学院,陕西,西安市,否,否,综合类,民办,511,509,498
西安工商学院,陕西,西安市,否,否,综合类,民办,508,511,496
西安交通大学城市学院,陕西,西安市,否,否,理工类,民办,517,514,526
南通大学杏林学院,江苏,南通市,否,否,综合类,民办,524,533,524
江苏科技大学苏州理工学院,江苏,苏州市,否,否,理工类,民办,524,524,517
南京邮电大学通达学院,江苏,扬州市,否,否,综合类,民办,527,525,511
江苏师范大学科文学院,江苏,徐州市,否,否,综合类,民办,524,521,510
扬州大学广陵学院,江苏,扬州市,否,否,综合类,民办,526,522,504
苏州科技大学天平学院,江苏,苏州市,否,否,综合类,民办,540,546,519
苏州大学应用技术学院,江苏,苏州市,否,否,综合类,民办,525,520,505
苏州城市学院,江苏,苏州市,否,否,综合类,公办,548,546,536
南京医科大学康达学院,江苏,连云港市,否,否,医药类,民办,536,535,531
南京师范大学中北学院,江苏,镇江市,否,否,综合类,民办,534,533,526
南京工业大学浦江学院,江苏,南京市,否,否,理工类,民办,528,525,515
南京航空航天大学金城学院,江苏,南京市,否,否,理工类,民办,556,524,520
南京理工大学紫金学院,江苏,南京市,否,否,理工类,民办,524,525,509
黑龙江财经学院,黑龙江,哈尔滨市,否,否,财经类,民办,503,521,515
黑龙江工商学院,黑龙江,哈尔滨市,否,否,综合类,民办,503,504,513
哈尔滨华德学院,黑龙江,哈尔滨市,否,否,理工类,民办,502,500,514
昆明理工大学津桥学院,云南,昆明市,否,否,理工类,民办,508,498,513
丽江文化旅游学院,云南,丽江市,否,否,综合类,民办,508,517,514
滇池学院,云南,昆明市,否,否,综合类,民办,508,507,518
文山学院,云南,文山壮族苗族自治州,否,否,综合类,公办,535,553,542
齐鲁理工学院,山东,济南市,否,否,综合类,民办,507,510,530
青岛农业大学海都学院,山东,烟台市,否,否,综合类,民办,503,520,504
青岛工学院,山东,青岛市,否,否,综合类,民办,507,509,499
泰山科技学院,山东,泰安市,否,否,理工类,民办,499,369,323
西南财经大学天府学院,四川,绵阳市,否,否,财经类,民办,519,545,541
四川大学锦江学院,四川,眉山市,否,否,综合类,民办,517,517,502
成都锦城学院,四川,成都市,否,否,综合类,民办,519,522,503
成都外国语学院,四川,成都市,否,否,语言类,民办,511,529,512
成都文理学院,四川,成都市,否,否,综合类,民办,532,534,532
成都银杏酒店管理学院,四川,成都市,否,否,财经类,民办,514,528,521
成都理工大学工程技术学院,四川,乐山市,否,否,理工类,民办,519,518,498
成都大学,四川,成都市,否,否,综合类,公办,575,579,575
新疆第二医学院,新疆,克拉玛依市,否,否,医药类,公办,536,527,518
新疆科技学院,新疆,巴音郭楞蒙古自治州,否,否,财经类,公办,494,539,504
新疆理工学院,新疆,阿克苏地区,否,否,理工类,公办,507,519,512
东莞城市学院,广东,东莞市,否,否,理工类,民办,504,504,504
电子科技大学中山学院,广东,中山市,否,否,理工类,民办,513,514,500
湖南中医药大学湘杏学院,湖南,岳阳市,否,否,医药类,民办,557,557,551
湖南工程学院应用技术学院,湖南,湘潭市,否,否,理工类,民办,520,518,498
张家界学院,湖南,张家界市,否,否,综合类,民办,517,539,528
湖南理工学院南湖学院,湖南,岳阳市,否,否,理工类,民办,519,516,495
湖南文理学院芙蓉学院,湖南,常德市,否,否,综合类,民办,534,538,537
南华大学船山学院,湖南,衡阳市,否,否,综合类,民办,522,518,502
湘潭大学兴湘学院,湖南,湘潭市,否,否,综合类,民办,523,522,502
湖南工业大学科技学院,湖南,株洲市,否,否,综合类,民办,516,577,495
湖南科技大学潇湘学院,湖南,湘潭市,否,否,综合类,民办,524,529,519
长沙理工大学城南学院,湖南,长沙市,否,否,理工类,民办,525,525,515
湘潭理工学院,湖南,湘潭市,否,否,理工类,民办,510,510,496
湖南第一师范学院,湖南,长沙市,否,否,师范类,公办,509,566,562
郑州商学院,河南,郑州市,否,否,财经类,民办,503,529,530
南昌应用技术师范学院,江西,南昌市,否,否,师范类,民办,508,528,511
景德镇艺术职业大学,江西,景德镇市,否,否,艺术类,民办,514,499,520
江西财经大学现代经济管理学院,江西,九江市,否,否,财经类,民办,516,513,500
南昌医学院,江西,南昌市,否,否,医药类,公办,551,574,550
南昌航空大学科技学院,江西,九江市,否,否,理工类,民办,523,520,511
赣东学院,江西,抚州市,否,否,综合类,公办,538,531,525
赣南科技学院,江西,赣州市,否,否,理工类,公办,538,536,531
南昌交通学院,江西,南昌市,否,否,理工类,民办,517,512,521
江西师范大学科学技术学院,江西,九江市,否,否,综合类,民办,527,533,521
江西农业大学南昌商学院,江西,九江市,否,否,综合类,民办,516,513,531
南昌大学科学技术学院,江西,九江市,否,否,综合类,民办,522,522,503
皖江工学院,安徽,马鞍山市,否,否,理工类,民办,518,503,528
安徽信息工程学院,安徽,芜湖市,否,否,理工类,民办,513,512,498
合肥城市学院,安徽,合肥市,否,否,理工类,民办,512,507,516
蚌埠工商学院,安徽,蚌埠市,否,否,财经类,民办,533,543,540
马鞍山学院,安徽,马鞍山市,否,否,理工类,民办,525,532,502
芜湖学院,安徽,芜湖市,否,否,综合类,民办,527,520,543
浙江越秀外国语学院,浙江,绍兴市,否,否,语言类,民办,505,508,495
宁波财经学院,浙江,宁波市,否,否,财经类,民办,512,513,500
上海财经大学浙江学院,浙江,金华市,否,否,财经类,民办,525,525,516
温州商学院,浙江,温州市,否,否,财经类,民办,507,504,515
嘉兴南湖学院,浙江,嘉兴市,否,否,财经类,公办,548,549,538
浙江财经大学东方学院,浙江,嘉兴市,否,否,财经类,民办,516,516,505
中国计量大学现代科技学院,浙江,金华市,否,否,理工类,民办,520,517,502
浙江工商大学杭州商学院,浙江,杭州市,否,否,财经类,民办,533,537,529
温州理工学院,浙江,温州市,否,否,理工类,公办,548,548,539
绍兴文理学院元培学院,浙江,绍兴市,否,否,综合类,民办,514,515,503
湖州学院,浙江,湖州市,否,否,综合类,公办,554,550,541
温州医科大学仁济学院,浙江,温州市,否,否,医药类,民办,530,541,536
浙江农林大学暨阳学院,浙江,绍兴市,否,否,农林类,民办,523,518,506
浙江理工大学科技与艺术学院,浙江,绍兴市,否,否,理工类,民办,513,512,501
杭州电子科技大学信息工程学院,浙江,杭州市,否,否,理工类,民办,524,520,510
宁波大学科学技术学院,浙江,宁波市,否,否,综合类,民办,522,520,510
浙江师范大学行知学院,浙江,金华市,否,否,综合类,民办,520,518,508
浙江工业大学之江学院,浙江,绍兴市,否,否,理工类,民办,524,520,504
浙大宁波理工学院,浙江,宁波市,否,否,理工类,公办,558,565,567
浙大城市学院,浙江,杭州市,否,否,综合类,公办,579,579,577
广西中医药大学赛恩斯新医药学院,广西,南宁市,否,否,医药类,民办,535,541,531
广西民族大学相思湖学院,广西,南宁市,否,否,民族类,民办,505,523,520
柳州工学院,广西,柳州市,否,否,理工类,民办,531,504,519
桂林信息科技学院,广西,桂林市,否,否,理工类,民办,507,505,522
桂林学院,广西,桂林市,否,否,综合类,民办,504,504,498
兰州信息科技学院,甘肃,兰州市,否,否,理工类,民办,496,503,498
兰州工商学院,甘肃,兰州市,否,否,财经类,民办,503,502,518
辽宁财贸学院,辽宁,葫芦岛市,否,否,财经类,民办,506,516,512
大连东软信息学院,辽宁,大连市,否,否,理工类,民办,510,512,506
大连医科大学中山学院,辽宁,大连市,否,否,医药类,民办,508,505,495
辽宁中医药大学杏林学院,辽宁,沈阳市,否,否,医药类,民办,556,552,547
沈阳城市建设学院,辽宁,沈阳市,否,否,理工类,民办,508,519,514
大连科技学院,辽宁,大连市,否,否,理工类,民办,505,518,513
沈阳城市学院,辽宁,沈阳市,否,否,综合类,民办,506,504,509
山西晋中理工学院,山西,晋中市,否,否,理工类,民办,521,528,527
山西工学院,山西,朔州市,否,否,理工类,公办,536,533,529
长春大学旅游学院,吉林,长春市,否,否,综合类,民办,501,497,512
长春财经学院,吉林,长春市,否,否,财经类,民办,508,518,512
长春光华学院,吉林,长春市,否,否,综合类,民办,504,503,511
天津天狮学院,天津,天津市,否,否,综合类,民办,511,513,517
天津财经大学珠江学院,天津,天津市,否,否,综合类,民办,519,528,522
天津理工大学中环信息学院,天津,天津市,否,否,综合类,民办,512,510,522
北京科技大学天津学院,天津,天津市,否,否,综合类,民办,517,527,521
天津医科大学临床医学院,天津,天津市,否,否,医药类,民办,519,529,527
天津商业大学宝德学院,天津,天津市,否,否,财经类,民办,520,530,526
民政职业大学,北京,北京市,否,否,政法类,公办,442,489,491
宁夏理工学院,宁夏,石嘴山市,否,否,理工类,民办,501,498,495
贵州黔南科技学院,贵州,黔南布依族苗族自治州,否,否,综合类,民办,516,522,498
西安交通工程学院,陕西,西安市,否,否,理工类,民办,510,511,499
西安欧亚学院,陕西,西安市,否,否,财经类,民办,507,505,501
陕西国际商贸学院,陕西,咸阳市,否,否,财经类,民办,511,527,522
陕西科技大学镐京学院,陕西,咸阳市,否,否,理工类,民办,520,522,543
西安建筑科技大学华清学院,陕西,西安市,否,否,理工类,民办,510,510,496
无锡太湖学院,江苏,无锡市,否,否,综合类,民办,511,511,537
云南经济管理学院,云南,昆明市,否,否,财经类,民办,505,502,496
昆明文理学院,云南,昆明市,否,否,师范类,民办,513,513,502
普洱学院,云南,普洱市,否,否,综合类,公办,531,530,523
青岛黄海学院,山东,青岛市,否,否,综合类,民办,508,503,499
山东现代学院,山东,济南市,否,否,综合类,民办,508,555,502
山东工程职业技术大学,山东,济南市,否,否,理工类,民办,506,501,518
青岛恒星科技学院,山东,青岛市,否,否,综合类,民办,506,501,514
烟台南山学院,山东,烟台市,否,否,综合类,民办,503,502,498
齐鲁医药学院,山东,淄博市,否,否,医药类,民办,536,551,546
山东英才学院,山东,济南市,否,否,综合类,民办,507,517,512
山东石油化工学院,山东,东营市,否,否,理工类,公办,536,536,519
新疆工程学院,新疆,乌鲁木齐市,否,否,理工类,公办,510,522,503
湖南信息学院,湖南,长沙市,否,否,理工类,民办,422,413,521
湖南女子学院,湖南,长沙市,否,否,综合类,公办,541,554,558
湖南财政经济学院,湖南,长沙市,否,否,财经类,公办,543,552,547
湖南工学院,湖南,衡阳市,否,否,理工类,公办,523,538,532
武汉生物工程学院,湖北,武汉市,否,否,理工类,民办,514,511,496
武汉晴川学院,湖北,武汉市,否,否,综合类,民办,510,514,502
长江大学文理学院,湖北,荆州市,否,否,综合类,民办,529,539,535
武汉工程大学邮电与信息工程学院,湖北,武汉市,否,否,理工类,民办,515,515,499
武昌工学院,湖北,武汉市,否,否,综合类,民办,508,508,496
湖北商贸学院,湖北,武汉市,否,否,财经类,民办,507,531,549
湖北工业大学工程技术学院,湖北,武汉市,否,否,综合类,民办,511,512,496
武汉工商学院,湖北,武汉市,否,否,综合类,民办,513,512,496
湖北大学知行学院,湖北,武汉市,否,否,理工类,民办,517,513,500
郑州工程技术学院,河南,郑州市,否,否,理工类,公办,539,544,549
新乡学院,河南,新乡市,否,否,综合类,公办,531,532,516
福州理工学院,福建,福州市,否,否,理工类,民办,518,529,524
泉州信息工程学院,福建,泉州市,否,否,理工类,民办,508,507,500
泉州职业技术大学,福建,泉州市,否,否,综合类,民办,507,498,517
厦门华厦学院,福建,厦门市,否,否,综合类,民办,520,524,515
闽南理工学院,福建,泉州市,否,否,理工类,民办,513,525,518
福州大学至诚学院,福建,福州市,否,否,综合类,民办,516,515,502
福建师范大学协和学院,福建,福州市,否,否,综合类,民办,525,532,528
阳光学院,福建,福州市,否,否,综合类,民办,506,508,496
厦门大学嘉庚学院,福建,漳州市,否,否,综合类,民办,526,527,519
武夷学院,福建,南平市,否,否,综合类,公办,542,542,538
池州学院,安徽,池州市,否,否,综合类,公办,527,525,548
蚌埠学院,安徽,蚌埠市,否,否,理工类,公办,549,549,540
浙江广厦建设职业技术大学,浙江,金华市,否,否,理工类,民办,501,511,515
浙江树人学院,浙江,杭州市,否,否,综合类,民办,509,508,496
金华职业技术大学,浙江,金华市,否,否,综合类,公办,533,552,547
杭州医学院,浙江,杭州市,否,否,医药类,公办,566,590,537
北海艺术设计学院,广西,北海市,否,否,艺术类,民办,508,524,522
桂林旅游学院,广西,桂林市,否,否,财经类,公办,529,553,523
桂林航天工业学院,广西,桂林市,否,否,理工类,公办,538,540,528
兰州石化职业技术大学,甘肃,兰州市,否,否,理工类,公办,508,522,513
沈阳工学院,辽宁,抚顺市,否,否,理工类,民办,503,503,495
吕梁学院,山西,吕梁市,否,否,综合类,公办,536,535,526
长春人文学院,吉林,长春市,否,否,综合类,民办,505,504,507
吉林建筑科技学院,吉林,长春市,否,否,理工类,民办,502,500,495
吉林工商学院,吉林,长春市,否,否,财经类,公办,568,533,556
天津仁爱学院,天津,天津市,否,否,综合类,民办,505,501,498
河北工程大学科信学院,河北,邯郸市,否,否,理工类,民办,515,514,495
石家庄铁道大学四方学院,河北,石家庄市,否,否,理工类,民办,512,510,525
河北经贸大学经济管理学院,河北,石家庄市,否,否,财经类,民办,526,535,533
河北医科大学临床学院,河北,石家庄市,否,否,医药类,民办,558,555,550
贵州师范学院,贵州,贵阳市,否,否,师范类,公办,541,538,532
兰州博文科技学院,甘肃,兰州市,否,否,理工类,民办,503,503,501
武汉设计工程学院,湖北,武汉市,否,否,艺术类,民办,522,532,529
大连财经学院,辽宁,大连市,否,否,财经类,民办,510,532,509
南通理工学院,江苏,南通市,否,否,综合类,民办,510,511,501
山东财经大学东方学院,山东,泰安市,否,否,综合类,民办,512,531,528
琼台师范学院,海南,海口市,否,否,师范类,公办,545,544,544
河南城建学院,河南,平顶山市,否,否,理工类,公办,510,533,524
荆楚理工学院,湖北,荆门市,否,否,理工类,公办,540,540,499
重庆工商大学派斯学院,重庆,重庆市,否,否,财经类,民办,512,508,526
重庆移通学院,重庆,重庆市,否,否,理工类,民办,514,513,495
重庆财经学院,重庆,重庆市,否,否,财经类,民办,522,517,524
重庆城市科技学院,重庆,重庆市,否,否,综合类,民办,528,600,529
重庆外语外事学院,重庆,重庆市,否,否,语言类,民办,532,523,533
重庆对外经贸学院,重庆,重庆市,否,否,财经类,民办,510,507,495
上海视觉艺术学院,上海,上海市,否,否,艺术类,民办,560,564,564
沧州交通学院,河北,沧州市,否,否,理工类,民办,519,527,506
哈尔滨工业大学（威海）,山东,威海市,是,是,理工类,公办,660,648,645
北京第二外国语学院中瑞酒店管理学院,北京,北京市,否,否,综合类,民办,505,522,516
珠海科技学院,广东,珠海市,否,否,综合类,民办,523,526,522
南京师范大学泰州学院,江苏,泰州市,否,否,师范类,民办,540,546,541
江苏大学京江学院,江苏,镇江市,否,否,综合类,民办,521,519,508
长春工业大学人文信息学院,吉林,长春市,否,否,综合类,民办,505,517,510
西安财经大学行知学院,陕西,西安市,否,否,财经类,民办,507,506,527
长春建筑学院,吉林,长春市,否,否,理工类,民办,501,498,512
无锡学院,江苏,无锡市,否,否,理工类,公办,560,556,542
北京中医药大学东方学院,河北,廊坊市,否,否,医药类,民办,545,511,550
青岛城市学院,山东,青岛市,否,否,理工类,民办,508,511,496
燕京理工学院,河北,廊坊市,否,否,理工类,民办,512,516,523
四川工商学院,四川,成都市,否,否,综合类,民办,522,541,526
海口经济学院,海南,海口市,否,否,综合类,民办,490,517,514
四川音乐学院,四川,成都市,否,否,艺术类,公办,555,558,546
广西艺术学院,广西,南宁市,否,否,艺术类,公办,535,551,531
吉林动画学院,吉林,长春市,否,否,艺术类,民办,509,512,502
浙江水利水电学院,浙江,杭州市,否,否,理工类,公办,534,548,507
湖北第二师范学院,湖北,武汉市,否,否,师范类,公办,541,553,545
浙江机电职业技术大学,浙江,杭州市,否,否,理工类,公办,492,497,497
西交利物浦大学,江苏,苏州市,否,否,综合类,中外合作办学,599,586,583
三亚学院,海南,三亚市,否,否,综合类,民办,505,506,496
黑龙江外国语学院,黑龙江,哈尔滨市,否,否,语言类,民办,508,549,513
河南开封科技传媒学院,河南,开封市,否,否,综合类,民办,540,542,536
河南工程学院,河南,郑州市,否,否,理工类,公办,538,540,534
武汉纺织大学外经贸学院,湖北,武汉市,否,否,综合类,民办,511,510,497
长春电子科技学院,吉林,长春市,否,否,理工类,民办,504,506,497
广州软件学院,广东,广州市,否,否,理工类,民办,521,527,517
大连理工大学城市学院,辽宁,大连市,否,否,理工类,民办,512,507,502
上海外国语大学贤达经济人文学院,上海,上海市,否,否,财经类,民办,507,500,540
北京理工大学珠海学院,广东,珠海市,否,否,理工类,民办,532,526,525
昆明城市学院,云南,昆明市,否,否,综合类,民办,515,524,544
昆明医科大学海源学院,云南,昆明市,否,否,医药类,民办,543,552,542
吉林师范大学博达学院,吉林,四平市,否,否,师范类,民办,504,503,512
北京师范大学-香港浸会大学联合国际学院,广东,珠海市,否,否,综合类,内地与港澳台地区合作办学,596,585,581
长春科技学院,吉林,长春市,否,否,综合类,民办,504,502,495
兰州城市学院,甘肃,兰州市,否,否,综合类,公办,500,538,524
商洛学院,陕西,商洛市,否,否,综合类,公办,536,537,530
三明学院,福建,三明市,否,否,综合类,公办,538,539,524
河北科技师范学院,河北,秦皇岛市,否,否,师范类,公办,538,538,533
北部湾大学,广西,钦州市,否,否,综合类,公办,546,540,534
丽水学院,浙江,丽水市,否,否,综合类,公办,542,557,552
梧州学院,广西,梧州市,否,否,综合类,公办,511,537,529
龙岩学院,福建,龙岩市,否,否,综合类,公办,550,555,552
海南热带海洋学院,海南,三亚市,否,否,综合类,公办,534,553,526
滁州学院,安徽,滁州市,否,否,综合类,公办,552,560,558
枣庄学院,山东,枣庄市,否,否,综合类,公办,542,553,551
青岛滨海学院,山东,青岛市,否,否,综合类,民办,527,507,498
辽宁对外经贸学院,辽宁,大连市,否,否,财经类,民办,504,502,512
长沙医学院,湖南,长沙市,否,否,医药类,民办,567,539,545
呼伦贝尔学院,内蒙古,呼伦贝尔市,否,否,综合类,公办,536,551,547
济宁医学院,山东,济宁市,否,否,医药类,公办,561,560,556
贵州工程应用技术学院,贵州,毕节市,否,否,师范类,公办,541,542,541
重庆人文科技学院,重庆,重庆市,否,否,综合类,民办,531,514,522
山东大学（威海）,山东,威海市,是,是,综合类,公办,647,637,636
东北大学秦皇岛分校,河北,秦皇岛市,是,是,理工类,公办,641,630,625
北京大学医学部,北京,北京市,是,是,医药类,公办,695,684,687
宁波诺丁汉大学,浙江,宁波市,否,否,综合类,中外合作办学,609,595,589
上海师范大学天华学院,上海,上海市,否,否,综合类,民办,506,507,500
集美大学诚毅学院,福建,厦门市,否,否,综合类,民办,527,527,515
山东航空学院,山东,滨州市,否,否,综合类,公办,537,533,532
信阳农林学院,河南,信阳市,否,否,农林类,公办,539,536,533
安徽中医药大学,安徽,合肥市,否,否,医药类,公办,572,571,565
南京财经大学红山学院,江苏,镇江市,否,否,综合类,民办,538,543,538
宁波工程学院,浙江,宁波市,否,否,理工类,公办,544,542,553
湖南涉外经济学院,湖南,长沙市,否,否,财经类,民办,507,535,498
西京学院,陕西,西安市,否,否,理工类,民办,511,499,523
西安翻译学院,陕西,西安市,否,否,语言类,民办,498,521,495
常熟理工学院,江苏,苏州市,否,否,理工类,公办,555,558,556
三江学院,江苏,南京市,否,否,综合类,民办,521,519,506
洛阳理工学院,河南,洛阳市,否,否,理工类,公办,536,536,530
武汉城市学院,湖北,武汉市,否,否,理工类,民办,520,523,527
保定理工学院,河北,保定市,否,否,理工类,民办,516,505,544
商丘工学院,河南,商丘市,否,否,理工类,民办,507,510,522
湖北医药学院药护学院,湖北,十堰市,否,否,医药类,民办,552,557,554
武昌理工学院,湖北,武汉市,否,否,综合类,民办,506,511,495
郑州工商学院,河南,郑州市,否,否,财经类,民办,517,516,501
东南大学成贤学院,江苏,南京市,否,否,综合类,民办,530,530,522
武汉工程科技学院,湖北,武汉市,否,否,理工类,民办,513,513,504
南京理工大学泰州科技学院,江苏,泰州市,否,否,理工类,民办,521,520,505
山东中医药大学,山东,济南市,否,否,医药类,公办,584,583,579
南京特殊教育师范学院,江苏,南京市,否,否,师范类,公办,540,544,537
太原工业学院,山西,太原市,否,否,理工类,公办,508,522,526
电子科技大学成都学院,四川,成都市,否,否,理工类,民办,520,519,506
郑州财经学院,河南,郑州市,否,否,财经类,民办,513,535,531
三峡大学科技学院,湖北,宜昌市,否,否,综合类,民办,520,519,508
北京邮电大学世纪学院,北京,北京市,否,否,综合类,民办,520,549,498
郑州经贸学院,河南,郑州市,否,否,财经类,民办,519,529,526
北京工业大学耿丹学院,北京,北京市,否,否,综合类,民办,539,508,500
北京金融科技学院,北京,北京市,否,否,财经类,民办,505,519,515
汉口学院,湖北,武汉市,否,否,综合类,民办,522,537,529
武昌首义学院,湖北,武汉市,否,否,理工类,民办,517,514,497
西安航空学院,陕西,西安市,否,否,理工类,公办,538,537,531
武汉华夏理工学院,湖北,武汉市,否,否,理工类,民办,508,504,504
天水师范学院,甘肃,天水市,否,否,师范类,公办,527,533,521
上海电机学院,上海,上海市,否,否,理工类,公办,579,578,503
塔里木大学,新疆,自治区直辖县级行政区划,否,否,综合类,公办,513,501,524
曲靖师范学院,云南,曲靖市,否,否,师范类,公办,532,533,529
乐山师范学院,四川,乐山市,否,否,师范类,公办,536,535,529
宜宾学院,四川,宜宾市,否,否,综合类,公办,548,545,538
内江师范学院,四川,内江市,否,否,师范类,公办,545,547,538
绵阳师范学院,四川,绵阳市,否,否,师范类,公办,550,560,556
文华学院,湖北,武汉市,否,否,综合类,民办,504,534,495
成都医学院,四川,成都市,否,否,医药类,公办,585,586,588
重庆工商大学,重庆,重庆市,否,否,财经类,公办,572,578,574
湖南人文科技学院,湖南,娄底市,否,否,综合类,公办,537,538,529
浙江传媒学院,浙江,杭州市,否,否,艺术类,公办,531,574,570
南京工业职业技术大学,江苏,南京市,否,否,理工类,公办,547,546,496
淮阴师范学院,江苏,淮安市,否,否,师范类,公办,554,551,545
哈尔滨师范大学,黑龙江,哈尔滨市,否,否,师范类,公办,576,543,548
厦门理工学院,福建,厦门市,否,否,理工类,公办,576,573,570
湖北经济学院法商学院,湖北,武汉市,否,否,财经类,民办,520,530,527
徐州工程学院,江苏,徐州市,否,否,综合类,公办,545,546,543
金陵科技学院,江苏,南京市,否,否,理工类,公办,572,573,571
吉林医药学院,吉林,吉林市,否,否,医药类,公办,497,525,511
广西财经学院,广西,南宁市,否,否,财经类,公办,548,557,554
西安文理学院,陕西,西安市,否,否,综合类,公办,523,552,548
沈阳工程学院,辽宁,沈阳市,否,否,理工类,公办,547,539,531
重庆文理学院,重庆,重庆市,否,否,综合类,公办,543,544,540
广西中医药大学,广西,南宁市,否,否,医药类,公办,573,591,544
广东金融学院,广东,广州市,否,否,财经类,公办,582,579,587
长沙学院,湖南,长沙市,否,否,综合类,公办,549,552,545
湖北理工学院,湖北,黄石市,否,否,理工类,公办,540,538,534
安庆师范大学,安徽,安庆市,否,否,师范类,公办,558,554,550
阜阳师范大学,安徽,阜阳市,否,否,师范类,公办,549,549,543
蚌埠医科大学,安徽,蚌埠市,否,否,医药类,公办,568,570,564
福建中医药大学,福建,福州市,否,否,医药类,公办,584,581,579
福建医科大学,福建,福州市,否,否,医药类,公办,594,596,587
重庆交通大学,重庆,重庆市,否,否,理工类,公办,579,580,570
吉林农业科技学院,吉林,吉林市,否,否,农林类,公办,534,534,495
大庆师范学院,黑龙江,大庆市,否,否,师范类,公办,536,539,534
上海政法学院,上海,上海市,否,否,政法类,公办,641,608,603
上海商学院,上海,上海市,否,否,财经类,公办,583,582,587
重庆科技大学,重庆,重庆市,否,否,理工类,公办,545,547,541
武汉科技大学,湖北,武汉市,否,否,综合类,公办,587,594,583
中国矿业大学（北京）,北京,北京市,否,是,理工类,公办,632,624,619
广东理工学院,广东,肇庆市,否,否,理工类,民办,512,509,498
广东白云学院,广东,广州市,否,否,综合类,民办,509,509,498
广东培正学院,广东,广州市,否,否,财经类,民办,508,507,518
肇庆学院,广东,肇庆市,否,否,师范类,公办,533,528,517
南方医科大学,广东,广州市,否,否,医药类,公办,606,594,599
海军军医大学,上海,上海市,否,是,军事类,公办,638,633,637
贵州大学,贵州,贵阳市,否,是,综合类,公办,598,593,603
西南大学,重庆,重庆市,否,是,综合类,公办,632,627,623
攀枝花学院,四川,攀枝花市,否,否,综合类,公办,544,539,535
江西应用科技学院,江西,南昌市,否,否,综合类,民办,506,505,496
运城学院,山西,运城市,否,否,综合类,公办,533,532,522
山西中医药大学,山西,晋中市,否,否,医药类,公办,555,553,542
南昌职业大学,江西,南昌市,否,否,综合类,民办,345,368,310
河南工学院,河南,新乡市,否,否,理工类,公办,533,532,511
江西职业技术大学,江西,九江市,否,否,综合类,公办,439,440,406
新余学院,江西,新余市,否,否,综合类,公办,522,539,535
景德镇学院,江西,景德镇市,否,否,综合类,公办,542,540,536
萍乡学院,江西,萍乡市,否,否,综合类,公办,533,535,514
黄淮学院,河南,驻马店市,否,否,综合类,公办,515,529,542
河南科技学院,河南,新乡市,否,否,综合类,公办,534,532,540
平顶山学院,河南,平顶山市,否,否,综合类,公办,538,537,533
北京信息科技大学,北京,北京市,否,否,理工类,公办,598,595,589
安阳师范学院,河南,安阳市,否,否,师范类,公办,541,552,535
信阳师范大学,河南,信阳市,否,否,师范类,公办,538,556,542
首都经济贸易大学,北京,北京市,否,否,财经类,公办,633,628,625
河南中医药大学,河南,郑州市,否,否,医药类,公办,570,570,567
豫章师范学院,江西,南昌市,否,否,师范类,公办,548,544,503
江西科技学院,江西,南昌市,否,否,综合类,民办,507,512,504
南昌理工学院,江西,南昌市,否,否,综合类,民办,511,510,496
南昌工程学院,江西,南昌市,否,否,理工类,公办,527,544,540
北京体育大学,北京,北京市,否,是,体育类,公办,631,624,618
西安思源学院,陕西,西安市,否,否,综合类,民办,504,523,513
西安外事学院,陕西,西安市,否,否,综合类,民办,508,505,518
南阳理工学院,河南,南阳市,否,否,理工类,公办,529,533,526
安阳工学院,河南,安阳市,否,否,理工类,公办,534,531,521
河南师范大学,河南,新乡市,否,否,师范类,公办,527,564,564
中国石油大学（北京）,北京,北京市,否,是,理工类,公办,633,624,621
华北电力大学,北京,北京市,否,是,理工类,公办,641,632,627
中国地质大学（北京）,北京,北京市,否,是,理工类,公办,621,616,611
吉利学院,四川,成都市,否,否,理工类,民办,516,502,513
汉江师范学院,湖北,十堰市,否,否,师范类,公办,569,572,505
武汉商学院,湖北,武汉市,否,否,财经类,公办,497,507,509
四川工程职业技术大学,四川,德阳市,否,否,理工类,公办,491,498,460
南通大学,江苏,南通市,否,否,综合类,公办,571,573,569
成都东软学院,四川,成都市,否,否,理工类,民办,529,531,502
成都工业学院,四川,成都市,否,否,理工类,公办,538,526,533
河北外国语学院,河北,石家庄市,否,否,语言类,民办,511,522,504
哈尔滨金融学院,黑龙江,哈尔滨市,否,否,财经类,公办,543,540,540
上海中侨职业技术大学,上海,上海市,否,否,财经类,民办,504,501,498
河北科技工程职业技术大学,河北,邢台市,否,否,理工类,公办,529,518,402
河北金融学院,河北,保定市,否,否,财经类,公办,534,520,528
邢台医学院,河北,邢台市,否,否,医药类,公办,489,498,496
北华航天工业学院,河北,廊坊市,否,否,理工类,公办,537,534,526
上海兴伟学院,上海,上海市,否,否,综合类,民办,505,517,515
上海立达学院,上海,上海市,否,否,财经类,民办,508,541,516
上海建桥学院,上海,上海市,否,否,财经类,民办,506,506,497
电子科技大学,四川,成都市,是,是,理工类,公办,662,651,648
防灾科技学院,河北,廊坊市,否,否,综合类,公办,530,532,521
广州工商学院,广东,广州市,否,否,财经类,民办,522,503,521
衡水学院,河北,衡水市,否,否,综合类,公办,543,557,537
廊坊师范学院,河北,廊坊市,否,否,师范类,公办,538,537,531
山东师范大学,山东,济南市,否,否,师范类,公办,584,586,579
中国人民警察大学,河北,廊坊市,否,否,政法类,公办,590,586,581
邢台学院,河北,邢台市,否,否,综合类,公办,543,555,547
石家庄铁道大学,河北,石家庄市,否,否,理工类,公办,559,566,559
河北地质大学,河北,石家庄市,否,否,理工类,公办,545,546,543
华北科技学院,河北,廊坊市,否,否,理工类,公办,533,536,526
河北建筑工程学院,河北,张家口市,否,否,理工类,公办,537,537,529
河北工程大学,河北,邯郸市,否,否,理工类,公办,548,548,539
河北北方学院,河北,张家口市,否,否,综合类,公办,557,557,560
承德医学院,河北,承德市,否,否,医药类,公办,592,595,591
燕山大学,河北,秦皇岛市,否,否,综合类,公办,584,574,585
华北理工大学,河北,唐山市,否,否,综合类,公办,552,560,497
河北医科大学,河北,石家庄市,否,否,医药类,公办,574,580,570
河北师范大学,河北,石家庄市,否,否,师范类,公办,513,587,554
北京语言大学,北京,北京市,否,否,语言类,公办,626,616,615
华北电力大学保定校区,河北,保定市,否,是,理工类,公办,623,616,607
北京印刷学院,北京,北京市,否,否,理工类,公办,570,573,558
首都师范大学,北京,北京市,否,否,师范类,公办,639,631,630
北京物资学院,北京,北京市,否,否,财经类,公办,588,581,588
首都医科大学,北京,北京市,否,否,医药类,公办,615,611,607
首钢工学院,北京,北京市,否,否,理工类,公办,500,511,514
北京石油化工学院,北京,北京市,否,否,综合类,公办,560,557,555
中国劳动关系学院,北京,北京市,否,否,政法类,公办,558,559,500
北京农学院,北京,北京市,否,否,农林类,公办,580,580,575
中国人民公安大学,北京,北京市,否,否,政法类,公办,659,653,649
北京联合大学,北京,北京市,否,否,综合类,公办,578,578,581
中国戏曲学院,北京,北京市,否,否,艺术类,公办,596,604,604
北京协和医学院,北京,北京市,否,否,医药类,公办,625,615,608
北京建筑大学,北京,北京市,否,否,理工类,公办,594,589,586
北京工商大学,北京,北京市,否,否,财经类,公办,591,593,594
中国政法大学,北京,北京市,否,是,政法类,公办,658,652,649
中华女子学院,北京,北京市,否,否,语言类,公办,563,561,563
北京服装学院,北京,北京市,否,否,艺术类,公办,586,560,551
中央财经大学,北京,北京市,否,是,财经类,公办,656,651,649
北京电影学院,北京,北京市,否,否,艺术类,公办,648,630,634
北京城市学院,北京,北京市,否,否,综合类,民办,541,546,513
中国传媒大学,北京,北京市,否,是,综合类,公办,649,641,639
中国农业大学,北京,北京市,是,是,农林类,公办,653,641,638
北京化工大学,北京,北京市,否,是,理工类,公办,637,627,626
鲁东大学,山东,烟台市,否,否,综合类,公办,558,561,556
烟台大学,山东,烟台市,否,否,综合类,公办,561,563,559
山东第二医科大学,山东,潍坊市,否,否,医药类,公办,527,561,557
潍坊学院,山东,潍坊市,否,否,综合类,公办,539,547,541
山东第一医科大学,山东,济南市,否,否,医药类,公办,535,583,570
泰山学院,山东,泰安市,否,否,综合类,公办,553,557,552
齐鲁工业大学,山东,济南市,否,否,理工类,公办,556,558,546
宁夏医科大学,宁夏,银川市,否,否,医药类,公办,533,558,584
北方民族大学,宁夏,银川市,否,否,综合类,公办,543,541,533
宁夏大学,宁夏,银川市,否,是,综合类,公办,602,598,594
广西民族大学,广西,南宁市,否,否,民族类,公办,539,540,539
山东农业大学,山东,泰安市,否,否,农林类,公办,556,558,552
南宁师范大学,广西,南宁市,否,否,师范类,公办,533,561,558
山东理工大学,山东,淄博市,否,否,理工类,公办,555,553,550
玉林师范学院,广西,玉林市,否,否,师范类,公办,519,561,538
桂林医学院,广西,桂林市,否,否,医药类,公办,550,556,555
山东科技大学,山东,青岛市,否,否,理工类,公办,628,571,568
广西科技大学,广西,柳州市,否,否,理工类,公办,540,546,542
山东财经大学,山东,济南市,否,否,财经类,公办,576,572,586
山东交通学院,山东,济南市,否,否,理工类,公办,542,541,530
桂林理工大学,广西,桂林市,否,否,理工类,公办,538,550,505
桂林电子科技大学,广西,桂林市,否,否,理工类,公办,564,559,543
广西师范大学,广西,桂林市,否,否,师范类,公办,559,574,565
广西医科大学,广西,南宁市,否,否,医药类,公办,560,568,564
内蒙古财经大学,内蒙古,呼和浩特市,否,否,财经类,公办,534,539,530
山东建筑大学,山东,济南市,否,否,理工类,公办,558,553,546
山东工艺美术学院,山东,济南市,否,否,艺术类,公办,529,530,520
山东工商学院,山东,烟台市,否,否,财经类,公办,540,539,536
内蒙古医科大学,内蒙古,呼和浩特市,否,否,医药类,公办,529,529,535
黔南民族师范学院,贵州,黔南布依族苗族自治州,否,否,师范类,公办,542,550,534
贵州中医药大学,贵州,贵阳市,否,否,医药类,公办,571,568,567
贵州财经大学,贵州,贵阳市,否,否,财经类,公办,506,571,554
遵义医科大学,贵州,遵义市,否,否,医药类,公办,578,580,572
内蒙古农业大学,内蒙古,呼和浩特市,否,否,农林类,公办,543,552,544
贵州医科大学,贵州,贵阳市,否,否,医药类,公办,606,584,582
海南医科大学,海南,海口市,否,否,医药类,公办,560,558,512
海南师范大学,海南,海口市,否,否,师范类,公办,578,574,570
曲阜师范大学,山东,济宁市,否,否,师范类,公办,548,566,557
青岛理工大学,山东,青岛市,否,否,理工类,公办,560,570,564
内蒙古工业大学,内蒙古,呼和浩特市,否,否,理工类,公办,534,546,542
青岛科技大学,山东,青岛市,否,否,理工类,公办,568,570,563
内蒙古民族大学,内蒙古,通辽市,否,否,综合类,公办,530,529,522
内蒙古科技大学,内蒙古,包头市,否,否,综合类,公办,527,527,519
海南大学,海南,海口市,否,是,综合类,公办,600,594,598
甘肃政法大学,甘肃,兰州市,否,否,政法类,公办,555,557,548
兰州财经大学,甘肃,兰州市,否,否,财经类,公办,550,553,534
青岛大学,山东,青岛市,否,否,综合类,公办,571,570,566
临沂大学,山东,临沂市,否,否,综合类,公办,547,549,546
西北师范大学,甘肃,兰州市,否,否,师范类,公办,537,568,560
聊城大学,山东,聊城市,否,否,综合类,公办,527,565,560
许昌学院,河南,许昌市,否,否,理工类,公办,547,553,548
甘肃农业大学,甘肃,兰州市,否,否,农林类,公办,547,546,554
青岛农业大学,山东,青岛市,否,否,农林类,公办,554,560,557
河南财经政法大学,河南,郑州市,否,否,财经类,公办,578,583,580
商丘师范学院,河南,商丘市,否,否,师范类,公办,532,533,523
兰州交通大学,甘肃,兰州市,否,否,理工类,公办,502,548,549
南阳师范学院,河南,南阳市,否,否,师范类,公办,534,534,525
周口师范学院,河南,周口市,否,否,师范类,公办,536,533,522
洛阳师范学院,河南,洛阳市,否,否,综合类,公办,545,553,548
兰州理工大学,甘肃,兰州市,否,否,理工类,公办,522,545,537
新乡医学院,河南,新乡市,否,否,医药类,公办,567,569,562
中原工学院,河南,郑州市,否,否,理工类,公办,490,535,525
西北民族大学,甘肃,兰州市,否,否,综合类,公办,534,532,503
郑州航空工业管理学院,河南,郑州市,否,否,综合类,公办,536,536,525
闽江学院,福建,福州市,否,否,综合类,公办,560,559,554
闽南师范大学,福建,漳州市,否,否,师范类,公办,522,569,565
泉州师范学院,福建,泉州市,否,否,师范类,公办,534,571,538
福建理工大学,福建,福州市,否,否,理工类,公办,549,542,529
福建师范大学,福建,福州市,否,否,师范类,公办,585,590,584
仰恩大学,福建,泉州市,否,否,综合类,民办,536,542,535
集美大学,福建,厦门市,否,否,综合类,公办,575,572,560
黄河科技学院,河南,郑州市,否,否,理工类,民办,504,534,525
福建农林大学,福建,福州市,否,否,农林类,公办,566,567,561
河南工业大学,河南,郑州市,否,否,理工类,公办,538,549,543
华侨大学,福建,泉州市,否,否,综合类,公办,543,582,578
华北水利水电大学,河南,郑州市,否,否,理工类,公办,579,541,534
河南理工大学,河南,焦作市,否,否,理工类,公办,554,554,547
河南农业大学,河南,郑州市,否,否,农林类,公办,554,559,555
湖北文理学院,湖北,襄阳市,否,否,综合类,公办,543,540,528
河南科技大学,河南,洛阳市,否,否,综合类,公办,561,563,552
河南大学,河南,开封市,否,否,综合类,公办,591,594,588
郑州轻工业大学,河南,郑州市,否,否,理工类,公办,503,549,537
湖北科技学院,湖北,咸宁市,否,否,综合类,公办,542,541,536
黑龙江东方学院,黑龙江,哈尔滨市,否,否,综合类,民办,498,519,515
齐齐哈尔医学院,黑龙江,齐齐哈尔市,否,否,医药类,公办,550,547,548
牡丹江医科大学,黑龙江,牡丹江市,否,否,医药类,公办,536,537,534
湖北民族大学,湖北,恩施土家族苗族自治州,否,否,综合类,公办,536,559,549
黑龙江科技大学,黑龙江,哈尔滨市,否,否,理工类,公办,540,537,530
黑龙江工程学院,黑龙江,哈尔滨市,否,否,理工类,公办,533,532,527
武汉体育学院,湖北,武汉市,否,否,体育类,公办,545,535,537
哈尔滨学院,黑龙江,哈尔滨市,否,否,综合类,公办,533,533,527
东北石油大学,黑龙江,大庆市,否,否,理工类,公办,541,539,537
湖北经济学院,湖北,武汉市,否,否,财经类,公办,566,566,560
哈尔滨商业大学,黑龙江,哈尔滨市,否,否,财经类,公办,550,555,549
湖北工程学院,湖北,孝感市,否,否,理工类,公办,540,548,543
牡丹江师范学院,黑龙江,牡丹江市,否,否,师范类,公办,532,533,528
黑龙江中医药大学,黑龙江,哈尔滨市,否,否,医药类,公办,564,565,563
湖北师范大学,湖北,黄石市,否,否,师范类,公办,544,565,563
湖北医药学院,湖北,十堰市,否,否,医药类,公办,572,573,574
湖北中医药大学,湖北,武汉市,否,否,医药类,公办,534,565,562
武汉轻工大学,湖北,武汉市,否,否,理工类,公办,567,573,568
湖北汽车工业学院,湖北,十堰市,否,否,理工类,公办,524,540,535
武汉工程大学,湖北,武汉市,否,否,理工类,公办,592,597,593
湖北工业大学,湖北,武汉市,否,否,理工类,公办,594,591,591
武汉纺织大学,湖北,武汉市,否,否,理工类,公办,561,559,555
三峡大学,湖北,宜昌市,否,否,综合类,公办,584,568,571
江汉大学,湖北,武汉市,否,否,综合类,公办,585,587,583
哈尔滨医科大学,黑龙江,哈尔滨市,否,否,医药类,公办,586,585,584
长江大学,湖北,荆州市,否,否,综合类,公办,574,576,567
黑龙江八一农垦大学,黑龙江,大庆市,否,否,农林类,公办,525,535,529
哈尔滨理工大学,黑龙江,哈尔滨市,否,否,理工类,公办,568,572,564
湖北大学,湖北,武汉市,否,否,综合类,公办,587,592,590
齐齐哈尔大学,黑龙江,齐齐哈尔市,否,否,综合类,公办,539,538,530
中南民族大学,湖北,武汉市,否,否,综合类,公办,564,583,573
佳木斯大学,黑龙江,佳木斯市,否,否,综合类,公办,540,546,542
黑龙江大学,黑龙江,哈尔滨市,否,否,综合类,公办,622,614,564
华中师范大学,湖北,武汉市,否,是,师范类,公办,632,623,606
东北林业大学,黑龙江,哈尔滨市,否,是,农林类,公办,604,599,597
邵阳学院,湖南,邵阳市,否,否,综合类,公办,539,539,531
华中农业大学,湖北,武汉市,否,是,农林类,公办,624,616,613
怀化学院,湖南,怀化市,否,否,综合类,公办,532,540,534
湖南文理学院,湖南,常德市,否,否,综合类,公办,548,553,536
中南财经政法大学,湖北,武汉市,否,是,财经类,公办,643,637,634
吉林财经大学,吉林,长春市,否,否,财经类,公办,545,559,559
吉林外国语大学,吉林,长春市,否,否,语言类,民办,506,551,505
白城师范学院,吉林,白城市,否,否,师范类,公办,533,533,524
湖南科技学院,湖南,永州市,否,否,综合类,公办,542,554,551
通化师范学院,吉林,通化市,否,否,师范类,公办,535,537,531
湖南工商大学,湖南,长沙市,否,否,财经类,公办,575,574,569
衡阳师范学院,湖南,衡阳市,否,否,师范类,公办,545,546,539
吉林工程技术师范学院,吉林,长春市,否,否,师范类,公办,550,535,501
长春中医药大学,吉林,长春市,否,否,医药类,公办,586,591,585
湘南学院,湖南,郴州市,否,否,综合类,公办,540,539,533
湖南中医药大学,湖南,长沙市,否,否,医药类,公办,560,571,569
中南林业科技大学,湖南,长沙市,否,否,农林类,公办,562,561,558
吉林化工学院,吉林,吉林市,否,否,理工类,公办,536,535,496
湖南工程学院,湖南,湘潭市,否,否,理工类,公办,540,538,533
湖南工业大学,湖南,株洲市,否,否,综合类,公办,530,538,534
湖南城市学院,湖南,益阳市,否,否,综合类,公办,599,537,529
湖南理工学院,湖南,岳阳市,否,否,理工类,公办,586,549,543
吉林建筑大学,吉林,长春市,否,否,理工类,公办,519,529,549
长春工程学院,吉林,长春市,否,否,理工类,公办,525,531,501
东北电力大学,吉林,吉林市,否,否,理工类,公办,552,573,562
湖南农业大学,湖南,长沙市,否,否,农林类,公办,563,562,558
南华大学,湖南,衡阳市,否,否,综合类,公办,548,555,548
吉林师范大学,吉林,四平市,否,否,师范类,公办,521,561,553
长沙理工大学,湖南,长沙市,否,否,理工类,公办,546,544,587
湖南科技大学,湖南,湘潭市,否,否,综合类,公办,564,561,556
长春师范大学,吉林,长春市,否,否,师范类,公办,541,543,531
吉首大学,湖南,湘西土家族苗族自治州,否,否,综合类,公办,547,547,539
湘潭大学,湖南,湘潭市,否,否,综合类,公办,599,587,568
吉林农业大学,吉林,长春市,否,否,农林类,公办,550,528,538
西安培华学院,陕西,西安市,否,否,综合类,民办,509,509,495
长春工业大学,吉林,长春市,否,否,理工类,公办,538,541,540
长春理工大学,吉林,长春市,否,否,理工类,公办,604,564,522
长春大学,吉林,长春市,否,否,综合类,公办,543,541,513
西北政法大学,陕西,西安市,否,否,政法类,公办,641,637,633
西安财经大学,陕西,西安市,否,否,财经类,公办,568,566,563
北华大学,吉林,吉林市,否,否,综合类,公办,541,542,535
西安外国语大学,陕西,西安市,否,否,语言类,公办,585,614,606
青海民族大学,青海,西宁市,否,否,民族类,公办,531,528,521
陕西理工大学,陕西,汉中市,否,否,理工类,公办,558,543,539
宝鸡文理学院,陕西,宝鸡市,否,否,师范类,公办,532,524,527
渭南师范学院,陕西,渭南市,否,否,师范类,公办,537,530,552
青海大学,青海,西宁市,否,是,综合类,公办,597,591,580
咸阳师范学院,陕西,咸阳市,否,否,师范类,公办,521,554,550
陕西中医药大学,陕西,咸阳市,否,否,医药类,公办,604,604,603
西藏大学,西藏,拉萨市,否,是,综合类,公办,569,578,548
西安邮电大学,陕西,西安市,否,否,理工类,公办,582,583,578
大理大学,云南,大理白族自治州,否,否,综合类,公办,552,549,545
西安工业大学,陕西,西安市,否,否,理工类,公办,575,573,569
云南警官学院,云南,昆明市,否,否,政法类,公办,579,568,551
西安工程大学,陕西,西安市,否,否,理工类,公办,555,558,558
陕西科技大学,陕西,西安市,否,否,理工类,公办,571,574,571
云南财经大学,云南,昆明市,否,否,财经类,公办,541,542,535
红河学院,云南,红河哈尼族彝族自治州,否,否,综合类,公办,534,533,524
西安石油大学,陕西,西安市,否,否,理工类,公办,573,571,568
楚雄师范学院,云南,楚雄彝族自治州,否,否,师范类,公办,523,521,524
西安科技大学,陕西,西安市,否,否,理工类,公办,582,575,569
西安建筑科技大学,陕西,西安市,否,否,理工类,公办,573,581,572
玉溪师范学院,云南,玉溪市,否,否,师范类,公办,529,554,555
西安理工大学,陕西,西安市,否,否,理工类,公办,595,591,587
昆明医科大学,云南,昆明市,否,否,医药类,公办,584,584,576
西南林业大学,云南,昆明市,否,否,农林类,公办,534,547,539
云南民族大学,云南,昆明市,否,否,综合类,公办,542,551,538
云南师范大学,云南,昆明市,否,否,师范类,公办,559,552,584
云南农业大学,云南,昆明市,否,否,农林类,公办,552,553,547
昆明理工大学,云南,昆明市,否,否,理工类,公办,566,568,513
黄山学院,安徽,黄山市,否,否,综合类,公办,538,549,547
巢湖学院,安徽,合肥市,否,否,综合类,公办,550,557,544
合肥大学,安徽,合肥市,否,否,综合类,公办,548,549,546
延安大学,陕西,延安市,否,否,综合类,公办,543,543,535
安徽财经大学,安徽,蚌埠市,否,否,财经类,公办,584,585,589
陕西师范大学,陕西,西安市,否,是,师范类,公办,637,629,625
淮南师范学院,安徽,淮南市,否,否,师范类,公办,533,531,530
西北农林科技大学,陕西,咸阳市,是,是,农林类,公办,631,629,624
安徽科技学院,安徽,滁州市,否,否,综合类,公办,534,532,532
西安交通大学,陕西,西安市,是,是,综合类,公办,663,651,648
上海杉达学院,上海,上海市,否,否,财经类,民办,507,507,498
淮北师范大学,安徽,淮北市,否,否,综合类,公办,563,568,549
皖南医学院,安徽,芜湖市,否,否,医药类,公办,569,569,563
上海体育大学,上海,上海市,否,否,体育类,公办,601,596,587
华东政法大学,上海,上海市,否,否,政法类,公办,650,648,648
安徽建筑大学,安徽,合肥市,否,否,理工类,公办,549,561,554
上海立信会计金融学院,上海,上海市,否,否,财经类,公办,588,590,588
上海对外经贸大学,上海,上海市,否,否,财经类,公办,635,630,632
上海电力大学,上海,上海市,否,否,理工类,公办,608,603,597
安徽工程大学,安徽,芜湖市,否,否,理工类,公办,545,555,552
上海应用技术大学,上海,上海市,否,否,理工类,公办,588,590,515
安徽师范大学,安徽,芜湖市,否,否,师范类,公办,505,587,579
上海海事大学,上海,上海市,否,否,理工类,公办,508,605,603
上海第二工业大学,上海,上海市,否,否,理工类,公办,592,575,514
上海师范大学,上海,上海市,否,否,综合类,公办,591,594,589
上海中医药大学,上海,上海市,否,否,医药类,公办,631,625,624
上海海洋大学,上海,上海市,否,否,农林类,公办,602,606,593
上海工程技术大学,上海,上海市,否,否,理工类,公办,587,585,581
上海理工大学,上海,上海市,否,否,理工类,公办,620,623,620
星海音乐学院,广东,广州市,否,否,艺术类,公办,575,588,592
广州美术学院,广东,广州市,否,否,艺术类,公办,610,609,604
岭南师范学院,广东,湛江市,否,否,师范类,公办,490,565,526
韶关学院,广东,韶关市,否,否,综合类,公办,529,561,531
广东药科大学,广东,广州市,否,否,医药类,公办,578,578,585
广州医科大学,广东,广州市,否,否,医药类,公办,599,618,586
广东医科大学,广东,湛江市,否,否,医药类,公办,600,597,594
广东石油化工学院,广东,茂名市,否,否,理工类,公办,532,537,530
东莞理工学院,广东,东莞市,否,否,理工类,公办,570,565,558
广东外语外贸大学,广东,广州市,否,否,语言类,公办,532,608,607
广州中医药大学,广东,广州市,否,否,医药类,公办,606,602,595
广东海洋大学,广东,湛江市,否,否,综合类,公办,565,590,560
华南农业大学,广东,广州市,否,否,综合类,公办,600,594,576
广东工业大学,广东,广州市,否,否,理工类,公办,587,581,573
深圳大学,广东,深圳市,否,否,综合类,公办,641,633,627
汕头大学,广东,汕头市,否,否,综合类,公办,607,604,605
太原师范学院,山西,晋中市,否,否,师范类,公办,544,530,545
山西大同大学,山西,大同市,否,否,综合类,公办,544,547,543
太原科技大学,山西,太原市,否,否,理工类,公办,548,547,540
中北大学,山西,太原市,否,否,综合类,公办,546,544,554
川北医学院,四川,南充市,否,否,医药类,公办,575,567,566
山西财经大学,山西,太原市,否,否,财经类,公办,551,552,555
西南医科大学,四川,泸州市,否,否,医药类,公办,554,511,604
四川轻化工大学,四川,自贡市,否,否,理工类,公办,537,525,556
山西师范大学,山西,太原市,否,否,师范类,公办,555,562,558
山西医科大学,山西,太原市,否,否,医药类,公办,568,555,578
成都信息工程大学,四川,成都市,否,否,理工类,公办,580,582,580
山西农业大学,山西,晋中市,否,否,农林类,公办,542,549,545
西南石油大学,四川,成都市,否,否,综合类,公办,608,600,593
中国民用航空飞行学院,四川,德阳市,否,否,理工类,公办,550,543,515
西华师范大学,四川,南充市,否,否,师范类,公办,550,552,546
四川师范大学,四川,成都市,否,否,师范类,公办,574,579,589
成都中医药大学,四川,成都市,否,否,医药类,公办,599,596,590
西南科技大学,四川,绵阳市,否,否,理工类,公办,562,564,558
山西大学,山西,太原市,否,否,综合类,公办,583,580,562
浙江万里学院,浙江,宁波市,否,否,理工类,公办,539,540,534
中国美术学院,浙江,杭州市,否,否,艺术类,公办,615,612,610
浙江财经大学,浙江,杭州市,否,否,财经类,公办,592,593,590
浙江工商大学,浙江,杭州市,否,否,财经类,公办,585,593,586
温州大学,浙江,温州市,否,否,综合类,公办,574,574,562
绍兴文理学院,浙江,绍兴市,否,否,综合类,公办,561,556,553
台州学院,浙江,台州市,否,否,综合类,公办,543,546,542
湖州师范学院,浙江,湖州市,否,否,综合类,公办,557,566,554
杭州师范大学,浙江,杭州市,否,否,综合类,公办,592,595,579
温州医科大学,浙江,温州市,否,否,医药类,公办,636,595,554
浙江中医药大学,浙江,杭州市,否,否,医药类,公办,578,600,577
浙江农林大学,浙江,杭州市,否,否,农林类,公办,579,577,570
浙江海洋大学,浙江,舟山市,否,否,农林类,公办,570,570,564
中国计量大学,浙江,杭州市,否,否,理工类,公办,587,586,583
浙江科技大学,浙江,杭州市,否,否,理工类,公办,563,565,561
西华大学,四川,成都市,否,否,综合类,公办,563,561,552
嘉兴大学,浙江,嘉兴市,否,否,综合类,公办,564,563,511
浙江理工大学,浙江,杭州市,否,否,理工类,公办,593,593,589
浙江工业大学,浙江,杭州市,否,否,理工类,公办,609,602,600
浙江师范大学,浙江,金华市,否,否,综合类,公办,595,593,586
宁波大学,浙江,宁波市,否,否,综合类,公办,603,600,595
新疆财经大学,新疆,乌鲁木齐市,否,否,财经类,公办,528,516,521
新疆师范大学,新疆,乌鲁木齐市,否,否,师范类,公办,533,534,527
新疆医科大学,新疆,乌鲁木齐市,否,否,医药类,公办,552,555,536
新疆农业大学,新疆,乌鲁木齐市,否,否,农林类,公办,520,524,573
成都理工大学,四川,成都市,否,否,理工类,公办,595,594,590
西南民族大学,四川,成都市,否,否,民族类,公办,571,577,568
中国医科大学,辽宁,沈阳市,否,否,医药类,公办,623,617,614
东北财经大学,辽宁,大连市,否,否,财经类,公办,605,605,611
沈阳农业大学,辽宁,沈阳市,否,否,农林类,公办,554,553,552
沈阳工业大学,辽宁,沈阳市,否,否,理工类,公办,556,561,559
沈阳药科大学,辽宁,沈阳市,否,否,医药类,公办,569,582,583
辽宁师范大学,辽宁,大连市,否,否,师范类,公办,576,576,570
沈阳大学,辽宁,沈阳市,否,否,综合类,公办,545,541,535
辽宁石油化工大学,辽宁,抚顺市,否,否,理工类,公办,546,553,546
辽宁科技大学,辽宁,鞍山市,否,否,理工类,公办,548,549,545
沈阳师范大学,辽宁,沈阳市,否,否,师范类,公办,548,549,544
大连交通大学,辽宁,大连市,否,否,理工类,公办,549,553,550
大连医科大学,辽宁,大连市,否,否,医药类,公办,617,617,614
大连大学,辽宁,大连市,否,否,综合类,公办,560,558,555
沈阳理工大学,辽宁,沈阳市,否,否,理工类,公办,540,552,544
大连外国语大学,辽宁,大连市,否,否,语言类,公办,560,618,595
沈阳化工大学,辽宁,沈阳市,否,否,理工类,公办,541,541,536
渤海大学,辽宁,锦州市,否,否,综合类,公办,547,557,549
辽宁工业大学,辽宁,锦州市,否,否,理工类,公办,545,539,539
沈阳建筑大学,辽宁,沈阳市,否,否,理工类,公办,544,515,545
大连工业大学,辽宁,大连市,否,否,理工类,公办,552,584,542
大连海洋大学,辽宁,大连市,否,否,农林类,公办,558,578,550
沈阳航空航天大学,辽宁,沈阳市,否,否,理工类,公办,563,562,555
大连民族大学,辽宁,大连市,否,否,民族类,公办,552,561,556
锦州医科大学,辽宁,锦州市,否,否,医药类,公办,566,568,567
辽宁中医药大学,辽宁,沈阳市,否,否,医药类,公办,536,506,553
鞍山师范学院,辽宁,鞍山市,否,否,师范类,公办,541,541,536
沈阳医学院,辽宁,沈阳市,否,否,医药类,公办,538,543,510
石河子大学,新疆,自治区直辖县级行政区划,否,是,综合类,公办,590,579,575
重庆三峡学院,重庆,重庆市,否,否,综合类,公办,542,542,532
井冈山大学,江西,吉安市,否,否,综合类,公办,549,563,558
四川美术学院,重庆,重庆市,否,否,艺术类,公办,602,598,589
赣南医科大学,江西,赣州市,否,否,医药类,公办,542,541,536
九江学院,江西,九江市,否,否,综合类,公办,542,542,536
四川外国语大学,重庆,重庆市,否,否,语言类,公办,587,584,579
宜春学院,江西,宜春市,否,否,综合类,公办,539,538,535
长江师范学院,重庆,重庆市,否,否,师范类,公办,542,551,548
江西科技师范大学,江西,南昌市,否,否,师范类,公办,555,549,575
赣南师范大学,江西,赣州市,否,否,师范类,公办,548,559,553
重庆理工大学,重庆,重庆市,否,否,理工类,公办,574,574,569
上饶师范学院,江西,上饶市,否,否,师范类,公办,542,543,574
江西中医药大学,江西,南昌市,否,否,医药类,公办,563,564,558
重庆邮电大学,重庆,重庆市,否,否,理工类,公办,614,603,589
景德镇陶瓷大学,江西,景德镇市,否,否,艺术类,公办,533,533,519
南京体育学院,江苏,南京市,否,否,体育类,公办,553,559,555
西南政法大学,重庆,重庆市,否,否,政法类,公办,647,643,639
重庆师范大学,重庆,重庆市,否,否,师范类,公办,585,575,574
重庆医科大学,重庆,重庆市,否,否,医药类,公办,600,602,596
南昌航空大学,江西,南昌市,否,否,理工类,公办,556,554,552
东华理工大学,江西,南昌市,否,否,理工类,公办,541,564,560
江西财经大学,江西,南昌市,否,否,财经类,公办,574,560,588
江西师范大学,江西,南昌市,否,否,师范类,公办,541,585,585
扬州大学,江苏,扬州市,否,否,综合类,公办,600,594,593
江西农业大学,江西,南昌市,否,否,农林类,公办,515,556,551
南京工业大学,江苏,南京市,否,否,理工类,公办,596,583,596
江苏大学,江苏,镇江市,否,否,综合类,公办,594,593,535
南京林业大学,江苏,南京市,否,否,农林类,公办,612,603,601
南京医科大学,江苏,南京市,否,否,医药类,公办,615,604,598
江苏师范大学,江苏,徐州市,否,否,师范类,公办,596,590,584
南京信息工程大学,江苏,南京市,否,否,综合类,公办,618,617,606
江西理工大学,江西,赣州市,否,否,理工类,公办,587,553,542
南京财经大学,江苏,南京市,否,否,财经类,公办,600,600,599
苏州科技大学,江苏,苏州市,否,否,综合类,公办,585,581,576
南京中医药大学,江苏,南京市,否,否,医药类,公办,614,595,590
江苏科技大学,江苏,镇江市,否,否,理工类,公办,561,582,567
南京邮电大学,江苏,南京市,否,否,理工类,公办,631,629,626
杭州电子科技大学,浙江,杭州市,否,否,理工类,公办,607,607,602
徐州医科大学,江苏,徐州市,否,否,医药类,公办,590,594,569
华东交通大学,江西,南昌市,否,否,理工类,公办,561,560,525
常州大学,江苏,常州市,否,否,理工类,公办,579,604,580
盐城工学院,江苏,盐城市,否,否,理工类,公办,553,557,555
盐城师范学院,江苏,盐城市,否,否,师范类,公办,554,564,563
淮阴工学院,江苏,淮安市,否,否,理工类,公办,563,560,555
南京审计大学,江苏,南京市,否,否,财经类,公办,606,596,613
江苏理工学院,江苏,常州市,否,否,理工类,公办,543,540,538
南京艺术学院,江苏,南京市,否,否,艺术类,公办,584,594,587
南京晓庄学院,江苏,南京市,否,否,师范类,公办,574,570,564
南京工程学院,江苏,南京市,否,否,理工类,公办,570,570,569
北京科技大学,北京,北京市,否,是,理工类,公办,644,636,633
北京理工大学,北京,北京市,是,是,理工类,公办,665,652,648
东北师范大学,吉林,长春市,否,是,师范类,公办,605,623,621
清华大学,北京,北京市,是,是,综合类,公办,704,695,695
太原理工大学,山西,太原市,否,是,理工类,公办,608,603,600
大连理工大学,辽宁,大连市,是,是,理工类,公办,647,643,639
东北农业大学,黑龙江,哈尔滨市,否,是,农林类,公办,614,605,601
上海外国语大学,上海,上海市,否,是,语言类,公办,653,646,649
东华大学,上海,上海市,否,是,综合类,公办,643,636,634
东北大学,辽宁,沈阳市,是,是,理工类,公办,646,637,633
华东理工大学,上海,上海市,否,是,理工类,公办,643,638,634
复旦大学,上海,上海市,是,是,综合类,公办,697,686,688
华东师范大学,上海,上海市,是,是,师范类,公办,663,662,653
上海财经大学,上海,上海市,否,是,财经类,公办,663,653,655
延边大学,吉林,延边朝鲜族自治州,否,是,综合类,公办,601,602,601
武汉理工大学,湖北,武汉市,否,是,理工类,公办,636,629,626
华中科技大学,湖北,武汉市,是,是,综合类,公办,661,649,650
山东大学,山东,济南市,是,是,综合类,公办,654,643,639
上海交通大学,上海,上海市,是,是,综合类,公办,697,687,687
哈尔滨工程大学,黑龙江,哈尔滨市,否,是,理工类,公办,636,628,623
中南大学,湖南,长沙市,是,是,综合类,公办,651,641,637
吉林大学,吉林,长春市,是,是,综合类,公办,644,638,634
中国地质大学（武汉）,湖北,武汉市,否,是,理工类,公办,622,622,617
中国石油大学（华东）,山东,青岛市,否,是,理工类,公办,629,621,616
重庆大学,重庆,重庆市,是,是,综合类,公办,653,642,639
苏州大学,江苏,苏州市,否,是,综合类,公办,641,635,634
中国药科大学,江苏,南京市,否,是,医药类,公办,642,632,627
河海大学,江苏,南京市,否,是,综合类,公办,641,631,627
南京师范大学,江苏,南京市,否,是,师范类,公办,634,628,629
浙江大学,浙江,杭州市,是,是,综合类,公办,663,651,647
南京农业大学,江苏,南京市,否,是,农林类,公办,633,624,622
南京理工大学,江苏,南京市,否,是,理工类,公办,643,634,632
南京大学,江苏,南京市,是,是,综合类,公办,677,668,666
中国矿业大学,江苏,徐州市,否,是,综合类,公办,627,625,621
东南大学,江苏,南京市,是,是,综合类,公办,662,651,648
南昌大学,江西,南昌市,否,是,综合类,公办,621,614,611
西北工业大学,陕西,西安市,是,是,理工类,公办,654,643,637
暨南大学,广东,广州市,否,是,综合类,公办,642,637,631
华南理工大学,广东,广州市,是,是,综合类,公办,661,650,647
中山大学,广东,广州市,是,是,综合类,公办,663,650,651
福州大学,福建,福州市,否,是,理工类,公办,630,620,618
厦门大学,福建,厦门市,是,是,综合类,公办,661,651,649
西南财经大学,四川,成都市,否,是,财经类,公办,651,643,641
四川农业大学,四川,成都市,否,是,农林类,公办,606,602,598
四川大学,四川,成都市,是,是,综合类,公办,654,645,641
华南师范大学,广东,广州市,否,是,师范类,公办,627,625,626
兰州大学,甘肃,兰州市,是,是,综合类,公办,639,635,631
广西大学,广西,南宁市,否,是,综合类,公办,620,610,602
天津农学院,天津,天津市,否,否,农林类,公办,547,552,561
天津体育学院,天津,天津市,否,否,体育类,公办,529,557,553
天津城建大学,天津,天津市,否,否,综合类,公办,548,549,548
天津职业技术师范大学,天津,天津市,否,否,师范类,公办,542,543,531
天津中医药大学,天津,天津市,否,否,医药类,公办,588,576,588
中国民航大学,天津,天津市,否,否,理工类,公办,593,574,514
天津外国语大学,天津,天津市,否,否,语言类,公办,560,515,580
江南大学,江苏,无锡市,否,是,综合类,公办,628,617,623
天津商业大学,天津,天津市,否,否,财经类,公办,549,546,558
天津财经大学,天津,天津市,否,否,财经类,公办,576,589,594
天津科技大学,天津,天津市,否,否,理工类,公办,568,566,563
天津理工大学,天津,天津市,否,否,理工类,公办,567,566,558
天津工业大学,天津,天津市,否,否,综合类,公办,587,582,574
天津师范大学,天津,天津市,否,否,师范类,公办,595,592,586
天津医科大学,天津,天津市,否,是,医药类,公办,643,636,638
南京航空航天大学,江苏,南京市,否,是,理工类,公办,648,639,635
上海大学,上海,上海市,否,是,综合类,公办,649,638,635
上海交通大学医学院,上海,上海市,是,是,医药类,公办,694,686,682
新疆大学,新疆,乌鲁木齐市,否,是,综合类,公办,582,577,579
同济大学,上海,上海市,是,是,综合类,公办,666,656,655
安徽医科大学,安徽,合肥市,否,否,医药类,公办,602,583,579
济南大学,山东,济南市,否,否,综合类,公办,578,574,563
安徽农业大学,安徽,合肥市,否,否,农林类,公办,544,567,557
安徽工业大学,安徽,马鞍山市,否,否,理工类,公办,573,569,508
安徽理工大学,安徽,淮南市,否,否,理工类,公办,555,553,537
安徽大学,安徽,合肥市,否,是,综合类,公办,636,624,621
中国科学技术大学,安徽,合肥市,是,是,理工类,公办,682,671,668
德州学院,山东,德州市,否,否,综合类,公办,541,539,535
滨州医学院,山东,烟台市,否,否,医药类,公办,559,563,557
合肥工业大学,安徽,合肥市,否,是,理工类,公办,633,615,619
郑州大学,河南,郑州市,否,是,综合类,公办,625,621,618
中国海洋大学,山东,青岛市,是,是,综合类,公办,645,638,635
天津大学,天津,天津市,是,是,综合类,公办,660,649,647
南开大学,天津,天津市,是,是,综合类,公办,663,654,652
湖南师范大学,湖南,长沙市,否,是,师范类,公办,630,624,623
西安电子科技大学,陕西,西安市,否,是,理工类,公办,653,642,637
河北经贸大学,河北,石家庄市,否,否,财经类,公办,547,550,551
河北科技大学,河北,石家庄市,否,否,理工类,公办,550,547,552
河北大学,河北,保定市,否,否,综合类,公办,588,586,582
对外经济贸易大学,北京,北京市,否,是,财经类,公办,659,644,652
北京师范大学,北京,北京市,是,是,师范类,公办,664,657,655
西南交通大学,四川,成都市,否,是,理工类,公办,656,626,622
辽宁大学,辽宁,沈阳市,否,是,综合类,公办,611,616,611
北京中医药大学,北京,北京市,否,是,医药类,公办,620,621,616
北京邮电大学,北京,北京市,否,是,理工类,公办,662,650,645
北京航空航天大学,北京,北京市,是,是,理工类,公办,665,658,654
中国人民大学,北京,北京市,是,是,综合类,公办,687,675,680
中央民族大学,北京,北京市,是,是,民族类,公办,647,634,638
湖南大学,湖南,长沙市,是,是,综合类,公办,650,641,637
北京林业大学,北京,北京市,否,是,农林类,公办,652,624,619
武汉大学,湖北,武汉市,是,是,综合类,公办,663,654,649
河北工业大学,天津,天津市,否,是,理工类,公办,629,621,614
中央音乐学院,北京,北京市,否,是,艺术类,公办,366,373,372
北京外国语大学,北京,北京市,否,是,语言类,公办,650,653,652
北京交通大学,北京,北京市,否,是,理工类,公办,646,637,633
西北大学,陕西,西安市,否,是,综合类,公办,633,625,623
长安大学,陕西,西安市,否,是,理工类,公办,626,619,616
云南大学,云南,昆明市,否,是,综合类,公办,603,613,611
哈尔滨工业大学,黑龙江,哈尔滨市,是,是,理工类,公办,661,652,647
大连海事大学,辽宁,大连市,否,是,理工类,公办,630,621,617
内蒙古大学,内蒙古,呼和浩特市,否,是,综合类,公办,599,600,593
北京大学,北京,北京市,是,是,综合类,公办,703,694,696
北京工业大学,北京,北京市,否,是,理工类,公办,646,637,634
