﻿名称,省,市,985,211,学校类型,学校属性,2023年理科录取分数,2023年文科录取分数,2022年理科录取分数,2022年文科录取分数,2021年理科录取分数,2021年文科录取分数
福建技术师范学院,福建,福州市,否,否,师范类,公办,432,509,467,544,453,506
南京审计大学金审学院,江苏,南京市,否,否,财经类,民办,450,500,468,535,472,528
滇西应用技术大学,云南,大理白族自治州,否,否,综合类,公办,429,495,445,534,458,525
中国社会科学院大学,北京,北京市,否,否,综合类,公办,593,603,617,640,598,638
合肥工业大学宣城校区,安徽,宣城市,否,是,综合类,公办,564,580,569,615,575,606
中国人民大学（苏州校区）,江苏,苏州市,是,是,综合类,公办,643,626,659,653,630,655
江苏第二师范学院,江苏,南京市,否,否,师范类,公办,431,481,506,579,514,570
河北中医药大学,河北,石家庄市,否,否,医药类,公办,473,537,498,578,516,563
张家口学院,河北,张家口市,否,否,综合类,公办,445,512,479,548,472,533
南昌师范学院,江西,南昌市,否,否,师范类,公办,473,529,486,571,485,561
江西服装学院,江西,南昌市,否,否,艺术类,民办,386,450,434,512,438,500
成都师范学院,四川,成都市,否,否,师范类,公办,461,525,519,578,525,569
山西传媒学院,山西,晋中市,否,否,艺术类,公办,421,495,477,565,478,555
河北环境工程学院,河北,秦皇岛市,否,否,理工类,公办,426,493,461,538,457,505
南昌工学院,江西,南昌市,否,否,理工类,民办,406,470,430,508,435,500
山东协和学院,山东,济南市,否,否,医药类,民办,419,479,446,519,444,510
广西外国语学院,广西,南宁市,否,否,语言类,民办,407,466,430,510,437,500
华北理工大学轻工学院,河北,唐山市,否,否,理工类,民办,406,466,431,505,435,500
陕西学前师范学院,陕西,西安市,否,否,师范类,公办,412,518,489,561,500,552
天津外国语大学滨海外事学院,天津,天津市,否,否,语言类,民办,409,480,436,520,463,531
浙江外国语学院,浙江,杭州市,否,否,语言类,公办,467,512,505,571,522,573
新疆政法学院,新疆,自治区直辖县级行政区划,否,否,政法类,公办,445,506,461,540,348,430
南宁理工学院,广西,南宁市,否,否,理工类,民办,406,469,432,514,440,506
内蒙古科技大学包头师范学院,内蒙古,包头市,否,否,师范类,公办,414,502,453,545,468,526
北京第二外国语学院,北京,北京市,否,否,语言类,公办,553,530,572,622,557,619
福建江夏学院,福建,福州市,否,否,财经类,公办,445,514,468,553,490,542
衢州学院,浙江,衢州市,否,否,综合类,公办,447,481,440,558,468,546
兴义民族师范学院,贵州,黔西南布依族苗族自治州,否,否,师范类,公办,463,513,477,552,469,541
西安科技大学高新学院,陕西,西安市,否,否,理工类,民办,428,472,444,509,436,500
西安交通大学城市学院,陕西,西安市,否,否,理工类,民办,426,484,451,519,452,524
江苏科技大学苏州理工学院,江苏,苏州市,否,否,理工类,民办,421,487,431,525,448,510
南京邮电大学通达学院,江苏,扬州市,否,否,综合类,民办,420,487,450,525,450,517
江苏师范大学科文学院,江苏,徐州市,否,否,综合类,民办,411,485,438,532,448,521
扬州大学广陵学院,江苏,扬州市,否,否,综合类,民办,433,496,453,535,453,522
苏州科技大学天平学院,江苏,苏州市,否,否,综合类,民办,424,484,445,525,444,513
苏州城市学院,江苏,苏州市,否,否,综合类,公办,484,520,496,556,483,541
南京医科大学康达学院,江苏,连云港市,否,否,医药类,民办,438,491,475,529,479,520
南京师范大学中北学院,江苏,镇江市,否,否,综合类,民办,421,493,440,523,448,521
南京工业大学浦江学院,江苏,南京市,否,否,理工类,民办,411,482,444,522,444,504
南京航空航天大学金城学院,江苏,南京市,否,否,理工类,民办,431,490,444,522,453,514
南京理工大学紫金学院,江苏,南京市,否,否,理工类,民办,432,500,451,533,458,526
黑龙江财经学院,黑龙江,哈尔滨市,否,否,财经类,民办,406,469,430,507,437,502
昆明理工大学津桥学院,云南,昆明市,否,否,理工类,民办,405,465,430,505,442,509
昆明传媒学院,云南,昆明市,否,否,艺术类,民办,405,465,430,505,436,500
丽江文化旅游学院,云南,丽江市,否,否,综合类,民办,405,465,430,505,435,500
滇池学院,云南,昆明市,否,否,综合类,民办,415,480,436,519,435,503
文山学院,云南,文山壮族苗族自治州,否,否,综合类,公办,430,496,450,538,465,531
保山学院,云南,保山市,否,否,综合类,公办,432,497,450,541,468,532
齐鲁理工学院,山东,济南市,否,否,综合类,民办,413,468,430,507,437,500
青岛工学院,山东,青岛市,否,否,综合类,民办,410,465,430,505,439,500
西南财经大学天府学院,四川,绵阳市,否,否,财经类,民办,437,493,458,529,461,518
四川大学锦江学院,四川,眉山市,否,否,综合类,民办,427,493,462,526,460,501
绵阳城市学院,四川,绵阳市,否,否,理工类,民办,428,485,452,526,451,513
成都锦城学院,四川,成都市,否,否,综合类,民办,448,489,466,538,464,523
成都外国语学院,四川,成都市,否,否,语言类,民办,450,486,446,543,475,535
成都银杏酒店管理学院,四川,成都市,否,否,财经类,民办,419,474,438,520,440,509
成都理工大学工程技术学院,四川,乐山市,否,否,理工类,民办,422,491,455,526,456,513
成都大学,四川,成都市,否,否,综合类,公办,538,560,537,589,528,576
新疆科技学院,新疆,巴音郭楞蒙古自治州,否,否,财经类,公办,429,488,452,535,457,525
新疆理工学院,新疆,阿克苏地区,否,否,理工类,公办,429,493,455,535,450,516
衡阳师范学院南岳学院,湖南,衡阳市,否,否,师范类,民办,439,495,443,537,466,528
湖南文理学院芙蓉学院,湖南,常德市,否,否,综合类,民办,417,482,451,524,447,517
南华大学船山学院,湖南,衡阳市,否,否,综合类,民办,427,485,453,517,453,503
湘潭大学兴湘学院,湖南,湘潭市,否,否,综合类,民办,421,486,436,535,457,524
长沙理工大学城南学院,湖南,长沙市,否,否,理工类,民办,429,491,456,530,450,519
湖南农业大学东方科技学院,湖南,长沙市,否,否,综合类,民办,417,474,431,525,447,513
湖南第一师范学院,湖南,长沙市,否,否,师范类,公办,471,538,514,567,516,572
湖北恩施学院,湖北,恩施土家族苗族自治州,否,否,综合类,民办,437,486,453,526,436,507
武汉文理学院,湖北,武汉市,否,否,综合类,民办,412,486,432,516,448,514
江西财经大学现代经济管理学院,江西,九江市,否,否,财经类,民办,418,481,442,529,440,505
南昌医学院,江西,南昌市,否,否,医药类,公办,493,534,510,570,498,563
赣东学院,江西,抚州市,否,否,综合类,公办,431,512,466,546,467,532
赣南科技学院,江西,赣州市,否,否,理工类,公办,442,508,465,545,467,529
江西师范大学科学技术学院,江西,九江市,否,否,综合类,民办,417,495,444,536,460,525
江西农业大学南昌商学院,江西,九江市,否,否,综合类,民办,418,476,435,529,449,515
南昌大学科学技术学院,江西,九江市,否,否,综合类,民办,412,476,433,512,446,500
厦门工学院,福建,厦门市,否,否,理工类,民办,414,468,430,505,435,500
浙江越秀外国语学院,浙江,绍兴市,否,否,语言类,民办,405,465,437,505,437,500
宁波财经学院,浙江,宁波市,否,否,财经类,民办,416,465,430,506,436,500
上海财经大学浙江学院,浙江,金华市,否,否,财经类,民办,420,483,443,527,461,504
温州商学院,浙江,温州市,否,否,财经类,民办,416,468,469,510,447,501
浙江财经大学东方学院,浙江,嘉兴市,否,否,财经类,民办,405,483,437,519,436,517
浙江工商大学杭州商学院,浙江,杭州市,否,否,财经类,民办,407,484,433,516,444,518
绍兴文理学院元培学院,浙江,绍兴市,否,否,综合类,民办,407,474,430,515,435,507
浙江农林大学暨阳学院,浙江,绍兴市,否,否,农林类,民办,405,474,431,508,435,508
宁波大学科学技术学院,浙江,宁波市,否,否,综合类,民办,411,486,430,528,435,517
浙江师范大学行知学院,浙江,金华市,否,否,综合类,民办,408,492,432,522,435,519
浙江工业大学之江学院,浙江,绍兴市,否,否,理工类,民办,406,476,433,508,451,504
浙大城市学院,浙江,杭州市,否,否,综合类,公办,519,550,524,595,513,569
广西中医药大学赛恩斯新医药学院,广西,南宁市,否,否,医药类,民办,425,513,460,535,465,535
广西民族大学相思湖学院,广西,南宁市,否,否,民族类,民办,418,484,432,524,448,508
柳州工学院,广西,柳州市,否,否,理工类,民办,407,475,434,512,436,500
桂林信息科技学院,广西,桂林市,否,否,理工类,民办,406,470,434,505,442,503
桂林学院,广西,桂林市,否,否,综合类,民办,406,485,432,508,437,518
广西民族师范学院,广西,崇左市,否,否,师范类,公办,441,517,462,550,451,545
甘肃民族师范学院,甘肃,甘南藏族自治州,否,否,师范类,公办,448,507,474,543,472,538
大连东软信息学院,辽宁,大连市,否,否,理工类,民办,405,467,430,506,435,502
辽宁中医药大学杏林学院,辽宁,沈阳市,否,否,医药类,民办,439,499,455,536,456,521
沈阳城市建设学院,辽宁,沈阳市,否,否,理工类,民办,405,445,328,439,435,503
辽宁师范大学海华学院,辽宁,大连市,否,否,综合类,民办,420,472,434,511,446,501
内蒙古大学创业学院,内蒙古,呼和浩特市,否,否,综合类,民办,409,487,435,529,442,519
长春财经学院,吉林,长春市,否,否,财经类,民办,405,452,439,505,438,502
天津天狮学院,天津,天津市,否,否,综合类,民办,406,470,430,506,435,501
天津财经大学珠江学院,天津,天津市,否,否,综合类,民办,407,477,431,520,436,506
天津理工大学中环信息学院,天津,天津市,否,否,综合类,民办,405,478,438,506,436,511
北京科技大学天津学院,天津,天津市,否,否,综合类,民办,410,490,430,528,440,523
天津商业大学宝德学院,天津,天津市,否,否,财经类,民办,405,473,430,508,439,504
民政职业大学,北京,北京市,否,否,政法类,公办,389,456,421,519,411,482
银川能源学院,宁夏,银川市,否,否,理工类,民办,385,471,433,512,435,500
宁夏理工学院,宁夏,石嘴山市,否,否,理工类,民办,412,480,437,512,449,502
贵州警察学院,贵州,贵阳市,否,否,政法类,公办,482,528,499,560,497,549
西安交通工程学院,陕西,西安市,否,否,理工类,民办,410,466,442,519,446,507
西安汽车职业大学,陕西,西安市,否,否,理工类,民办,406,466,430,505,435,313
西安欧亚学院,陕西,西安市,否,否,财经类,民办,407,466,430,505,436,500
陕西国际商贸学院,陕西,咸阳市,否,否,财经类,民办,405,465,431,505,435,500
无锡太湖学院,江苏,无锡市,否,否,综合类,民办,406,466,430,515,439,506
云南工商学院,云南,昆明市,否,否,理工类,民办,406,465,430,505,435,500
云南经济管理学院,云南,昆明市,否,否,财经类,民办,405,465,430,505,435,500
昆明文理学院,云南,昆明市,否,否,师范类,民办,405,469,430,511,435,500
滇西科技师范学院,云南,临沧市,否,否,师范类,公办,444,503,456,538,462,529
普洱学院,云南,普洱市,否,否,综合类,公办,434,505,459,544,466,532
昭通学院,云南,昭通市,否,否,综合类,公办,437,498,458,540,470,531
青岛黄海学院,山东,青岛市,否,否,综合类,民办,420,454,432,505,438,501
烟台南山学院,山东,烟台市,否,否,综合类,民办,414,483,431,506,445,515
齐鲁医药学院,山东,淄博市,否,否,医药类,民办,436,489,457,538,452,527
山东石油化工学院,山东,东营市,否,否,理工类,公办,440,504,460,538,462,528
新疆天山职业技术大学,新疆,乌鲁木齐市,否,否,综合类,民办,413,476,430,512,445,506
广州华商学院,广东,广州市,否,否,财经类,民办,417,466,434,508,436,500
广州城市理工学院,广东,广州市,否,否,理工类,民办,405,465,431,506,437,516
广州商学院,广东,广州市,否,否,财经类,民办,429,482,430,512,436,513
广东轻工职业技术大学,广东,广州市,否,否,理工类,公办,395,450,414,492,403,459
湖南汽车工程职业大学,湖南,株洲市,否,否,理工类,公办,325,327,338,269,329,284
长沙师范学院,湖南,长沙市,否,否,师范类,公办,449,520,464,567,494,558
湖南医药学院,湖南,怀化市,否,否,医药类,公办,486,508,519,568,526,553
湖南警察学院,湖南,长沙市,否,否,政法类,公办,476,523,495,563,501,559
湖南财政经济学院,湖南,长沙市,否,否,财经类,公办,480,516,497,560,506,558
武汉生物工程学院,湖北,武汉市,否,否,理工类,民办,417,483,444,517,441,509
武汉晴川学院,湖北,武汉市,否,否,综合类,民办,406,467,430,505,437,500
长江大学文理学院,湖北,荆州市,否,否,综合类,民办,431,491,450,528,456,520
湖北文理学院理工学院,湖北,襄阳市,否,否,理工类,民办,405,488,442,527,441,515
湖北师范大学文理学院,湖北,黄石市,否,否,师范类,民办,406,488,438,524,453,523
武汉工程大学邮电与信息工程学院,湖北,武汉市,否,否,理工类,民办,407,466,434,505,436,502
武汉工商学院,湖北,武汉市,否,否,综合类,民办,406,478,434,513,435,500
湖北大学知行学院,湖北,武汉市,否,否,理工类,民办,405,487,438,529,443,517
郑州工程技术学院,河南,郑州市,否,否,理工类,公办,442,495,463,537,459,522
河南财政金融学院,河南,郑州市,否,否,财经类,公办,453,499,475,545,479,526
泉州信息工程学院,福建,泉州市,否,否,理工类,民办,405,468,435,507,435,503
厦门华厦学院,福建,厦门市,否,否,综合类,民办,405,474,433,518,445,504
闽南理工学院,福建,泉州市,否,否,理工类,民办,406,465,430,505,435,500
福建农林大学金山学院,福建,福州市,否,否,综合类,民办,419,476,434,506,444,504
福州大学至诚学院,福建,福州市,否,否,综合类,民办,407,487,434,537,440,522
闽南科技学院,福建,泉州市,否,否,理工类,民办,407,477,437,514,438,507
福州工商学院,福建,福州市,否,否,财经类,民办,408,474,430,509,435,502
福建师范大学协和学院,福建,福州市,否,否,综合类,民办,408,483,441,527,440,515
厦门大学嘉庚学院,福建,漳州市,否,否,综合类,民办,440,499,463,547,454,544
福建商学院,福建,福州市,否,否,财经类,公办,414,498,481,548,484,530
宁德师范学院,福建,宁德市,否,否,师范类,公办,450,515,460,552,478,538
武夷学院,福建,南平市,否,否,综合类,公办,438,494,462,538,464,535
金华职业技术大学,浙江,金华市,否,否,综合类,公办,400,467,424,511,431,503
南宁学院,广西,南宁市,否,否,理工类,民办,405,481,430,522,447,516
桂林旅游学院,广西,桂林市,否,否,财经类,公办,430,500,453,536,463,529
桂林航天工业学院,广西,桂林市,否,否,理工类,公办,473,501,483,544,482,530
广西科技师范学院,广西,来宾市,否,否,师范类,公办,454,513,475,549,471,522
朝阳师范学院,辽宁,朝阳市,否,否,师范类,公办,330,388,401,474,385,467
太原学院,山西,太原市,否,否,综合类,公办,425,510,462,537,474,534
吕梁学院,山西,吕梁市,否,否,综合类,公办,434,498,448,540,460,528
吉林警察学院,吉林,长春市,否,否,政法类,公办,474,522,494,560,495,544
吉林工商学院,吉林,长春市,否,否,财经类,公办,439,496,445,540,466,523
天津仁爱学院,天津,天津市,否,否,综合类,民办,408,469,430,512,436,503
六盘水师范学院,贵州,六盘水市,否,否,师范类,公办,437,510,459,548,460,536
石家庄铁道大学四方学院,河北,石家庄市,否,否,理工类,民办,470,495,462,511,471,520
青海职业技术大学,青海,西宁市,否,否,理工类,公办,273,333,265,327,252,310
贵州商学院,贵州,贵阳市,否,否,财经类,公办,461,514,475,554,481,537
大连财经学院,辽宁,大连市,否,否,财经类,民办,405,465,430,508,436,500
南通理工学院,江苏,南通市,否,否,综合类,民办,408,476,430,505,435,501
琼台师范学院,海南,海口市,否,否,师范类,公办,455,518,481,562,480,553
河南城建学院,河南,平顶山市,否,否,理工类,公办,441,492,430,535,470,521
郑州工业应用技术学院,河南,郑州市,否,否,理工类,民办,410,465,441,518,447,511
荆楚理工学院,湖北,荆门市,否,否,理工类,公办,466,516,463,553,445,541
重庆工程学院,重庆,重庆市,否,否,理工类,民办,438,487,460,528,459,518
重庆第二师范学院,重庆,重庆市,否,否,师范类,公办,471,519,508,570,522,563
重庆电子科技职业大学,重庆,重庆市,否,否,理工类,公办,401,455,420,496,416,482
重庆机电职业技术大学,重庆,重庆市,否,否,理工类,民办,417,475,431,510,379,406
重庆工商大学派斯学院,重庆,重庆市,否,否,财经类,民办,428,492,451,530,459,519
重庆移通学院,重庆,重庆市,否,否,理工类,民办,421,484,445,523,437,502
重庆财经学院,重庆,重庆市,否,否,财经类,民办,434,495,457,529,459,522
重庆外语外事学院,重庆,重庆市,否,否,语言类,民办,426,491,444,533,464,517
重庆对外经贸学院,重庆,重庆市,否,否,财经类,民办,414,493,449,533,442,509
珠海科技学院,广东,珠海市,否,否,综合类,民办,420,483,440,525,444,508
江苏大学京江学院,江苏,镇江市,否,否,综合类,民办,412,486,440,523,441,515
西安财经大学行知学院,陕西,西安市,否,否,财经类,民办,415,465,449,509,438,500
无锡学院,江苏,无锡市,否,否,理工类,公办,492,523,508,555,484,536
北京中医药大学东方学院,河北,廊坊市,否,否,医药类,民办,441,511,460,533,439,511
青岛城市学院,山东,青岛市,否,否,理工类,民办,408,470,443,509,443,500
四川工商学院,四川,成都市,否,否,综合类,民办,436,491,454,531,475,524
海口经济学院,海南,海口市,否,否,综合类,民办,372,442,432,511,438,510
浙江水利水电学院,浙江,杭州市,否,否,理工类,公办,477,504,495,551,499,540
湖北第二师范学院,湖北,武汉市,否,否,师范类,公办,407,497,499,572,510,563
四川警察学院,四川,泸州市,否,否,政法类,公办,494,534,507,571,516,563
三亚学院,海南,三亚市,否,否,综合类,民办,407,466,422,500,435,500
河南工程学院,河南,郑州市,否,否,理工类,公办,441,501,465,543,467,530
上海外国语大学贤达经济人文学院,上海,上海市,否,否,财经类,民办,427,468,430,505,436,500
北京理工大学珠海学院,广东,珠海市,否,否,理工类,民办,462,485,477,524,477,506
广州新华学院,广东,广州市,否,否,综合类,民办,407,465,431,505,435,500
武汉体育学院体育科技学院,湖北,武汉市,否,否,体育类,民办,405,466,434,519,437,503
昆明城市学院,云南,昆明市,否,否,综合类,民办,405,465,430,505,435,500
山东政法学院,山东,济南市,否,否,政法类,公办,465,531,515,581,521,568
昆明医科大学海源学院,云南,昆明市,否,否,医药类,民办,420,471,445,513,450,501
吉林师范大学博达学院,吉林,四平市,否,否,师范类,民办,407,465,434,520,446,502
北京师范大学-香港浸会大学联合国际学院,广东,珠海市,否,否,综合类,内地与港澳台地区合作办学,507,539,518,584,522,569
凯里学院,贵州,黔东南苗族侗族自治州,否,否,师范类,公办,437,498,442,519,479,540
安顺学院,贵州,安顺市,否,否,综合类,公办,427,493,467,538,467,535
西安医学院,陕西,西安市,否,否,医药类,公办,549,515,560,551,537,540
菏泽学院,山东,菏泽市,否,否,综合类,公办,440,510,464,550,441,537
安康学院,陕西,安康市,否,否,综合类,公办,443,507,463,548,438,539
商洛学院,陕西,商洛市,否,否,综合类,公办,436,501,441,541,468,529
三明学院,福建,三明市,否,否,综合类,公办,443,501,463,542,471,532
贺州学院,广西,贺州市,否,否,综合类,公办,444,515,463,549,451,533
河北科技师范学院,河北,秦皇岛市,否,否,师范类,公办,431,525,441,564,459,552
长治学院,山西,长治市,否,否,综合类,公办,439,493,444,547,472,534
北部湾大学,广西,钦州市,否,否,综合类,公办,448,505,490,555,491,546
丽水学院,浙江,丽水市,否,否,综合类,公办,440,498,479,549,464,534
百色学院,广西,百色市,否,否,综合类,公办,435,503,464,544,467,533
梧州学院,广西,梧州市,否,否,综合类,公办,444,509,462,548,469,531
龙岩学院,福建,龙岩市,否,否,综合类,公办,446,496,438,548,471,537
海南热带海洋学院,海南,三亚市,否,否,综合类,公办,450,511,473,546,474,541
青岛滨海学院,山东,青岛市,否,否,综合类,民办,406,465,431,508,436,501
长沙医学院,湖南,长沙市,否,否,医药类,民办,441,488,458,514,492,525
呼伦贝尔学院,内蒙古,呼伦贝尔市,否,否,综合类,公办,408,504,457,538,457,530
贵州工程应用技术学院,贵州,毕节市,否,否,师范类,公办,437,495,460,539,458,531
重庆人文科技学院,重庆,重庆市,否,否,综合类,民办,410,496,452,534,447,524
山东大学（威海）,山东,威海市,是,是,综合类,公办,602,605,615,638,602,630
宁波诺丁汉大学,浙江,宁波市,否,否,综合类,中外合作办学,525,548,533,579,526,573
上海师范大学天华学院,上海,上海市,否,否,综合类,民办,405,472,430,514,436,507
集美大学诚毅学院,福建,厦门市,否,否,综合类,民办,436,501,453,543,448,531
南京财经大学红山学院,江苏,镇江市,否,否,综合类,民办,438,499,458,534,462,521
宁波工程学院,浙江,宁波市,否,否,理工类,公办,466,512,481,552,481,532
西京学院,陕西,西安市,否,否,理工类,民办,405,468,430,509,435,500
西安翻译学院,陕西,西安市,否,否,语言类,民办,408,465,430,505,435,500
三江学院,江苏,南京市,否,否,综合类,民办,406,466,430,532,442,520
洛阳理工学院,河南,洛阳市,否,否,理工类,公办,463,514,475,549,479,535
武汉城市学院,湖北,武汉市,否,否,理工类,民办,405,467,432,506,448,503
武汉学院,湖北,武汉市,否,否,综合类,民办,405,479,430,517,444,502
保定理工学院,河北,保定市,否,否,理工类,民办,405,467,430,505,436,500
辽宁理工学院,辽宁,锦州市,否,否,理工类,民办,408,469,432,508,442,506
武昌理工学院,湖北,武汉市,否,否,综合类,民办,410,471,440,516,441,500
郑州师范学院,河南,郑州市,否,否,师范类,公办,447,503,482,534,483,542
东南大学成贤学院,江苏,南京市,否,否,综合类,民办,433,491,450,528,452,515
武汉工程科技学院,湖北,武汉市,否,否,理工类,民办,406,465,430,506,435,502
南京理工大学泰州科技学院,江苏,泰州市,否,否,理工类,民办,422,465,446,534,445,513
南京特殊教育师范学院,江苏,南京市,否,否,师范类,公办,405,485,485,552,491,540
电子科技大学成都学院,四川,成都市,否,否,理工类,民办,447,492,464,530,473,525
中国矿业大学徐海学院,江苏,徐州市,否,否,综合类,民办,410,489,448,524,446,512
三峡大学科技学院,湖北,宜昌市,否,否,综合类,民办,426,490,444,523,435,510
北京邮电大学世纪学院,北京,北京市,否,否,综合类,民办,421,478,435,519,443,504
北京工业大学耿丹学院,北京,北京市,否,否,综合类,民办,436,447,435,516,437,506
汉口学院,湖北,武汉市,否,否,综合类,民办,405,471,431,518,435,508
武昌首义学院,湖北,武汉市,否,否,理工类,民办,416,498,453,528,446,519
武汉华夏理工学院,湖北,武汉市,否,否,理工类,民办,409,466,437,505,437,500
天水师范学院,甘肃,天水市,否,否,师范类,公办,444,512,466,547,454,537
陇东学院,甘肃,庆阳市,否,否,综合类,公办,428,504,445,543,468,531
上海电机学院,上海,上海市,否,否,理工类,公办,475,518,494,560,524,556
榆林学院,陕西,榆林市,否,否,综合类,公办,426,499,457,538,457,523
曲靖师范学院,云南,曲靖市,否,否,师范类,公办,520,550,539,585,546,576
成都体育学院,四川,成都市,否,否,体育类,公办,442,468,499,554,498,548
宜宾学院,四川,宜宾市,否,否,综合类,公办,471,514,485,550,486,537
内江师范学院,四川,内江市,否,否,师范类,公办,414,499,480,550,481,544
绵阳师范学院,四川,绵阳市,否,否,师范类,公办,434,487,504,575,502,565
文华学院,湖北,武汉市,否,否,综合类,民办,415,483,440,524,435,513
重庆工商大学,重庆,重庆市,否,否,财经类,公办,518,553,545,602,547,585
贵阳学院,贵州,贵阳市,否,否,综合类,公办,467,526,480,561,487,550
湖南人文科技学院,湖南,娄底市,否,否,综合类,公办,455,521,473,558,472,545
浙江传媒学院,浙江,杭州市,否,否,艺术类,公办,490,528,518,584,524,580
南京工业职业技术大学,江苏,南京市,否,否,理工类,公办,448,499,449,529,421,473
淮阴师范学院,江苏,淮安市,否,否,师范类,公办,431,522,467,553,463,543
绥化学院,黑龙江,绥化市,否,否,综合类,公办,431,499,459,542,457,534
哈尔滨师范大学,黑龙江,哈尔滨市,否,否,师范类,公办,445,473,430,554,502,548
厦门理工学院,福建,厦门市,否,否,理工类,公办,488,522,508,568,513,558
徐州工程学院,江苏,徐州市,否,否,综合类,公办,477,516,488,555,486,541
金陵科技学院,江苏,南京市,否,否,理工类,公办,474,505,491,564,503,551
广西财经学院,广西,南宁市,否,否,财经类,公办,469,517,500,551,503,538
昆明学院,云南,昆明市,否,否,综合类,公办,516,549,532,582,542,576
西安文理学院,陕西,西安市,否,否,综合类,公办,468,529,493,573,496,561
重庆文理学院,重庆,重庆市,否,否,综合类,公办,456,527,503,579,505,567
河池学院,广西,河池市,否,否,综合类,公办,435,497,466,539,464,526
广西中医药大学,广西,南宁市,否,否,医药类,公办,487,548,500,586,522,577
广东金融学院,广东,广州市,否,否,财经类,公办,495,536,511,575,517,563
长沙学院,湖南,长沙市,否,否,综合类,公办,469,503,498,547,498,558
湖北警官学院,湖北,武汉市,否,否,政法类,公办,480,529,500,564,498,554
湖北理工学院,湖北,黄石市,否,否,理工类,公办,456,523,469,559,448,550
福建中医药大学,福建,福州市,否,否,医药类,公办,494,529,501,565,524,569
福建医科大学,福建,福州市,否,否,医药类,公办,529,547,544,585,582,578
重庆交通大学,重庆,重庆市,否,否,理工类,公办,535,556,552,595,555,571
吉林农业科技学院,吉林,吉林市,否,否,农林类,公办,437,500,461,532,447,535
大庆师范学院,黑龙江,大庆市,否,否,师范类,公办,431,503,461,540,473,535
上海政法学院,上海,上海市,否,否,政法类,公办,553,582,560,615,592,616
上海商学院,上海,上海市,否,否,财经类,公办,466,526,503,573,513,564
武汉科技大学,湖北,武汉市,否,否,综合类,公办,526,567,541,605,561,596
中国矿业大学（北京）,北京,北京市,否,是,理工类,公办,561,562,573,625,579,616
广东技术师范大学,广东,广州市,否,否,师范类,公办,481,529,500,569,502,554
南方医科大学,广东,广州市,否,否,医药类,公办,604,564,571,580,532,613
贵州大学,贵州,贵阳市,否,是,综合类,公办,561,587,570,622,570,611
西南大学,重庆,重庆市,否,是,综合类,公办,542,591,585,632,588,629
攀枝花学院,四川,攀枝花市,否,否,综合类,公办,415,504,516,543,490,505
西昌学院,四川,凉山彝族自治州,否,否,综合类,公办,453,505,473,545,477,535
晋中学院,山西,晋中市,否,否,综合类,公办,438,495,433,537,470,533
运城学院,山西,运城市,否,否,综合类,公办,429,492,466,543,438,529
山西中医药大学,山西,晋中市,否,否,医药类,公办,581,595,587,626,588,619
江西职业技术大学,江西,九江市,否,否,综合类,公办,339,391,327,337,237,310
新余学院,江西,新余市,否,否,综合类,公办,449,506,472,546,476,529
萍乡学院,江西,萍乡市,否,否,综合类,公办,466,500,487,520,475,540
黄淮学院,河南,驻马店市,否,否,综合类,公办,412,495,466,549,464,536
河南科技学院,河南,新乡市,否,否,综合类,公办,446,498,464,538,435,521
平顶山学院,河南,平顶山市,否,否,综合类,公办,454,506,465,544,459,526
信阳师范大学,河南,信阳市,否,否,师范类,公办,449,506,463,548,466,544
首都经济贸易大学,北京,北京市,否,否,财经类,公办,562,583,587,624,587,610
河南中医药大学,河南,郑州市,否,否,医药类,公办,493,530,513,567,525,571
江西科技学院,江西,南昌市,否,否,综合类,民办,407,479,457,518,461,506
南昌理工学院,江西,南昌市,否,否,综合类,民办,413,477,434,512,443,501
南昌工程学院,江西,南昌市,否,否,理工类,公办,486,508,494,549,496,534
北京体育大学,北京,北京市,否,是,体育类,公办,551,573,567,617,568,606
西安思源学院,陕西,西安市,否,否,综合类,民办,406,480,440,520,447,508
西安外事学院,陕西,西安市,否,否,综合类,民办,408,479,436,514,437,502
天津中德应用技术大学,天津,天津市,否,否,理工类,公办,444,511,469,546,475,464
南阳理工学院,河南,南阳市,否,否,理工类,公办,455,508,470,544,472,531
安阳工学院,河南,安阳市,否,否,理工类,公办,443,505,461,540,456,500
河南师范大学,河南,新乡市,否,否,师范类,公办,504,546,528,602,547,590
华北电力大学,北京,北京市,否,是,理工类,公办,601,591,607,628,608,621
武汉商学院,湖北,武汉市,否,否,财经类,公办,385,459,416,487,418,479
四川工业科技学院,四川,德阳市,否,否,综合类,民办,428,490,446,530,459,514
四川文理学院,四川,达州市,否,否,综合类,公办,464,510,471,554,501,546
南通大学,江苏,南通市,否,否,综合类,公办,523,569,533,602,564,593
阿坝师范学院,四川,阿坝藏族羌族自治州,否,否,师范类,公办,473,513,498,556,491,540
四川民族学院,四川,甘孜藏族自治州,否,否,民族类,公办,478,524,497,552,497,538
四川旅游学院,四川,成都市,否,否,综合类,公办,413,504,484,546,486,536
成都东软学院,四川,成都市,否,否,理工类,民办,442,490,462,530,467,520
黑龙江工业学院,黑龙江,鸡西市,否,否,综合类,公办,433,495,455,532,456,527
哈尔滨信息工程学院,黑龙江,哈尔滨市,否,否,理工类,民办,405,445,430,514,435,502
河北外国语学院,河北,石家庄市,否,否,语言类,民办,405,465,432,508,438,505
哈尔滨金融学院,黑龙江,哈尔滨市,否,否,财经类,公办,442,503,452,545,478,533
上海中侨职业技术大学,上海,上海市,否,否,财经类,民办,374,472,432,509,235,506
河北科技工程职业技术大学,河北,邢台市,否,否,理工类,公办,442,494,458,534,272,327
河北金融学院,河北,保定市,否,否,财经类,公办,405,508,487,536,489,544
邢台医学院,河北,邢台市,否,否,医药类,公办,386,443,406,483,401,482
河北石油职业技术大学,河北,承德市,否,否,理工类,公办,431,490,345,430,327,412
北华航天工业学院,河北,廊坊市,否,否,理工类,公办,480,505,492,545,491,529
上海建桥学院,上海,上海市,否,否,财经类,民办,407,465,433,505,435,501
防灾科技学院,河北,廊坊市,否,否,综合类,公办,454,499,488,555,521,548
保定学院,河北,保定市,否,否,综合类,公办,420,484,480,550,480,540
邯郸学院,河北,邯郸市,否,否,师范类,公办,435,500,443,546,467,534
衡水学院,河北,衡水市,否,否,综合类,公办,416,504,486,542,477,530
廊坊师范学院,河北,廊坊市,否,否,师范类,公办,436,500,438,551,474,539
唐山师范学院,河北,唐山市,否,否,师范类,公办,434,495,452,532,473,528
山东师范大学,山东,济南市,否,否,师范类,公办,520,559,528,609,533,601
邢台学院,河北,邢台市,否,否,综合类,公办,443,516,466,551,476,540
石家庄铁道大学,河北,石家庄市,否,否,理工类,公办,531,558,541,592,537,587
河北地质大学,河北,石家庄市,否,否,理工类,公办,463,517,485,564,494,558
华北科技学院,河北,廊坊市,否,否,理工类,公办,465,504,484,505,528,547
华北理工大学,河北,唐山市,否,否,综合类,公办,510,560,526,593,536,587
河北师范大学,河北,石家庄市,否,否,师范类,公办,511,565,554,604,553,593
北京语言大学,北京,北京市,否,否,语言类,公办,547,581,579,627,588,621
华北电力大学保定校区,河北,保定市,否,是,理工类,公办,600,579,600,621,597,606
北京印刷学院,北京,北京市,否,否,理工类,公办,521,571,537,617,533,601
首都师范大学,北京,北京市,否,否,师范类,公办,590,589,612,628,602,619
首都体育学院,北京,北京市,否,否,体育类,公办,475,527,506,573,498,564
北京石油化工学院,北京,北京市,否,否,综合类,公办,471,529,501,558,489,540
中国劳动关系学院,北京,北京市,否,否,政法类,公办,488,538,511,574,539,584
北京农学院,北京,北京市,否,否,农林类,公办,482,509,509,543,503,524
北京联合大学,北京,北京市,否,否,综合类,公办,519,562,541,599,550,586
中国政法大学,北京,北京市,否,是,政法类,公办,596,625,629,654,639,655
中央财经大学,北京,北京市,否,是,财经类,公办,609,608,628,648,624,645
中国传媒大学,北京,北京市,否,是,综合类,公办,589,593,616,643,611,645
北京化工大学,北京,北京市,否,是,理工类,公办,588,585,600,625,598,616
鲁东大学,山东,烟台市,否,否,综合类,公办,471,531,492,574,492,567
烟台大学,山东,烟台市,否,否,综合类,公办,507,561,531,596,534,578
山东第二医科大学,山东,潍坊市,否,否,医药类,公办,411,507,513,546,514,539
潍坊学院,山东,潍坊市,否,否,综合类,公办,443,517,469,554,462,544
泰山学院,山东,泰安市,否,否,综合类,公办,445,504,468,551,471,540
北方民族大学,宁夏,银川市,否,否,综合类,公办,500,519,479,558,521,547
宁夏大学,宁夏,银川市,否,是,综合类,公办,539,571,552,607,553,596
广西民族大学,广西,南宁市,否,否,民族类,公办,451,513,463,571,496,559
山东农业大学,山东,泰安市,否,否,农林类,公办,502,531,518,590,527,577
南宁师范大学,广西,南宁市,否,否,师范类,公办,459,527,501,579,525,568
玉林师范学院,广西,玉林市,否,否,师范类,公办,439,512,459,522,467,553
山东财经大学,山东,济南市,否,否,财经类,公办,520,564,532,601,548,592
山东交通学院,山东,济南市,否,否,理工类,公办,468,518,474,549,493,534
桂林理工大学,广西,桂林市,否,否,理工类,公办,502,481,524,554,520,532
广西师范大学,广西,桂林市,否,否,师范类,公办,525,563,545,598,523,572
广西医科大学,广西,南宁市,否,否,医药类,公办,578,512,601,557,552,550
内蒙古财经大学,内蒙古,呼和浩特市,否,否,财经类,公办,461,511,482,546,485,538
山东建筑大学,山东,济南市,否,否,理工类,公办,484,514,492,541,469,553
山东工商学院,山东,烟台市,否,否,财经类,公办,445,518,434,550,484,544
贵州中医药大学,贵州,贵阳市,否,否,医药类,公办,482,544,505,578,510,563
贵州财经大学,贵州,贵阳市,否,否,财经类,公办,482,535,513,567,491,526
内蒙古师范大学,内蒙古,呼和浩特市,否,否,师范类,公办,447,520,459,565,446,541
遵义医科大学,贵州,遵义市,否,否,医药类,公办,561,515,584,561,578,548
贵州民族大学,贵州,贵阳市,否,否,民族类,公办,460,512,487,553,490,542
贵州师范大学,贵州,贵阳市,否,否,师范类,公办,410,485,509,580,502,569
海南医科大学,海南,海口市,否,否,医药类,公办,552,573,567,608,548,601
海南师范大学,海南,海口市,否,否,师范类,公办,510,552,537,596,555,588
曲阜师范大学,山东,济宁市,否,否,师范类,公办,482,521,502,583,507,571
内蒙古民族大学,内蒙古,通辽市,否,否,综合类,公办,442,503,464,519,471,540
内蒙古科技大学,内蒙古,包头市,否,否,综合类,公办,436,506,461,549,458,538
海南大学,海南,海口市,否,是,综合类,公办,531,577,528,618,523,604
河西学院,甘肃,张掖市,否,否,综合类,公办,415,493,462,538,458,527
甘肃政法大学,甘肃,兰州市,否,否,政法类,公办,514,538,525,582,525,570
兰州财经大学,甘肃,兰州市,否,否,财经类,公办,413,469,485,560,491,552
青岛大学,山东,青岛市,否,否,综合类,公办,541,572,550,601,536,608
甘肃中医药大学,甘肃,兰州市,否,否,医药类,公办,417,523,502,547,489,558
临沂大学,山东,临沂市,否,否,综合类,公办,477,521,498,565,504,553
西北师范大学,甘肃,兰州市,否,否,师范类,公办,474,487,520,591,512,571
聊城大学,山东,聊城市,否,否,综合类,公办,462,526,479,568,449,558
青岛农业大学,山东,青岛市,否,否,农林类,公办,463,527,487,569,489,560
商丘师范学院,河南,商丘市,否,否,师范类,公办,436,517,442,554,466,546
兰州交通大学,甘肃,兰州市,否,否,理工类,公办,522,553,533,589,536,565
周口师范学院,河南,周口市,否,否,师范类,公办,424,472,483,563,470,550
洛阳师范学院,河南,洛阳市,否,否,综合类,公办,445,485,472,550,471,542
兰州理工大学,甘肃,兰州市,否,否,理工类,公办,514,507,532,550,533,526
中原工学院,河南,郑州市,否,否,理工类,公办,441,504,467,547,447,535
西北民族大学,甘肃,兰州市,否,否,综合类,公办,547,547,561,554,562,576
郑州航空工业管理学院,河南,郑州市,否,否,综合类,公办,461,515,471,550,471,542
莆田学院,福建,莆田市,否,否,综合类,公办,462,508,476,548,480,534
闽江学院,福建,福州市,否,否,综合类,公办,436,515,478,551,485,551
闽南师范大学,福建,漳州市,否,否,师范类,公办,469,503,437,568,504,557
泉州师范学院,福建,泉州市,否,否,师范类,公办,439,513,430,564,497,558
福建理工大学,福建,福州市,否,否,理工类,公办,470,522,470,550,472,537
福建师范大学,福建,福州市,否,否,师范类,公办,524,574,547,614,554,605
集美大学,福建,厦门市,否,否,综合类,公办,516,546,529,589,537,607
黄河科技学院,河南,郑州市,否,否,理工类,民办,408,483,430,512,447,514
福建农林大学,福建,福州市,否,否,农林类,公办,501,542,524,575,522,572
河南工业大学,河南,郑州市,否,否,理工类,公办,480,505,497,573,438,555
华侨大学,福建,泉州市,否,否,综合类,公办,526,564,543,605,533,596
河南农业大学,河南,郑州市,否,否,农林类,公办,488,517,505,555,497,554
湖北文理学院,湖北,襄阳市,否,否,综合类,公办,457,525,467,547,462,553
河南科技大学,河南,洛阳市,否,否,综合类,公办,529,524,547,569,542,551
河南大学,河南,开封市,否,否,综合类,公办,527,542,562,616,566,608
郑州轻工业大学,河南,郑州市,否,否,理工类,公办,527,481,513,560,510,553
黑龙江东方学院,黑龙江,哈尔滨市,否,否,综合类,民办,405,465,436,505,442,500
齐齐哈尔医学院,黑龙江,齐齐哈尔市,否,否,医药类,公办,432,498,508,541,458,530
湖北民族大学,湖北,恩施土家族苗族自治州,否,否,综合类,公办,457,524,495,566,491,555
黑龙江科技大学,黑龙江,哈尔滨市,否,否,理工类,公办,448,468,468,550,482,540
黑龙江工程学院,黑龙江,哈尔滨市,否,否,理工类,公办,439,487,445,556,468,545
武汉体育学院,湖北,武汉市,否,否,体育类,公办,472,468,486,547,490,542
哈尔滨学院,黑龙江,哈尔滨市,否,否,综合类,公办,440,513,430,551,475,538
东北石油大学,黑龙江,大庆市,否,否,理工类,公办,507,540,525,576,522,478
湖北经济学院,湖北,武汉市,否,否,财经类,公办,463,479,509,571,513,563
哈尔滨商业大学,黑龙江,哈尔滨市,否,否,财经类,公办,447,470,462,549,444,551
湖北工程学院,湖北,孝感市,否,否,理工类,公办,456,512,487,552,492,548
牡丹江师范学院,黑龙江,牡丹江市,否,否,师范类,公办,410,508,455,548,458,537
黑龙江中医药大学,黑龙江,哈尔滨市,否,否,医药类,公办,549,582,561,614,562,604
湖北师范大学,湖北,黄石市,否,否,师范类,公办,447,535,513,582,522,573
湖北医药学院,湖北,十堰市,否,否,医药类,公办,503,506,503,561,532,548
湖北中医药大学,湖北,武汉市,否,否,医药类,公办,461,536,510,573,519,567
武汉轻工大学,湖北,武汉市,否,否,理工类,公办,466,517,510,572,512,556
武汉纺织大学,湖北,武汉市,否,否,理工类,公办,483,535,491,574,506,559
江汉大学,湖北,武汉市,否,否,综合类,公办,531,558,532,590,519,567
哈尔滨医科大学,黑龙江,哈尔滨市,否,否,医药类,公办,606,550,592,591,625,568
长江大学,湖北,荆州市,否,否,综合类,公办,521,534,534,577,536,569
黑龙江八一农垦大学,黑龙江,大庆市,否,否,农林类,公办,422,500,463,544,462,525
湖北大学,湖北,武汉市,否,否,综合类,公办,532,564,549,602,559,603
齐齐哈尔大学,黑龙江,齐齐哈尔市,否,否,综合类,公办,445,500,464,548,464,542
中南民族大学,湖北,武汉市,否,否,综合类,公办,529,576,536,606,539,601
黑龙江大学,黑龙江,哈尔滨市,否,否,综合类,公办,508,556,524,592,528,587
华中师范大学,湖北,武汉市,否,是,师范类,公办,595,598,608,638,631,633
东北林业大学,黑龙江,哈尔滨市,否,是,农林类,公办,541,567,552,612,554,602
邵阳学院,湖南,邵阳市,否,否,综合类,公办,445,511,460,550,488,535
华中农业大学,湖北,武汉市,否,是,农林类,公办,565,584,575,622,576,609
怀化学院,湖南,怀化市,否,否,综合类,公办,447,514,475,548,478,541
湖南文理学院,湖南,常德市,否,否,综合类,公办,469,507,488,562,494,551
中南财经政法大学,湖北,武汉市,否,是,财经类,公办,580,605,600,633,613,632
吉林财经大学,吉林,长春市,否,否,财经类,公办,448,468,433,565,502,551
吉林外国语大学,吉林,长春市,否,否,语言类,民办,407,474,440,518,449,503
白城师范学院,吉林,白城市,否,否,师范类,公办,414,498,461,536,461,534
湖南科技学院,湖南,永州市,否,否,综合类,公办,463,481,476,553,486,541
通化师范学院,吉林,通化市,否,否,师范类,公办,438,493,439,537,464,502
湖南工商大学,湖南,长沙市,否,否,财经类,公办,507,558,533,596,525,577
衡阳师范学院,湖南,衡阳市,否,否,师范类,公办,407,476,499,570,498,561
吉林工程技术师范学院,吉林,长春市,否,否,师范类,公办,425,500,430,542,462,527
长春中医药大学,吉林,长春市,否,否,医药类,公办,528,575,545,606,551,592
湘南学院,湖南,郴州市,否,否,综合类,公办,438,522,510,565,514,547
湖南中医药大学,湖南,长沙市,否,否,医药类,公办,524,582,535,613,558,615
中南林业科技大学,湖南,长沙市,否,否,农林类,公办,504,544,526,589,528,565
湖南工程学院,湖南,湘潭市,否,否,理工类,公办,471,506,480,546,484,521
湖南工业大学,湖南,株洲市,否,否,综合类,公办,514,549,527,594,534,583
湖南城市学院,湖南,益阳市,否,否,综合类,公办,410,472,479,547,481,534
湖南理工学院,湖南,岳阳市,否,否,理工类,公办,425,535,518,575,519,561
长春工程学院,吉林,长春市,否,否,理工类,公办,452,493,462,537,435,532
湖南农业大学,湖南,长沙市,否,否,农林类,公办,512,516,526,565,526,580
南华大学,湖南,衡阳市,否,否,综合类,公办,513,553,527,597,525,589
吉林师范大学,吉林,四平市,否,否,师范类,公办,458,525,482,553,481,541
长沙理工大学,湖南,长沙市,否,否,理工类,公办,545,571,563,603,561,599
湖南科技大学,湖南,湘潭市,否,否,综合类,公办,520,541,527,600,520,589
长春师范大学,吉林,长春市,否,否,师范类,公办,407,475,497,566,506,558
吉首大学,湖南,湘西土家族苗族自治州,否,否,综合类,公办,405,466,508,570,512,561
湘潭大学,湖南,湘潭市,否,否,综合类,公办,549,560,562,616,555,604
长春理工大学,吉林,长春市,否,否,理工类,公办,515,552,529,589,520,570
长春大学,吉林,长春市,否,否,综合类,公办,468,514,485,559,487,552
西北政法大学,陕西,西安市,否,否,政法类,公办,540,596,610,627,602,617
西安财经大学,陕西,西安市,否,否,财经类,公办,539,563,547,596,536,574
北华大学,吉林,吉林市,否,否,综合类,公办,470,531,488,573,492,562
西安外国语大学,陕西,西安市,否,否,语言类,公办,525,568,548,610,575,599
青海民族大学,青海,西宁市,否,否,民族类,公办,447,501,453,548,480,523
陕西理工大学,陕西,汉中市,否,否,理工类,公办,501,532,515,576,517,563
青海师范大学,青海,西宁市,否,否,师范类,公办,422,527,505,567,511,558
宝鸡文理学院,陕西,宝鸡市,否,否,师范类,公办,456,502,489,546,505,531
咸阳师范学院,陕西,咸阳市,否,否,师范类,公办,413,510,500,567,492,554
陕西中医药大学,陕西,咸阳市,否,否,医药类,公办,549,577,562,608,561,599
西安邮电大学,陕西,西安市,否,否,理工类,公办,564,546,575,598,571,590
大理大学,云南,大理白族自治州,否,否,综合类,公办,502,536,528,582,533,574
西安工业大学,陕西,西安市,否,否,理工类,公办,526,556,529,596,531,580
云南警官学院,云南,昆明市,否,否,政法类,公办,481,531,503,569,501,554
云南财经大学,云南,昆明市,否,否,财经类,公办,515,544,511,578,549,579
红河学院,云南,红河哈尼族彝族自治州,否,否,综合类,公办,485,530,518,575,523,565
西安石油大学,陕西,西安市,否,否,理工类,公办,505,541,535,578,528,568
楚雄师范学院,云南,楚雄彝族自治州,否,否,师范类,公办,485,530,525,578,531,566
玉溪师范学院,云南,玉溪市,否,否,师范类,公办,485,530,528,580,535,571
云南中医药大学,云南,昆明市,否,否,医药类,公办,542,567,527,593,564,591
昆明医科大学,云南,昆明市,否,否,医药类,公办,572,519,559,555,592,541
西南林业大学,云南,昆明市,否,否,农林类,公办,495,541,515,585,523,575
云南民族大学,云南,昆明市,否,否,综合类,公办,527,553,523,583,541,578
云南师范大学,云南,昆明市,否,否,师范类,公办,540,561,527,591,565,593
云南农业大学,云南,昆明市,否,否,农林类,公办,500,530,515,574,520,565
昆明理工大学,云南,昆明市,否,否,理工类,公办,551,568,527,592,559,586
合肥大学,安徽,合肥市,否,否,综合类,公办,472,511,476,553,484,542
延安大学,陕西,延安市,否,否,综合类,公办,408,523,498,568,500,559
安徽财经大学,安徽,蚌埠市,否,否,财经类,公办,526,555,534,602,553,591
陕西师范大学,陕西,西安市,否,是,师范类,公办,587,591,580,615,619,632
西北农林科技大学,陕西,咸阳市,是,是,农林类,公办,568,589,585,626,583,620
西安交通大学,陕西,西安市,是,是,综合类,公办,646,619,650,647,645,636
上海杉达学院,上海,上海市,否,否,财经类,民办,405,465,430,508,375,443
淮北师范大学,安徽,淮北市,否,否,综合类,公办,480,531,511,577,527,567
上海戏剧学院,上海,上海市,否,否,艺术类,公办,588,578,623,613,608,607
上海体育大学,上海,上海市,否,否,体育类,公办,488,540,506,583,511,572
华东政法大学,上海,上海市,否,否,政法类,公办,590,599,595,633,599,639
安徽建筑大学,安徽,合肥市,否,否,理工类,公办,511,539,521,576,503,530
上海立信会计金融学院,上海,上海市,否,否,财经类,公办,545,583,565,624,583,618
上海对外经贸大学,上海,上海市,否,否,财经类,公办,563,564,575,614,592,616
上海应用技术大学,上海,上海市,否,否,理工类,公办,523,549,532,585,545,592
安徽师范大学,安徽,芜湖市,否,否,师范类,公办,510,550,526,605,552,593
上海海事大学,上海,上海市,否,否,理工类,公办,527,580,537,611,552,589
上海第二工业大学,上海,上海市,否,否,理工类,公办,529,511,544,552,540,500
上海师范大学,上海,上海市,否,否,综合类,公办,540,533,554,612,573,612
上海海洋大学,上海,上海市,否,否,农林类,公办,542,557,554,611,550,601
上海工程技术大学,上海,上海市,否,否,理工类,公办,483,515,503,571,512,563
广东财经大学,广东,广州市,否,否,财经类,公办,534,543,556,607,541,587
嘉应学院,广东,梅州市,否,否,综合类,公办,449,497,464,535,475,529
岭南师范学院,广东,湛江市,否,否,师范类,公办,423,519,471,568,465,553
广州大学,广东,广州市,否,否,综合类,公办,556,562,567,605,566,573
广东外语外贸大学,广东,广州市,否,否,语言类,公办,538,580,548,620,541,609
广州中医药大学,广东,广州市,否,否,医药类,公办,522,588,584,624,580,603
五邑大学,广东,江门市,否,否,综合类,公办,502,550,516,575,517,571
深圳大学,广东,深圳市,否,否,综合类,公办,589,592,596,625,584,625
太原师范学院,山西,晋中市,否,否,师范类,公办,441,510,431,561,495,552
山西大同大学,山西,大同市,否,否,综合类,公办,446,522,484,562,491,550
长治医学院,山西,长治市,否,否,医药类,公办,478,491,481,547,527,535
太原科技大学,山西,太原市,否,否,理工类,公办,480,502,501,547,506,537
中北大学,山西,太原市,否,否,综合类,公办,515,532,534,599,529,590
川北医学院,四川,南充市,否,否,医药类,公办,483,515,557,545,559,548
山西财经大学,山西,太原市,否,否,财经类,公办,453,528,473,575,507,564
四川轻化工大学,四川,自贡市,否,否,理工类,公办,488,529,511,570,517,555
山西师范大学,山西,太原市,否,否,师范类,公办,452,513,451,571,489,571
山西医科大学,山西,太原市,否,否,医药类,公办,539,558,534,587,566,558
成都信息工程大学,四川,成都市,否,否,理工类,公办,557,564,565,604,554,587
山西农业大学,山西,晋中市,否,否,农林类,公办,438,503,469,554,531,543
西南石油大学,四川,成都市,否,否,综合类,公办,558,567,565,608,558,594
中国民用航空飞行学院,四川,德阳市,否,否,理工类,公办,520,513,499,552,493,542
四川师范大学,四川,成都市,否,否,师范类,公办,502,561,560,618,566,608
成都中医药大学,四川,成都市,否,否,医药类,公办,544,587,567,605,540,621
西南科技大学,四川,绵阳市,否,否,理工类,公办,521,547,541,597,538,587
山西大学,山西,太原市,否,否,综合类,公办,547,578,554,612,522,596
浙江万里学院,浙江,宁波市,否,否,理工类,公办,440,499,462,538,464,527
浙江财经大学,浙江,杭州市,否,否,财经类,公办,543,579,549,617,581,611
浙江工商大学,浙江,杭州市,否,否,财经类,公办,512,555,541,605,544,587
温州大学,浙江,温州市,否,否,综合类,公办,509,557,515,585,522,572
绍兴文理学院,浙江,绍兴市,否,否,综合类,公办,406,470,477,552,487,547
台州学院,浙江,台州市,否,否,综合类,公办,458,526,482,551,475,544
湖州师范学院,浙江,湖州市,否,否,综合类,公办,541,468,554,565,486,556
杭州师范大学,浙江,杭州市,否,否,综合类,公办,525,540,515,611,567,600
浙江农林大学,浙江,杭州市,否,否,农林类,公办,504,561,529,594,525,576
浙江海洋大学,浙江,舟山市,否,否,农林类,公办,486,526,505,567,506,546
中国计量大学,浙江,杭州市,否,否,理工类,公办,539,567,545,610,530,604
西华大学,四川,成都市,否,否,综合类,公办,521,565,535,603,534,586
嘉兴大学,浙江,嘉兴市,否,否,综合类,公办,488,503,500,572,498,556
浙江理工大学,浙江,杭州市,否,否,理工类,公办,564,573,576,605,577,577
浙江师范大学,浙江,金华市,否,否,综合类,公办,524,543,516,614,582,616
宁波大学,浙江,宁波市,否,否,综合类,公办,550,546,561,605,528,606
喀什大学,新疆,喀什地区,否,否,综合类,公办,441,510,465,548,475,537
新疆师范大学,新疆,乌鲁木齐市,否,否,师范类,公办,446,525,445,565,496,551
新疆农业大学,新疆,乌鲁木齐市,否,否,农林类,公办,443,499,465,540,463,509
成都理工大学,四川,成都市,否,否,理工类,公办,546,574,565,606,562,586
西南民族大学,四川,成都市,否,否,民族类,公办,538,568,541,607,547,600
东北财经大学,辽宁,大连市,否,否,财经类,公办,544,584,558,613,588,602
辽宁师范大学,辽宁,大连市,否,否,师范类,公办,476,527,497,578,538,573
沈阳大学,辽宁,沈阳市,否,否,综合类,公办,447,502,462,533,493,553
沈阳师范大学,辽宁,沈阳市,否,否,师范类,公办,467,480,470,557,496,548
大连交通大学,辽宁,大连市,否,否,理工类,公办,531,533,538,569,549,555
大连大学,辽宁,大连市,否,否,综合类,公办,470,520,504,576,511,571
沈阳理工大学,辽宁,沈阳市,否,否,理工类,公办,484,522,505,555,505,549
大连外国语大学,辽宁,大连市,否,否,语言类,公办,508,542,549,599,557,591
渤海大学,辽宁,锦州市,否,否,综合类,公办,449,505,452,518,503,557
沈阳航空航天大学,辽宁,沈阳市,否,否,理工类,公办,538,523,546,579,546,570
大连民族大学,辽宁,大连市,否,否,民族类,公办,510,555,521,571,532,559
鞍山师范学院,辽宁,鞍山市,否,否,师范类,公办,437,499,438,540,472,531
重庆三峡学院,重庆,重庆市,否,否,综合类,公办,476,532,504,572,508,562
井冈山大学,江西,吉安市,否,否,综合类,公办,463,472,490,549,487,538
四川美术学院,重庆,重庆市,否,否,艺术类,公办,533,521,515,574,502,567
九江学院,江西,九江市,否,否,综合类,公办,489,511,483,550,490,536
四川外国语大学,重庆,重庆市,否,否,语言类,公办,504,557,550,609,573,604
宜春学院,江西,宜春市,否,否,综合类,公办,476,511,440,546,483,533
长江师范学院,重庆,重庆市,否,否,师范类,公办,453,502,490,558,495,552
江西科技师范大学,江西,南昌市,否,否,师范类,公办,452,512,478,555,478,511
辽东学院,辽宁,丹东市,否,否,综合类,公办,405,495,459,536,448,525
重庆理工大学,重庆,重庆市,否,否,理工类,公办,508,512,523,577,530,567
上饶师范学院,江西,上饶市,否,否,师范类,公办,412,524,503,565,495,553
江西中医药大学,江西,南昌市,否,否,医药类,公办,532,580,546,617,552,603
景德镇陶瓷大学,江西,景德镇市,否,否,艺术类,公办,473,518,480,554,486,542
西南政法大学,重庆,重庆市,否,否,政法类,公办,577,612,617,638,615,631
重庆师范大学,重庆,重庆市,否,否,师范类,公办,527,565,528,586,532,582
东华理工大学,江西,南昌市,否,否,理工类,公办,508,552,529,589,527,565
江西财经大学,江西,南昌市,否,否,财经类,公办,487,568,567,610,556,565
江西师范大学,江西,南昌市,否,否,师范类,公办,510,559,518,601,557,597
扬州大学,江苏,扬州市,否,否,综合类,公办,524,570,548,615,565,605
江西农业大学,江西,南昌市,否,否,农林类,公办,493,542,518,579,520,555
南京工业大学,江苏,南京市,否,否,理工类,公办,531,535,542,604,561,595
江苏大学,江苏,镇江市,否,否,综合类,公办,541,573,550,602,577,568
南京林业大学,江苏,南京市,否,否,农林类,公办,530,561,552,583,554,599
江苏师范大学,江苏,徐州市,否,否,师范类,公办,482,537,508,582,518,571
南京信息工程大学,江苏,南京市,否,否,综合类,公办,571,578,576,613,573,601
江西理工大学,江西,赣州市,否,否,理工类,公办,511,562,529,592,532,568
南京财经大学,江苏,南京市,否,否,财经类,公办,538,567,550,614,551,604
苏州科技大学,江苏,苏州市,否,否,综合类,公办,517,545,539,597,550,584
南京中医药大学,江苏,南京市,否,否,医药类,公办,526,603,525,612,587,622
江苏科技大学,江苏,镇江市,否,否,理工类,公办,521,566,524,599,559,575
华东交通大学,江西,南昌市,否,否,理工类,公办,544,533,553,574,552,565
常州大学,江苏,常州市,否,否,理工类,公办,536,567,541,595,534,563
盐城工学院,江苏,盐城市,否,否,理工类,公办,452,496,470,539,475,504
盐城师范学院,江苏,盐城市,否,否,师范类,公办,451,507,469,550,474,522
淮阴工学院,江苏,淮安市,否,否,理工类,公办,447,503,463,540,468,524
南京审计大学,江苏,南京市,否,否,财经类,公办,560,579,571,616,579,615
南京晓庄学院,江苏,南京市,否,否,师范类,公办,478,523,501,561,506,559
南京工程学院,江苏,南京市,否,否,理工类,公办,511,526,512,563,514,548
北京科技大学,北京,北京市,否,是,理工类,公办,606,594,614,631,608,619
东北师范大学,吉林,长春市,否,是,师范类,公办,573,598,601,629,628,632
清华大学,北京,北京市,是,是,综合类,公办,698,678,705,697,696,695
东北农业大学,黑龙江,哈尔滨市,否,是,农林类,公办,533,580,544,608,548,600
上海外国语大学,上海,上海市,否,是,语言类,公办,595,605,607,641,601,642
东北大学,辽宁,沈阳市,是,是,理工类,公办,592,597,603,629,600,625
华东理工大学,上海,上海市,否,是,理工类,公办,604,594,610,626,610,613
复旦大学,上海,上海市,是,是,综合类,公办,668,648,678,672,664,674
华东师范大学,上海,上海市,是,是,师范类,公办,610,615,663,660,655,655
上海财经大学,上海,上海市,否,是,财经类,公办,622,619,639,643,630,664
延边大学,吉林,延边朝鲜族自治州,否,是,综合类,公办,519,565,539,600,546,587
武汉理工大学,湖北,武汉市,否,是,理工类,公办,593,591,606,625,602,616
华中科技大学,湖北,武汉市,是,是,综合类,公办,654,608,656,647,642,643
山东大学,山东,济南市,是,是,综合类,公办,610,618,625,644,622,641
上海交通大学,上海,上海市,是,是,综合类,公办,680,660,687,681,681,681
哈尔滨工程大学,黑龙江,哈尔滨市,否,是,理工类,公办,599,583,605,611,591,569
中南大学,湖南,长沙市,是,是,综合类,公办,609,610,616,640,610,635
吉林大学,吉林,长春市,是,是,综合类,公办,603,614,619,646,606,644
中国地质大学（武汉）,湖北,武汉市,否,是,理工类,公办,573,587,584,625,583,618
重庆大学,重庆,重庆市,是,是,综合类,公办,610,612,622,643,618,637
苏州大学,江苏,苏州市,否,是,综合类,公办,591,604,598,635,598,632
中国药科大学,江苏,南京市,否,是,医药类,公办,595,593,604,625,592,618
河海大学,江苏,南京市,否,是,综合类,公办,588,586,597,626,590,622
浙江大学,浙江,杭州市,是,是,综合类,公办,669,648,684,671,673,671
南京农业大学,江苏,南京市,否,是,农林类,公办,552,583,576,620,570,612
南京大学,江苏,南京市,是,是,综合类,公办,662,645,674,670,666,667
中国矿业大学,江苏,徐州市,否,是,综合类,公办,569,590,581,622,571,614
东南大学,江苏,南京市,是,是,综合类,公办,635,622,646,648,637,638
南昌大学,江西,南昌市,否,是,综合类,公办,573,585,579,624,579,615
西北工业大学,陕西,西安市,是,是,理工类,公办,631,603,641,635,630,625
暨南大学,广东,广州市,否,是,综合类,公办,600,602,609,631,611,630
中山大学,广东,广州市,是,是,综合类,公办,631,630,645,652,631,648
福州大学,福建,福州市,否,是,理工类,公办,571,591,588,628,585,621
厦门大学,福建,厦门市,是,是,综合类,公办,627,627,640,653,634,652
西南财经大学,四川,成都市,否,是,财经类,公办,594,599,613,635,609,626
四川大学,四川,成都市,是,是,综合类,公办,611,604,626,644,606,647
华南师范大学,广东,广州市,否,是,师范类,公办,581,594,598,631,593,623
兰州大学,甘肃,兰州市,是,是,综合类,公办,596,595,598,630,603,623
广西大学,广西,南宁市,否,是,综合类,公办,555,548,562,615,565,603
天津农学院,天津,天津市,否,否,农林类,公办,448,501,468,545,460,534
天津职业技术师范大学,天津,天津市,否,否,师范类,公办,465,515,492,563,471,556
天津中医药大学,天津,天津市,否,否,医药类,公办,527,558,538,598,539,585
中国民航大学,天津,天津市,否,否,理工类,公办,543,568,545,607,567,595
天津外国语大学,天津,天津市,否,否,语言类,公办,513,546,541,605,567,595
江南大学,江苏,无锡市,否,是,综合类,公办,594,592,605,625,595,621
天津商业大学,天津,天津市,否,否,财经类,公办,509,564,526,597,554,592
天津财经大学,天津,天津市,否,否,财经类,公办,529,551,522,593,546,602
天津科技大学,天津,天津市,否,否,理工类,公办,507,521,514,576,516,567
天津工业大学,天津,天津市,否,否,综合类,公办,545,570,561,611,563,595
天津师范大学,天津,天津市,否,否,师范类,公办,536,552,566,612,565,604
上海大学,上海,上海市,否,是,综合类,公办,595,604,603,632,606,638
上海交通大学医学院,上海,上海市,是,是,医药类,公办,683,600,690,633,689,619
新疆大学,新疆,乌鲁木齐市,否,是,综合类,公办,520,558,533,600,532,588
同济大学,上海,上海市,是,是,综合类,公办,635,626,654,654,651,651
济南大学,山东,济南市,否,否,综合类,公办,510,535,526,575,534,574
安徽农业大学,安徽,合肥市,否,否,农林类,公办,505,530,524,568,520,503
安徽大学,安徽,合肥市,否,是,综合类,公办,569,586,579,617,581,581
滨州医学院,山东,烟台市,否,否,医药类,公办,475,534,500,571,500,559
合肥工业大学,安徽,合肥市,否,是,理工类,公办,583,582,584,619,585,609
郑州大学,河南,郑州市,否,是,综合类,公办,571,590,564,627,582,621
中国海洋大学,山东,青岛市,是,是,综合类,公办,591,596,604,632,605,622
天津大学,天津,天津市,是,是,综合类,公办,637,624,648,649,641,643
南开大学,天津,天津市,是,是,综合类,公办,638,630,652,659,650,657
湖南师范大学,湖南,长沙市,否,是,师范类,公办,570,578,595,627,566,626
河北经贸大学,河北,石家庄市,否,否,财经类,公办,434,472,491,572,510,563
河北科技大学,河北,石家庄市,否,否,理工类,公办,475,532,498,577,459,566
河北大学,河北,保定市,否,否,综合类,公办,518,566,540,606,541,600
对外经济贸易大学,北京,北京市,否,是,财经类,公办,614,624,629,650,628,649
北京师范大学,北京,北京市,是,是,师范类,公办,618,632,644,663,657,660
西南交通大学,四川,成都市,否,是,理工类,公办,595,597,602,632,595,626
辽宁大学,辽宁,沈阳市,否,是,综合类,公办,557,571,569,621,571,611
北京中医药大学,北京,北京市,否,是,医药类,公办,566,598,609,630,607,638
中国人民大学,北京,北京市,是,是,综合类,公办,658,650,675,673,666,669
中央民族大学,北京,北京市,是,是,民族类,公办,584,601,610,640,608,635
湖南大学,湖南,长沙市,是,是,综合类,公办,610,608,622,643,616,641
北京林业大学,北京,北京市,否,是,农林类,公办,562,579,584,625,585,614
武汉大学,湖北,武汉市,是,是,综合类,公办,635,635,655,665,644,662
北京外国语大学,北京,北京市,否,是,语言类,公办,599,607,613,642,617,639
北京交通大学,北京,北京市,否,是,理工类,公办,607,600,615,637,606,630
西北大学,陕西,西安市,否,是,综合类,公办,572,591,582,628,581,624
长安大学,陕西,西安市,否,是,理工类,公办,575,589,584,623,577,616
云南大学,云南,昆明市,否,是,综合类,公办,568,590,582,624,587,613
哈尔滨工业大学,黑龙江,哈尔滨市,是,是,理工类,公办,657,601,653,627,640,633
大连海事大学,辽宁,大连市,否,是,理工类,公办,572,587,582,624,577,613
内蒙古大学,内蒙古,呼和浩特市,否,是,综合类,公办,500,572,535,604,537,590
北京大学,北京,北京市,是,是,综合类,公办,701,667,711,692,700,685
