﻿名称,省,市,985,211,学校类型,学校属性,2023年理科录取分数,2023年文科录取分数,2022年理科录取分数,2022年文科录取分数,2021年理科录取分数,2021年文科录取分数
烟台科技学院,山东,烟台市,否,否,综合类,民办,384,481,366,473,378,496
江苏海洋大学,江苏,连云港市,否,否,理工类,公办,459,555,426,533,429,542
福建技术师范学院,福建,福州市,否,否,师范类,公办,412,521,393,515,406,516
复旦大学上海医学院,上海,上海市,是,是,医药类,公办,676,616,650,615,659,611
南京审计大学金审学院,江苏,南京市,否,否,财经类,民办,392,501,361,493,409,498
中国石油大学（北京）克拉玛依校区,新疆,克拉玛依市,否,是,理工类,公办,505,568,481,568,471,572
深圳技术大学,广东,深圳市,否,否,理工类,公办,535,562,510,557,508,576
滇西应用技术大学,云南,大理白族自治州,否,否,综合类,公办,434,507,412,499,415,528
鄂尔多斯应用技术学院,内蒙古,鄂尔多斯市,否,否,理工类,公办,403,503,393,497,394,482
合肥工业大学宣城校区,安徽,宣城市,否,是,综合类,公办,547,595,546,598,539,602
江苏第二师范学院,江苏,南京市,否,否,师范类,公办,413,479,405,538,447,550
泰州学院,江苏,泰州市,否,否,综合类,公办,410,512,396,473,376,523
营口理工学院,辽宁,营口市,否,否,理工类,公办,402,503,394,503,388,506
河北中医药大学,河北,石家庄市,否,否,医药类,公办,464,550,443,548,450,552
山东农业工程学院,山东,济南市,否,否,农林类,公办,406,509,363,503,401,497
山东管理学院,山东,济南市,否,否,综合类,公办,420,513,404,508,411,511
贵州理工学院,贵州,贵阳市,否,否,理工类,公办,479,516,469,515,471,522
武警警官学院,四川,成都市,否,否,军事类,公办,520,608,512,578,504,589
张家口学院,河北,张家口市,否,否,综合类,公办,435,518,418,513,422,508
南昌师范学院,江西,南昌市,否,否,师范类,公办,445,523,431,511,436,515
江西服装学院,江西,南昌市,否,否,艺术类,民办,375,477,364,471,368,480
山西传媒学院,山西,晋中市,否,否,艺术类,公办,396,531,401,534,424,538
陕西服装工程学院,陕西,咸阳市,否,否,综合类,民办,385,485,377,473,368,481
南昌工学院,江西,南昌市,否,否,理工类,民办,372,488,369,478,372,483
河北科技学院,河北,唐山市,否,否,理工类,民办,388,483,362,471,382,487
福州外语外贸学院,福建,福州市,否,否,财经类,民办,374,478,373,479,378,494
山东协和学院,山东,济南市,否,否,医药类,民办,385,483,378,475,382,484
广西外国语学院,广西,南宁市,否,否,语言类,民办,371,480,363,472,379,485
华北理工大学轻工学院,河北,唐山市,否,否,理工类,民办,376,480,360,475,384,480
陕西学前师范学院,陕西,西安市,否,否,师范类,公办,433,505,417,476,422,535
天津外国语大学滨海外事学院,天津,天津市,否,否,语言类,民办,373,485,377,472,386,503
浙江外国语学院,浙江,杭州市,否,否,语言类,公办,374,514,429,488,428,551
新疆政法学院,新疆,自治区直辖县级行政区划,否,否,政法类,公办,409,517,401,504,326,436
内蒙古科技大学包头师范学院,内蒙古,包头市,否,否,师范类,公办,398,511,399,504,388,509
银川科技学院,宁夏,银川市,否,否,综合类,民办,377,482,361,475,369,479
北京第二外国语学院,北京,北京市,否,否,语言类,公办,474,545,508,595,511,606
广东第二师范学院,广东,广州市,否,否,师范类,公办,449,548,437,546,448,553
山东青年政治学院,山东,济南市,否,否,综合类,公办,417,517,389,514,412,520
齐鲁师范学院,山东,济南市,否,否,师范类,公办,404,525,399,518,389,530
福建江夏学院,福建,福州市,否,否,财经类,公办,410,519,387,510,422,516
衢州学院,浙江,衢州市,否,否,综合类,公办,415,519,396,511,373,521
宁夏大学新华学院,宁夏,银川市,否,否,综合类,民办,390,506,367,483,377,503
贵州医科大学神奇民族医药学院,贵州,贵阳市,否,否,医药类,民办,383,494,400,482,402,494
贵阳人文科技学院,贵州,贵阳市,否,否,民族类,民办,376,477,373,487,382,500
贵州黔南经济学院,贵州,黔南布依族苗族自治州,否,否,财经类,民办,383,483,368,478,379,487
贵州中医药大学时珍学院,贵州,贵阳市,否,否,医药类,民办,392,491,376,481,384,487
遵义医科大学医学与科技学院,贵州,遵义市,否,否,医药类,民办,398,488,382,479,395,486
兴义民族师范学院,贵州,黔西南布依族苗族自治州,否,否,师范类,公办,415,515,403,509,403,510
西安科技大学高新学院,陕西,西安市,否,否,理工类,民办,378,481,364,473,374,482
西安明德理工学院,陕西,西安市,否,否,综合类,民办,378,483,364,476,372,482
南通大学杏林学院,江苏,南通市,否,否,综合类,民办,388,488,360,472,379,496
江苏科技大学苏州理工学院,江苏,苏州市,否,否,理工类,民办,391,491,361,487,388,497
南京邮电大学通达学院,江苏,扬州市,否,否,综合类,民办,397,494,379,487,382,500
江苏师范大学科文学院,江苏,徐州市,否,否,综合类,民办,390,495,365,496,385,507
扬州大学广陵学院,江苏,扬州市,否,否,综合类,民办,391,502,360,489,387,502
苏州科技大学天平学院,江苏,苏州市,否,否,综合类,民办,390,496,369,481,383,494
苏州大学应用技术学院,江苏,苏州市,否,否,综合类,民办,391,489,374,477,377,490
苏州城市学院,江苏,苏州市,否,否,综合类,公办,436,527,418,525,411,525
南京医科大学康达学院,江苏,连云港市,否,否,医药类,民办,398,493,369,471,392,498
南京师范大学中北学院,江苏,镇江市,否,否,综合类,民办,386,504,364,496,387,508
南京工业大学浦江学院,江苏,南京市,否,否,理工类,民办,392,486,360,481,382,493
南京传媒学院,江苏,南京市,否,否,艺术类,民办,382,495,390,498,367,480
南京航空航天大学金城学院,江苏,南京市,否,否,理工类,民办,393,490,366,483,382,491
南京理工大学紫金学院,江苏,南京市,否,否,理工类,民办,400,500,387,495,393,507
黑龙江财经学院,黑龙江,哈尔滨市,否,否,财经类,民办,373,480,362,471,375,482
黑龙江工程学院昆仑旅游学院,黑龙江,哈尔滨市,否,否,理工类,民办,376,477,360,471,367,479
哈尔滨石油学院,黑龙江,哈尔滨市,否,否,理工类,民办,375,477,360,471,369,479
哈尔滨广厦学院,黑龙江,哈尔滨市,否,否,综合类,民办,377,479,362,471,369,479
哈尔滨剑桥学院,黑龙江,哈尔滨市,否,否,综合类,民办,371,477,362,474,370,480
黑龙江工商学院,黑龙江,哈尔滨市,否,否,综合类,民办,373,479,361,471,367,479
哈尔滨华德学院,黑龙江,哈尔滨市,否,否,理工类,民办,372,477,360,471,369,479
昆明理工大学津桥学院,云南,昆明市,否,否,理工类,民办,377,478,360,471,388,495
丽江文化旅游学院,云南,丽江市,否,否,综合类,民办,385,483,363,478,374,482
滇池学院,云南,昆明市,否,否,综合类,民办,385,493,364,485,374,496
文山学院,云南,文山壮族苗族自治州,否,否,综合类,公办,402,513,397,508,399,514
保山学院,云南,保山市,否,否,综合类,公办,413,513,367,511,421,517
聊城大学东昌学院,山东,聊城市,否,否,综合类,民办,393,487,368,476,384,503
齐鲁理工学院,山东,济南市,否,否,综合类,民办,382,480,360,472,376,480
青岛工学院,山东,青岛市,否,否,综合类,民办,372,482,367,475,371,483
泰山科技学院,山东,泰安市,否,否,理工类,民办,309,393,291,419,344,449
西南交通大学希望学院,四川,成都市,否,否,综合类,民办,444,500,407,498,405,496
西南财经大学天府学院,四川,绵阳市,否,否,财经类,民办,400,498,388,492,381,495
四川大学锦江学院,四川,眉山市,否,否,综合类,民办,400,502,383,499,397,506
绵阳城市学院,四川,绵阳市,否,否,理工类,民办,397,497,380,488,367,489
成都锦城学院,四川,成都市,否,否,综合类,民办,402,505,391,506,392,511
成都外国语学院,四川,成都市,否,否,语言类,民办,397,477,381,498,395,505
成都银杏酒店管理学院,四川,成都市,否,否,财经类,民办,383,485,366,476,379,485
成都理工大学工程技术学院,四川,乐山市,否,否,理工类,民办,400,496,384,493,374,506
成都大学,四川,成都市,否,否,综合类,公办,468,557,441,559,471,564
新疆科技学院,新疆,巴音郭楞蒙古自治州,否,否,财经类,公办,404,505,388,499,394,504
湛江科技学院,广东,湛江市,否,否,综合类,民办,378,479,363,472,367,479
衡阳师范学院南岳学院,湖南,衡阳市,否,否,师范类,民办,412,514,398,507,391,511
湖南理工学院南湖学院,湖南,岳阳市,否,否,理工类,民办,400,493,386,495,368,505
湖南文理学院芙蓉学院,湖南,常德市,否,否,综合类,民办,372,507,388,506,384,510
南华大学船山学院,湖南,衡阳市,否,否,综合类,民办,391,504,386,474,386,504
湘潭大学兴湘学院,湖南,湘潭市,否,否,综合类,民办,388,504,387,496,391,506
湖南工业大学科技学院,湖南,株洲市,否,否,综合类,民办,400,495,386,494,395,496
湖南科技大学潇湘学院,湖南,湘潭市,否,否,综合类,民办,391,504,366,501,403,512
长沙理工大学城南学院,湖南,长沙市,否,否,理工类,民办,401,504,389,498,390,486
湖南农业大学东方科技学院,湖南,长沙市,否,否,综合类,民办,386,496,381,492,385,498
湖南第一师范学院,湖南,长沙市,否,否,师范类,公办,449,549,411,552,459,560
武汉传媒学院,湖北,武汉市,否,否,艺术类,民办,380,482,360,473,379,497
湖北恩施学院,湖北,恩施土家族苗族自治州,否,否,综合类,民办,404,490,387,482,376,480
湖北工程学院新技术学院,湖北,孝感市,否,否,综合类,民办,395,500,381,495,385,499
武汉文理学院,湖北,武汉市,否,否,综合类,民办,392,494,379,488,382,493
江西财经大学现代经济管理学院,江西,九江市,否,否,财经类,民办,392,498,372,481,382,501
南昌医学院,江西,南昌市,否,否,医药类,公办,468,541,457,538,457,540
南昌航空大学科技学院,江西,九江市,否,否,理工类,民办,394,496,376,485,387,500
赣东学院,江西,抚州市,否,否,综合类,公办,410,524,397,515,408,514
赣南科技学院,江西,赣州市,否,否,理工类,公办,421,510,400,507,403,512
南昌交通学院,江西,南昌市,否,否,理工类,民办,383,482,366,473,367,479
江西师范大学科学技术学院,江西,九江市,否,否,综合类,民办,398,508,395,503,400,510
江西农业大学南昌商学院,江西,九江市,否,否,综合类,民办,390,497,360,492,388,498
南昌大学科学技术学院,江西,九江市,否,否,综合类,民办,389,493,376,497,377,498
厦门工学院,福建,厦门市,否,否,理工类,民办,371,477,360,472,381,480
浙江越秀外国语学院,浙江,绍兴市,否,否,语言类,民办,371,477,360,471,367,479
宁波财经学院,浙江,宁波市,否,否,财经类,民办,371,477,360,471,369,479
上海财经大学浙江学院,浙江,金华市,否,否,财经类,民办,381,477,361,471,367,496
温州商学院,浙江,温州市,否,否,财经类,民办,371,477,360,471,368,479
嘉兴南湖学院,浙江,嘉兴市,否,否,财经类,公办,435,532,410,520,402,517
浙江财经大学东方学院,浙江,嘉兴市,否,否,财经类,民办,376,492,365,479,369,491
中国计量大学现代科技学院,浙江,金华市,否,否,理工类,民办,372,498,367,492,371,496
浙江工商大学杭州商学院,浙江,杭州市,否,否,财经类,民办,377,482,360,475,380,479
温州理工学院,浙江,温州市,否,否,理工类,公办,438,528,416,514,407,515
绍兴文理学院元培学院,浙江,绍兴市,否,否,综合类,民办,380,487,361,471,375,487
湖州学院,浙江,湖州市,否,否,综合类,公办,423,519,404,514,404,515
浙江农林大学暨阳学院,浙江,绍兴市,否,否,农林类,民办,371,483,363,476,369,480
杭州电子科技大学信息工程学院,浙江,杭州市,否,否,理工类,民办,381,483,365,478,376,484
宁波大学科学技术学院,浙江,宁波市,否,否,综合类,民办,380,482,360,472,370,487
浙江师范大学行知学院,浙江,金华市,否,否,综合类,民办,382,481,365,471,375,497
浙江工业大学之江学院,浙江,绍兴市,否,否,理工类,民办,377,490,360,482,375,488
浙大城市学院,浙江,杭州市,否,否,综合类,公办,456,538,446,539,452,547
广西中医药大学赛恩斯新医药学院,广西,南宁市,否,否,医药类,民办,406,517,394,505,397,507
广西民族大学相思湖学院,广西,南宁市,否,否,民族类,民办,397,495,383,486,385,493
柳州工学院,广西,柳州市,否,否,理工类,民办,379,480,360,477,375,484
桂林信息科技学院,广西,桂林市,否,否,理工类,民办,371,477,364,471,376,490
桂林学院,广西,桂林市,否,否,综合类,民办,377,480,361,472,389,500
广西民族师范学院,广西,崇左市,否,否,师范类,公办,421,520,406,515,404,519
甘肃民族师范学院,甘肃,甘南藏族自治州,否,否,师范类,公办,426,515,412,513,406,518
大连东软信息学院,辽宁,大连市,否,否,理工类,民办,372,477,361,473,367,481
沈阳科技学院,辽宁,沈阳市,否,否,理工类,民办,376,478,360,473,368,481
大连医科大学中山学院,辽宁,大连市,否,否,医药类,民办,397,478,382,480,383,484
辽宁中医药大学杏林学院,辽宁,沈阳市,否,否,医药类,民办,403,501,384,492,389,498
辽宁师范大学海华学院,辽宁,大连市,否,否,综合类,民办,376,480,362,472,370,481
大连科技学院,辽宁,大连市,否,否,理工类,民办,375,477,361,471,367,479
沈阳城市学院,辽宁,沈阳市,否,否,综合类,民办,371,477,360,471,368,479
山西晋中理工学院,山西,晋中市,否,否,理工类,民办,390,483,373,477,377,479
晋中信息学院,山西,晋中市,否,否,理工类,民办,406,497,378,487,378,493
内蒙古大学创业学院,内蒙古,呼和浩特市,否,否,综合类,民办,385,493,366,489,380,495
长春大学旅游学院,吉林,长春市,否,否,综合类,民办,372,477,360,471,367,479
长春财经学院,吉林,长春市,否,否,财经类,民办,371,483,368,477,368,479
长春光华学院,吉林,长春市,否,否,综合类,民办,377,479,360,471,370,481
天津天狮学院,天津,天津市,否,否,综合类,民办,371,477,360,471,373,480
天津财经大学珠江学院,天津,天津市,否,否,综合类,民办,386,486,360,471,379,490
天津理工大学中环信息学院,天津,天津市,否,否,综合类,民办,385,486,365,478,376,485
北京科技大学天津学院,天津,天津市,否,否,综合类,民办,383,477,364,471,375,495
天津商业大学宝德学院,天津,天津市,否,否,财经类,民办,383,485,364,477,377,485
民政职业大学,北京,北京市,否,否,政法类,公办,355,469,312,426,314,459
宁夏理工学院,宁夏,石嘴山市,否,否,理工类,民办,383,483,366,479,373,490
贵阳信息科技学院,贵州,贵阳市,否,否,理工类,民办,371,477,374,478,378,497
贵州黔南科技学院,贵州,黔南布依族苗族自治州,否,否,综合类,民办,382,484,372,479,376,488
贵州交通职业大学,贵州,贵阳市,否,否,理工类,公办,372,472,352,456,351,459
贵州警察学院,贵州,贵阳市,否,否,政法类,公办,443,526,434,517,430,520
西安交通工程学院,陕西,西安市,否,否,理工类,民办,379,480,364,471,384,491
西安信息职业大学,陕西,西安市,否,否,理工类,民办,380,479,362,473,373,394
西安汽车职业大学,陕西,西安市,否,否,理工类,民办,380,284,364,472,371,300
西安欧亚学院,陕西,西安市,否,否,财经类,民办,371,477,366,472,371,479
陕西国际商贸学院,陕西,咸阳市,否,否,财经类,民办,382,481,362,479,378,482
无锡太湖学院,江苏,无锡市,否,否,综合类,民办,371,477,360,476,376,485
云南工商学院,云南,昆明市,否,否,理工类,民办,377,498,195,492,318,494
云南经济管理学院,云南,昆明市,否,否,财经类,民办,389,489,376,479,372,479
昆明文理学院,云南,昆明市,否,否,师范类,民办,381,488,375,483,367,480
昭通学院,云南,昭通市,否,否,综合类,公办,426,518,410,509,415,517
青岛黄海学院,山东,青岛市,否,否,综合类,民办,380,480,362,473,374,479
青岛恒星科技学院,山东,青岛市,否,否,综合类,民办,378,479,360,472,370,479
齐鲁医药学院,山东,淄博市,否,否,医药类,民办,396,488,360,486,401,517
潍坊科技学院,山东,潍坊市,否,否,综合类,民办,387,494,363,486,378,493
山东英才学院,山东,济南市,否,否,综合类,民办,374,477,360,471,371,479
山东石油化工学院,山东,东营市,否,否,理工类,公办,409,515,400,506,400,510
济宁学院,山东,济宁市,否,否,综合类,公办,409,513,398,510,395,516
新疆天山职业技术大学,新疆,乌鲁木齐市,否,否,综合类,民办,387,486,370,476,383,492
广东外语外贸大学南国商学院,广东,广州市,否,否,综合类,民办,385,481,360,471,373,484
广州城市理工学院,广东,广州市,否,否,理工类,民办,371,477,360,471,372,495
广州华立学院,广东,广州市,否,否,理工类,民办,373,477,362,473,367,480
广州商学院,广东,广州市,否,否,财经类,民办,372,477,360,472,369,479
广东轻工职业技术大学,广东,广州市,否,否,理工类,公办,383,485,361,470,358,473
湖南软件职业技术大学,湖南,湘潭市,否,否,理工类,民办,217,290,221,261,214,352
湖南交通工程学院,湖南,衡阳市,否,否,理工类,民办,375,489,383,474,371,489
湖南应用技术学院,湖南,常德市,否,否,综合类,民办,378,483,371,473,367,483
湖南汽车工程职业大学,湖南,株洲市,否,否,理工类,公办,321,375,271,311,241,272
湖南女子学院,湖南,长沙市,否,否,综合类,公办,437,507,422,505,410,508
湖南警察学院,湖南,长沙市,否,否,政法类,公办,454,516,442,480,445,550
湖南财政经济学院,湖南,长沙市,否,否,财经类,公办,455,540,429,534,461,541
武汉生物工程学院,湖北,武汉市,否,否,理工类,民办,391,491,376,486,382,488
武汉晴川学院,湖北,武汉市,否,否,综合类,民办,379,479,361,471,376,488
荆州学院,湖北,荆州市,否,否,理工类,民办,379,483,373,478,367,479
长江大学文理学院,湖北,荆州市,否,否,综合类,民办,408,501,392,496,394,500
湖北文理学院理工学院,湖北,襄阳市,否,否,理工类,民办,387,498,379,489,381,498
湖北师范大学文理学院,湖北,黄石市,否,否,师范类,民办,378,502,379,497,392,502
武汉工程大学邮电与信息工程学院,湖北,武汉市,否,否,理工类,民办,377,482,372,476,367,481
武昌工学院,湖北,武汉市,否,否,综合类,民办,379,481,360,476,374,479
湖北商贸学院,湖北,武汉市,否,否,财经类,民办,380,483,367,475,368,480
湖北工业大学工程技术学院,湖北,武汉市,否,否,综合类,民办,388,482,360,472,378,486
武汉工商学院,湖北,武汉市,否,否,综合类,民办,382,485,368,479,372,481
湖北大学知行学院,湖北,武汉市,否,否,理工类,民办,390,500,363,491,382,499
郑州工程技术学院,河南,郑州市,否,否,理工类,公办,414,504,403,507,406,508
河南财政金融学院,河南,郑州市,否,否,财经类,公办,418,520,405,521,421,525
泉州信息工程学院,福建,泉州市,否,否,理工类,民办,376,479,364,475,376,484
闽南理工学院,福建,泉州市,否,否,理工类,民办,374,478,364,478,383,481
福州大学至诚学院,福建,福州市,否,否,综合类,民办,388,497,360,490,381,500
闽南科技学院,福建,泉州市,否,否,理工类,民办,382,480,374,471,384,490
福建师范大学协和学院,福建,福州市,否,否,综合类,民办,378,497,386,502,394,506
厦门大学嘉庚学院,福建,漳州市,否,否,综合类,民办,396,503,383,499,367,479
福建商学院,福建,福州市,否,否,财经类,公办,404,514,365,505,429,479
宁德师范学院,福建,宁德市,否,否,师范类,公办,410,508,362,515,414,525
武夷学院,福建,南平市,否,否,综合类,公办,407,509,398,502,401,514
浙江广厦建设职业技术大学,浙江,金华市,否,否,理工类,民办,373,432,361,471,202,347
浙江树人学院,浙江,杭州市,否,否,综合类,民办,375,479,360,471,370,481
南宁学院,广西,南宁市,否,否,理工类,民办,371,492,371,488,383,493
广西农业职业技术大学,广西,南宁市,否,否,农林类,公办,408,497,388,353,182,356
桂林旅游学院,广西,桂林市,否,否,财经类,公办,408,512,396,500,393,514
桂林航天工业学院,广西,桂林市,否,否,理工类,公办,439,511,419,509,416,507
广西科技师范学院,广西,来宾市,否,否,师范类,公办,419,524,401,517,393,525
辽宁传媒学院,辽宁,沈阳市,否,否,艺术类,民办,372,477,360,471,372,481
朝阳师范学院,辽宁,朝阳市,否,否,师范类,公办,323,431,254,393,334,427
太原学院,山西,太原市,否,否,综合类,公办,407,517,396,510,367,519
吕梁学院,山西,吕梁市,否,否,综合类,公办,410,509,372,508,406,514
河套学院,内蒙古,巴彦淖尔市,否,否,综合类,公办,407,506,386,502,399,507
长春人文学院,吉林,长春市,否,否,综合类,民办,371,478,363,471,369,490
吉林警察学院,吉林,长春市,否,否,政法类,公办,431,514,419,504,416,512
吉林工商学院,吉林,长春市,否,否,财经类,公办,399,508,396,503,399,498
天津仁爱学院,天津,天津市,否,否,综合类,民办,371,479,363,474,377,488
六盘水师范学院,贵州,六盘水市,否,否,师范类,公办,400,521,403,512,406,517
河北工程大学科信学院,河北,邯郸市,否,否,理工类,民办,399,497,368,498,391,504
石家庄铁道大学四方学院,河北,石家庄市,否,否,理工类,民办,403,499,385,499,398,503
内蒙古鸿德文理学院,内蒙古,呼和浩特市,否,否,综合类,民办,397,491,381,480,385,489
贵州师范学院,贵州,贵阳市,否,否,师范类,公办,485,556,476,554,474,559
贵州商学院,贵州,贵阳市,否,否,财经类,公办,405,509,403,503,405,499
延安大学西安创新学院,陕西,西安市,否,否,综合类,民办,373,481,363,479,379,485
武汉设计工程学院,湖北,武汉市,否,否,艺术类,民办,376,479,360,471,377,481
常州大学怀德学院,江苏,泰州市,否,否,理工类,民办,391,491,368,477,382,494
集宁师范学院,内蒙古,乌兰察布市,否,否,师范类,公办,417,507,404,507,409,510
大连财经学院,辽宁,大连市,否,否,财经类,民办,376,481,360,472,375,480
南通理工学院,江苏,南通市,否,否,综合类,民办,371,477,360,475,373,479
河北东方学院,河北,廊坊市,否,否,综合类,民办,382,485,369,480,383,491
信阳学院,河南,信阳市,否,否,综合类,民办,399,509,405,506,391,510
琼台师范学院,海南,海口市,否,否,师范类,公办,392,515,419,495,417,521
亳州学院,安徽,亳州市,否,否,综合类,公办,406,499,392,509,402,514
河南城建学院,河南,平顶山市,否,否,理工类,公办,402,507,368,504,410,526
郑州工业应用技术学院,河南,郑州市,否,否,理工类,民办,391,488,360,483,387,490
荆楚理工学院,湖北,荆门市,否,否,理工类,公办,405,523,404,517,413,517
重庆工程学院,重庆,重庆市,否,否,理工类,民办,424,484,413,495,416,505
重庆第二师范学院,重庆,重庆市,否,否,师范类,公办,455,536,454,533,460,548
重庆电子科技职业大学,重庆,重庆市,否,否,理工类,公办,378,474,358,466,362,471
重庆机电职业技术大学,重庆,重庆市,否,否,理工类,民办,390,488,378,483,386,488
重庆工商大学派斯学院,重庆,重庆市,否,否,财经类,民办,395,495,386,473,383,504
重庆移通学院,重庆,重庆市,否,否,理工类,民办,400,493,385,486,378,495
重庆财经学院,重庆,重庆市,否,否,财经类,民办,407,504,422,516,427,515
重庆城市科技学院,重庆,重庆市,否,否,综合类,民办,392,498,381,491,396,499
重庆外语外事学院,重庆,重庆市,否,否,语言类,民办,391,491,387,495,377,497
重庆对外经贸学院,重庆,重庆市,否,否,财经类,民办,397,503,385,499,394,496
上海视觉艺术学院,上海,上海市,否,否,艺术类,民办,392,488,367,513,410,513
珠海科技学院,广东,珠海市,否,否,综合类,民办,377,479,363,471,370,496
烟台理工学院,山东,烟台市,否,否,综合类,民办,389,484,373,478,374,482
南京师范大学泰州学院,江苏,泰州市,否,否,师范类,民办,387,503,360,499,391,509
江苏大学京江学院,江苏,镇江市,否,否,综合类,民办,392,494,375,489,385,500
西安财经大学行知学院,陕西,西安市,否,否,财经类,民办,387,479,375,473,379,485
无锡学院,江苏,无锡市,否,否,理工类,公办,449,535,423,519,413,518
河北地质大学华信学院,河北,石家庄市,否,否,综合类,民办,371,479,375,472,379,492
北京中医药大学东方学院,河北,廊坊市,否,否,医药类,民办,412,511,361,494,409,484
青岛城市学院,山东,青岛市,否,否,理工类,民办,372,478,366,471,367,479
四川工商学院,四川,成都市,否,否,综合类,民办,390,489,391,492,394,502
海口经济学院,海南,海口市,否,否,综合类,民办,371,477,360,471,367,479
浙江水利水电学院,浙江,杭州市,否,否,理工类,公办,441,516,422,509,423,500
湖北第二师范学院,湖北,武汉市,否,否,师范类,公办,407,479,360,535,442,544
浙江机电职业技术大学,浙江,杭州市,否,否,理工类,公办,377,460,352,428,345,343
四川警察学院,四川,泸州市,否,否,政法类,公办,464,544,444,541,452,540
西交利物浦大学,江苏,苏州市,否,否,综合类,中外合作办学,468,550,451,549,456,556
三亚学院,海南,三亚市,否,否,综合类,民办,371,477,360,471,372,480
河南工程学院,河南,郑州市,否,否,理工类,公办,422,478,406,512,400,519
武汉纺织大学外经贸学院,湖北,武汉市,否,否,综合类,民办,378,479,361,474,372,479
大连理工大学城市学院,辽宁,大连市,否,否,理工类,民办,376,477,360,471,370,479
上海外国语大学贤达经济人文学院,上海,上海市,否,否,财经类,民办,371,478,360,473,367,479
北京理工大学珠海学院,广东,珠海市,否,否,理工类,民办,524,492,551,603,465,497
广州新华学院,广东,广州市,否,否,综合类,民办,371,477,366,471,367,479
武汉体育学院体育科技学院,湖北,武汉市,否,否,体育类,民办,382,487,367,483,376,489
昆明城市学院,云南,昆明市,否,否,综合类,民办,382,490,371,485,367,479
山东政法学院,山东,济南市,否,否,政法类,公办,447,541,437,546,452,549
吉林师范大学博达学院,吉林,四平市,否,否,师范类,民办,372,477,369,471,367,485
北京师范大学-香港浸会大学联合国际学院,广东,珠海市,否,否,综合类,内地与港澳台地区合作办学,467,545,453,550,457,560
长春科技学院,吉林,长春市,否,否,综合类,民办,385,482,366,474,367,480
凯里学院,贵州,黔东南苗族侗族自治州,否,否,师范类,公办,418,521,411,514,410,517
安顺学院,贵州,安顺市,否,否,综合类,公办,407,515,403,509,396,511
铜仁学院,贵州,铜仁市,否,否,综合类,公办,427,523,411,515,413,518
西安医学院,陕西,西安市,否,否,医药类,公办,443,521,413,516,457,519
菏泽学院,山东,菏泽市,否,否,综合类,公办,407,516,391,511,400,517
安康学院,陕西,安康市,否,否,综合类,公办,429,505,420,512,420,518
商洛学院,陕西,商洛市,否,否,综合类,公办,408,512,366,507,404,513
三明学院,福建,三明市,否,否,综合类,公办,411,514,395,508,404,515
贺州学院,广西,贺州市,否,否,综合类,公办,420,516,406,480,401,523
长治学院,山西,长治市,否,否,综合类,公办,403,518,401,513,403,523
北部湾大学,广西,钦州市,否,否,综合类,公办,449,538,436,533,431,536
丽水学院,浙江,丽水市,否,否,综合类,公办,424,518,409,513,414,523
百色学院,广西,百色市,否,否,综合类,公办,409,516,400,509,402,516
梧州学院,广西,梧州市,否,否,综合类,公办,399,516,406,511,408,511
龙岩学院,福建,龙岩市,否,否,综合类,公办,411,512,360,501,406,519
海南热带海洋学院,海南,三亚市,否,否,综合类,公办,414,513,401,502,415,510
枣庄学院,山东,枣庄市,否,否,综合类,公办,408,513,392,509,400,512
青岛滨海学院,山东,青岛市,否,否,综合类,民办,382,479,360,473,374,479
辽宁对外经贸学院,辽宁,大连市,否,否,财经类,民办,371,477,360,471,367,479
长沙医学院,湖南,长沙市,否,否,医药类,民办,447,524,403,522,448,528
呼伦贝尔学院,内蒙古,呼伦贝尔市,否,否,综合类,公办,382,511,396,505,397,505
宁夏师范大学,宁夏,固原市,否,否,师范类,公办,411,537,397,533,410,533
贵州工程应用技术学院,贵州,毕节市,否,否,师范类,公办,401,514,399,508,401,511
香港城市大学,香港,九龙半岛,否,否,综合类,公办,591,617,568,615,567,616
山东大学（威海）,山东,威海市,是,是,综合类,公办,593,620,573,620,570,632
宁波诺丁汉大学,浙江,宁波市,否,否,综合类,中外合作办学,481,564,471,551,469,556
上海师范大学天华学院,上海,上海市,否,否,综合类,民办,372,477,360,471,367,479
集美大学诚毅学院,福建,厦门市,否,否,综合类,民办,399,506,378,489,399,518
山东航空学院,山东,滨州市,否,否,综合类,公办,415,515,386,493,400,522
安徽中医药大学,安徽,合肥市,否,否,医药类,公办,448,532,437,525,440,518
南京财经大学红山学院,江苏,镇江市,否,否,综合类,民办,386,499,360,491,385,500
宁波工程学院,浙江,宁波市,否,否,理工类,公办,418,514,385,510,422,513
湖南涉外经济学院,湖南,长沙市,否,否,财经类,民办,371,483,362,478,372,485
西京学院,陕西,西安市,否,否,理工类,民办,371,477,378,475,378,481
西安翻译学院,陕西,西安市,否,否,语言类,民办,373,477,365,477,375,483
常熟理工学院,江苏,苏州市,否,否,理工类,公办,436,527,411,516,422,527
三江学院,江苏,南京市,否,否,综合类,民办,371,482,364,484,380,500
洛阳理工学院,河南,洛阳市,否,否,理工类,公办,429,532,408,531,397,530
武汉城市学院,湖北,武汉市,否,否,理工类,民办,380,480,370,471,371,479
宿迁学院,江苏,宿迁市,否,否,综合类,公办,414,517,401,511,406,518
武汉学院,湖北,武汉市,否,否,综合类,民办,377,498,361,496,394,502
保定理工学院,河北,保定市,否,否,理工类,民办,382,484,362,471,384,490
辽宁理工学院,辽宁,锦州市,否,否,理工类,民办,373,477,360,473,369,479
武汉东湖学院,湖北,武汉市,否,否,综合类,民办,381,482,361,477,376,490
武昌理工学院,湖北,武汉市,否,否,综合类,民办,383,483,360,473,375,485
郑州师范学院,河南,郑州市,否,否,师范类,公办,456,544,446,547,438,551
东南大学成贤学院,江苏,南京市,否,否,综合类,民办,404,496,361,476,392,498
武汉工程科技学院,湖北,武汉市,否,否,理工类,民办,376,480,366,474,367,479
南京理工大学泰州科技学院,江苏,泰州市,否,否,理工类,民办,392,498,361,482,382,481
山东中医药大学,山东,济南市,否,否,医药类,公办,455,533,454,540,453,554
南京特殊教育师范学院,江苏,南京市,否,否,师范类,公办,415,514,409,514,414,515
中南林业科技大学涉外学院,湖南,长沙市,否,否,综合类,民办,399,496,383,488,383,489
电子科技大学成都学院,四川,成都市,否,否,理工类,民办,415,482,403,498,412,508
中国矿业大学徐海学院,江苏,徐州市,否,否,综合类,民办,392,498,371,496,383,501
三峡大学科技学院,湖北,宜昌市,否,否,综合类,民办,391,497,364,489,381,496
北京邮电大学世纪学院,北京,北京市,否,否,综合类,民办,395,485,386,476,387,486
北京金融科技学院,北京,北京市,否,否,财经类,民办,374,489,378,481,375,489
汉口学院,湖北,武汉市,否,否,综合类,民办,373,495,361,473,378,499
武昌首义学院,湖北,武汉市,否,否,理工类,民办,386,494,365,477,382,497
武汉华夏理工学院,湖北,武汉市,否,否,理工类,民办,382,480,360,474,376,480
广州南方学院,广东,广州市,否,否,综合类,民办,371,477,360,471,367,480
天水师范学院,甘肃,天水市,否,否,师范类,公办,379,517,402,512,398,520
上海电机学院,上海,上海市,否,否,理工类,公办,472,512,457,503,467,494
塔里木大学,新疆,自治区直辖县级行政区划,否,否,综合类,公办,394,507,394,504,392,510
榆林学院,陕西,榆林市,否,否,综合类,公办,387,512,396,507,397,506
曲靖师范学院,云南,曲靖市,否,否,师范类,公办,418,539,360,534,431,540
成都体育学院,四川,成都市,否,否,体育类,公办,421,477,429,527,433,531
宜宾学院,四川,宜宾市,否,否,综合类,公办,428,528,410,524,409,527
内江师范学院,四川,内江市,否,否,师范类,公办,448,510,431,495,428,531
绵阳师范学院,四川,绵阳市,否,否,师范类,公办,443,530,432,535,436,545
文华学院,湖北,武汉市,否,否,综合类,民办,380,478,373,489,373,493
重庆工商大学,重庆,重庆市,否,否,财经类,公办,486,546,484,570,466,580
贵阳学院,贵州,贵阳市,否,否,综合类,公办,397,526,419,521,419,525
湖南人文科技学院,湖南,娄底市,否,否,综合类,公办,421,504,403,512,369,519
辽宁科技学院,辽宁,本溪市,否,否,理工类,公办,407,508,393,502,387,509
浙江传媒学院,浙江,杭州市,否,否,艺术类,公办,454,521,444,552,459,562
南京工业职业技术大学,江苏,南京市,否,否,理工类,公办,415,510,394,498,371,478
淮阴师范学院,江苏,淮安市,否,否,师范类,公办,421,523,408,518,413,525
绥化学院,黑龙江,绥化市,否,否,综合类,公办,403,505,386,503,396,509
哈尔滨师范大学,黑龙江,哈尔滨市,否,否,师范类,公办,403,508,362,471,426,530
厦门理工学院,福建,厦门市,否,否,理工类,公办,452,525,438,520,433,516
湖北经济学院法商学院,湖北,武汉市,否,否,财经类,民办,381,482,370,478,376,483
徐州工程学院,江苏,徐州市,否,否,综合类,公办,415,524,397,514,410,518
金陵科技学院,江苏,南京市,否,否,理工类,公办,442,515,423,471,431,524
吉林医药学院,吉林,吉林市,否,否,医药类,公办,450,503,424,503,373,513
广西财经学院,广西,南宁市,否,否,财经类,公办,444,525,448,519,452,497
黑河学院,黑龙江,黑河市,否,否,综合类,公办,402,508,392,504,380,508
昆明学院,云南,昆明市,否,否,综合类,公办,450,526,444,523,441,525
西安文理学院,陕西,西安市,否,否,综合类,公办,424,501,402,520,383,482
赤峰学院,内蒙古,赤峰市,否,否,综合类,公办,413,516,392,508,419,511
重庆文理学院,重庆,重庆市,否,否,综合类,公办,448,539,445,542,445,549
河池学院,广西,河池市,否,否,综合类,公办,413,525,379,515,408,516
广西中医药大学,广西,南宁市,否,否,医药类,公办,465,540,445,533,463,545
广东金融学院,广东,广州市,否,否,财经类,公办,458,541,451,542,454,544
湖北警官学院,湖北,武汉市,否,否,政法类,公办,450,541,433,537,435,541
湖北理工学院,湖北,黄石市,否,否,理工类,公办,440,515,409,512,367,526
阜阳师范大学,安徽,阜阳市,否,否,师范类,公办,446,500,439,532,428,539
福建中医药大学,福建,福州市,否,否,医药类,公办,457,546,409,513,446,545
福建医科大学,福建,福州市,否,否,医药类,公办,462,548,489,552,486,558
重庆交通大学,重庆,重庆市,否,否,理工类,公办,514,560,506,562,510,581
吉林农业科技学院,吉林,吉林市,否,否,农林类,公办,404,506,393,501,396,505
大庆师范学院,黑龙江,大庆市,否,否,师范类,公办,380,510,397,504,401,510
上海政法学院,上海,上海市,否,否,政法类,公办,544,603,548,610,547,611
上海商学院,上海,上海市,否,否,财经类,公办,438,504,427,530,415,545
重庆科技大学,重庆,重庆市,否,否,理工类,公办,450,479,440,528,441,526
武汉科技大学,湖北,武汉市,否,否,综合类,公办,488,565,508,569,505,578
广州科技职业技术大学,广东,广州市,否,否,综合类,民办,315,366,212,261,201,246
广东理工学院,广东,肇庆市,否,否,理工类,民办,371,477,360,471,372,479
广东工商职业技术大学,广东,肇庆市,否,否,综合类,民办,250,421,232,332,235,251
广东白云学院,广东,广州市,否,否,综合类,民办,371,477,361,471,368,479
广东技术师范大学,广东,广州市,否,否,师范类,公办,450,529,435,530,438,538
广东警官学院,广东,广州市,否,否,政法类,公办,470,553,452,548,453,558
南方医科大学,广东,广州市,否,否,医药类,公办,569,574,521,582,459,589
中国人民解放军国防科技大学,湖南,长沙市,是,是,军事类,公办,609,624,604,582,595,631
贵州大学,贵州,贵阳市,否,是,综合类,公办,525,582,511,585,511,592
西南大学,重庆,重庆市,否,是,综合类,公办,559,612,573,615,552,624
攀枝花学院,四川,攀枝花市,否,否,综合类,公办,411,517,403,517,404,522
西昌学院,四川,凉山彝族自治州,否,否,综合类,公办,420,506,404,513,404,511
江西应用科技学院,江西,南昌市,否,否,综合类,民办,371,477,316,231,230,235
晋中学院,山西,晋中市,否,否,综合类,公办,407,514,360,482,401,517
运城学院,山西,运城市,否,否,综合类,公办,421,523,408,517,408,525
山西中医药大学,山西,晋中市,否,否,医药类,公办,439,540,394,509,450,543
南昌职业大学,江西,南昌市,否,否,综合类,民办,192,237,191,251,187,189
江西职业技术大学,江西,九江市,否,否,综合类,公办,353,446,297,396,282,377
新余学院,江西,新余市,否,否,综合类,公办,432,498,415,514,422,520
景德镇学院,江西,景德镇市,否,否,综合类,公办,408,518,399,515,403,523
萍乡学院,江西,萍乡市,否,否,综合类,公办,405,519,398,512,401,521
黄淮学院,河南,驻马店市,否,否,综合类,公办,406,517,386,509,404,518
河南科技学院,河南,新乡市,否,否,综合类,公办,413,521,400,515,405,511
平顶山学院,河南,平顶山市,否,否,综合类,公办,410,512,369,508,412,512
北京信息科技大学,北京,北京市,否,否,理工类,公办,526,545,503,573,510,582
信阳师范大学,河南,信阳市,否,否,师范类,公办,427,526,410,517,412,522
首都经济贸易大学,北京,北京市,否,否,财经类,公办,542,596,542,600,545,607
河南中医药大学,河南,郑州市,否,否,医药类,公办,449,542,394,550,450,554
江西科技学院,江西,南昌市,否,否,综合类,民办,385,481,376,484,383,492
南昌理工学院,江西,南昌市,否,否,综合类,民办,386,486,362,483,381,485
南昌工程学院,江西,南昌市,否,否,理工类,公办,446,507,436,520,436,529
北京体育大学,北京,北京市,否,是,体育类,公办,528,590,519,598,529,605
西安思源学院,陕西,西安市,否,否,综合类,民办,387,485,362,473,381,494
西安外事学院,陕西,西安市,否,否,综合类,民办,380,478,363,478,374,482
天津中德应用技术大学,天津,天津市,否,否,理工类,公办,409,514,393,506,401,506
南阳理工学院,河南,南阳市,否,否,理工类,公办,432,514,415,507,418,513
安阳工学院,河南,安阳市,否,否,理工类,公办,410,506,379,501,405,501
河南师范大学,河南,新乡市,否,否,师范类,公办,488,565,476,566,485,564
华北电力大学,北京,北京市,否,是,理工类,公办,594,600,577,608,570,616
吉利学院,四川,成都市,否,否,理工类,民办,386,478,373,471,371,489
汉江师范学院,湖北,十堰市,否,否,师范类,公办,418,521,411,521,417,527
武汉商学院,湖北,武汉市,否,否,财经类,公办,407,497,361,530,440,539
四川工业科技学院,四川,德阳市,否,否,综合类,民办,394,485,371,476,397,497
四川文理学院,四川,达州市,否,否,综合类,公办,437,496,427,522,435,532
四川工程职业技术大学,四川,德阳市,否,否,理工类,公办,370,472,351,453,352,453
南通大学,江苏,南通市,否,否,综合类,公办,500,574,490,572,490,580
阿坝师范学院,四川,阿坝藏族羌族自治州,否,否,师范类,公办,438,523,422,517,428,521
四川民族学院,四川,甘孜藏族自治州,否,否,民族类,公办,441,528,424,524,426,529
四川旅游学院,四川,成都市,否,否,综合类,公办,404,512,362,487,418,521
成都东软学院,四川,成都市,否,否,理工类,民办,398,477,361,500,408,509
齐齐哈尔工程学院,黑龙江,齐齐哈尔市,否,否,综合类,民办,371,477,362,471,367,479
黑龙江工业学院,黑龙江,鸡西市,否,否,综合类,公办,402,504,391,501,379,506
哈尔滨信息工程学院,黑龙江,哈尔滨市,否,否,理工类,民办,372,477,360,471,370,479
唐山工业职业技术大学,河北,唐山市,否,否,理工类,公办,330,412,312,389,298,318
哈尔滨职业技术大学,黑龙江,哈尔滨市,否,否,综合类,公办,275,293,201,243,221,225
哈尔滨金融学院,黑龙江,哈尔滨市,否,否,财经类,公办,400,506,392,504,404,511
上海中侨职业技术大学,上海,上海市,否,否,财经类,民办,371,477,360,471,368,243
河北科技工程职业技术大学,河北,邢台市,否,否,理工类,公办,407,400,390,362,230,355
河北金融学院,河北,保定市,否,否,财经类,公办,391,524,403,524,424,535
邢台医学院,河北,邢台市,否,否,医药类,公办,360,464,332,427,330,447
河北石油职业技术大学,河北,承德市,否,否,理工类,公办,403,501,253,414,231,398
北华航天工业学院,河北,廊坊市,否,否,理工类,公办,443,511,423,503,418,515
上海建桥学院,上海,上海市,否,否,财经类,民办,371,477,360,471,367,479
电子科技大学,四川,成都市,是,是,理工类,公办,631,618,610,619,609,627
防灾科技学院,河北,廊坊市,否,否,综合类,公办,450,497,445,521,418,526
保定学院,河北,保定市,否,否,综合类,公办,405,520,394,514,412,521
广州工商学院,广东,广州市,否,否,财经类,民办,372,477,360,471,368,480
邯郸学院,河北,邯郸市,否,否,师范类,公办,374,514,398,514,402,521
衡水学院,河北,衡水市,否,否,综合类,公办,417,506,406,504,402,508
廊坊师范学院,河北,廊坊市,否,否,师范类,公办,416,494,402,512,384,519
唐山师范学院,河北,唐山市,否,否,师范类,公办,404,511,390,496,402,518
山东师范大学,山东,济南市,否,否,师范类,公办,484,551,453,575,488,585
中央司法警官学院,河北,保定市,否,否,政法类,公办,569,593,525,593,519,578
邢台学院,河北,邢台市,否,否,综合类,公办,421,514,408,510,413,518
河北地质大学,河北,石家庄市,否,否,理工类,公办,443,540,438,537,442,542
华北科技学院,河北,廊坊市,否,否,理工类,公办,452,515,449,506,413,489
河北工程大学,河北,邯郸市,否,否,理工类,公办,410,537,363,535,443,541
华北理工大学,河北,唐山市,否,否,综合类,公办,478,555,460,556,467,568
河北医科大学,河北,石家庄市,否,否,医药类,公办,484,538,451,538,458,535
河北师范大学,河北,石家庄市,否,否,师范类,公办,462,493,446,556,464,561
国际关系学院,北京,北京市,否,否,政法类,公办,560,591,541,599,559,607
北京语言大学,北京,北京市,否,否,语言类,公办,537,599,520,604,533,618
华北电力大学保定校区,河北,保定市,否,是,理工类,公办,585,610,562,606,560,611
北京印刷学院,北京,北京市,否,否,理工类,公办,474,545,458,570,456,576
首都师范大学,北京,北京市,否,否,师范类,公办,549,604,533,605,550,615
北京物资学院,北京,北京市,否,否,财经类,公办,472,549,486,563,491,572
首钢工学院,北京,北京市,否,否,理工类,公办,356,471,319,451,247,444
北京石油化工学院,北京,北京市,否,否,综合类,公办,441,514,421,479,430,541
中国劳动关系学院,北京,北京市,否,否,政法类,公办,466,549,457,554,419,547
北京农学院,北京,北京市,否,否,农林类,公办,477,524,464,522,466,544
北京联合大学,北京,北京市,否,否,综合类,公办,492,558,471,565,472,574
中国政法大学,北京,北京市,否,是,政法类,公办,618,644,601,644,605,656
中华女子学院,北京,北京市,否,否,语言类,公办,479,559,452,561,470,568
中央财经大学,北京,北京市,否,是,财经类,公办,597,632,585,629,590,641
北京电子科技学院,北京,北京市,否,否,理工类,公办,603,630,577,623,577,630
北方工业大学,北京,北京市,否,否,理工类,公办,528,553,517,567,522,581
北京城市学院,北京,北京市,否,否,综合类,民办,376,477,360,477,374,491
中国传媒大学,北京,北京市,否,是,综合类,公办,577,617,567,626,571,643
北京化工大学,北京,北京市,否,是,理工类,公办,565,601,549,604,557,613
鲁东大学,山东,烟台市,否,否,综合类,公办,437,540,432,543,428,550
烟台大学,山东,烟台市,否,否,综合类,公办,464,549,465,576,469,583
山东第二医科大学,山东,潍坊市,否,否,医药类,公办,442,514,419,504,385,515
潍坊学院,山东,潍坊市,否,否,综合类,公办,396,518,402,508,401,522
泰山学院,山东,泰安市,否,否,综合类,公办,409,506,396,505,402,512
北方民族大学,宁夏,银川市,否,否,综合类,公办,460,525,447,522,432,522
宁夏大学,宁夏,银川市,否,是,综合类,公办,501,557,496,576,499,584
广西民族大学,广西,南宁市,否,否,民族类,公办,440,515,422,507,389,540
山东农业大学,山东,泰安市,否,否,农林类,公办,428,499,381,534,430,530
南宁师范大学,广西,南宁市,否,否,师范类,公办,431,514,398,550,446,554
山东科技大学,山东,青岛市,否,否,理工类,公办,522,559,502,556,506,580
广西科技大学,广西,柳州市,否,否,理工类,公办,437,535,405,528,439,541
山东财经大学,山东,济南市,否,否,财经类,公办,438,540,448,551,459,556
山东交通学院,山东,济南市,否,否,理工类,公办,421,518,401,505,415,512
桂林理工大学,广西,桂林市,否,否,理工类,公办,479,524,446,513,450,479
广西师范大学,广西,桂林市,否,否,师范类,公办,376,510,458,559,465,564
广西医科大学,广西,南宁市,否,否,医药类,公办,530,524,540,525,557,537
内蒙古财经大学,内蒙古,呼和浩特市,否,否,财经类,公办,421,492,404,508,415,514
山东建筑大学,山东,济南市,否,否,理工类,公办,446,534,429,521,431,522
山东工商学院,山东,烟台市,否,否,财经类,公办,415,522,396,516,417,525
遵义师范学院,贵州,遵义市,否,否,师范类,公办,379,530,421,526,420,529
黔南民族师范学院,贵州,黔南布依族苗族自治州,否,否,师范类,公办,421,522,413,516,405,514
贵州中医药大学,贵州,贵阳市,否,否,医药类,公办,496,565,480,561,485,565
贵州财经大学,贵州,贵阳市,否,否,财经类,公办,475,556,472,553,477,562
内蒙古师范大学,内蒙古,呼和浩特市,否,否,师范类,公办,409,525,360,516,430,519
遵义医科大学,贵州,遵义市,否,否,医药类,公办,538,549,520,549,519,557
贵州民族大学,贵州,贵阳市,否,否,民族类,公办,479,560,470,557,471,562
贵州医科大学,贵州,贵阳市,否,否,医药类,公办,545,551,526,550,527,556
贵州师范大学,贵州,贵阳市,否,否,师范类,公办,499,568,492,571,493,577
海南医科大学,海南,海口市,否,否,医药类,公办,462,557,478,561,478,560
海南师范大学,海南,海口市,否,否,师范类,公办,476,550,454,552,470,567
曲阜师范大学,山东,济宁市,否,否,师范类,公办,417,493,412,548,440,554
青岛理工大学,山东,青岛市,否,否,理工类,公办,495,546,488,558,496,561
青岛科技大学,山东,青岛市,否,否,理工类,公办,479,545,465,558,473,572
内蒙古民族大学,内蒙古,通辽市,否,否,综合类,公办,371,507,420,506,417,495
内蒙古科技大学,内蒙古,包头市,否,否,综合类,公办,404,509,394,504,368,497
海南大学,海南,海口市,否,是,综合类,公办,536,597,513,588,527,600
河西学院,甘肃,张掖市,否,否,综合类,公办,409,515,385,507,402,511
甘肃政法大学,甘肃,兰州市,否,否,政法类,公办,453,553,460,546,468,554
兰州财经大学,甘肃,兰州市,否,否,财经类,公办,448,538,430,539,367,542
青岛大学,山东,青岛市,否,否,综合类,公办,507,588,500,586,508,597
甘肃中医药大学,甘肃,兰州市,否,否,医药类,公办,525,521,503,489,496,546
临沂大学,山东,临沂市,否,否,综合类,公办,448,515,427,476,427,542
西北师范大学,甘肃,兰州市,否,否,师范类,公办,441,545,446,545,405,562
聊城大学,山东,聊城市,否,否,综合类,公办,421,537,420,534,429,543
许昌学院,河南,许昌市,否,否,理工类,公办,434,504,419,505,421,499
青岛农业大学,山东,青岛市,否,否,农林类,公办,410,537,364,529,423,532
南阳师范学院,河南,南阳市,否,否,师范类,公办,406,530,371,524,412,525
周口师范学院,河南,周口市,否,否,师范类,公办,421,509,411,528,417,532
洛阳师范学院,河南,洛阳市,否,否,综合类,公办,432,497,422,522,425,533
兰州理工大学,甘肃,兰州市,否,否,理工类,公办,481,560,467,550,464,569
中原工学院,河南,郑州市,否,否,理工类,公办,415,520,397,505,387,487
西北民族大学,甘肃,兰州市,否,否,综合类,公办,505,546,477,546,498,525
郑州航空工业管理学院,河南,郑州市,否,否,综合类,公办,413,519,399,511,412,495
莆田学院,福建,莆田市,否,否,综合类,公办,420,519,396,515,409,522
闽江学院,福建,福州市,否,否,综合类,公办,412,527,384,523,423,534
闽南师范大学,福建,漳州市,否,否,师范类,公办,412,555,391,553,443,550
泉州师范学院,福建,泉州市,否,否,师范类,公办,407,509,380,489,423,531
福建理工大学,福建,福州市,否,否,理工类,公办,446,527,407,520,402,480
福建师范大学,福建,福州市,否,否,师范类,公办,516,591,499,591,506,599
仰恩大学,福建,泉州市,否,否,综合类,民办,387,493,378,481,375,479
集美大学,福建,厦门市,否,否,综合类,公办,518,578,500,581,506,588
福建农林大学,福建,福州市,否,否,农林类,公办,493,571,482,562,475,564
河南工业大学,河南,郑州市,否,否,理工类,公办,480,544,462,540,479,549
华侨大学,福建,泉州市,否,否,综合类,公办,503,578,494,573,508,582
河南农业大学,河南,郑州市,否,否,农林类,公办,457,531,445,533,443,540
湖北文理学院,湖北,襄阳市,否,否,综合类,公办,428,526,411,526,416,533
河南科技大学,河南,洛阳市,否,否,综合类,公办,460,538,443,540,403,546
河南大学,河南,开封市,否,否,综合类,公办,467,551,522,596,522,603
郑州轻工业大学,河南,郑州市,否,否,理工类,公办,465,532,452,528,446,538
湖北科技学院,湖北,咸宁市,否,否,综合类,公办,427,521,361,517,440,526
黑龙江东方学院,黑龙江,哈尔滨市,否,否,综合类,民办,371,478,360,473,367,479
齐齐哈尔医学院,黑龙江,齐齐哈尔市,否,否,医药类,公办,444,507,431,503,437,508
湖北民族大学,湖北,恩施土家族苗族自治州,否,否,综合类,公办,444,534,432,533,436,541
黑龙江科技大学,黑龙江,哈尔滨市,否,否,理工类,公办,410,505,394,505,413,522
黑龙江工程学院,黑龙江,哈尔滨市,否,否,理工类,公办,405,506,390,503,399,503
武汉体育学院,湖北,武汉市,否,否,体育类,公办,419,510,408,517,413,523
哈尔滨学院,黑龙江,哈尔滨市,否,否,综合类,公办,406,513,366,507,402,516
东北石油大学,黑龙江,大庆市,否,否,理工类,公办,500,545,485,552,495,558
湖北经济学院,湖北,武汉市,否,否,财经类,公办,416,511,360,471,447,547
哈尔滨商业大学,黑龙江,哈尔滨市,否,否,财经类,公办,467,549,455,550,461,560
湖北工程学院,湖北,孝感市,否,否,理工类,公办,428,512,416,514,419,527
牡丹江师范学院,黑龙江,牡丹江市,否,否,师范类,公办,403,509,391,504,400,509
黑龙江中医药大学,黑龙江,哈尔滨市,否,否,医药类,公办,485,569,471,566,470,576
黄冈师范学院,湖北,黄冈市,否,否,师范类,公办,395,532,423,533,426,533
湖北师范大学,湖北,黄石市,否,否,师范类,公办,377,528,454,554,457,557
湖北医药学院,湖北,十堰市,否,否,医药类,公办,470,522,466,515,464,523
湖北中医药大学,湖北,武汉市,否,否,医药类,公办,444,532,443,534,446,542
武汉轻工大学,湖北,武汉市,否,否,理工类,公办,458,537,438,533,408,513
武汉工程大学,湖北,武汉市,否,否,理工类,公办,496,545,481,567,488,572
湖北工业大学,湖北,武汉市,否,否,理工类,公办,510,547,489,561,492,569
武汉纺织大学,湖北,武汉市,否,否,理工类,公办,479,535,455,493,464,552
三峡大学,湖北,宜昌市,否,否,综合类,公办,503,545,469,563,466,570
江汉大学,湖北,武汉市,否,否,综合类,公办,478,553,445,546,437,554
哈尔滨医科大学,黑龙江,哈尔滨市,否,否,医药类,公办,577,550,559,550,570,557
长江大学,湖北,荆州市,否,否,综合类,公办,488,545,466,569,456,573
黑龙江八一农垦大学,黑龙江,大庆市,否,否,农林类,公办,403,508,366,500,399,516
湖北大学,湖北,武汉市,否,否,综合类,公办,480,583,464,579,499,588
齐齐哈尔大学,黑龙江,齐齐哈尔市,否,否,综合类,公办,407,501,393,513,396,519
中南民族大学,湖北,武汉市,否,否,综合类,公办,500,573,468,573,465,587
佳木斯大学,黑龙江,佳木斯市,否,否,综合类,公办,402,510,391,505,388,503
黑龙江大学,黑龙江,哈尔滨市,否,否,综合类,公办,477,545,463,559,468,567
华中师范大学,湖北,武汉市,否,是,师范类,公办,568,617,557,620,574,628
东北林业大学,黑龙江,哈尔滨市,否,是,农林类,公办,517,549,500,588,505,596
邵阳学院,湖南,邵阳市,否,否,综合类,公办,386,513,435,511,432,521
华中农业大学,湖北,武汉市,否,是,农林类,公办,551,586,538,602,542,611
怀化学院,湖南,怀化市,否,否,综合类,公办,436,530,423,523,426,527
中南财经政法大学,湖北,武汉市,否,是,财经类,公办,570,620,573,621,577,632
吉林财经大学,吉林,长春市,否,否,财经类,公办,433,531,417,501,420,552
吉林外国语大学,吉林,长春市,否,否,语言类,民办,371,477,362,473,374,493
白城师范学院,吉林,白城市,否,否,师范类,公办,382,511,399,506,403,510
湖南科技学院,湖南,永州市,否,否,综合类,公办,435,539,421,538,421,538
通化师范学院,吉林,通化市,否,否,师范类,公办,406,511,393,504,400,510
湖南工商大学,湖南,长沙市,否,否,财经类,公办,456,540,450,552,465,556
衡阳师范学院,湖南,衡阳市,否,否,师范类,公办,375,540,444,542,435,545
吉林工程技术师范学院,吉林,长春市,否,否,师范类,公办,384,505,395,503,379,507
长春中医药大学,吉林,长春市,否,否,医药类,公办,505,563,484,565,485,569
湘南学院,湖南,郴州市,否,否,综合类,公办,457,541,419,532,423,533
湖南中医药大学,湖南,长沙市,否,否,医药类,公办,535,597,517,598,552,606
中南林业科技大学,湖南,长沙市,否,否,农林类,公办,475,557,462,565,477,573
湖南工程学院,湖南,湘潭市,否,否,理工类,公办,446,509,425,509,420,511
湖南工业大学,湖南,株洲市,否,否,综合类,公办,493,546,483,568,489,572
湖南城市学院,湖南,益阳市,否,否,综合类,公办,415,518,399,504,429,488
湖南理工学院,湖南,岳阳市,否,否,理工类,公办,457,542,428,539,394,541
长春工程学院,吉林,长春市,否,否,理工类,公办,411,506,395,501,397,508
东北电力大学,吉林,吉林市,否,否,理工类,公办,505,517,478,522,476,533
湖南农业大学,湖南,长沙市,否,否,农林类,公办,482,553,471,555,475,557
南华大学,湖南,衡阳市,否,否,综合类,公办,488,559,475,568,492,578
吉林师范大学,吉林,四平市,否,否,师范类,公办,404,512,391,536,437,542
长沙理工大学,湖南,长沙市,否,否,理工类,公办,527,574,519,572,527,590
湖南科技大学,湖南,湘潭市,否,否,综合类,公办,488,545,482,570,488,582
长春师范大学,吉林,长春市,否,否,师范类,公办,415,500,407,528,406,535
吉首大学,湖南,湘西土家族苗族自治州,否,否,综合类,公办,435,547,454,544,456,553
湘潭大学,湖南,湘潭市,否,否,综合类,公办,538,589,521,594,513,596
吉林农业大学,吉林,长春市,否,否,农林类,公办,413,517,402,511,411,483
西安培华学院,陕西,西安市,否,否,综合类,民办,384,487,364,483,381,489
长春理工大学,吉林,长春市,否,否,理工类,公办,479,553,468,552,472,560
长春大学,吉林,长春市,否,否,综合类,公办,432,523,415,523,406,530
西北政法大学,陕西,西安市,否,否,政法类,公办,564,595,561,611,571,620
西安财经大学,陕西,西安市,否,否,财经类,公办,498,561,481,560,475,559
北华大学,吉林,吉林市,否,否,综合类,公办,440,533,425,536,432,542
西安外国语大学,陕西,西安市,否,否,语言类,公办,484,569,480,581,471,593
青海民族大学,青海,西宁市,否,否,民族类,公办,428,521,411,515,387,480
陕西理工大学,陕西,汉中市,否,否,理工类,公办,444,540,400,542,421,547
青海师范大学,青海,西宁市,否,否,师范类,公办,453,545,441,543,441,548
渭南师范学院,陕西,渭南市,否,否,师范类,公办,441,526,432,520,422,519
咸阳师范学院,陕西,咸阳市,否,否,师范类,公办,420,530,402,529,428,536
西藏大学,西藏,拉萨市,否,是,综合类,公办,495,544,449,545,446,554
西安邮电大学,陕西,西安市,否,否,理工类,公办,544,546,524,568,526,581
大理大学,云南,大理白族自治州,否,否,综合类,公办,473,546,447,541,454,546
西安工业大学,陕西,西安市,否,否,理工类,公办,494,555,461,554,474,561
云南警官学院,云南,昆明市,否,否,政法类,公办,458,548,444,548,445,548
云南财经大学,云南,昆明市,否,否,财经类,公办,528,578,524,582,524,585
红河学院,云南,红河哈尼族彝族自治州,否,否,综合类,公办,391,519,406,510,406,511
西安石油大学,陕西,西安市,否,否,理工类,公办,483,561,471,558,481,557
玉溪师范学院,云南,玉溪市,否,否,师范类,公办,441,526,431,520,432,528
云南中医药大学,云南,昆明市,否,否,医药类,公办,457,550,448,550,453,553
西南林业大学,云南,昆明市,否,否,农林类,公办,451,538,442,538,444,546
云南民族大学,云南,昆明市,否,否,综合类,公办,405,531,449,535,444,540
云南师范大学,云南,昆明市,否,否,师范类,公办,475,554,464,555,410,555
云南农业大学,云南,昆明市,否,否,农林类,公办,449,531,365,533,438,532
昆明理工大学,云南,昆明市,否,否,理工类,公办,496,563,478,564,474,563
延安大学,陕西,延安市,否,否,综合类,公办,434,548,412,548,382,553
安徽财经大学,安徽,蚌埠市,否,否,财经类,公办,476,547,452,570,500,579
陕西师范大学,陕西,西安市,否,是,师范类,公办,562,614,558,616,564,621
西北农林科技大学,陕西,咸阳市,是,是,农林类,公办,570,607,558,611,556,617
西安交通大学,陕西,西安市,是,是,综合类,公办,645,637,634,635,630,644
上海杉达学院,上海,上海市,否,否,财经类,民办,371,477,360,471,367,479
淮北师范大学,安徽,淮北市,否,否,综合类,公办,456,548,454,545,462,552
上海戏剧学院,上海,上海市,否,否,艺术类,公办,538,559,538,591,528,597
上海体育大学,上海,上海市,否,否,体育类,公办,443,550,430,547,431,558
华东政法大学,上海,上海市,否,否,政法类,公办,569,612,558,614,563,629
安徽建筑大学,安徽,合肥市,否,否,理工类,公办,451,555,436,544,428,548
上海立信会计金融学院,上海,上海市,否,否,财经类,公办,494,588,493,591,515,603
上海对外经贸大学,上海,上海市,否,否,财经类,公办,517,577,488,571,462,604
上海应用技术大学,上海,上海市,否,否,理工类,公办,473,545,451,549,468,564
上海海事大学,上海,上海市,否,否,理工类,公办,490,564,511,566,509,570
上海第二工业大学,上海,上海市,否,否,理工类,公办,477,529,459,527,488,536
上海师范大学,上海,上海市,否,否,综合类,公办,530,567,522,587,532,601
上海海洋大学,上海,上海市,否,否,农林类,公办,493,545,503,569,504,570
上海工程技术大学,上海,上海市,否,否,理工类,公办,482,529,483,483,489,541
上海理工大学,上海,上海市,否,否,理工类,公办,547,563,534,549,536,591
广东财经大学,广东,广州市,否,否,财经类,公办,507,554,496,580,491,579
嘉应学院,广东,梅州市,否,否,综合类,公办,416,512,400,506,405,517
惠州学院,广东,惠州市,否,否,综合类,公办,410,514,388,506,426,497
岭南师范学院,广东,湛江市,否,否,师范类,公办,400,524,411,528,414,522
韩山师范学院,广东,潮州市,否,否,师范类,公办,416,515,420,507,411,483
广州医科大学,广东,广州市,否,否,医药类,公办,535,574,492,572,545,580
广州大学,广东,广州市,否,否,综合类,公办,531,587,524,588,531,597
东莞理工学院,广东,东莞市,否,否,理工类,公办,496,551,489,552,493,557
广东外语外贸大学,广东,广州市,否,否,语言类,公办,466,579,509,588,529,598
广州中医药大学,广东,广州市,否,否,医药类,公办,468,604,548,595,533,594
广东工业大学,广东,广州市,否,否,理工类,公办,475,547,512,566,512,570
五邑大学,广东,江门市,否,否,综合类,公办,461,545,447,555,451,563
深圳大学,广东,深圳市,否,否,综合类,公办,575,607,562,612,568,623
太原师范学院,山西,晋中市,否,否,师范类,公办,446,494,434,531,441,537
山西大同大学,山西,大同市,否,否,综合类,公办,436,514,431,506,434,479
太原科技大学,山西,太原市,否,否,理工类,公办,449,482,434,525,430,527
中北大学,山西,太原市,否,否,综合类,公办,478,548,457,563,472,571
山西财经大学,山西,太原市,否,否,财经类,公办,477,561,468,563,470,571
西南医科大学,四川,泸州市,否,否,医药类,公办,533,537,515,536,531,537
四川轻化工大学,四川,自贡市,否,否,理工类,公办,466,546,457,543,455,552
山西师范大学,山西,太原市,否,否,师范类,公办,439,478,403,545,439,552
山西医科大学,山西,太原市,否,否,医药类,公办,486,516,538,533,493,528
成都信息工程大学,四川,成都市,否,否,理工类,公办,534,551,519,557,513,574
山西农业大学,山西,晋中市,否,否,农林类,公办,417,519,407,511,372,483
西南石油大学,四川,成都市,否,否,综合类,公办,533,573,512,576,510,580
中国民用航空飞行学院,四川,德阳市,否,否,理工类,公办,464,506,453,517,428,524
西华师范大学,四川,南充市,否,否,师范类,公办,467,560,486,569,488,572
四川师范大学,四川,成都市,否,否,师范类,公办,470,563,499,588,501,591
成都中医药大学,四川,成都市,否,否,医药类,公办,530,603,550,610,542,618
西南科技大学,四川,绵阳市,否,否,理工类,公办,508,547,498,569,498,576
山西大学,山西,太原市,否,否,综合类,公办,530,586,501,584,494,586
浙江万里学院,浙江,宁波市,否,否,理工类,公办,397,501,394,499,398,503
浙江财经大学,浙江,杭州市,否,否,财经类,公办,531,592,531,592,538,601
浙江工商大学,浙江,杭州市,否,否,财经类,公办,516,589,506,566,503,571
温州大学,浙江,温州市,否,否,综合类,公办,477,561,454,551,457,559
绍兴文理学院,浙江,绍兴市,否,否,综合类,公办,412,506,360,503,425,538
台州学院,浙江,台州市,否,否,综合类,公办,413,485,367,528,419,531
湖州师范学院,浙江,湖州市,否,否,综合类,公办,412,506,368,532,437,542
杭州师范大学,浙江,杭州市,否,否,综合类,公办,492,562,482,557,467,585
浙江农林大学,浙江,杭州市,否,否,农林类,公办,465,550,436,544,444,544
浙江海洋大学,浙江,舟山市,否,否,农林类,公办,476,539,462,543,460,551
中国计量大学,浙江,杭州市,否,否,理工类,公办,498,564,472,559,463,593
浙江科技大学,浙江,杭州市,否,否,理工类,公办,438,511,417,474,435,551
西华大学,四川,成都市,否,否,综合类,公办,507,550,494,566,494,569
嘉兴大学,浙江,嘉兴市,否,否,综合类,公办,455,530,422,538,423,547
浙江理工大学,浙江,杭州市,否,否,理工类,公办,529,563,520,574,525,572
浙江工业大学,浙江,杭州市,否,否,理工类,公办,534,583,529,579,525,592
浙江师范大学,浙江,金华市,否,否,综合类,公办,459,545,479,590,530,595
宁波大学,浙江,宁波市,否,否,综合类,公办,507,565,512,600,532,611
新疆财经大学,新疆,乌鲁木齐市,否,否,财经类,公办,371,507,405,471,411,533
喀什大学,新疆,喀什地区,否,否,综合类,公办,395,513,398,508,403,515
新疆师范大学,新疆,乌鲁木齐市,否,否,师范类,公办,387,525,412,526,418,526
新疆农业大学,新疆,乌鲁木齐市,否,否,农林类,公办,400,508,392,504,399,500
成都理工大学,四川,成都市,否,否,理工类,公办,523,546,523,576,529,585
西南民族大学,四川,成都市,否,否,民族类,公办,510,579,499,579,489,578
东北财经大学,辽宁,大连市,否,否,财经类,公办,523,599,540,604,552,618
沈阳工业大学,辽宁,沈阳市,否,否,理工类,公办,505,555,491,558,493,566
辽宁师范大学,辽宁,大连市,否,否,师范类,公办,438,533,363,545,462,553
沈阳大学,辽宁,沈阳市,否,否,综合类,公办,407,512,360,475,436,543
辽宁科技大学,辽宁,鞍山市,否,否,理工类,公办,495,521,487,509,493,479
沈阳师范大学,辽宁,沈阳市,否,否,师范类,公办,414,491,377,520,429,545
大连交通大学,辽宁,大连市,否,否,理工类,公办,505,518,493,478,502,555
大连大学,辽宁,大连市,否,否,综合类,公办,520,547,504,554,508,567
沈阳理工大学,辽宁,沈阳市,否,否,理工类,公办,445,491,431,525,437,531
大连外国语大学,辽宁,大连市,否,否,语言类,公办,465,545,451,549,471,567
渤海大学,辽宁,锦州市,否,否,综合类,公办,414,539,361,535,436,546
辽宁工业大学,辽宁,锦州市,否,否,理工类,公办,425,508,411,504,418,481
大连工业大学,辽宁,大连市,否,否,理工类,公办,416,521,388,514,431,532
大连海洋大学,辽宁,大连市,否,否,农林类,公办,418,505,405,523,421,529
沈阳航空航天大学,辽宁,沈阳市,否,否,理工类,公办,517,513,503,522,467,538
大连民族大学,辽宁,大连市,否,否,民族类,公办,467,551,462,553,463,562
锦州医科大学,辽宁,锦州市,否,否,医药类,公办,465,503,456,507,444,519
辽宁中医药大学,辽宁,沈阳市,否,否,医药类,公办,448,506,407,486,368,519
鞍山师范学院,辽宁,鞍山市,否,否,师范类,公办,406,512,394,505,407,511
石河子大学,新疆,自治区直辖县级行政区划,否,是,综合类,公办,497,554,487,563,498,568
重庆三峡学院,重庆,重庆市,否,否,综合类,公办,453,526,444,540,446,548
井冈山大学,江西,吉安市,否,否,综合类,公办,444,521,438,534,437,536
四川美术学院,重庆,重庆市,否,否,艺术类,公办,449,537,444,534,505,560
九江学院,江西,九江市,否,否,综合类,公办,427,510,360,510,414,521
四川外国语大学,重庆,重庆市,否,否,语言类,公办,467,546,500,585,491,599
宜春学院,江西,宜春市,否,否,综合类,公办,442,518,402,513,398,523
长江师范学院,重庆,重庆市,否,否,师范类,公办,423,538,433,541,437,550
江西科技师范大学,江西,南昌市,否,否,师范类,公办,440,520,426,526,428,519
赣南师范大学,江西,赣州市,否,否,师范类,公办,482,555,487,566,489,572
辽东学院,辽宁,丹东市,否,否,综合类,公办,406,507,392,504,393,508
重庆理工大学,重庆,重庆市,否,否,理工类,公办,529,574,515,572,517,581
上饶师范学院,江西,上饶市,否,否,师范类,公办,437,520,430,520,429,528
江西中医药大学,江西,南昌市,否,否,医药类,公办,507,579,489,572,506,578
景德镇陶瓷大学,江西,景德镇市,否,否,艺术类,公办,447,532,419,524,424,535
西南政法大学,重庆,重庆市,否,否,政法类,公办,565,624,572,623,569,632
重庆师范大学,重庆,重庆市,否,否,师范类,公办,477,571,496,585,530,593
南昌航空大学,江西,南昌市,否,否,理工类,公办,489,529,474,527,474,550
东华理工大学,江西,南昌市,否,否,理工类,公办,478,550,473,552,474,565
江西财经大学,江西,南昌市,否,否,财经类,公办,460,557,522,561,515,594
江西师范大学,江西,南昌市,否,否,师范类,公办,488,581,471,581,470,586
扬州大学,江苏,扬州市,否,否,综合类,公办,510,589,507,592,516,603
江西农业大学,江西,南昌市,否,否,农林类,公办,471,549,459,553,457,560
南京工业大学,江苏,南京市,否,否,理工类,公办,521,558,509,571,519,577
江苏大学,江苏,镇江市,否,否,综合类,公办,523,571,515,561,533,589
江苏师范大学,江苏,徐州市,否,否,师范类,公办,454,535,440,548,424,558
南京信息工程大学,江苏,南京市,否,否,综合类,公办,535,576,524,580,527,588
江西理工大学,江西,赣州市,否,否,理工类,公办,488,546,476,557,477,565
南京财经大学,江苏,南京市,否,否,财经类,公办,531,587,524,592,535,606
苏州科技大学,江苏,苏州市,否,否,综合类,公办,489,551,469,561,474,571
南京中医药大学,江苏,南京市,否,否,医药类,公办,494,562,451,597,535,595
江苏科技大学,江苏,镇江市,否,否,理工类,公办,496,555,491,557,499,566
南京邮电大学,江苏,南京市,否,否,理工类,公办,560,567,536,577,556,596
杭州电子科技大学,浙江,杭州市,否,否,理工类,公办,544,548,530,568,535,564
华东交通大学,江西,南昌市,否,否,理工类,公办,516,550,496,564,494,569
常州大学,江苏,常州市,否,否,理工类,公办,476,554,453,549,478,567
盐城工学院,江苏,盐城市,否,否,理工类,公办,425,517,403,510,402,518
盐城师范学院,江苏,盐城市,否,否,师范类,公办,411,509,407,516,415,527
淮阴工学院,江苏,淮安市,否,否,理工类,公办,419,509,397,502,371,484
南京审计大学,江苏,南京市,否,否,财经类,公办,535,586,532,593,528,604
江苏理工学院,江苏,常州市,否,否,理工类,公办,445,507,430,471,433,525
常州工学院,江苏,常州市,否,否,理工类,公办,421,513,360,503,421,480
南京晓庄学院,江苏,南京市,否,否,师范类,公办,437,500,429,530,431,537
南京工程学院,江苏,南京市,否,否,理工类,公办,447,509,430,499,444,542
东北师范大学,吉林,长春市,否,是,师范类,公办,554,612,557,614,559,621
清华大学,北京,北京市,是,是,综合类,公办,684,679,664,679,671,689
东北农业大学,黑龙江,哈尔滨市,否,是,农林类,公办,490,547,473,575,480,581
上海外国语大学,上海,上海市,否,是,语言类,公办,569,608,574,627,578,641
华东理工大学,上海,上海市,否,是,理工类,公办,587,602,561,606,573,611
复旦大学,上海,上海市,是,是,综合类,公办,662,663,641,662,661,676
华东师范大学,上海,上海市,是,是,师范类,公办,578,636,585,637,606,649
上海财经大学,上海,上海市,否,是,财经类,公办,608,639,589,635,604,641
延边大学,吉林,延边朝鲜族自治州,否,是,综合类,公办,487,562,470,569,470,580
武汉理工大学,湖北,武汉市,否,是,理工类,公办,575,602,559,608,562,616
山东大学,山东,济南市,是,是,综合类,公办,602,628,591,628,592,642
上海交通大学,上海,上海市,是,是,综合类,公办,681,667,660,661,662,678
中南大学,湖南,长沙市,是,是,综合类,公办,593,630,577,628,578,640
吉林大学,吉林,长春市,是,是,综合类,公办,583,625,580,630,575,643
中国地质大学（武汉）,湖北,武汉市,否,是,理工类,公办,563,575,550,607,549,616
重庆大学,重庆,重庆市,是,是,综合类,公办,604,630,583,630,587,640
苏州大学,江苏,苏州市,否,是,综合类,公办,574,606,562,618,564,631
中国药科大学,江苏,南京市,否,是,医药类,公办,566,603,546,604,550,609
河海大学,江苏,南京市,否,是,综合类,公办,568,606,555,609,560,620
南京师范大学,江苏,南京市,否,是,师范类,公办,560,593,555,611,562,623
浙江大学,浙江,杭州市,是,是,综合类,公办,668,660,643,653,632,674
南京大学,江苏,南京市,是,是,综合类,公办,655,657,635,655,642,667
中国矿业大学,江苏,徐州市,否,是,综合类,公办,561,599,542,604,544,612
东南大学,江苏,南京市,是,是,综合类,公办,632,639,606,635,599,646
南昌大学,江西,南昌市,否,是,综合类,公办,543,582,528,606,549,616
西北工业大学,陕西,西安市,是,是,理工类,公办,624,616,601,616,593,635
暨南大学,广东,广州市,否,是,综合类,公办,579,612,565,616,565,625
华南理工大学,广东,广州市,是,是,综合类,公办,613,606,591,621,593,636
中山大学,广东,广州市,是,是,综合类,公办,627,639,595,638,524,648
福州大学,福建,福州市,否,是,理工类,公办,565,599,552,606,553,616
厦门大学,福建,厦门市,是,是,综合类,公办,622,643,597,643,600,654
西南财经大学,四川,成都市,否,是,财经类,公办,574,615,569,617,580,628
四川大学,四川,成都市,是,是,综合类,公办,600,632,586,635,588,646
华南师范大学,广东,广州市,否,是,师范类,公办,552,607,548,610,550,619
兰州大学,甘肃,兰州市,是,是,综合类,公办,584,605,564,615,568,623
广西大学,广西,南宁市,否,是,综合类,公办,519,557,519,554,529,597
天津农学院,天津,天津市,否,否,农林类,公办,427,508,408,503,399,481
天津职业技术师范大学,天津,天津市,否,否,师范类,公办,371,488,404,524,420,529
中国民航大学,天津,天津市,否,否,理工类,公办,506,547,493,571,503,581
天津外国语大学,天津,天津市,否,否,语言类,公办,492,568,493,560,522,571
江南大学,江苏,无锡市,否,是,综合类,公办,571,607,553,610,553,621
天津商业大学,天津,天津市,否,否,财经类,公办,492,564,492,573,495,586
天津财经大学,天津,天津市,否,否,财经类,公办,474,557,475,556,479,569
天津科技大学,天津,天津市,否,否,理工类,公办,467,538,445,538,450,546
天津工业大学,天津,天津市,否,否,综合类,公办,524,578,499,574,506,586
天津师范大学,天津,天津市,否,否,师范类,公办,459,545,478,572,474,574
上海大学,上海,上海市,否,是,综合类,公办,575,612,560,616,572,631
新疆大学,新疆,乌鲁木齐市,否,是,综合类,公办,464,567,473,571,480,579
同济大学,上海,上海市,是,是,综合类,公办,626,644,610,639,623,651
济南大学,山东,济南市,否,否,综合类,公办,500,563,494,563,486,572
安徽农业大学,安徽,合肥市,否,否,农林类,公办,461,548,467,566,470,568
安徽大学,安徽,合肥市,否,是,综合类,公办,556,600,544,601,548,613
德州学院,山东,德州市,否,否,综合类,公办,406,508,392,503,401,513
滨州医学院,山东,烟台市,否,否,医药类,公办,419,531,448,535,459,542
合肥工业大学,安徽,合肥市,否,是,理工类,公办,549,597,547,601,550,606
郑州大学,河南,郑州市,否,是,综合类,公办,561,604,533,609,541,621
中国海洋大学,山东,青岛市,是,是,综合类,公办,584,599,569,616,570,629
南开大学,天津,天津市,是,是,综合类,公办,634,646,615,641,620,655
湖南师范大学,湖南,长沙市,否,是,师范类,公办,555,598,548,608,544,613
河北经贸大学,河北,石家庄市,否,否,财经类,公办,399,537,442,539,456,549
河北大学,河北,保定市,否,否,综合类,公办,462,569,484,563,493,571
对外经济贸易大学,北京,北京市,否,是,财经类,公办,592,629,581,627,599,635
北京师范大学,北京,北京市,是,是,师范类,公办,631,649,610,647,615,658
西南交通大学,四川,成都市,否,是,理工类,公办,583,613,564,615,566,622
辽宁大学,辽宁,沈阳市,否,是,综合类,公办,539,603,529,606,534,614
北京中医药大学,北京,北京市,否,是,医药类,公办,568,623,555,616,558,619
中国人民大学,北京,北京市,是,是,综合类,公办,658,659,635,658,635,669
中央民族大学,北京,北京市,是,是,民族类,公办,583,609,570,619,572,636
湖南大学,湖南,长沙市,是,是,综合类,公办,597,623,583,628,581,640
北京林业大学,北京,北京市,否,是,农林类,公办,558,605,545,607,546,617
武汉大学,湖北,武汉市,是,是,综合类,公办,627,650,617,651,617,663
中央音乐学院,北京,北京市,否,是,艺术类,公办,278,358,351,458,275,359
北京外国语大学,北京,北京市,否,是,语言类,公办,580,617,579,628,596,643
北京交通大学,北京,北京市,否,是,理工类,公办,594,607,573,616,573,630
西北大学,陕西,西安市,否,是,综合类,公办,557,595,534,609,522,619
长安大学,陕西,西安市,否,是,理工类,公办,560,598,540,603,546,611
云南大学,云南,昆明市,否,是,综合类,公办,535,596,540,601,548,614
大连海事大学,辽宁,大连市,否,是,理工类,公办,556,548,536,608,537,616
内蒙古大学,内蒙古,呼和浩特市,否,是,综合类,公办,459,548,475,575,485,581
北京大学,北京,北京市,是,是,综合类,公办,684,668,663,668,670,680
