﻿名称,省,市,985,211,学校类型,学校属性,2023年物理类录取分数,2023年历史类录取分数,2022年物理类录取分数,2022年历史类录取分数,2021年物理类录取分数,2021年历史类录取分数
江苏海洋大学,江苏,连云港市,否,否,理工类,公办,502,515,505,530,513,533
江西软件职业技术大学,江西,南昌市,否,否,理工类,民办,431,297,428,372,424,467
福建技术师范学院,福建,福州市,否,否,师范类,公办,476,491,476,502,475,500
南京审计大学金审学院,江苏,南京市,否,否,财经类,民办,475,479,484,494,488,504
滇西应用技术大学,云南,大理白族自治州,否,否,综合类,公办,485,487,476,497,478,497
哈尔滨工业大学（深圳）,广东,深圳市,是,是,理工类,公办,660,620,643,612,647,615
中国社会科学院大学,北京,北京市,否,否,综合类,公办,622,606,616,600,624,600
温州肯恩大学,浙江,温州市,否,否,综合类,中外合作办学,531,522,512,524,505,529
合肥工业大学宣城校区,安徽,宣城市,否,是,综合类,公办,597,581,578,580,581,581
中国人民大学（苏州校区）,江苏,苏州市,是,是,综合类,公办,642,610,627,602,625,600
河北中医药大学,河北,石家庄市,否,否,医药类,公办,513,513,504,510,510,531
南昌师范学院,江西,南昌市,否,否,师范类,公办,508,509,516,532,515,529
成都师范学院,四川,成都市,否,否,师范类,公办,499,497,503,516,513,523
山西传媒学院,山西,晋中市,否,否,艺术类,公办,481,459,481,506,491,507
华北理工大学冀唐学院,河北,唐山市,否,否,医药类,民办,486,477,487,492,479,495
南昌工学院,江西,南昌市,否,否,理工类,民办,449,474,442,482,430,484
安徽外国语学院,安徽,合肥市,否,否,语言类,民办,435,454,433,471,451,474
福州外语外贸学院,福建,福州市,否,否,财经类,民办,432,461,428,468,430,469
山东协和学院,山东,济南市,否,否,医药类,民办,469,457,458,472,449,470
郑州升达经贸管理学院,河南,郑州市,否,否,财经类,民办,454,455,450,478,445,470
广西外国语学院,广西,南宁市,否,否,语言类,民办,431,455,433,468,425,467
华北理工大学轻工学院,河北,唐山市,否,否,理工类,民办,446,453,441,468,431,467
天津外国语大学滨海外事学院,天津,天津市,否,否,语言类,民办,464,455,464,484,454,479
浙江外国语学院,浙江,杭州市,否,否,语言类,公办,520,508,525,540,538,537
新疆政法学院,新疆,自治区直辖县级行政区划,否,否,政法类,公办,467,475,465,492,458,485
北京第二外国语学院,北京,北京市,否,否,语言类,公办,575,563,563,571,579,577
山东女子学院,山东,济南市,否,否,综合类,公办,474,482,472,496,467,495
福建江夏学院,福建,福州市,否,否,财经类,公办,474,493,486,502,485,497
衢州学院,浙江,衢州市,否,否,综合类,公办,508,494,509,512,508,514
贵州医科大学神奇民族医药学院,贵州,贵阳市,否,否,医药类,民办,477,482,479,487,490,493
贵阳人文科技学院,贵州,贵阳市,否,否,民族类,民办,453,458,453,482,434,479
贵州黔南经济学院,贵州,黔南布依族苗族自治州,否,否,财经类,民办,449,455,452,473,465,482
遵义医科大学医学与科技学院,贵州,遵义市,否,否,医药类,民办,495,478,479,488,477,493
西安科技大学高新学院,陕西,西安市,否,否,理工类,民办,450,460,448,476,439,468
西安交通大学城市学院,陕西,西安市,否,否,理工类,民办,465,460,461,484,455,482
江苏科技大学苏州理工学院,江苏,苏州市,否,否,理工类,民办,464,475,460,489,454,490
南京邮电大学通达学院,江苏,扬州市,否,否,综合类,民办,474,473,467,491,462,492
江苏师范大学科文学院,江苏,徐州市,否,否,综合类,民办,463,473,461,491,457,487
扬州大学广陵学院,江苏,扬州市,否,否,综合类,民办,464,487,464,495,461,497
苏州科技大学天平学院,江苏,苏州市,否,否,综合类,民办,475,468,472,488,462,488
苏州城市学院,江苏,苏州市,否,否,综合类,公办,521,512,515,528,514,526
南京医科大学康达学院,江苏,连云港市,否,否,医药类,民办,486,473,482,494,483,490
南京工业大学浦江学院,江苏,南京市,否,否,理工类,民办,466,468,461,487,459,484
南京传媒学院,江苏,南京市,否,否,艺术类,民办,486,477,499,513,514,519
南京航空航天大学金城学院,江苏,南京市,否,否,理工类,民办,465,469,459,487,452,483
南京理工大学紫金学院,江苏,南京市,否,否,理工类,民办,497,485,493,496,492,497
昆明理工大学津桥学院,云南,昆明市,否,否,理工类,民办,455,453,441,473,431,471
丽江文化旅游学院,云南,丽江市,否,否,综合类,民办,439,453,435,468,437,467
滇池学院,云南,昆明市,否,否,综合类,民办,446,453,440,469,425,467
文山学院,云南,文山壮族苗族自治州,否,否,综合类,公办,483,486,481,504,476,499
青岛农业大学海都学院,山东,烟台市,否,否,综合类,民办,460,454,451,474,447,473
西南财经大学天府学院,四川,绵阳市,否,否,财经类,民办,457,455,455,479,448,475
四川大学锦江学院,四川,眉山市,否,否,综合类,民办,455,460,455,480,445,473
绵阳城市学院,四川,绵阳市,否,否,理工类,民办,453,455,455,480,443,470
成都锦城学院,四川,成都市,否,否,综合类,民办,460,471,460,490,451,481
成都外国语学院,四川,成都市,否,否,语言类,民办,456,458,455,485,446,479
成都理工大学工程技术学院,四川,乐山市,否,否,理工类,民办,459,463,457,482,451,481
成都大学,四川,成都市,否,否,综合类,公办,536,547,532,545,538,546
电子科技大学中山学院,广东,中山市,否,否,理工类,民办,456,453,451,476,439,471
湖南中医药大学湘杏学院,湖南,岳阳市,否,否,医药类,民办,496,499,480,501,492,506
湖南理工学院南湖学院,湖南,岳阳市,否,否,理工类,民办,466,473,460,488,456,484
湖南文理学院芙蓉学院,湖南,常德市,否,否,综合类,民办,464,474,457,495,447,492
南华大学船山学院,湖南,衡阳市,否,否,综合类,民办,476,468,469,487,458,489
湘潭大学兴湘学院,湖南,湘潭市,否,否,综合类,民办,465,473,461,490,454,484
湖南工业大学科技学院,湖南,株洲市,否,否,综合类,民办,462,465,458,482,447,476
湖南科技大学潇湘学院,湖南,湘潭市,否,否,综合类,民办,468,472,468,490,464,489
长沙理工大学城南学院,湖南,长沙市,否,否,理工类,民办,468,476,463,492,460,491
湖南农业大学东方科技学院,湖南,长沙市,否,否,综合类,民办,468,468,465,489,459,490
湘潭理工学院,湖南,湘潭市,否,否,理工类,民办,452,456,448,480,447,480
湖南第一师范学院,湖南,长沙市,否,否,师范类,公办,511,544,524,544,534,538
湖北恩施学院,湖北,恩施土家族苗族自治州,否,否,综合类,民办,496,460,487,477,462,483
湖北工程学院新技术学院,湖北,孝感市,否,否,综合类,民办,460,468,458,485,455,478
武汉文理学院,湖北,武汉市,否,否,综合类,民办,461,466,457,484,450,477
郑州商学院,河南,郑州市,否,否,财经类,民办,456,458,451,475,444,467
南昌大学共青学院,江西,九江市,否,否,综合类,民办,457,474,457,487,449,477
南昌应用技术师范学院,江西,南昌市,否,否,师范类,民办,456,476,459,492,423,469
景德镇艺术职业大学,江西,景德镇市,否,否,艺术类,民办,452,454,437,469,423,470
赣南师范大学科技学院,江西,赣州市,否,否,师范类,民办,462,479,471,495,469,492
江西财经大学现代经济管理学院,江西,九江市,否,否,财经类,民办,463,471,458,486,461,479
南昌医学院,江西,南昌市,否,否,医药类,公办,504,500,504,506,505,495
南昌航空大学科技学院,江西,九江市,否,否,理工类,民办,463,468,457,485,453,480
赣东学院,江西,抚州市,否,否,综合类,公办,490,490,484,502,480,501
赣南科技学院,江西,赣州市,否,否,理工类,公办,485,489,480,499,477,501
南昌交通学院,江西,南昌市,否,否,理工类,民办,456,454,451,472,446,473
江西师范大学科学技术学院,江西,九江市,否,否,综合类,民办,469,481,469,498,468,492
江西农业大学南昌商学院,江西,九江市,否,否,综合类,民办,460,466,458,485,455,479
南昌大学科学技术学院,江西,九江市,否,否,综合类,民办,466,474,459,486,458,478
厦门工学院,福建,厦门市,否,否,理工类,民办,440,459,435,470,427,467
合肥城市学院,安徽,合肥市,否,否,理工类,民办,453,454,454,474,449,468
蚌埠工商学院,安徽,蚌埠市,否,否,财经类,民办,460,470,453,484,455,481
马鞍山学院,安徽,马鞍山市,否,否,理工类,民办,462,453,454,471,448,467
芜湖学院,安徽,芜湖市,否,否,综合类,民办,466,475,457,489,444,490
浙江越秀外国语学院,浙江,绍兴市,否,否,语言类,民办,431,453,428,468,424,468
宁波财经学院,浙江,宁波市,否,否,财经类,民办,442,454,445,469,440,467
上海财经大学浙江学院,浙江,金华市,否,否,财经类,民办,464,467,463,485,463,480
温州商学院,浙江,温州市,否,否,财经类,民办,438,455,433,473,423,468
浙江财经大学东方学院,浙江,嘉兴市,否,否,财经类,民办,451,456,449,480,441,478
浙江工商大学杭州商学院,浙江,杭州市,否,否,财经类,民办,455,464,456,485,455,480
绍兴文理学院元培学院,浙江,绍兴市,否,否,综合类,民办,460,480,451,489,442,483
湖州学院,浙江,湖州市,否,否,综合类,公办,506,497,494,509,483,503
宁波大学科学技术学院,浙江,宁波市,否,否,综合类,民办,454,473,453,487,448,491
浙江师范大学行知学院,浙江,金华市,否,否,综合类,民办,460,477,457,492,453,485
浙江工业大学之江学院,浙江,绍兴市,否,否,理工类,民办,454,472,453,485,444,473
浙大城市学院,浙江,杭州市,否,否,综合类,公办,512,524,533,546,519,536
广西中医药大学赛恩斯新医药学院,广西,南宁市,否,否,医药类,民办,464,467,458,475,448,469
广西民族大学相思湖学院,广西,南宁市,否,否,民族类,民办,458,460,454,482,452,478
柳州工学院,广西,柳州市,否,否,理工类,民办,436,454,439,469,425,467
桂林学院,广西,桂林市,否,否,综合类,民办,452,457,452,480,444,477
广西民族师范学院,广西,崇左市,否,否,师范类,公办,473,476,472,494,473,492
兰州工商学院,甘肃,兰州市,否,否,财经类,民办,436,454,449,469,439,467
大连医科大学中山学院,辽宁,大连市,否,否,医药类,民办,472,454,467,468,463,467
辽宁中医药大学杏林学院,辽宁,沈阳市,否,否,医药类,民办,468,459,463,478,450,475
辽宁师范大学海华学院,辽宁,大连市,否,否,综合类,民办,447,456,442,470,424,473
山西晋中理工学院,山西,晋中市,否,否,理工类,民办,464,460,461,477,451,471
天津财经大学珠江学院,天津,天津市,否,否,综合类,民办,452,453,452,477,444,474
天津理工大学中环信息学院,天津,天津市,否,否,综合类,民办,457,455,453,476,443,474
北京科技大学天津学院,天津,天津市,否,否,综合类,民办,462,464,457,483,446,472
天津医科大学临床医学院,天津,天津市,否,否,医药类,民办,506,472,502,487,501,480
天津商业大学宝德学院,天津,天津市,否,否,财经类,民办,452,453,454,477,453,475
民政职业大学,北京,北京市,否,否,政法类,公办,415,427,398,446,352,433
宁夏理工学院,宁夏,石嘴山市,否,否,理工类,民办,444,454,437,468,436,467
贵州黔南科技学院,贵州,黔南布依族苗族自治州,否,否,综合类,民办,450,454,454,481,454,482
贵州警察学院,贵州,贵阳市,否,否,政法类,公办,501,507,496,510,499,505
西安信息职业大学,陕西,西安市,否,否,理工类,民办,436,317,432,342,425,328
无锡太湖学院,江苏,无锡市,否,否,综合类,民办,440,453,452,476,446,474
云南经济管理学院,云南,昆明市,否,否,财经类,民办,448,333,446,468,363,313
昆明文理学院,云南,昆明市,否,否,师范类,民办,445,451,438,474,424,467
青岛黄海学院,山东,青岛市,否,否,综合类,民办,438,457,431,397,430,384
烟台南山学院,山东,烟台市,否,否,综合类,民办,457,464,451,471,443,471
齐鲁医药学院,山东,淄博市,否,否,医药类,民办,469,463,483,486,483,501
山东石油化工学院,山东,东营市,否,否,理工类,公办,488,501,477,506,474,502
广东外语外贸大学南国商学院,广东,广州市,否,否,综合类,民办,448,464,448,477,443,476
广州城市理工学院,广东,广州市,否,否,理工类,民办,454,453,446,480,436,476
广州商学院,广东,广州市,否,否,财经类,民办,433,460,436,469,448,472
湖南医药学院,湖南,怀化市,否,否,医药类,公办,514,506,514,511,521,517
湖南警察学院,湖南,长沙市,否,否,政法类,公办,499,503,496,514,500,516
湖南财政经济学院,湖南,长沙市,否,否,财经类,公办,506,508,508,519,526,529
湖南工学院,湖南,衡阳市,否,否,理工类,公办,492,487,495,511,504,515
武汉生物工程学院,湖北,武汉市,否,否,理工类,民办,460,459,456,478,449,471
武汉晴川学院,湖北,武汉市,否,否,综合类,民办,448,459,451,474,442,471
长江大学文理学院,湖北,荆州市,否,否,综合类,民办,480,460,472,482,464,477
湖北文理学院理工学院,湖北,襄阳市,否,否,理工类,民办,455,458,455,478,453,473
湖北师范大学文理学院,湖北,黄石市,否,否,师范类,民办,456,473,474,492,470,488
武汉工程大学邮电与信息工程学院,湖北,武汉市,否,否,理工类,民办,455,453,452,473,445,473
湖北商贸学院,湖北,武汉市,否,否,财经类,民办,450,457,446,471,432,469
湖北工业大学工程技术学院,湖北,武汉市,否,否,综合类,民办,462,453,455,475,447,470
武汉工商学院,湖北,武汉市,否,否,综合类,民办,449,453,448,468,436,468
湖北大学知行学院,湖北,武汉市,否,否,理工类,民办,462,470,461,488,458,485
郑州工程技术学院,河南,郑州市,否,否,理工类,公办,475,477,473,497,472,495
河南财政金融学院,河南,郑州市,否,否,财经类,公办,480,482,474,498,480,497
新乡学院,河南,新乡市,否,否,综合类,公办,477,479,472,496,473,494
福州理工学院,福建,福州市,否,否,理工类,民办,434,453,428,468,423,467
泉州信息工程学院,福建,泉州市,否,否,理工类,民办,437,455,432,472,424,467
泉州职业技术大学,福建,泉州市,否,否,综合类,民办,431,455,428,468,423,467
厦门华厦学院,福建,厦门市,否,否,综合类,民办,443,461,447,471,436,468
闽南理工学院,福建,泉州市,否,否,理工类,民办,431,453,429,468,424,467
福建农林大学金山学院,福建,福州市,否,否,综合类,民办,460,466,456,483,447,479
福州大学至诚学院,福建,福州市,否,否,综合类,民办,464,480,461,493,456,488
闽南科技学院,福建,泉州市,否,否,理工类,民办,436,454,438,468,434,468
福州工商学院,福建,福州市,否,否,财经类,民办,423,453,426,464,417,463
福建师范大学协和学院,福建,福州市,否,否,综合类,民办,450,471,458,487,450,483
阳光学院,福建,福州市,否,否,综合类,民办,431,453,432,469,429,467
厦门大学嘉庚学院,福建,漳州市,否,否,综合类,民办,464,480,470,494,474,490
厦门医学院,福建,厦门市,否,否,医药类,公办,499,504,498,513,501,514
福建商学院,福建,福州市,否,否,财经类,公办,467,481,469,494,473,491
宁德师范学院,福建,宁德市,否,否,师范类,公办,474,486,472,498,467,494
福建警察学院,福建,福州市,否,否,政法类,公办,504,515,501,515,506,517
武夷学院,福建,南平市,否,否,综合类,公办,475,485,474,493,470,497
池州学院,安徽,池州市,否,否,综合类,公办,477,488,481,496,484,513
浙江树人学院,浙江,杭州市,否,否,综合类,民办,449,454,450,468,448,467
金华职业技术大学,浙江,金华市,否,否,综合类,公办,430,449,423,458,404,445
南宁学院,广西,南宁市,否,否,理工类,民办,434,453,452,478,444,475
桂林旅游学院,广西,桂林市,否,否,财经类,公办,468,472,468,485,457,486
桂林航天工业学院,广西,桂林市,否,否,理工类,公办,492,484,487,498,487,495
广西科技师范学院,广西,来宾市,否,否,师范类,公办,483,497,486,509,487,511
太原学院,山西,太原市,否,否,综合类,公办,471,483,470,495,474,494
吕梁学院,山西,吕梁市,否,否,综合类,公办,466,483,478,501,475,497
长春人文学院,吉林,长春市,否,否,综合类,民办,443,473,431,488,427,489
吉林工商学院,吉林,长春市,否,否,财经类,公办,472,477,470,494,471,493
天津仁爱学院,天津,天津市,否,否,综合类,民办,439,453,442,476,441,477
六盘水师范学院,贵州,六盘水市,否,否,师范类,公办,469,493,475,506,477,502
河北工程大学科信学院,河北,邯郸市,否,否,理工类,民办,461,468,460,488,460,486
石家庄铁道大学四方学院,河北,石家庄市,否,否,理工类,民办,465,473,460,486,457,484
河北医科大学临床学院,河北,石家庄市,否,否,医药类,民办,493,486,488,495,490,495
贵州师范学院,贵州,贵阳市,否,否,师范类,公办,485,504,481,517,497,513
常州大学怀德学院,江苏,泰州市,否,否,理工类,民办,459,462,456,484,451,481
大连财经学院,辽宁,大连市,否,否,财经类,民办,439,453,432,472,429,468
南通理工学院,江苏,南通市,否,否,综合类,民办,442,465,451,470,442,472
信阳学院,河南,信阳市,否,否,综合类,民办,463,479,475,495,467,490
琼台师范学院,海南,海口市,否,否,师范类,公办,491,493,492,504,497,505
河南城建学院,河南,平顶山市,否,否,理工类,公办,473,482,471,498,476,495
荆楚理工学院,湖北,荆门市,否,否,理工类,公办,480,484,474,500,479,496
重庆工程学院,重庆,重庆市,否,否,理工类,民办,472,461,467,485,462,483
重庆第二师范学院,重庆,重庆市,否,否,师范类,公办,491,508,507,526,514,528
重庆电子科技职业大学,重庆,重庆市,否,否,理工类,公办,415,408,413,453,384,442
重庆移通学院,重庆,重庆市,否,否,理工类,民办,457,454,455,477,448,473
重庆财经学院,重庆,重庆市,否,否,财经类,民办,469,470,472,488,472,483
重庆城市科技学院,重庆,重庆市,否,否,综合类,民办,457,461,457,483,456,479
重庆外语外事学院,重庆,重庆市,否,否,语言类,民办,453,457,454,481,448,476
重庆对外经贸学院,重庆,重庆市,否,否,财经类,民办,456,469,457,487,457,481
上海视觉艺术学院,上海,上海市,否,否,艺术类,民办,486,512,471,516,471,509
沧州交通学院,河北,沧州市,否,否,理工类,民办,453,453,451,470,441,467
珠海科技学院,广东,珠海市,否,否,综合类,民办,461,453,458,484,455,483
江苏大学京江学院,江苏,镇江市,否,否,综合类,民办,480,470,473,489,471,486
无锡学院,江苏,无锡市,否,否,理工类,公办,523,514,508,518,503,515
北京中医药大学东方学院,河北,廊坊市,否,否,医药类,民办,477,469,473,488,469,486
燕京理工学院,河北,廊坊市,否,否,理工类,民办,459,453,451,476,432,467
四川工商学院,四川,成都市,否,否,综合类,民办,457,468,456,485,451,480
海口经济学院,海南,海口市,否,否,综合类,民办,423,441,428,358,426,477
浙江水利水电学院,浙江,杭州市,否,否,理工类,公办,510,505,501,517,510,529
湖北第二师范学院,湖北,武汉市,否,否,师范类,公办,523,531,521,540,519,536
西交利物浦大学,江苏,苏州市,否,否,综合类,中外合作办学,560,544,543,542,550,537
三亚学院,海南,三亚市,否,否,综合类,民办,438,458,447,471,432,468
河南开封科技传媒学院,河南,开封市,否,否,综合类,民办,457,453,449,473,432,467
河南工程学院,河南,郑州市,否,否,理工类,公办,475,483,476,500,477,496
上海外国语大学贤达经济人文学院,上海,上海市,否,否,财经类,民办,441,453,437,468,427,467
北京理工大学珠海学院,广东,珠海市,否,否,理工类,民办,489,484,482,490,482,485
广州应用科技学院,广东,广州市,否,否,综合类,民办,441,453,435,468,427,470
广州新华学院,广东,广州市,否,否,综合类,民办,451,460,451,481,445,473
昆明城市学院,云南,昆明市,否,否,综合类,民办,446,453,433,468,423,467
昆明医科大学海源学院,云南,昆明市,否,否,医药类,民办,465,457,473,484,463,473
吉林师范大学博达学院,吉林,四平市,否,否,师范类,民办,449,456,455,473,441,472
北京师范大学-香港浸会大学联合国际学院,广东,珠海市,否,否,综合类,内地与港澳台地区合作办学,547,533,529,537,527,535
安顺学院,贵州,安顺市,否,否,综合类,公办,476,493,473,506,476,510
铜仁学院,贵州,铜仁市,否,否,综合类,公办,461,499,473,516,469,506
西安医学院,陕西,西安市,否,否,医药类,公办,532,499,521,509,537,504
菏泽学院,山东,菏泽市,否,否,综合类,公办,470,484,472,501,473,501
安康学院,陕西,安康市,否,否,综合类,公办,473,482,463,502,475,501
商洛学院,陕西,商洛市,否,否,综合类,公办,484,477,481,496,481,493
三明学院,福建,三明市,否,否,综合类,公办,474,489,475,497,471,493
河北科技师范学院,河北,秦皇岛市,否,否,师范类,公办,470,473,471,494,475,480
长治学院,山西,长治市,否,否,综合类,公办,475,489,470,505,484,505
北部湾大学,广西,钦州市,否,否,综合类,公办,482,504,470,511,474,509
丽水学院,浙江,丽水市,否,否,综合类,公办,487,528,507,533,504,524
百色学院,广西,百色市,否,否,综合类,公办,475,485,475,499,475,497
梧州学院,广西,梧州市,否,否,综合类,公办,476,490,468,498,479,495
龙岩学院,福建,龙岩市,否,否,综合类,公办,478,492,481,500,475,497
海南热带海洋学院,海南,三亚市,否,否,综合类,公办,476,482,470,494,482,514
贵州工程应用技术学院,贵州,毕节市,否,否,师范类,公办,478,484,481,499,479,503
重庆人文科技学院,重庆,重庆市,否,否,综合类,民办,460,465,457,485,453,481
山东大学（威海）,山东,威海市,是,是,综合类,公办,620,609,609,599,610,598
东北大学秦皇岛分校,河北,秦皇岛市,是,是,理工类,公办,600,592,593,590,598,590
宁波诺丁汉大学,浙江,宁波市,否,否,综合类,中外合作办学,561,564,540,553,541,571
集美大学诚毅学院,福建,厦门市,否,否,综合类,民办,464,486,461,496,455,494
安徽中医药大学,安徽,合肥市,否,否,医药类,公办,514,526,525,522,527,528
南京财经大学红山学院,江苏,镇江市,否,否,综合类,民办,464,470,463,487,461,482
宁波工程学院,浙江,宁波市,否,否,理工类,公办,498,511,500,519,507,524
湖南涉外经济学院,湖南,长沙市,否,否,财经类,民办,431,453,428,468,425,467
西京学院,陕西,西安市,否,否,理工类,民办,449,453,452,476,445,470
西安翻译学院,陕西,西安市,否,否,语言类,民办,440,455,437,473,424,468
常熟理工学院,江苏,苏州市,否,否,理工类,公办,499,502,495,515,514,522
三江学院,江苏,南京市,否,否,综合类,民办,445,468,457,487,453,487
洛阳理工学院,河南,洛阳市,否,否,理工类,公办,486,484,489,503,498,507
武汉城市学院,湖北,武汉市,否,否,理工类,民办,456,454,459,471,461,468
武汉学院,湖北,武汉市,否,否,综合类,民办,457,465,457,485,458,483
保定理工学院,河北,保定市,否,否,理工类,民办,440,480,435,468,428,467
武汉东湖学院,湖北,武汉市,否,否,综合类,民办,451,453,446,468,437,467
武昌理工学院,湖北,武汉市,否,否,综合类,民办,465,455,449,474,441,468
东南大学成贤学院,江苏,南京市,否,否,综合类,民办,477,481,467,490,469,490
武汉工程科技学院,湖北,武汉市,否,否,理工类,民办,452,453,451,469,445,467
山东中医药大学,山东,济南市,否,否,医药类,公办,526,508,511,529,518,536
南京特殊教育师范学院,江苏,南京市,否,否,师范类,公办,487,507,490,518,499,504
电子科技大学成都学院,四川,成都市,否,否,理工类,民办,473,464,469,483,470,480
郑州财经学院,河南,郑州市,否,否,财经类,民办,456,465,456,483,446,476
三峡大学科技学院,湖北,宜昌市,否,否,综合类,民办,480,460,476,482,474,475
北京工业大学耿丹学院,北京,北京市,否,否,综合类,民办,459,455,447,472,439,467
武昌首义学院,湖北,武汉市,否,否,理工类,民办,465,465,461,487,460,484
武汉华夏理工学院,湖北,武汉市,否,否,理工类,民办,453,455,455,468,451,467
广州南方学院,广东,广州市,否,否,综合类,民办,446,453,438,469,433,467
陇东学院,甘肃,庆阳市,否,否,综合类,公办,469,485,471,499,470,494
上海电机学院,上海,上海市,否,否,理工类,公办,535,511,531,523,535,532
塔里木大学,新疆,自治区直辖县级行政区划,否,否,综合类,公办,467,476,466,493,467,484
曲靖师范学院,云南,曲靖市,否,否,师范类,公办,488,490,491,506,493,508
成都体育学院,四川,成都市,否,否,体育类,公办,455,489,496,515,498,507
乐山师范学院,四川,乐山市,否,否,师范类,公办,478,487,476,504,485,503
宜宾学院,四川,宜宾市,否,否,综合类,公办,501,488,491,504,494,502
内江师范学院,四川,内江市,否,否,师范类,公办,511,525,508,534,501,520
绵阳师范学院,四川,绵阳市,否,否,师范类,公办,494,491,492,513,496,510
文华学院,湖北,武汉市,否,否,综合类,民办,452,461,456,484,449,479
重庆工商大学,重庆,重庆市,否,否,财经类,公办,534,527,531,542,541,549
湖南人文科技学院,湖南,娄底市,否,否,综合类,公办,476,483,473,498,472,497
浙江传媒学院,浙江,杭州市,否,否,艺术类,公办,542,545,549,568,559,571
南京工业职业技术大学,江苏,南京市,否,否,理工类,公办,498,487,480,498,379,454
哈尔滨师范大学,黑龙江,哈尔滨市,否,否,师范类,公办,495,494,499,510,505,518
厦门理工学院,福建,厦门市,否,否,理工类,公办,510,501,505,514,509,512
湖北经济学院法商学院,湖北,武汉市,否,否,财经类,民办,450,453,453,470,445,467
徐州工程学院,江苏,徐州市,否,否,综合类,公办,521,508,511,514,516,516
金陵科技学院,江苏,南京市,否,否,理工类,公办,520,509,516,516,524,528
广西财经学院,广西,南宁市,否,否,财经类,公办,476,496,476,507,511,508
黑河学院,黑龙江,黑河市,否,否,综合类,公办,474,477,475,497,468,492
昆明学院,云南,昆明市,否,否,综合类,公办,489,508,484,527,487,520
西安文理学院,陕西,西安市,否,否,综合类,公办,498,512,490,517,501,509
重庆文理学院,重庆,重庆市,否,否,综合类,公办,485,469,488,524,496,532
伊犁师范大学,新疆,伊犁哈萨克自治州,否,否,师范类,公办,471,487,472,496,466,488
河池学院,广西,河池市,否,否,综合类,公办,478,494,488,509,482,503
广西中医药大学,广西,南宁市,否,否,医药类,公办,527,517,524,521,529,532
右江民族医学院,广西,百色市,否,否,医药类,公办,501,504,497,509,499,510
广东金融学院,广东,广州市,否,否,财经类,公办,542,536,536,536,549,543
长沙学院,湖南,长沙市,否,否,综合类,公办,505,514,503,530,514,536
湖北警官学院,湖北,武汉市,否,否,政法类,公办,504,510,494,516,501,515
湖北理工学院,湖北,黄石市,否,否,理工类,公办,501,484,494,506,497,519
阜阳师范大学,安徽,阜阳市,否,否,师范类,公办,518,529,524,538,517,536
福建中医药大学,福建,福州市,否,否,医药类,公办,512,502,513,510,508,523
福建医科大学,福建,福州市,否,否,医药类,公办,562,526,562,532,562,536
吉林农业科技学院,吉林,吉林市,否,否,农林类,公办,474,475,469,493,469,494
上海商学院,上海,上海市,否,否,财经类,公办,519,529,524,543,541,551
重庆科技大学,重庆,重庆市,否,否,理工类,公办,501,501,503,515,514,520
武汉科技大学,湖北,武汉市,否,否,综合类,公办,571,546,564,553,579,563
广东培正学院,广东,广州市,否,否,财经类,民办,440,454,444,468,437,470
广东技术师范大学,广东,广州市,否,否,师范类,公办,526,515,522,526,528,530
广东警官学院,广东,广州市,否,否,政法类,公办,530,532,514,534,537,543
南方医科大学,广东,广州市,否,否,医药类,公办,568,551,594,549,609,562
贵州大学,贵州,贵阳市,否,是,综合类,公办,568,577,563,577,582,580
西南大学,重庆,重庆市,否,是,综合类,公办,584,587,576,586,583,587
攀枝花学院,四川,攀枝花市,否,否,综合类,公办,480,479,481,501,497,501
西昌学院,四川,凉山彝族自治州,否,否,综合类,公办,476,479,476,497,476,495
江西应用科技学院,江西,南昌市,否,否,综合类,民办,448,454,438,468,423,472
运城学院,山西,运城市,否,否,综合类,公办,477,475,477,493,468,491
山西中医药大学,山西,晋中市,否,否,医药类,公办,514,504,504,522,513,525
南昌职业大学,江西,南昌市,否,否,综合类,民办,440,303,429,334,423,467
江西职业技术大学,江西,九江市,否,否,综合类,公办,411,386,386,402,282,368
新余学院,江西,新余市,否,否,综合类,公办,486,482,493,496,504,512
景德镇学院,江西,景德镇市,否,否,综合类,公办,483,494,479,503,484,506
萍乡学院,江西,萍乡市,否,否,综合类,公办,484,495,481,509,482,503
黄淮学院,河南,驻马店市,否,否,综合类,公办,475,479,471,494,469,492
河南科技学院,河南,新乡市,否,否,综合类,公办,475,493,473,506,474,498
平顶山学院,河南,平顶山市,否,否,综合类,公办,480,484,480,502,477,496
安阳师范学院,河南,安阳市,否,否,师范类,公办,499,500,498,514,495,511
信阳师范大学,河南,信阳市,否,否,师范类,公办,489,486,472,496,488,499
首都经济贸易大学,北京,北京市,否,否,财经类,公办,571,584,580,580,586,583
江西警察学院,江西,南昌市,否,否,政法类,公办,507,511,498,518,503,520
河南中医药大学,河南,郑州市,否,否,医药类,公办,531,527,527,517,527,541
豫章师范学院,江西,南昌市,否,否,师范类,公办,493,432,502,502,502,502
江西科技学院,江西,南昌市,否,否,综合类,民办,449,455,439,471,428,468
南昌理工学院,江西,南昌市,否,否,综合类,民办,455,457,448,473,439,467
南昌工程学院,江西,南昌市,否,否,理工类,公办,513,490,501,509,505,519
北京体育大学,北京,北京市,否,是,体育类,公办,569,545,572,583,583,581
西安思源学院,陕西,西安市,否,否,综合类,民办,440,457,453,482,442,475
南阳理工学院,河南,南阳市,否,否,理工类,公办,476,483,473,499,475,497
安阳工学院,河南,安阳市,否,否,理工类,公办,470,477,464,496,475,492
河南师范大学,河南,新乡市,否,否,师范类,公办,517,532,541,549,556,550
中国石油大学（北京）,北京,北京市,否,是,理工类,公办,599,591,585,585,590,585
华北电力大学,北京,北京市,否,是,理工类,公办,612,586,596,583,605,588
武汉商学院,湖北,武汉市,否,否,财经类,公办,419,489,398,497,358,412
四川文理学院,四川,达州市,否,否,综合类,公办,475,485,482,502,487,500
四川工程职业技术大学,四川,德阳市,否,否,理工类,公办,415,390,351,401,372,433
南通大学,江苏,南通市,否,否,综合类,公办,546,562,538,562,542,558
辽宁工程技术大学,辽宁,阜新市,否,否,理工类,公办,501,480,498,503,504,504
四川旅游学院,四川,成都市,否,否,综合类,公办,468,483,465,498,491,502
成都东软学院,四川,成都市,否,否,理工类,民办,459,454,455,474,460,474
河北外国语学院,河北,石家庄市,否,否,语言类,民办,432,453,428,468,424,468
哈尔滨金融学院,黑龙江,哈尔滨市,否,否,财经类,公办,478,476,477,496,486,496
上海中侨职业技术大学,上海,上海市,否,否,财经类,民办,437,323,437,353,429,470
河北金融学院,河北,保定市,否,否,财经类,公办,467,479,481,501,485,503
邢台医学院,河北,邢台市,否,否,医药类,公办,384,376,347,401,233,405
河北石油职业技术大学,河北,承德市,否,否,理工类,公办,477,474,468,492,371,326
北华航天工业学院,河北,廊坊市,否,否,理工类,公办,486,482,486,499,498,500
上海立达学院,上海,上海市,否,否,财经类,民办,431,453,428,492,353,409
上海建桥学院,上海,上海市,否,否,财经类,民办,453,453,451,468,449,467
防灾科技学院,河北,廊坊市,否,否,综合类,公办,498,486,498,507,505,519
保定学院,河北,保定市,否,否,综合类,公办,470,498,490,511,495,517
邯郸学院,河北,邯郸市,否,否,师范类,公办,480,495,490,508,485,504
衡水学院,河北,衡水市,否,否,综合类,公办,465,488,450,501,476,499
廊坊师范学院,河北,廊坊市,否,否,师范类,公办,479,490,496,509,502,508
山东师范大学,山东,济南市,否,否,师范类,公办,543,571,560,573,576,568
邢台学院,河北,邢台市,否,否,综合类,公办,494,489,498,505,487,504
石家庄铁道大学,河北,石家庄市,否,否,理工类,公办,538,510,524,528,539,528
河北地质大学,河北,石家庄市,否,否,理工类,公办,497,494,498,502,508,521
华北科技学院,河北,廊坊市,否,否,理工类,公办,483,483,481,501,495,512
河北工程大学,河北,邯郸市,否,否,理工类,公办,501,510,505,522,512,527
华北理工大学,河北,唐山市,否,否,综合类,公办,492,507,505,522,537,540
河北医科大学,河北,石家庄市,否,否,医药类,公办,539,513,534,514,541,523
河北师范大学,河北,石家庄市,否,否,师范类,公办,553,559,546,563,512,566
北京语言大学,北京,北京市,否,否,语言类,公办,581,582,575,585,587,588
华北电力大学保定校区,河北,保定市,否,是,理工类,公办,597,581,588,576,597,579
北京印刷学院,北京,北京市,否,否,理工类,公办,509,539,508,565,546,570
首都师范大学,北京,北京市,否,否,师范类,公办,588,585,584,577,592,588
北京物资学院,北京,北京市,否,否,财经类,公办,534,533,519,540,537,546
中国劳动关系学院,北京,北京市,否,否,政法类,公办,522,536,525,540,528,540
北京联合大学,北京,北京市,否,否,综合类,公办,516,528,506,538,547,546
北京工商大学,北京,北京市,否,否,财经类,公办,547,579,527,574,568,579
中国政法大学,北京,北京市,否,是,政法类,公办,620,622,618,614,631,606
中央财经大学,北京,北京市,否,是,财经类,公办,631,612,623,604,632,607
北方工业大学,北京,北京市,否,否,理工类,公办,557,552,554,555,562,568
北京城市学院,北京,北京市,否,否,综合类,民办,468,467,464,486,466,488
中国传媒大学,北京,北京市,否,是,综合类,公办,594,596,593,601,616,604
中国农业大学,北京,北京市,是,是,农林类,公办,614,590,601,588,602,588
北京化工大学,北京,北京市,否,是,理工类,公办,591,584,579,581,588,583
鲁东大学,山东,烟台市,否,否,综合类,公办,490,519,508,530,511,534
烟台大学,山东,烟台市,否,否,综合类,公办,511,554,509,547,518,555
潍坊学院,山东,潍坊市,否,否,综合类,公办,479,505,479,511,481,507
山东第一医科大学,山东,济南市,否,否,医药类,公办,518,485,524,506,527,510
齐鲁工业大学,山东,济南市,否,否,理工类,公办,518,512,508,517,522,526
北方民族大学,宁夏,银川市,否,否,综合类,公办,493,500,494,506,490,510
宁夏大学,宁夏,银川市,否,是,综合类,公办,544,553,546,555,565,556
广西民族大学,广西,南宁市,否,否,民族类,公办,501,509,496,528,502,534
山东农业大学,山东,泰安市,否,否,农林类,公办,512,504,504,521,511,526
南宁师范大学,广西,南宁市,否,否,师范类,公办,520,507,513,527,510,529
玉林师范学院,广西,玉林市,否,否,师范类,公办,482,501,478,498,479,498
山东科技大学,山东,青岛市,否,否,理工类,公办,544,545,535,541,549,558
山东财经大学,山东,济南市,否,否,财经类,公办,532,542,537,550,556,554
山东交通学院,山东,济南市,否,否,理工类,公办,502,511,499,516,511,517
桂林理工大学,广西,桂林市,否,否,理工类,公办,500,489,503,509,513,518
广西师范大学,广西,桂林市,否,否,师范类,公办,552,540,550,552,552,549
山东工商学院,山东,烟台市,否,否,财经类,公办,484,497,485,509,503,515
贵州中医药大学,贵州,贵阳市,否,否,医药类,公办,511,526,505,529,505,526
贵州财经大学,贵州,贵阳市,否,否,财经类,公办,500,495,496,510,495,491
遵义医科大学,贵州,遵义市,否,否,医药类,公办,536,504,525,521,518,523
贵州民族大学,贵州,贵阳市,否,否,民族类,公办,499,510,508,526,513,526
海南师范大学,海南,海口市,否,否,师范类,公办,522,535,536,551,551,549
曲阜师范大学,山东,济宁市,否,否,师范类,公办,523,534,514,542,519,541
青岛理工大学,山东,青岛市,否,否,理工类,公办,510,518,524,538,537,537
内蒙古民族大学,内蒙古,通辽市,否,否,综合类,公办,483,478,477,502,474,500
内蒙古科技大学,内蒙古,包头市,否,否,综合类,公办,478,476,471,496,477,503
海南大学,海南,海口市,否,是,综合类,公办,569,560,556,567,566,570
甘肃政法大学,甘肃,兰州市,否,否,政法类,公办,549,544,535,543,554,544
兰州财经大学,甘肃,兰州市,否,否,财经类,公办,497,495,499,511,507,526
青岛大学,山东,青岛市,否,否,综合类,公办,542,527,530,535,557,558
临沂大学,山东,临沂市,否,否,综合类,公办,497,522,512,531,511,529
西北师范大学,甘肃,兰州市,否,否,师范类,公办,522,536,544,551,552,543
聊城大学,山东,聊城市,否,否,综合类,公办,508,531,504,538,510,538
甘肃农业大学,甘肃,兰州市,否,否,农林类,公办,482,483,478,505,486,510
河南财经政法大学,河南,郑州市,否,否,财经类,公办,511,520,517,530,522,535
商丘师范学院,河南,商丘市,否,否,师范类,公办,477,492,488,505,489,512
兰州交通大学,甘肃,兰州市,否,否,理工类,公办,531,462,526,530,534,537
南阳师范学院,河南,南阳市,否,否,师范类,公办,478,492,468,504,450,512
周口师范学院,河南,周口市,否,否,师范类,公办,476,486,484,505,481,504
洛阳师范学院,河南,洛阳市,否,否,综合类,公办,497,493,495,514,495,504
中原工学院,河南,郑州市,否,否,理工类,公办,485,501,478,513,474,510
西北民族大学,甘肃,兰州市,否,否,综合类,公办,490,493,483,509,487,512
郑州航空工业管理学院,河南,郑州市,否,否,综合类,公办,476,497,479,508,497,509
莆田学院,福建,莆田市,否,否,综合类,公办,494,490,490,504,490,503
闽江学院,福建,福州市,否,否,综合类,公办,495,507,501,517,506,518
闽南师范大学,福建,漳州市,否,否,师范类,公办,492,510,511,532,514,536
泉州师范学院,福建,泉州市,否,否,师范类,公办,489,502,489,511,498,518
福建理工大学,福建,福州市,否,否,理工类,公办,524,524,510,520,514,512
福建师范大学,福建,福州市,否,否,师范类,公办,548,573,553,571,553,566
仰恩大学,福建,泉州市,否,否,综合类,民办,448,461,450,477,447,477
集美大学,福建,厦门市,否,否,综合类,公办,528,527,535,548,541,548
黄河科技学院,河南,郑州市,否,否,理工类,民办,459,453,452,472,443,469
福建农林大学,福建,福州市,否,否,农林类,公办,544,522,529,529,524,536
河南工业大学,河南,郑州市,否,否,理工类,公办,500,509,508,523,516,530
华侨大学,福建,泉州市,否,否,综合类,公办,549,547,544,554,554,556
河南理工大学,河南,焦作市,否,否,理工类,公办,514,506,513,524,518,525
河南农业大学,河南,郑州市,否,否,农林类,公办,517,501,505,516,501,527
湖北文理学院,湖北,襄阳市,否,否,综合类,公办,513,508,509,524,512,523
河南科技大学,河南,洛阳市,否,否,综合类,公办,535,506,531,521,549,528
河南大学,河南,开封市,否,否,综合类,公办,563,562,551,563,553,566
郑州轻工业大学,河南,郑州市,否,否,理工类,公办,504,505,507,524,503,524
湖北民族大学,湖北,恩施土家族苗族自治州,否,否,综合类,公办,510,487,498,511,502,511
黑龙江科技大学,黑龙江,哈尔滨市,否,否,理工类,公办,481,493,484,506,499,504
黑龙江工程学院,黑龙江,哈尔滨市,否,否,理工类,公办,480,478,473,498,488,504
武汉体育学院,湖北,武汉市,否,否,体育类,公办,495,494,490,512,496,527
哈尔滨学院,黑龙江,哈尔滨市,否,否,综合类,公办,464,483,477,502,479,504
湖北经济学院,湖北,武汉市,否,否,财经类,公办,518,515,518,532,532,538
哈尔滨商业大学,黑龙江,哈尔滨市,否,否,财经类,公办,468,485,474,504,492,502
湖北工程学院,湖北,孝感市,否,否,理工类,公办,501,494,501,507,514,507
牡丹江师范学院,黑龙江,牡丹江市,否,否,师范类,公办,467,479,470,495,472,495
湖北师范大学,湖北,黄石市,否,否,师范类,公办,514,527,507,532,498,529
湖北中医药大学,湖北,武汉市,否,否,医药类,公办,520,520,524,526,535,530
武汉轻工大学,湖北,武汉市,否,否,理工类,公办,539,525,533,536,538,540
三峡大学,湖北,宜昌市,否,否,综合类,公办,555,504,523,524,557,529
哈尔滨医科大学,黑龙江,哈尔滨市,否,否,医药类,公办,519,465,546,512,558,530
湖北大学,湖北,武汉市,否,否,综合类,公办,546,547,540,566,566,571
齐齐哈尔大学,黑龙江,齐齐哈尔市,否,否,综合类,公办,479,509,474,508,477,513
中南民族大学,湖北,武汉市,否,否,综合类,公办,537,558,524,554,536,543
黑龙江大学,黑龙江,哈尔滨市,否,否,综合类,公办,506,528,519,543,525,541
华中师范大学,湖北,武汉市,否,是,师范类,公办,620,599,608,603,615,597
东北林业大学,黑龙江,哈尔滨市,否,是,农林类,公办,566,577,558,573,567,576
邵阳学院,湖南,邵阳市,否,否,综合类,公办,482,485,491,506,501,510
华中农业大学,湖北,武汉市,否,是,农林类,公办,587,584,579,581,585,583
怀化学院,湖南,怀化市,否,否,综合类,公办,482,498,489,505,494,509
湖南文理学院,湖南,常德市,否,否,综合类,公办,486,490,490,506,497,520
中南财经政法大学,湖北,武汉市,否,是,财经类,公办,603,599,604,593,611,596
吉林财经大学,吉林,长春市,否,否,财经类,公办,474,494,503,516,519,531
吉林外国语大学,吉林,长春市,否,否,语言类,民办,441,454,448,480,445,476
白城师范学院,吉林,白城市,否,否,师范类,公办,474,471,473,497,473,495
湖南科技学院,湖南,永州市,否,否,综合类,公办,466,505,498,510,501,508
通化师范学院,吉林,通化市,否,否,师范类,公办,470,479,467,499,473,495
湖南工商大学,湖南,长沙市,否,否,财经类,公办,522,527,523,540,540,547
衡阳师范学院,湖南,衡阳市,否,否,师范类,公办,514,522,522,540,528,533
吉林工程技术师范学院,吉林,长春市,否,否,师范类,公办,467,487,461,493,445,494
湘南学院,湖南,郴州市,否,否,综合类,公办,510,495,499,507,502,501
湖南中医药大学,湖南,长沙市,否,否,医药类,公办,530,535,512,544,554,552
中南林业科技大学,湖南,长沙市,否,否,农林类,公办,517,530,496,537,546,552
湖南工程学院,湖南,湘潭市,否,否,理工类,公办,486,502,486,508,492,518
湖南工业大学,湖南,株洲市,否,否,综合类,公办,521,524,515,536,524,550
湖南理工学院,湖南,岳阳市,否,否,理工类,公办,499,492,491,503,501,513
吉林建筑大学,吉林,长春市,否,否,理工类,公办,477,486,482,506,493,509
东北电力大学,吉林,吉林市,否,否,理工类,公办,521,517,540,524,544,527
湖南农业大学,湖南,长沙市,否,否,农林类,公办,520,539,524,540,533,540
南华大学,湖南,衡阳市,否,否,综合类,公办,540,511,540,529,543,529
吉林师范大学,吉林,四平市,否,否,师范类,公办,505,482,534,516,530,520
长沙理工大学,湖南,长沙市,否,否,理工类,公办,564,545,551,556,563,567
湖南科技大学,湖南,湘潭市,否,否,综合类,公办,538,547,540,553,561,558
长春师范大学,吉林,长春市,否,否,师范类,公办,508,505,520,524,512,519
吉首大学,湖南,湘西土家族苗族自治州,否,否,综合类,公办,504,506,516,522,515,520
湘潭大学,湖南,湘潭市,否,否,综合类,公办,574,575,568,572,569,572
吉林农业大学,吉林,长春市,否,否,农林类,公办,491,502,486,513,489,513
西安培华学院,陕西,西安市,否,否,综合类,民办,464,461,454,477,441,469
长春理工大学,吉林,长春市,否,否,理工类,公办,509,500,511,515,520,529
长春大学,吉林,长春市,否,否,综合类,公办,482,476,479,503,492,506
西北政法大学,陕西,西安市,否,否,政法类,公办,605,594,597,582,608,587
西安财经大学,陕西,西安市,否,否,财经类,公办,528,535,521,539,525,543
北华大学,吉林,吉林市,否,否,综合类,公办,500,476,500,515,506,517
青海民族大学,青海,西宁市,否,否,民族类,公办,457,470,462,502,483,500
陕西理工大学,陕西,汉中市,否,否,理工类,公办,506,514,504,523,511,526
青海师范大学,青海,西宁市,否,否,师范类,公办,495,528,500,537,503,510
宝鸡文理学院,陕西,宝鸡市,否,否,师范类,公办,476,498,492,510,490,517
渭南师范学院,陕西,渭南市,否,否,师范类,公办,488,471,481,485,490,501
咸阳师范学院,陕西,咸阳市,否,否,师范类,公办,499,497,504,515,510,513
西安邮电大学,陕西,西安市,否,否,理工类,公办,571,542,552,548,559,557
大理大学,云南,大理白族自治州,否,否,综合类,公办,509,503,507,512,514,522
西安工业大学,陕西,西安市,否,否,理工类,公办,531,541,532,542,537,544
云南警官学院,云南,昆明市,否,否,政法类,公办,502,506,497,515,502,514
陕西科技大学,陕西,西安市,否,否,理工类,公办,538,522,531,530,541,529
云南财经大学,云南,昆明市,否,否,财经类,公办,495,504,490,523,518,527
红河学院,云南,红河哈尼族彝族自治州,否,否,综合类,公办,469,476,471,496,478,499
西安石油大学,陕西,西安市,否,否,理工类,公办,527,520,530,535,541,543
楚雄师范学院,云南,楚雄彝族自治州,否,否,师范类,公办,473,479,484,495,486,503
玉溪师范学院,云南,玉溪市,否,否,师范类,公办,497,502,499,515,498,512
西安理工大学,陕西,西安市,否,否,理工类,公办,554,531,544,540,549,548
云南民族大学,云南,昆明市,否,否,综合类,公办,515,503,513,523,515,529
云南师范大学,云南,昆明市,否,否,师范类,公办,551,543,545,555,551,551
云南农业大学,云南,昆明市,否,否,农林类,公办,502,496,497,514,501,515
昆明理工大学,云南,昆明市,否,否,理工类,公办,522,537,525,542,536,548
合肥大学,安徽,合肥市,否,否,综合类,公办,497,497,503,516,507,521
延安大学,陕西,延安市,否,否,综合类,公办,495,510,492,522,501,524
安徽财经大学,安徽,蚌埠市,否,否,财经类,公办,528,536,525,546,542,556
陕西师范大学,陕西,西安市,否,是,师范类,公办,612,596,603,589,605,589
西北农林科技大学,陕西,咸阳市,是,是,农林类,公办,589,590,581,588,588,590
西安交通大学,陕西,西安市,是,是,综合类,公办,650,619,630,609,643,608
上海杉达学院,上海,上海市,否,否,财经类,民办,447,470,468,486,464,476
淮北师范大学,安徽,淮北市,否,否,综合类,公办,511,530,497,536,529,538
华东政法大学,上海,上海市,否,否,政法类,公办,614,612,610,594,611,598
安徽建筑大学,安徽,合肥市,否,否,理工类,公办,513,516,511,534,516,538
上海立信会计金融学院,上海,上海市,否,否,财经类,公办,547,546,548,556,562,566
上海对外经贸大学,上海,上海市,否,否,财经类,公办,577,577,578,578,592,585
安徽师范大学,安徽,芜湖市,否,否,师范类,公办,532,554,534,564,566,569
上海海事大学,上海,上海市,否,否,理工类,公办,574,575,564,567,578,578
上海师范大学,上海,上海市,否,否,综合类,公办,561,562,560,569,578,580
上海海洋大学,上海,上海市,否,否,农林类,公办,563,574,555,571,562,573
上海工程技术大学,上海,上海市,否,否,理工类,公办,530,538,525,543,542,549
上海理工大学,上海,上海市,否,否,理工类,公办,577,554,572,565,581,574
广东财经大学,广东,广州市,否,否,财经类,公办,571,579,564,569,569,566
嘉应学院,广东,梅州市,否,否,综合类,公办,506,509,506,522,507,522
岭南师范学院,广东,湛江市,否,否,师范类,公办,488,531,500,546,499,545
韶关学院,广东,韶关市,否,否,综合类,公办,498,506,498,526,506,520
韩山师范学院,广东,潮州市,否,否,师范类,公办,508,532,528,534,514,532
广州医科大学,广东,广州市,否,否,医药类,公办,570,562,561,562,561,560
广东医科大学,广东,湛江市,否,否,医药类,公办,577,519,566,524,572,522
广州大学,广东,广州市,否,否,综合类,公办,578,573,571,569,579,574
广东石油化工学院,广东,茂名市,否,否,理工类,公办,508,500,491,509,502,505
广东外语外贸大学,广东,广州市,否,否,语言类,公办,566,577,554,572,580,580
广州中医药大学,广东,广州市,否,否,医药类,公办,563,578,569,576,573,579
广东工业大学,广东,广州市,否,否,理工类,公办,568,540,555,548,566,557
五邑大学,广东,江门市,否,否,综合类,公办,512,475,510,496,520,520
深圳大学,广东,深圳市,否,否,综合类,公办,605,595,597,588,607,593
汕头大学,广东,汕头市,否,否,综合类,公办,562,567,554,566,570,572
太原师范学院,山西,晋中市,否,否,师范类,公办,497,506,506,521,499,517
山西大同大学,山西,大同市,否,否,综合类,公办,507,501,498,509,489,502
忻州师范学院,山西,忻州市,否,否,师范类,公办,473,487,475,507,478,501
中北大学,山西,太原市,否,否,综合类,公办,505,518,496,536,539,548
川北医学院,四川,南充市,否,否,医药类,公办,550,488,541,510,543,516
山西财经大学,山西,太原市,否,否,财经类,公办,509,507,522,525,531,531
四川轻化工大学,四川,自贡市,否,否,理工类,公办,515,501,512,514,520,521
山西师范大学,山西,太原市,否,否,师范类,公办,521,536,539,556,533,547
山西医科大学,山西,太原市,否,否,医药类,公办,534,500,506,507,519,502
成都信息工程大学,四川,成都市,否,否,理工类,公办,572,520,562,535,559,534
山西农业大学,山西,晋中市,否,否,农林类,公办,492,476,494,493,496,518
中国民用航空飞行学院,四川,德阳市,否,否,理工类,公办,527,515,502,523,512,527
西华师范大学,四川,南充市,否,否,师范类,公办,458,491,504,516,506,520
四川师范大学,四川,成都市,否,否,师范类,公办,550,566,556,567,558,563
西南科技大学,四川,绵阳市,否,否,理工类,公办,519,527,522,537,532,538
山西大学,山西,太原市,否,否,综合类,公办,558,562,554,562,550,559
浙江万里学院,浙江,宁波市,否,否,理工类,公办,483,464,488,491,491,491
浙江财经大学,浙江,杭州市,否,否,财经类,公办,557,554,553,561,560,571
浙江工商大学,浙江,杭州市,否,否,财经类,公办,546,574,547,566,555,575
温州大学,浙江,温州市,否,否,综合类,公办,540,548,546,557,549,559
绍兴文理学院,浙江,绍兴市,否,否,综合类,公办,508,454,496,523,516,531
台州学院,浙江,台州市,否,否,综合类,公办,495,502,496,516,502,519
湖州师范学院,浙江,湖州市,否,否,综合类,公办,516,524,517,540,516,542
杭州师范大学,浙江,杭州市,否,否,综合类,公办,541,556,555,560,551,569
浙江中医药大学,浙江,杭州市,否,否,医药类,公办,533,530,536,535,543,536
浙江农林大学,浙江,杭州市,否,否,农林类,公办,540,532,534,542,541,550
浙江海洋大学,浙江,舟山市,否,否,农林类,公办,509,520,508,534,518,542
中国计量大学,浙江,杭州市,否,否,理工类,公办,574,566,562,570,559,568
西华大学,四川,成都市,否,否,综合类,公办,522,530,522,540,526,539
嘉兴大学,浙江,嘉兴市,否,否,综合类,公办,529,520,514,532,520,537
浙江理工大学,浙江,杭州市,否,否,理工类,公办,548,543,544,563,560,536
浙江工业大学,浙江,杭州市,否,否,理工类,公办,574,580,563,571,569,577
浙江师范大学,浙江,金华市,否,否,综合类,公办,568,564,562,569,574,572
宁波大学,浙江,宁波市,否,否,综合类,公办,573,559,562,562,563,568
新疆财经大学,新疆,乌鲁木齐市,否,否,财经类,公办,470,478,471,496,473,500
新疆师范大学,新疆,乌鲁木齐市,否,否,师范类,公办,493,500,483,511,484,515
新疆农业大学,新疆,乌鲁木齐市,否,否,农林类,公办,466,464,467,483,462,480
西南民族大学,四川,成都市,否,否,民族类,公办,529,547,521,545,524,535
东北财经大学,辽宁,大连市,否,否,财经类,公办,557,569,569,573,583,577
沈阳农业大学,辽宁,沈阳市,否,否,农林类,公办,509,499,492,512,495,518
沈阳药科大学,辽宁,沈阳市,否,否,医药类,公办,530,511,520,504,536,568
沈阳大学,辽宁,沈阳市,否,否,综合类,公办,513,507,507,517,513,527
大连交通大学,辽宁,大连市,否,否,理工类,公办,509,484,513,507,515,510
大连大学,辽宁,大连市,否,否,综合类,公办,501,502,504,518,515,531
大连外国语大学,辽宁,大连市,否,否,语言类,公办,454,518,527,539,547,551
渤海大学,辽宁,锦州市,否,否,综合类,公办,503,509,498,523,506,523
大连民族大学,辽宁,大连市,否,否,民族类,公办,491,506,497,521,507,529
鞍山师范学院,辽宁,鞍山市,否,否,师范类,公办,495,498,501,512,499,511
沈阳医学院,辽宁,沈阳市,否,否,医药类,公办,503,499,504,517,507,518
重庆三峡学院,重庆,重庆市,否,否,综合类,公办,492,503,499,519,506,521
井冈山大学,江西,吉安市,否,否,综合类,公办,511,524,513,537,513,526
四川美术学院,重庆,重庆市,否,否,艺术类,公办,559,546,571,551,558,555
九江学院,江西,九江市,否,否,综合类,公办,510,487,507,502,518,506
四川外国语大学,重庆,重庆市,否,否,语言类,公办,537,522,553,560,560,570
宜春学院,江西,宜春市,否,否,综合类,公办,497,488,489,503,498,504
长江师范学院,重庆,重庆市,否,否,师范类,公办,479,493,480,509,487,518
江西科技师范大学,江西,南昌市,否,否,师范类,公办,491,514,510,529,509,529
赣南师范大学,江西,赣州市,否,否,师范类,公办,522,539,527,544,524,540
重庆理工大学,重庆,重庆市,否,否,理工类,公办,544,521,541,540,545,547
上饶师范学院,江西,上饶市,否,否,师范类,公办,494,511,505,525,506,520
江西中医药大学,江西,南昌市,否,否,医药类,公办,527,518,521,524,522,530
景德镇陶瓷大学,江西,景德镇市,否,否,艺术类,公办,510,511,498,513,503,524
西南政法大学,重庆,重庆市,否,否,政法类,公办,614,605,600,593,611,596
重庆师范大学,重庆,重庆市,否,否,师范类,公办,547,565,551,565,551,558
南昌航空大学,江西,南昌市,否,否,理工类,公办,534,528,531,536,537,535
东华理工大学,江西,南昌市,否,否,理工类,公办,520,513,528,523,537,528
江西财经大学,江西,南昌市,否,否,财经类,公办,560,567,564,569,579,578
江西师范大学,江西,南昌市,否,否,师范类,公办,539,573,559,571,569,570
扬州大学,江苏,扬州市,否,否,综合类,公办,562,577,559,572,572,577
江西农业大学,江西,南昌市,否,否,农林类,公办,503,519,504,528,515,530
南京工业大学,江苏,南京市,否,否,理工类,公办,562,564,555,564,562,568
江苏大学,江苏,镇江市,否,否,综合类,公办,571,574,554,568,574,575
南京林业大学,江苏,南京市,否,否,农林类,公办,570,579,562,578,572,579
南京医科大学,江苏,南京市,否,否,医药类,公办,580,569,578,567,577,559
江苏师范大学,江苏,徐州市,否,否,师范类,公办,566,576,565,570,560,565
南京信息工程大学,江苏,南京市,否,否,综合类,公办,586,576,579,569,583,572
江西理工大学,江西,赣州市,否,否,理工类,公办,527,528,521,534,526,531
南京财经大学,江苏,南京市,否,否,财经类,公办,560,566,564,567,579,575
苏州科技大学,江苏,苏州市,否,否,综合类,公办,547,538,541,542,546,547
江苏科技大学,江苏,镇江市,否,否,理工类,公办,557,534,549,553,560,562
华东交通大学,江西,南昌市,否,否,理工类,公办,546,535,535,543,546,545
常州大学,江苏,常州市,否,否,理工类,公办,525,535,509,541,542,544
淮阴工学院,江苏,淮安市,否,否,理工类,公办,488,494,483,509,489,513
南京审计大学,江苏,南京市,否,否,财经类,公办,576,578,569,575,582,580
江苏理工学院,江苏,常州市,否,否,理工类,公办,503,494,494,512,521,519
南京工程学院,江苏,南京市,否,否,理工类,公办,526,521,530,529,540,537
北京理工大学,北京,北京市,是,是,理工类,公办,639,613,627,604,633,603
东北师范大学,吉林,长春市,否,是,师范类,公办,590,597,592,592,599,592
清华大学,北京,北京市,是,是,综合类,公办,690,672,678,659,683,657
东北农业大学,黑龙江,哈尔滨市,否,是,农林类,公办,568,578,561,574,572,576
上海外国语大学,上海,上海市,否,是,语言类,公办,614,601,608,601,619,605
东华大学,上海,上海市,否,是,综合类,公办,606,595,588,589,599,592
东北大学,辽宁,沈阳市,是,是,理工类,公办,617,593,607,591,613,593
华东理工大学,上海,上海市,否,是,理工类,公办,609,596,598,590,605,590
复旦大学,上海,上海市,是,是,综合类,公办,678,658,665,641,669,640
华东师范大学,上海,上海市,是,是,师范类,公办,648,617,631,615,638,618
上海财经大学,上海,上海市,否,是,财经类,公办,637,622,627,614,642,622
延边大学,吉林,延边朝鲜族自治州,否,是,综合类,公办,565,570,561,566,569,569
武汉理工大学,湖北,武汉市,否,是,理工类,公办,607,588,594,585,596,587
华中科技大学,湖北,武汉市,是,是,综合类,公办,658,613,643,606,646,608
山东大学,山东,济南市,是,是,综合类,公办,622,606,619,604,626,603
上海交通大学,上海,上海市,是,是,综合类,公办,669,664,655,647,667,641
中南大学,湖南,长沙市,是,是,综合类,公办,634,611,615,603,624,604
吉林大学,吉林,长春市,是,是,综合类,公办,622,607,609,605,610,601
中国地质大学（武汉）,湖北,武汉市,否,是,理工类,公办,589,587,581,587,591,589
重庆大学,重庆,重庆市,是,是,综合类,公办,624,610,610,603,616,602
苏州大学,江苏,苏州市,否,是,综合类,公办,606,605,593,597,597,595
中国药科大学,江苏,南京市,否,是,医药类,公办,596,585,588,585,588,587
河海大学,江苏,南京市,否,是,综合类,公办,595,591,588,586,595,591
南京师范大学,江苏,南京市,否,是,师范类,公办,615,604,602,604,610,604
浙江大学,浙江,杭州市,是,是,综合类,公办,676,646,663,632,656,631
南京农业大学,江苏,南京市,否,是,农林类,公办,588,581,578,582,585,584
南京理工大学,江苏,南京市,否,是,理工类,公办,615,582,603,582,608,585
南京大学,江苏,南京市,是,是,综合类,公办,663,647,659,633,663,632
中国矿业大学,江苏,徐州市,否,是,综合类,公办,580,587,580,581,592,582
东南大学,江苏,南京市,是,是,综合类,公办,653,621,636,610,636,607
南昌大学,江西,南昌市,否,是,综合类,公办,589,588,577,582,587,584
西北工业大学,陕西,西安市,是,是,理工类,公办,631,605,614,595,614,595
暨南大学,广东,广州市,否,是,综合类,公办,600,607,593,597,598,598
华南理工大学,广东,广州市,是,是,综合类,公办,633,610,620,599,625,601
中山大学,广东,广州市,是,是,综合类,公办,648,627,628,614,639,614
福州大学,福建,福州市,否,是,理工类,公办,579,579,571,578,576,579
厦门大学,福建,厦门市,是,是,综合类,公办,613,609,599,602,593,602
西南财经大学,四川,成都市,否,是,财经类,公办,602,592,599,598,605,590
四川大学,四川,成都市,是,是,综合类,公办,630,601,624,605,618,609
华南师范大学,广东,广州市,否,是,师范类,公办,618,594,609,590,613,595
兰州大学,甘肃,兰州市,是,是,综合类,公办,610,598,602,593,607,594
天津体育学院,天津,天津市,否,否,体育类,公办,488,484,482,504,478,505
天津职业技术师范大学,天津,天津市,否,否,师范类,公办,495,503,491,521,495,522
天津中医药大学,天津,天津市,否,否,医药类,公办,547,566,542,567,546,565
中国民航大学,天津,天津市,否,否,理工类,公办,562,573,550,549,553,575
天津外国语大学,天津,天津市,否,否,语言类,公办,520,552,536,563,551,558
江南大学,江苏,无锡市,否,是,综合类,公办,603,594,586,584,597,589
天津商业大学,天津,天津市,否,否,财经类,公办,511,524,520,533,535,530
天津财经大学,天津,天津市,否,否,财经类,公办,539,549,541,559,574,570
天津科技大学,天津,天津市,否,否,理工类,公办,531,530,528,538,536,541
天津工业大学,天津,天津市,否,否,综合类,公办,566,562,553,567,563,564
天津师范大学,天津,天津市,否,否,师范类,公办,558,568,563,570,569,568
南京航空航天大学,江苏,南京市,否,是,理工类,公办,624,597,608,590,613,596
上海大学,上海,上海市,否,是,综合类,公办,603,606,589,598,607,600
新疆大学,新疆,乌鲁木齐市,否,是,综合类,公办,558,569,546,563,553,562
同济大学,上海,上海市,是,是,综合类,公办,650,631,639,623,647,621
安徽医科大学,安徽,合肥市,否,否,医药类,公办,554,482,569,567,582,570
济南大学,山东,济南市,否,否,综合类,公办,521,538,532,550,543,554
安徽农业大学,安徽,合肥市,否,否,农林类,公办,513,500,523,533,520,529
安徽工业大学,安徽,马鞍山市,否,否,理工类,公办,524,528,522,528,528,531
安徽大学,安徽,合肥市,否,是,综合类,公办,575,583,576,582,574,585
滨州医学院,山东,烟台市,否,否,医药类,公办,488,494,485,510,482,519
郑州大学,河南,郑州市,否,是,综合类,公办,589,587,582,587,587,590
中国海洋大学,山东,青岛市,是,是,综合类,公办,608,599,596,594,601,594
南开大学,天津,天津市,是,是,综合类,公办,650,616,636,607,642,607
湖南师范大学,湖南,长沙市,否,是,师范类,公办,603,585,592,586,593,591
河北经贸大学,河北,石家庄市,否,否,财经类,公办,481,489,518,510,531,532
河北大学,河北,保定市,否,否,综合类,公办,545,562,541,562,564,569
对外经济贸易大学,北京,北京市,否,是,财经类,公办,629,609,620,606,629,604
北京师范大学,北京,北京市,是,是,师范类,公办,641,634,628,623,636,617
西南交通大学,四川,成都市,否,是,理工类,公办,583,596,581,590,593,592
辽宁大学,辽宁,沈阳市,否,是,综合类,公办,576,558,566,579,582,583
北京中医药大学,北京,北京市,否,是,医药类,公办,594,586,576,599,587,592
北京航空航天大学,北京,北京市,是,是,理工类,公办,653,625,651,612,651,611
中国人民大学,北京,北京市,是,是,综合类,公办,671,653,658,636,661,635
中央民族大学,北京,北京市,是,是,民族类,公办,599,601,595,598,599,599
湖南大学,湖南,长沙市,是,是,综合类,公办,625,611,613,603,618,602
北京林业大学,北京,北京市,否,是,农林类,公办,585,587,578,584,591,589
武汉大学,湖北,武汉市,是,是,综合类,公办,643,639,634,624,635,622
中央音乐学院,北京,北京市,否,是,艺术类,公办,323,340,321,351,317,350
北京外国语大学,北京,北京市,否,是,语言类,公办,618,606,608,597,617,605
北京交通大学,北京,北京市,否,是,理工类,公办,612,590,600,585,595,597
西北大学,陕西,西安市,否,是,综合类,公办,594,593,583,590,593,589
长安大学,陕西,西安市,否,是,理工类,公办,578,587,569,580,573,584
云南大学,云南,昆明市,否,是,综合类,公办,580,584,571,584,582,585
大连海事大学,辽宁,大连市,否,是,理工类,公办,576,583,561,585,573,585
北京大学,北京,北京市,是,是,综合类,公办,691,667,682,654,683,653
