﻿名称,省,市,985,211,学校类型,学校属性,2023年理科录取分数,2023年文科录取分数,2022年理科录取分数,2022年文科录取分数,2021年理科录取分数,2021年文科录取分数
江苏海洋大学,江苏,连云港市,否,否,理工类,公办,487,484,476,490,387,470
中国消防救援学院,北京,北京市,否,否,军事类,公办,436,563,483,494,463,526
南京审计大学金审学院,江苏,南京市,否,否,财经类,民办,389,449,368,425,369,453
中国石油大学（北京）克拉玛依校区,新疆,克拉玛依市,否,是,理工类,公办,474,487,485,499,471,533
滇西应用技术大学,云南,大理白族自治州,否,否,综合类,公办,359,407,351,410,330,434
中国社会科学院大学,北京,北京市,否,否,综合类,公办,563,546,583,552,578,585
合肥工业大学宣城校区,安徽,宣城市,否,是,综合类,公办,500,489,515,509,527,566
中国人民大学（苏州校区）,江苏,苏州市,是,是,综合类,公办,608,588,617,577,614,601
营口理工学院,辽宁,营口市,否,否,理工类,公办,349,399,349,412,344,436
河北中医药大学,河北,石家庄市,否,否,医药类,公办,397,479,380,472,388,488
山东农业工程学院,山东,济南市,否,否,农林类,公办,381,424,345,415,349,428
山东管理学院,山东,济南市,否,否,综合类,公办,348,402,365,411,362,445
张家口学院,河北,张家口市,否,否,综合类,公办,347,429,353,428,351,449
山西传媒学院,山西,晋中市,否,否,艺术类,公办,367,421,350,432,358,447
河北环境工程学院,河北,秦皇岛市,否,否,理工类,公办,341,411,373,407,359,430
南昌工学院,江西,南昌市,否,否,理工类,民办,336,380,323,369,301,392
河北科技学院,河北,唐山市,否,否,理工类,民办,334,389,329,369,307,406
山西工商学院,山西,太原市,否,否,财经类,民办,335,388,329,378,309,407
福州外语外贸学院,福建,福州市,否,否,财经类,民办,333,380,323,367,303,397
山东协和学院,山东,济南市,否,否,医药类,民办,357,388,340,371,313,398
郑州升达经贸管理学院,河南,郑州市,否,否,财经类,民办,340,396,324,389,312,399
陕西学前师范学院,陕西,西安市,否,否,师范类,公办,411,449,380,447,394,469
天津外国语大学滨海外事学院,天津,天津市,否,否,语言类,民办,367,382,333,368,340,428
新疆政法学院,新疆,自治区直辖县级行政区划,否,否,政法类,公办,344,398,347,410,329,426
南宁理工学院,广西,南宁市,否,否,理工类,民办,344,387,329,368,302,409
银川科技学院,宁夏,银川市,否,否,综合类,民办,333,381,323,376,303,395
北京第二外国语学院,北京,北京市,否,否,语言类,公办,491,504,482,530,517,546
福建江夏学院,福建,福州市,否,否,财经类,公办,372,444,363,421,369,459
宁夏大学新华学院,宁夏,银川市,否,否,综合类,民办,340,401,336,389,310,408
西安科技大学高新学院,陕西,西安市,否,否,理工类,民办,334,394,330,369,309,394
西安明德理工学院,陕西,西安市,否,否,综合类,民办,345,388,332,382,308,401
西安工商学院,陕西,西安市,否,否,综合类,民办,372,414,341,393,326,411
西安交通大学城市学院,陕西,西安市,否,否,理工类,民办,351,389,366,388,324,409
扬州大学广陵学院,江苏,扬州市,否,否,综合类,民办,335,425,352,421,328,429
黑龙江财经学院,黑龙江,哈尔滨市,否,否,财经类,民办,333,382,324,369,303,392
哈尔滨石油学院,黑龙江,哈尔滨市,否,否,理工类,民办,333,384,323,369,305,393
哈尔滨广厦学院,黑龙江,哈尔滨市,否,否,综合类,民办,333,382,323,369,301,394
哈尔滨剑桥学院,黑龙江,哈尔滨市,否,否,综合类,民办,333,395,323,374,306,400
黑龙江工商学院,黑龙江,哈尔滨市,否,否,综合类,民办,337,386,325,369,304,392
哈尔滨华德学院,黑龙江,哈尔滨市,否,否,理工类,民办,333,379,323,367,301,393
哈尔滨远东理工学院,黑龙江,哈尔滨市,否,否,理工类,民办,338,396,326,367,305,395
昆明理工大学津桥学院,云南,昆明市,否,否,理工类,民办,341,422,325,369,321,406
丽江文化旅游学院,云南,丽江市,否,否,综合类,民办,333,381,323,370,303,395
聊城大学东昌学院,山东,聊城市,否,否,综合类,民办,341,398,347,386,308,404
齐鲁理工学院,山东,济南市,否,否,综合类,民办,338,386,335,371,301,399
青岛农业大学海都学院,山东,烟台市,否,否,综合类,民办,346,384,342,370,318,412
青岛工学院,山东,青岛市,否,否,综合类,民办,335,383,323,369,304,398
泰山科技学院,山东,泰安市,否,否,理工类,民办,336,387,325,368,304,404
西南交通大学希望学院,四川,成都市,否,否,综合类,民办,395,429,355,408,337,423
西南财经大学天府学院,四川,绵阳市,否,否,财经类,民办,362,416,329,403,326,394
四川大学锦江学院,四川,眉山市,否,否,综合类,民办,345,405,332,372,327,398
绵阳城市学院,四川,绵阳市,否,否,理工类,民办,352,396,325,389,317,395
成都外国语学院,四川,成都市,否,否,语言类,民办,355,382,339,382,304,407
成都银杏酒店管理学院,四川,成都市,否,否,财经类,民办,338,390,339,388,312,399
成都理工大学工程技术学院,四川,乐山市,否,否,理工类,民办,353,396,353,400,325,422
南华大学船山学院,湖南,衡阳市,否,否,综合类,民办,364,393,349,382,311,418
长沙理工大学城南学院,湖南,长沙市,否,否,理工类,民办,340,397,337,387,318,395
湖北恩施学院,湖北,恩施土家族苗族自治州,否,否,综合类,民办,361,409,348,383,337,394
湖北工程学院新技术学院,湖北,孝感市,否,否,综合类,民办,337,397,329,385,315,409
武汉文理学院,湖北,武汉市,否,否,综合类,民办,334,388,338,369,302,407
郑州商学院,河南,郑州市,否,否,财经类,民办,340,394,329,379,328,400
安阳学院,河南,安阳市,否,否,综合类,民办,333,388,328,378,308,398
江西财经大学现代经济管理学院,江西,九江市,否,否,财经类,民办,340,390,328,389,321,407
南昌医学院,江西,南昌市,否,否,医药类,公办,428,482,423,448,435,490
赣东学院,江西,抚州市,否,否,综合类,公办,348,397,348,412,344,422
赣南科技学院,江西,赣州市,否,否,理工类,公办,337,414,346,414,331,429
南昌交通学院,江西,南昌市,否,否,理工类,民办,339,381,324,373,305,393
江西农业大学南昌商学院,江西,九江市,否,否,综合类,民办,333,390,329,369,303,406
南昌大学科学技术学院,江西,九江市,否,否,综合类,民办,334,387,328,369,311,435
厦门工学院,福建,厦门市,否,否,理工类,民办,333,386,323,366,303,398
宁波财经学院,浙江,宁波市,否,否,财经类,民办,341,382,325,369,311,398
上海财经大学浙江学院,浙江,金华市,否,否,财经类,民办,365,433,348,417,329,433
柳州工学院,广西,柳州市,否,否,理工类,民办,334,387,333,370,301,396
桂林信息科技学院,广西,桂林市,否,否,理工类,民办,335,382,323,367,303,399
桂林学院,广西,桂林市,否,否,综合类,民办,336,397,324,369,314,402
兰州工商学院,甘肃,兰州市,否,否,财经类,民办,335,381,327,388,305,412
甘肃民族师范学院,甘肃,甘南藏族自治州,否,否,师范类,公办,365,460,381,445,329,449
大连艺术学院,辽宁,大连市,否,否,艺术类,民办,333,379,181,367,303,392
辽宁财贸学院,辽宁,葫芦岛市,否,否,财经类,民办,333,382,323,372,303,392
大连东软信息学院,辽宁,大连市,否,否,理工类,民办,338,380,324,367,311,392
沈阳科技学院,辽宁,沈阳市,否,否,理工类,民办,341,382,329,369,301,395
辽宁何氏医学院,辽宁,沈阳市,否,否,医药类,民办,341,420,339,371,301,417
辽宁中医药大学杏林学院,辽宁,沈阳市,否,否,医药类,民办,389,432,379,405,349,406
沈阳城市建设学院,辽宁,沈阳市,否,否,理工类,民办,333,388,323,368,301,393
辽宁师范大学海华学院,辽宁,大连市,否,否,综合类,民办,342,383,329,367,310,405
大连科技学院,辽宁,大连市,否,否,理工类,民办,333,383,324,369,302,393
沈阳城市学院,辽宁,沈阳市,否,否,综合类,民办,333,382,323,367,301,398
山西晋中理工学院,山西,晋中市,否,否,理工类,民办,341,388,333,378,309,402
晋中信息学院,山西,晋中市,否,否,理工类,民办,343,388,333,379,301,399
内蒙古大学创业学院,内蒙古,呼和浩特市,否,否,综合类,民办,337,396,334,391,315,411
长春大学旅游学院,吉林,长春市,否,否,综合类,民办,333,383,323,366,301,392
长春财经学院,吉林,长春市,否,否,财经类,民办,334,382,324,368,301,393
长春光华学院,吉林,长春市,否,否,综合类,民办,335,383,324,372,301,392
天津天狮学院,天津,天津市,否,否,综合类,民办,333,383,328,371,304,406
天津财经大学珠江学院,天津,天津市,否,否,综合类,民办,342,389,329,386,323,399
天津理工大学中环信息学院,天津,天津市,否,否,综合类,民办,345,387,327,392,302,413
北京科技大学天津学院,天津,天津市,否,否,综合类,民办,334,384,327,371,319,393
天津商业大学宝德学院,天津,天津市,否,否,财经类,民办,341,383,327,369,310,413
民政职业大学,北京,北京市,否,否,政法类,公办,265,289,225,184,166,178
宁夏理工学院,宁夏,石嘴山市,否,否,理工类,民办,333,382,324,369,308,397
西安交通工程学院,陕西,西安市,否,否,理工类,民办,340,387,332,396,313,402
西安信息职业大学,陕西,西安市,否,否,理工类,民办,372,383,329,376,306,228
西安汽车职业大学,陕西,西安市,否,否,理工类,民办,337,392,327,374,311,163
西安欧亚学院,陕西,西安市,否,否,财经类,民办,344,389,329,367,314,401
陕西国际商贸学院,陕西,咸阳市,否,否,财经类,民办,336,385,331,375,305,396
无锡太湖学院,江苏,无锡市,否,否,综合类,民办,341,390,343,386,307,402
普洱学院,云南,普洱市,否,否,综合类,公办,340,435,360,430,328,409
青岛黄海学院,山东,青岛市,否,否,综合类,民办,343,387,336,384,331,400
青岛恒星科技学院,山东,青岛市,否,否,综合类,民办,333,384,328,368,302,392
烟台南山学院,山东,烟台市,否,否,综合类,民办,342,385,335,373,305,414
齐鲁医药学院,山东,淄博市,否,否,医药类,民办,369,388,349,383,326,427
潍坊科技学院,山东,潍坊市,否,否,综合类,民办,333,404,327,385,310,394
山东英才学院,山东,济南市,否,否,综合类,民办,333,383,323,368,301,393
山东石油化工学院,山东,东营市,否,否,理工类,公办,387,466,349,448,327,451
济宁学院,山东,济宁市,否,否,综合类,公办,395,430,369,411,364,431
新疆警察学院,新疆,乌鲁木齐市,否,否,政法类,公办,538,492,550,464,446,474
广州城市理工学院,广东,广州市,否,否,理工类,民办,334,382,323,370,301,395
广州华立学院,广东,广州市,否,否,理工类,民办,345,388,323,372,310,398
湖南女子学院,湖南,长沙市,否,否,综合类,公办,386,403,367,403,357,429
湖南医药学院,湖南,怀化市,否,否,医药类,公办,369,412,369,426,383,464
湖南财政经济学院,湖南,长沙市,否,否,财经类,公办,367,449,430,428,388,478
湖南工学院,湖南,衡阳市,否,否,理工类,公办,365,427,363,409,331,450
武汉生物工程学院,湖北,武汉市,否,否,理工类,民办,343,396,329,383,320,404
武汉晴川学院,湖北,武汉市,否,否,综合类,民办,355,385,328,368,322,405
长江大学文理学院,湖北,荆州市,否,否,综合类,民办,340,432,362,406,340,409
湖北文理学院理工学院,湖北,襄阳市,否,否,理工类,民办,336,385,328,389,301,417
武汉工程大学邮电与信息工程学院,湖北,武汉市,否,否,理工类,民办,333,385,334,385,309,410
湖北商贸学院,湖北,武汉市,否,否,财经类,民办,339,400,336,385,305,396
武汉工商学院,湖北,武汉市,否,否,综合类,民办,341,387,324,376,305,398
湖北大学知行学院,湖北,武汉市,否,否,理工类,民办,338,382,344,384,319,408
郑州工程技术学院,河南,郑州市,否,否,理工类,公办,349,426,355,425,336,445
河南财政金融学院,河南,郑州市,否,否,财经类,公办,367,408,383,429,372,437
新乡学院,河南,新乡市,否,否,综合类,公办,353,428,329,409,338,429
闽南理工学院,福建,泉州市,否,否,理工类,民办,333,382,325,368,301,400
福州大学至诚学院,福建,福州市,否,否,综合类,民办,356,384,327,388,311,432
闽南科技学院,福建,泉州市,否,否,理工类,民办,333,382,323,366,302,397
厦门大学嘉庚学院,福建,漳州市,否,否,综合类,民办,351,429,349,411,347,443
武夷学院,福建,南平市,否,否,综合类,公办,343,397,360,410,343,426
武警海警学院,浙江,宁波市,否,否,政法类,公办,472,537,487,548,494,575
桂林旅游学院,广西,桂林市,否,否,财经类,公办,345,389,351,406,329,417
兰州资源环境职业技术大学,甘肃,兰州市,否,否,理工类,公办,356,306,380,285,204,319
兰州文理学院,甘肃,兰州市,否,否,综合类,公办,385,405,378,389,349,440
辽宁传媒学院,辽宁,沈阳市,否,否,艺术类,民办,335,386,189,369,301,392
沈阳工学院,辽宁,抚顺市,否,否,理工类,民办,333,383,323,368,303,392
朝阳师范学院,辽宁,朝阳市,否,否,师范类,公办,258,276,267,223,237,209
太原学院,山西,太原市,否,否,综合类,公办,350,449,349,429,328,448
吕梁学院,山西,吕梁市,否,否,综合类,公办,343,421,351,407,329,431
长春人文学院,吉林,长春市,否,否,综合类,民办,333,380,324,372,301,392
吉林建筑科技学院,吉林,长春市,否,否,理工类,民办,333,383,323,368,301,393
吉林警察学院,吉林,长春市,否,否,政法类,公办,406,466,402,423,368,468
吉林工商学院,吉林,长春市,否,否,财经类,公办,345,396,345,411,345,429
天津仁爱学院,天津,天津市,否,否,综合类,民办,335,390,326,385,308,409
石家庄铁道大学四方学院,河北,石家庄市,否,否,理工类,民办,396,412,378,392,366,409
内蒙古鸿德文理学院,内蒙古,呼和浩特市,否,否,综合类,民办,333,386,331,380,312,401
大连财经学院,辽宁,大连市,否,否,财经类,民办,336,389,326,369,304,394
河北东方学院,河北,廊坊市,否,否,综合类,民办,345,403,333,369,314,411
信阳学院,河南,信阳市,否,否,综合类,民办,337,386,331,389,306,435
琼台师范学院,海南,海口市,否,否,师范类,公办,416,447,386,402,386,449
河南城建学院,河南,平顶山市,否,否,理工类,公办,344,408,347,409,328,415
郑州工业应用技术学院,河南,郑州市,否,否,理工类,民办,355,379,328,386,308,407
重庆工商大学派斯学院,重庆,重庆市,否,否,财经类,民办,369,410,345,400,307,408
重庆移通学院,重庆,重庆市,否,否,理工类,民办,335,387,324,377,301,405
重庆财经学院,重庆,重庆市,否,否,财经类,民办,340,387,329,379,339,404
重庆外语外事学院,重庆,重庆市,否,否,语言类,民办,336,386,327,378,336,404
重庆对外经贸学院,重庆,重庆市,否,否,财经类,民办,356,388,343,377,327,414
沧州交通学院,河北,沧州市,否,否,理工类,民办,338,391,328,378,308,394
珠海科技学院,广东,珠海市,否,否,综合类,民办,345,391,324,369,302,395
烟台理工学院,山东,烟台市,否,否,综合类,民办,354,390,334,374,315,398
长春工业大学人文信息学院,吉林,长春市,否,否,综合类,民办,333,383,323,368,301,392
长春建筑学院,吉林,长春市,否,否,理工类,民办,333,383,323,372,301,393
无锡学院,江苏,无锡市,否,否,理工类,公办,456,476,421,454,417,489
河北地质大学华信学院,河北,石家庄市,否,否,综合类,民办,334,389,327,393,308,418
北京中医药大学东方学院,河北,廊坊市,否,否,医药类,民办,349,400,339,394,305,406
青岛城市学院,山东,青岛市,否,否,理工类,民办,333,381,324,367,317,394
燕京理工学院,河北,廊坊市,否,否,理工类,民办,348,389,338,398,320,434
四川工商学院,四川,成都市,否,否,综合类,民办,335,388,347,369,334,421
海口经济学院,海南,海口市,否,否,综合类,民办,328,379,323,366,301,392
吉林动画学院,吉林,长春市,否,否,艺术类,民办,333,383,324,370,301,392
浙江水利水电学院,浙江,杭州市,否,否,理工类,公办,388,427,389,437,384,462
湖北第二师范学院,湖北,武汉市,否,否,师范类,公办,387,446,349,440,412,446
西交利物浦大学,江苏,苏州市,否,否,综合类,中外合作办学,509,525,492,512,484,537
三亚学院,海南,三亚市,否,否,综合类,民办,333,379,319,368,302,392
河南工程学院,河南,郑州市,否,否,理工类,公办,343,402,349,409,329,426
武汉纺织大学外经贸学院,湖北,武汉市,否,否,综合类,民办,354,403,332,375,303,410
长春电子科技学院,吉林,长春市,否,否,理工类,民办,334,383,323,366,301,392
大连理工大学城市学院,辽宁,大连市,否,否,理工类,民办,333,380,328,376,304,410
上海外国语大学贤达经济人文学院,上海,上海市,否,否,财经类,民办,333,379,328,366,301,395
北京理工大学珠海学院,广东,珠海市,否,否,理工类,民办,374,400,348,388,344,449
广州应用科技学院,广东,广州市,否,否,综合类,民办,336,381,323,367,306,392
大连工业大学艺术与信息工程学院,辽宁,大连市,否,否,理工类,民办,333,382,323,369,301,392
山东政法学院,山东,济南市,否,否,政法类,公办,407,497,391,489,409,532
昆明医科大学海源学院,云南,昆明市,否,否,医药类,民办,421,415,366,387,364,410
吉林师范大学博达学院,吉林,四平市,否,否,师范类,民办,337,384,325,367,303,399
北京师范大学-香港浸会大学联合国际学院,广东,珠海市,否,否,综合类,内地与港澳台地区合作办学,465,503,446,480,443,528
长春科技学院,吉林,长春市,否,否,综合类,民办,337,391,329,377,309,414
安顺学院,贵州,安顺市,否,否,综合类,公办,348,401,349,406,340,424
西安医学院,陕西,西安市,否,否,医药类,公办,459,435,489,408,459,459
菏泽学院,山东,菏泽市,否,否,综合类,公办,358,460,346,457,346,429
安康学院,陕西,安康市,否,否,综合类,公办,397,429,388,409,348,447
商洛学院,陕西,商洛市,否,否,综合类,公办,341,409,365,421,345,429
三明学院,福建,三明市,否,否,综合类,公办,337,414,363,406,336,425
河北科技师范学院,河北,秦皇岛市,否,否,师范类,公办,347,469,371,463,348,484
长治学院,山西,长治市,否,否,综合类,公办,347,402,349,406,365,428
丽水学院,浙江,丽水市,否,否,综合类,公办,377,395,351,397,331,419
百色学院,广西,百色市,否,否,综合类,公办,343,391,345,408,333,431
梧州学院,广西,梧州市,否,否,综合类,公办,340,394,343,408,327,426
海南热带海洋学院,海南,三亚市,否,否,综合类,公办,335,393,367,413,413,437
枣庄学院,山东,枣庄市,否,否,综合类,公办,369,458,368,442,348,457
青岛滨海学院,山东,青岛市,否,否,综合类,民办,349,381,324,369,306,399
辽宁对外经贸学院,辽宁,大连市,否,否,财经类,民办,333,381,323,368,301,392
长沙医学院,湖南,长沙市,否,否,医药类,民办,385,395,346,386,336,416
宁夏师范大学,宁夏,固原市,否,否,师范类,公办,421,393,369,410,397,442
重庆人文科技学院,重庆,重庆市,否,否,综合类,民办,345,384,329,369,304,412
香港城市大学,香港,九龙半岛,否,否,综合类,公办,615,580,574,583,608,614
香港中文大学,香港,新界,否,否,综合类,公办,647,591,619,581,611,605
山东大学（威海）,山东,威海市,是,是,综合类,公办,549,544,547,549,556,576
宁波诺丁汉大学,浙江,宁波市,否,否,综合类,中外合作办学,481,526,432,461,464,532
上海师范大学天华学院,上海,上海市,否,否,综合类,民办,339,379,323,366,302,400
集美大学诚毅学院,福建,厦门市,否,否,综合类,民办,347,405,333,402,323,426
武警工程大学,陕西,西安市,否,否,军事类,公办,488,543,544,521,578,555
山东航空学院,山东,滨州市,否,否,综合类,公办,389,462,362,444,344,468
湖南涉外经济学院,湖南,长沙市,否,否,财经类,民办,334,382,323,366,302,392
西京学院,陕西,西安市,否,否,理工类,民办,353,388,355,389,328,407
西安翻译学院,陕西,西安市,否,否,语言类,民办,336,399,330,369,316,406
洛阳理工学院,河南,洛阳市,否,否,理工类,公办,367,407,369,428,342,429
武汉城市学院,湖北,武汉市,否,否,理工类,民办,333,386,327,380,303,397
武汉学院,湖北,武汉市,否,否,综合类,民办,334,390,334,368,317,403
保定理工学院,河北,保定市,否,否,理工类,民办,337,387,329,369,303,393
郑州工商学院,河南,郑州市,否,否,财经类,民办,347,387,329,375,310,404
郑州师范学院,河南,郑州市,否,否,师范类,公办,406,439,443,429,428,460
南京特殊教育师范学院,江苏,南京市,否,否,师范类,公办,389,448,407,456,398,475
南京警察学院,江苏,南京市,否,否,政法类,公办,562,543,550,560,476,541
电子科技大学成都学院,四川,成都市,否,否,理工类,民办,383,385,369,400,355,429
中国矿业大学徐海学院,江苏,徐州市,否,否,综合类,民办,355,389,348,394,304,419
三峡大学科技学院,湖北,宜昌市,否,否,综合类,民办,339,389,329,375,316,408
北京工业大学耿丹学院,北京,北京市,否,否,综合类,民办,335,383,325,367,303,392
北京金融科技学院,北京,北京市,否,否,财经类,民办,336,379,323,366,301,393
武昌首义学院,湖北,武汉市,否,否,理工类,民办,349,387,327,369,312,401
武汉华夏理工学院,湖北,武汉市,否,否,理工类,民办,339,383,329,381,321,399
天水师范学院,甘肃,天水市,否,否,师范类,公办,344,432,358,432,328,452
陇东学院,甘肃,庆阳市,否,否,综合类,公办,333,456,339,429,339,457
塔里木大学,新疆,自治区直辖县级行政区划,否,否,综合类,公办,347,407,349,409,329,429
榆林学院,陕西,榆林市,否,否,综合类,公办,349,415,358,413,329,436
曲靖师范学院,云南,曲靖市,否,否,师范类,公办,373,389,348,406,333,428
乐山师范学院,四川,乐山市,否,否,师范类,公办,349,409,353,452,359,468
内江师范学院,四川,内江市,否,否,师范类,公办,387,440,416,446,402,449
绵阳师范学院,四川,绵阳市,否,否,师范类,公办,347,395,366,433,348,439
文华学院,湖北,武汉市,否,否,综合类,民办,351,381,333,399,309,407
重庆工商大学,重庆,重庆市,否,否,财经类,公办,456,498,490,499,465,535
浙江传媒学院,浙江,杭州市,否,否,艺术类,公办,407,483,455,518,451,545
绥化学院,黑龙江,绥化市,否,否,综合类,公办,337,406,332,406,327,429
厦门理工学院,福建,厦门市,否,否,理工类,公办,439,460,402,474,411,468
湖北经济学院法商学院,湖北,武汉市,否,否,财经类,民办,371,415,351,400,317,420
金陵科技学院,江苏,南京市,否,否,理工类,公办,401,448,375,441,396,449
黑河学院,黑龙江,黑河市,否,否,综合类,公办,338,390,349,408,328,409
昆明学院,云南,昆明市,否,否,综合类,公办,363,405,349,422,341,458
西安文理学院,陕西,西安市,否,否,综合类,公办,396,449,395,474,407,489
重庆文理学院,重庆,重庆市,否,否,综合类,公办,387,431,341,420,348,485
广东金融学院,广东,广州市,否,否,财经类,公办,409,481,437,448,396,473
湖北理工学院,湖北,黄石市,否,否,理工类,公办,376,460,376,446,329,445
阜阳师范大学,安徽,阜阳市,否,否,师范类,公办,373,434,375,424,364,453
重庆交通大学,重庆,重庆市,否,否,理工类,公办,459,492,477,505,459,512
吉林农业科技学院,吉林,吉林市,否,否,农林类,公办,342,396,349,407,328,431
大庆师范学院,黑龙江,大庆市,否,否,师范类,公办,375,423,347,410,341,433
上海政法学院,上海,上海市,否,否,政法类,公办,490,525,488,513,497,526
上海商学院,上海,上海市,否,否,财经类,公办,409,456,387,445,408,479
南方医科大学,广东,广州市,否,否,医药类,公办,518,489,459,478,500,538
贵州大学,贵州,贵阳市,否,是,综合类,公办,475,514,489,508,521,540
攀枝花学院,四川,攀枝花市,否,否,综合类,公办,363,449,348,448,344,448
运城学院,山西,运城市,否,否,综合类,公办,340,432,348,409,347,445
山西中医药大学,山西,晋中市,否,否,医药类,公办,548,530,515,533,560,575
江西职业技术大学,江西,九江市,否,否,综合类,公办,260,286,239,260,212,240
新余学院,江西,新余市,否,否,综合类,公办,341,411,348,410,329,431
萍乡学院,江西,萍乡市,否,否,综合类,公办,354,455,345,426,329,454
郑州警察学院,河南,郑州市,否,否,政法类,公办,558,542,540,549,468,528
河南科技学院,河南,新乡市,否,否,综合类,公办,354,417,367,429,350,427
安阳师范学院,河南,安阳市,否,否,师范类,公办,351,437,404,455,364,441
信阳师范大学,河南,信阳市,否,否,师范类,公办,368,441,382,427,347,457
首都经济贸易大学,北京,北京市,否,否,财经类,公办,489,489,486,522,517,547
江西警察学院,江西,南昌市,否,否,政法类,公办,550,511,538,466,470,519
河南中医药大学,河南,郑州市,否,否,医药类,公办,382,427,409,439,408,449
江西科技学院,江西,南昌市,否,否,综合类,民办,334,387,325,370,306,394
南昌理工学院,江西,南昌市,否,否,综合类,民办,339,384,327,368,302,394
南昌工程学院,江西,南昌市,否,否,理工类,公办,369,399,375,428,324,436
北京体育大学,北京,北京市,否,是,体育类,公办,487,489,518,533,528,565
西安思源学院,陕西,西安市,否,否,综合类,民办,341,406,348,399,357,421
西安外事学院,陕西,西安市,否,否,综合类,民办,344,384,336,369,310,392
南阳理工学院,河南,南阳市,否,否,理工类,公办,384,459,362,417,347,442
安阳工学院,河南,安阳市,否,否,理工类,公办,342,403,349,411,343,421
河南师范大学,河南,新乡市,否,否,师范类,公办,435,490,498,498,467,530
中国石油大学（北京）,北京,北京市,否,是,理工类,公办,516,519,522,528,529,576
华北电力大学,北京,北京市,否,是,理工类,公办,546,547,519,533,579,576
中国地质大学（北京）,北京,北京市,否,是,理工类,公办,497,513,519,543,551,549
吉利学院,四川,成都市,否,否,理工类,民办,333,379,328,368,301,396
武汉商学院,湖北,武汉市,否,否,财经类,公办,276,302,240,187,168,333
四川工业科技学院,四川,德阳市,否,否,综合类,民办,339,383,329,369,314,394
四川文理学院,四川,达州市,否,否,综合类,公办,369,428,380,419,329,444
四川工程职业技术大学,四川,德阳市,否,否,理工类,公办,310,311,236,243,248,296
辽宁工程技术大学,辽宁,阜新市,否,否,理工类,公办,442,488,448,476,449,518
成都东软学院,四川,成都市,否,否,理工类,民办,338,392,329,376,327,415
黑龙江工业学院,黑龙江,鸡西市,否,否,综合类,公办,349,408,349,407,342,426
哈尔滨信息工程学院,黑龙江,哈尔滨市,否,否,理工类,民办,337,384,329,369,302,396
河北外国语学院,河北,石家庄市,否,否,语言类,民办,343,379,324,368,303,396
河北工程技术学院,河北,石家庄市,否,否,理工类,民办,337,382,327,377,308,397
唐山工业职业技术大学,河北,唐山市,否,否,理工类,公办,314,374,269,342,197,263
哈尔滨职业技术大学,黑龙江,哈尔滨市,否,否,综合类,公办,276,267,229,174,167,193
哈尔滨金融学院,黑龙江,哈尔滨市,否,否,财经类,公办,353,458,388,409,349,449
上海中侨职业技术大学,上海,上海市,否,否,财经类,民办,337,270,190,241,230,193
河北民族师范学院,河北,承德市,否,否,民族类,公办,344,404,389,412,429,431
邢台医学院,河北,邢台市,否,否,医药类,公办,274,316,267,315,232,339
上海立达学院,上海,上海市,否,否,财经类,民办,334,397,324,367,302,395
上海建桥学院,上海,上海市,否,否,财经类,民办,333,383,324,366,317,406
电子科技大学,四川,成都市,是,是,理工类,公办,582,519,551,558,605,594
上海海关学院,上海,上海市,否,否,财经类,公办,481,496,573,563,571,576
防灾科技学院,河北,廊坊市,否,否,综合类,公办,389,443,379,429,457,463
沧州师范学院,河北,沧州市,否,否,师范类,公办,349,409,343,415,329,432
保定学院,河北,保定市,否,否,综合类,公办,367,416,349,409,328,438
邯郸学院,河北,邯郸市,否,否,师范类,公办,348,454,329,437,345,462
廊坊师范学院,河北,廊坊市,否,否,师范类,公办,370,439,379,429,349,449
唐山师范学院,河北,唐山市,否,否,师范类,公办,343,425,349,426,329,446
山东师范大学,山东,济南市,否,否,师范类,公办,496,530,512,489,504,537
中央司法警官学院,河北,保定市,否,否,政法类,公办,524,527,508,497,452,450
中国人民警察大学,河北,廊坊市,否,否,政法类,公办,487,555,470,561,477,554
邢台学院,河北,邢台市,否,否,综合类,公办,369,450,392,443,374,449
唐山学院,河北,唐山市,否,否,理工类,公办,397,457,369,426,377,427
石家庄铁道大学,河北,石家庄市,否,否,理工类,公办,467,508,467,497,459,516
河北地质大学,河北,石家庄市,否,否,理工类,公办,369,439,369,429,367,447
华北科技学院,河北,廊坊市,否,否,理工类,公办,349,406,369,437,459,447
燕山大学,河北,秦皇岛市,否,否,综合类,公办,447,470,473,500,488,528
华北理工大学,河北,唐山市,否,否,综合类,公办,456,476,455,495,366,469
河北医科大学,河北,石家庄市,否,否,医药类,公办,466,494,477,470,486,521
河北师范大学,河北,石家庄市,否,否,师范类,公办,458,484,455,489,479,519
北京语言大学,北京,北京市,否,否,语言类,公办,510,536,530,536,545,583
华北电力大学保定校区,河北,保定市,否,是,理工类,公办,539,524,518,517,560,524
北京印刷学院,北京,北京市,否,否,理工类,公办,470,486,475,501,461,523
首都师范大学,北京,北京市,否,否,师范类,公办,525,527,510,518,515,551
北京物资学院,北京,北京市,否,否,财经类,公办,468,494,468,491,476,523
首钢工学院,北京,北京市,否,否,理工类,公办,276,331,279,258,211,290
外交学院,北京,北京市,否,否,语言类,公办,596,573,587,574,607,604
中国劳动关系学院,北京,北京市,否,否,政法类,公办,425,468,374,448,388,482
中国人民公安大学,北京,北京市,否,否,政法类,公办,588,569,570,581,576,569
北京联合大学,北京,北京市,否,否,综合类,公办,493,509,459,522,465,553
中国政法大学,北京,北京市,否,是,政法类,公办,547,567,546,545,596,582
中央财经大学,北京,北京市,否,是,财经类,公办,561,571,566,549,605,585
北京电子科技学院,北京,北京市,否,否,理工类,公办,605,582,593,552,587,598
北方工业大学,北京,北京市,否,否,理工类,公办,479,489,473,488,521,540
北京城市学院,北京,北京市,否,否,综合类,民办,348,398,329,393,316,418
中国传媒大学,北京,北京市,否,是,综合类,公办,549,541,533,561,546,590
中国农业大学,北京,北京市,是,是,农林类,公办,570,551,549,558,579,596
北京化工大学,北京,北京市,否,是,理工类,公办,543,533,519,519,554,580
鲁东大学,山东,烟台市,否,否,综合类,公办,389,469,382,469,382,466
烟台大学,山东,烟台市,否,否,综合类,公办,453,487,459,488,470,512
山东第二医科大学,山东,潍坊市,否,否,医药类,公办,409,403,388,408,395,428
潍坊学院,山东,潍坊市,否,否,综合类,公办,361,413,349,415,349,442
山东第一医科大学,山东,济南市,否,否,医药类,公办,459,426,389,438,408,447
泰山学院,山东,泰安市,否,否,综合类,公办,402,401,355,457,360,487
齐鲁工业大学,山东,济南市,否,否,理工类,公办,475,487,403,462,388,482
北方民族大学,宁夏,银川市,否,否,综合类,公办,437,472,428,477,449,498
宁夏大学,宁夏,银川市,否,是,综合类,公办,488,509,483,501,487,549
广西民族大学,广西,南宁市,否,否,民族类,公办,378,409,379,438,358,467
南宁师范大学,广西,南宁市,否,否,师范类,公办,356,421,424,417,402,429
山东理工大学,山东,淄博市,否,否,理工类,公办,459,481,465,485,389,487
山东科技大学,山东,青岛市,否,否,理工类,公办,458,530,456,516,464,519
广西科技大学,广西,柳州市,否,否,理工类,公办,359,407,368,444,345,476
山东财经大学,山东,济南市,否,否,财经类,公办,419,469,409,469,429,489
山东交通学院,山东,济南市,否,否,理工类,公办,439,434,436,408,428,429
桂林理工大学,广西,桂林市,否,否,理工类,公办,481,435,461,429,349,466
广西师范大学,广西,桂林市,否,否,师范类,公办,403,442,394,429,406,469
山东建筑大学,山东,济南市,否,否,理工类,公办,452,495,452,491,471,540
山东工商学院,山东,烟台市,否,否,财经类,公办,362,423,368,426,348,447
贵州财经大学,贵州,贵阳市,否,否,财经类,公办,336,436,325,379,301,421
海南医科大学,海南,海口市,否,否,医药类,公办,457,424,486,415,491,429
海南师范大学,海南,海口市,否,否,师范类,公办,470,479,452,491,380,479
曲阜师范大学,山东,济宁市,否,否,师范类,公办,453,484,459,480,489,525
青岛科技大学,山东,青岛市,否,否,理工类,公办,458,518,469,503,458,517
海南大学,海南,海口市,否,是,综合类,公办,479,509,488,508,482,546
河西学院,甘肃,张掖市,否,否,综合类,公办,358,431,385,407,367,428
甘肃政法大学,甘肃,兰州市,否,否,政法类,公办,418,417,405,455,429,452
兰州财经大学,甘肃,兰州市,否,否,财经类,公办,357,423,385,422,358,446
青岛大学,山东,青岛市,否,否,综合类,公办,455,502,463,489,489,519
临沂大学,山东,临沂市,否,否,综合类,公办,386,464,394,454,368,488
聊城大学,山东,聊城市,否,否,综合类,公办,394,484,381,449,349,488
许昌学院,河南,许昌市,否,否,理工类,公办,383,407,349,415,338,443
青岛农业大学,山东,青岛市,否,否,农林类,公办,390,449,389,449,349,469
商丘师范学院,河南,商丘市,否,否,师范类,公办,340,414,355,413,344,429
周口师范学院,河南,周口市,否,否,师范类,公办,358,389,349,409,329,431
洛阳师范学院,河南,洛阳市,否,否,综合类,公办,387,400,369,416,359,430
中原工学院,河南,郑州市,否,否,理工类,公办,349,420,367,409,349,428
郑州航空工业管理学院,河南,郑州市,否,否,综合类,公办,406,433,366,438,381,463
闽江学院,福建,福州市,否,否,综合类,公办,375,442,357,424,343,452
泉州师范学院,福建,泉州市,否,否,师范类,公办,351,411,359,402,351,426
福建师范大学,福建,福州市,否,否,师范类,公办,460,483,452,500,458,524
集美大学,福建,厦门市,否,否,综合类,公办,456,486,459,499,468,532
黄河科技学院,河南,郑州市,否,否,理工类,民办,349,389,329,385,309,404
福建农林大学,福建,福州市,否,否,农林类,公办,463,484,457,490,467,517
河南工业大学,河南,郑州市,否,否,理工类,公办,455,445,455,491,475,522
华侨大学,福建,泉州市,否,否,综合类,公办,459,491,459,486,494,535
河南农业大学,河南,郑州市,否,否,农林类,公办,381,447,399,429,386,480
湖北文理学院,湖北,襄阳市,否,否,综合类,公办,368,459,379,445,357,428
河南科技大学,河南,洛阳市,否,否,综合类,公办,510,446,501,463,487,469
河南大学,河南,开封市,否,否,综合类,公办,461,487,459,477,479,534
郑州轻工业大学,河南,郑州市,否,否,理工类,公办,477,445,405,434,349,452
黑龙江东方学院,黑龙江,哈尔滨市,否,否,综合类,民办,333,382,323,367,302,393
湖北民族大学,湖北,恩施土家族苗族自治州,否,否,综合类,公办,415,444,389,451,350,442
黑龙江科技大学,黑龙江,哈尔滨市,否,否,理工类,公办,369,429,372,412,349,447
武汉体育学院,湖北,武汉市,否,否,体育类,公办,388,444,375,421,358,482
湖北经济学院,湖北,武汉市,否,否,财经类,公办,370,434,424,449,389,478
哈尔滨商业大学,黑龙江,哈尔滨市,否,否,财经类,公办,435,471,440,473,427,515
牡丹江师范学院,黑龙江,牡丹江市,否,否,师范类,公办,347,404,366,409,329,428
黑龙江中医药大学,黑龙江,哈尔滨市,否,否,医药类,公办,479,545,493,539,463,557
黄冈师范学院,湖北,黄冈市,否,否,师范类,公办,356,471,362,453,347,478
湖北师范大学,湖北,黄石市,否,否,师范类,公办,349,462,410,428,387,500
湖北中医药大学,湖北,武汉市,否,否,医药类,公办,385,439,402,434,365,461
湖北工业大学,湖北,武汉市,否,否,理工类,公办,476,512,487,507,452,529
武汉纺织大学,湖北,武汉市,否,否,理工类,公办,437,467,419,458,399,485
三峡大学,湖北,宜昌市,否,否,综合类,公办,554,473,472,489,459,494
黑龙江八一农垦大学,黑龙江,大庆市,否,否,农林类,公办,347,422,349,411,353,460
哈尔滨理工大学,黑龙江,哈尔滨市,否,否,理工类,公办,450,469,458,470,508,515
中南民族大学,湖北,武汉市,否,否,综合类,公办,452,485,470,489,513,551
东北林业大学,黑龙江,哈尔滨市,否,是,农林类,公办,505,519,482,513,519,535
邵阳学院,湖南,邵阳市,否,否,综合类,公办,349,402,349,408,329,422
华中农业大学,湖北,武汉市,否,是,农林类,公办,511,518,505,534,528,539
怀化学院,湖南,怀化市,否,否,综合类,公办,370,423,364,408,343,427
湖南文理学院,湖南,常德市,否,否,综合类,公办,349,404,395,424,349,461
中南财经政法大学,湖北,武汉市,否,是,财经类,公办,540,548,533,545,578,581
吉林体育学院,吉林,长春市,否,否,体育类,公办,334,409,349,414,339,432
吉林财经大学,吉林,长春市,否,否,财经类,公办,441,479,454,482,457,512
吉林外国语大学,吉林,长春市,否,否,语言类,民办,333,379,327,369,301,394
白城师范学院,吉林,白城市,否,否,师范类,公办,342,448,346,429,323,460
湖南科技学院,湖南,永州市,否,否,综合类,公办,348,389,359,428,349,444
湖南工商大学,湖南,长沙市,否,否,财经类,公办,411,465,419,465,397,468
衡阳师范学院,湖南,衡阳市,否,否,师范类,公办,346,445,345,411,344,437
吉林工程技术师范学院,吉林,长春市,否,否,师范类,公办,355,404,369,409,348,429
长春中医药大学,吉林,长春市,否,否,医药类,公办,486,517,482,516,464,546
湘南学院,湖南,郴州市,否,否,综合类,公办,400,409,376,441,339,434
湖南中医药大学,湖南,长沙市,否,否,医药类,公办,454,495,459,486,458,514
中南林业科技大学,湖南,长沙市,否,否,农林类,公办,442,477,464,484,456,515
湖南工程学院,湖南,湘潭市,否,否,理工类,公办,375,456,344,407,361,438
湖南工业大学,湖南,株洲市,否,否,综合类,公办,381,431,358,409,330,438
湖南城市学院,湖南,益阳市,否,否,综合类,公办,362,425,347,408,349,429
长春工程学院,吉林,长春市,否,否,理工类,公办,367,405,362,408,344,429
湖南农业大学,湖南,长沙市,否,否,农林类,公办,389,488,407,487,377,539
南华大学,湖南,衡阳市,否,否,综合类,公办,451,487,455,477,456,514
吉林师范大学,吉林,四平市,否,否,师范类,公办,404,429,408,428,389,449
长沙理工大学,湖南,长沙市,否,否,理工类,公办,461,489,469,489,477,544
湖南科技大学,湖南,湘潭市,否,否,综合类,公办,448,482,460,489,459,518
长春师范大学,吉林,长春市,否,否,师范类,公办,387,426,407,418,369,445
吉首大学,湖南,湘西土家族苗族自治州,否,否,综合类,公办,369,431,387,460,378,473
湘潭大学,湖南,湘潭市,否,否,综合类,公办,480,511,470,489,459,528
西安培华学院,陕西,西安市,否,否,综合类,民办,343,409,347,385,301,408
长春工业大学,吉林,长春市,否,否,理工类,公办,381,429,369,434,369,466
西北政法大学,陕西,西安市,否,否,政法类,公办,507,522,489,519,538,587
西安财经大学,陕西,西安市,否,否,财经类,公办,459,495,459,488,482,518
北华大学,吉林,吉林市,否,否,综合类,公办,361,425,369,412,362,460
西安外国语大学,陕西,西安市,否,否,语言类,公办,464,497,458,488,511,539
陕西理工大学,陕西,汉中市,否,否,理工类,公办,375,440,372,429,349,478
宝鸡文理学院,陕西,宝鸡市,否,否,师范类,公办,380,440,368,411,347,429
渭南师范学院,陕西,渭南市,否,否,师范类,公办,389,468,366,408,346,416
咸阳师范学院,陕西,咸阳市,否,否,师范类,公办,437,449,430,464,453,485
西安邮电大学,陕西,西安市,否,否,理工类,公办,512,501,478,498,486,545
大理大学,云南,大理白族自治州,否,否,综合类,公办,349,425,388,458,378,433
西安工业大学,陕西,西安市,否,否,理工类,公办,453,503,457,498,484,475
云南警官学院,云南,昆明市,否,否,政法类,公办,552,531,539,543,459,506
云南财经大学,云南,昆明市,否,否,财经类,公办,417,467,389,422,378,468
红河学院,云南,红河哈尼族彝族自治州,否,否,综合类,公办,339,398,344,402,334,429
西安石油大学,陕西,西安市,否,否,理工类,公办,459,441,462,476,411,486
楚雄师范学院,云南,楚雄彝族自治州,否,否,师范类,公办,340,392,341,409,333,427
玉溪师范学院,云南,玉溪市,否,否,师范类,公办,359,435,356,428,351,449
云南民族大学,云南,昆明市,否,否,综合类,公办,347,454,385,456,396,479
云南师范大学,云南,昆明市,否,否,师范类,公办,380,463,405,440,397,482
昆明理工大学,云南,昆明市,否,否,理工类,公办,409,449,422,461,409,487
安徽财经大学,安徽,蚌埠市,否,否,财经类,公办,453,480,467,480,459,518
陕西师范大学,陕西,西安市,否,是,师范类,公办,528,533,577,572,593,599
西北农林科技大学,陕西,咸阳市,是,是,农林类,公办,519,522,518,518,545,547
西安交通大学,陕西,西安市,是,是,综合类,公办,640,589,627,584,635,615
上海杉达学院,上海,上海市,否,否,财经类,民办,370,386,340,366,302,396
淮北师范大学,安徽,淮北市,否,否,综合类,公办,381,409,368,443,400,465
上海戏剧学院,上海,上海市,否,否,艺术类,公办,458,505,501,531,550,548
华东政法大学,上海,上海市,否,否,政法类,公办,504,554,508,546,542,563
安徽建筑大学,安徽,合肥市,否,否,理工类,公办,494,443,477,452,348,478
上海立信会计金融学院,上海,上海市,否,否,财经类,公办,473,516,488,516,491,550
上海应用技术大学,上海,上海市,否,否,理工类,公办,457,449,478,449,496,484
安徽师范大学,安徽,芜湖市,否,否,师范类,公办,450,487,462,490,483,519
上海海事大学,上海,上海市,否,否,理工类,公办,476,513,489,505,489,548
上海第二工业大学,上海,上海市,否,否,理工类,公办,414,457,428,457,409,487
上海海洋大学,上海,上海市,否,否,农林类,公办,495,508,488,498,497,548
广东财经大学,广东,广州市,否,否,财经类,公办,485,530,486,518,429,489
岭南师范学院,广东,湛江市,否,否,师范类,公办,341,421,368,423,347,464
韩山师范学院,广东,潮州市,否,否,师范类,公办,351,426,371,417,357,414
广州医科大学,广东,广州市,否,否,医药类,公办,497,499,495,502,485,529
广州中医药大学,广东,广州市,否,否,医药类,公办,470,539,467,507,508,548
华南农业大学,广东,广州市,否,否,综合类,公办,503,464,501,482,492,491
深圳大学,广东,深圳市,否,否,综合类,公办,541,545,532,550,536,581
太原师范学院,山西,晋中市,否,否,师范类,公办,363,428,369,444,376,462
山西大同大学,山西,大同市,否,否,综合类,公办,356,428,369,428,357,461
忻州师范学院,山西,忻州市,否,否,师范类,公办,341,399,343,399,338,426
太原科技大学,山西,太原市,否,否,理工类,公办,372,449,382,458,369,449
中北大学,山西,太原市,否,否,综合类,公办,451,475,455,500,458,518
山西财经大学,山西,太原市,否,否,财经类,公办,349,435,389,443,388,469
山西师范大学,山西,太原市,否,否,师范类,公办,403,457,397,448,368,471
山西医科大学,山西,太原市,否,否,医药类,公办,450,503,459,494,514,449
山西农业大学,山西,晋中市,否,否,农林类,公办,361,426,484,423,493,457
中国民用航空飞行学院,四川,德阳市,否,否,理工类,公办,471,474,472,483,465,502
西南科技大学,四川,绵阳市,否,否,理工类,公办,451,475,461,489,458,519
山西大学,山西,太原市,否,否,综合类,公办,456,510,487,489,462,519
浙江万里学院,浙江,宁波市,否,否,理工类,公办,386,432,366,427,358,432
温州大学,浙江,温州市,否,否,综合类,公办,457,518,400,469,402,489
湖州师范学院,浙江,湖州市,否,否,综合类,公办,462,484,459,498,469,453
浙江农林大学,浙江,杭州市,否,否,农林类,公办,457,478,463,498,400,487
中国计量大学,浙江,杭州市,否,否,理工类,公办,459,519,482,525,459,561
浙江科技大学,浙江,杭州市,否,否,理工类,公办,449,466,427,455,389,480
西华大学,四川,成都市,否,否,综合类,公办,413,469,386,461,429,480
浙江理工大学,浙江,杭州市,否,否,理工类,公办,477,516,477,511,513,552
浙江师范大学,浙江,金华市,否,否,综合类,公办,458,490,509,491,513,554
宁波大学,浙江,宁波市,否,否,综合类,公办,491,512,487,515,527,543
西南民族大学,四川,成都市,否,否,民族类,公办,473,485,471,493,494,523
东北财经大学,辽宁,大连市,否,否,财经类,公办,452,519,489,538,563,562
沈阳大学,辽宁,沈阳市,否,否,综合类,公办,389,479,404,475,387,469
辽宁科技大学,辽宁,鞍山市,否,否,理工类,公办,442,420,439,409,478,461
沈阳师范大学,辽宁,沈阳市,否,否,师范类,公办,409,402,357,386,330,419
大连交通大学,辽宁,大连市,否,否,理工类,公办,471,449,459,460,544,508
大连大学,辽宁,大连市,否,否,综合类,公办,450,476,463,482,517,535
沈阳理工大学,辽宁,沈阳市,否,否,理工类,公办,462,461,457,479,495,496
大连外国语大学,辽宁,大连市,否,否,语言类,公办,439,476,457,487,488,517
沈阳建筑大学,辽宁,沈阳市,否,否,理工类,公办,439,484,460,481,504,532
大连民族大学,辽宁,大连市,否,否,民族类,公办,449,469,465,485,481,530
鞍山师范学院,辽宁,鞍山市,否,否,师范类,公办,419,464,427,467,433,487
沈阳体育学院,辽宁,沈阳市,否,否,体育类,公办,353,442,385,449,351,445
中国刑事警察学院,辽宁,沈阳市,否,否,政法类,公办,575,546,548,563,499,545
石河子大学,新疆,自治区直辖县级行政区划,否,是,综合类,公办,459,503,468,486,474,524
重庆三峡学院,重庆,重庆市,否,否,综合类,公办,348,409,376,413,329,442
井冈山大学,江西,吉安市,否,否,综合类,公办,356,397,368,421,357,429
九江学院,江西,九江市,否,否,综合类,公办,366,395,369,409,349,417
四川外国语大学,重庆,重庆市,否,否,语言类,公办,427,470,427,467,446,507
长江师范学院,重庆,重庆市,否,否,师范类,公办,375,481,368,475,369,494
江西科技师范大学,江西,南昌市,否,否,师范类,公办,361,443,369,427,358,467
赣南师范大学,江西,赣州市,否,否,师范类,公办,349,388,371,415,358,429
重庆理工大学,重庆,重庆市,否,否,理工类,公办,465,461,463,476,447,497
上饶师范学院,江西,上饶市,否,否,师范类,公办,353,413,344,409,346,441
景德镇陶瓷大学,江西,景德镇市,否,否,艺术类,公办,349,413,370,428,349,460
西南政法大学,重庆,重庆市,否,否,政法类,公办,530,542,517,520,571,570
重庆师范大学,重庆,重庆市,否,否,师范类,公办,457,495,488,497,479,522
江西财经大学,江西,南昌市,否,否,财经类,公办,450,515,477,511,453,515
江西师范大学,江西,南昌市,否,否,师范类,公办,436,550,502,521,526,519
扬州大学,江苏,扬州市,否,否,综合类,公办,465,491,480,501,489,549
南京工业大学,江苏,南京市,否,否,理工类,公办,458,499,478,488,499,519
江苏大学,江苏,镇江市,否,否,综合类,公办,485,492,488,522,512,561
南京林业大学,江苏,南京市,否,否,农林类,公办,466,502,488,497,510,535
江苏师范大学,江苏,徐州市,否,否,师范类,公办,421,460,434,434,399,477
南京信息工程大学,江苏,南京市,否,否,综合类,公办,513,488,488,522,511,539
南京财经大学,江苏,南京市,否,否,财经类,公办,476,487,462,489,533,534
江苏科技大学,江苏,镇江市,否,否,理工类,公办,467,512,459,502,490,522
常州大学,江苏,常州市,否,否,理工类,公办,449,493,468,483,471,518
盐城工学院,江苏,盐城市,否,否,理工类,公办,384,433,402,416,369,449
盐城师范学院,江苏,盐城市,否,否,师范类,公办,349,440,404,409,390,447
南京审计大学,江苏,南京市,否,否,财经类,公办,518,545,517,531,518,577
江苏理工学院,江苏,常州市,否,否,理工类,公办,368,450,369,438,347,473
南京工程学院,江苏,南京市,否,否,理工类,公办,417,455,410,447,409,467
北京科技大学,北京,北京市,否,是,理工类,公办,549,539,559,556,555,586
北京理工大学,北京,北京市,是,是,理工类,公办,632,584,623,575,633,607
东北师范大学,吉林,长春市,否,是,师范类,公办,549,563,541,547,590,594
清华大学,北京,北京市,是,是,综合类,公办,674,648,668,624,675,656
东北大学,辽宁,沈阳市,是,是,理工类,公办,549,539,547,551,556,579
华东理工大学,上海,上海市,否,是,理工类,公办,549,518,544,520,549,522
复旦大学,上海,上海市,是,是,综合类,公办,639,621,659,612,664,640
延边大学,吉林,延边朝鲜族自治州,否,是,综合类,公办,457,472,474,489,510,519
武汉理工大学,湖北,武汉市,否,是,理工类,公办,534,522,532,539,540,548
山东大学,山东,济南市,是,是,综合类,公办,539,549,549,563,592,581
上海交通大学,上海,上海市,是,是,综合类,公办,636,621,660,602,667,634
中南大学,湖南,长沙市,是,是,综合类,公办,561,546,562,519,566,584
吉林大学,吉林,长春市,是,是,综合类,公办,521,549,549,519,567,566
中国地质大学（武汉）,湖北,武汉市,否,是,理工类,公办,527,546,514,536,533,555
重庆大学,重庆,重庆市,是,是,综合类,公办,585,578,573,572,596,590
苏州大学,江苏,苏州市,否,是,综合类,公办,519,519,519,545,558,578
中国药科大学,江苏,南京市,否,是,医药类,公办,544,531,540,546,556,576
河海大学,江苏,南京市,否,是,综合类,公办,524,542,519,519,545,564
南京师范大学,江苏,南京市,否,是,师范类,公办,489,519,517,519,560,578
浙江大学,浙江,杭州市,是,是,综合类,公办,659,614,648,606,658,635
南京大学,江苏,南京市,是,是,综合类,公办,653,613,642,605,650,609
中国矿业大学,江苏,徐州市,否,是,综合类,公办,512,522,514,518,518,562
东南大学,江苏,南京市,是,是,综合类,公办,616,578,595,582,607,612
南昌大学,江西,南昌市,否,是,综合类,公办,462,493,493,489,514,519
西北工业大学,陕西,西安市,是,是,理工类,公办,610,570,579,519,587,587
暨南大学,广东,广州市,否,是,综合类,公办,499,526,489,519,546,574
中山大学,广东,广州市,是,是,综合类,公办,584,583,578,580,595,617
厦门大学,福建,厦门市,是,是,综合类,公办,583,586,571,577,604,609
西南财经大学,四川,成都市,否,是,财经类,公办,519,538,519,548,572,587
四川大学,四川,成都市,是,是,综合类,公办,579,557,578,549,592,604
华南师范大学,广东,广州市,否,是,师范类,公办,549,534,519,497,530,566
兰州大学,甘肃,兰州市,是,是,综合类,公办,519,538,518,537,563,592
天津农学院,天津,天津市,否,否,农林类,公办,370,429,366,409,349,443
天津体育学院,天津,天津市,否,否,体育类,公办,381,421,378,457,368,449
天津中医药大学,天津,天津市,否,否,医药类,公办,459,494,459,495,484,537
中国民航大学,天津,天津市,否,否,理工类,公办,481,488,484,503,525,527
天津外国语大学,天津,天津市,否,否,语言类,公办,457,488,455,488,487,518
天津商业大学,天津,天津市,否,否,财经类,公办,455,479,459,489,458,518
天津财经大学,天津,天津市,否,否,财经类,公办,457,481,479,493,477,518
天津科技大学,天津,天津市,否,否,理工类,公办,457,485,459,487,509,517
天津工业大学,天津,天津市,否,否,综合类,公办,484,478,482,507,489,513
上海大学,上海,上海市,否,是,综合类,公办,546,567,555,554,580,579
上海交通大学医学院,上海,上海市,是,是,医药类,公办,667,559,639,545,656,591
同济大学,上海,上海市,是,是,综合类,公办,631,592,618,586,632,618
济南大学,山东,济南市,否,否,综合类,公办,464,489,469,502,459,527
安徽农业大学,安徽,合肥市,否,否,农林类,公办,416,450,402,430,329,403
安徽大学,安徽,合肥市,否,是,综合类,公办,499,515,487,517,489,545
德州学院,山东,德州市,否,否,综合类,公办,407,410,398,412,366,431
滨州医学院,山东,烟台市,否,否,医药类,公办,402,464,369,442,362,465
郑州大学,河南,郑州市,否,是,综合类,公办,486,537,489,511,516,569
中国海洋大学,山东,青岛市,是,是,综合类,公办,545,538,519,546,562,586
天津大学,天津,天津市,是,是,综合类,公办,612,583,579,573,609,609
南开大学,天津,天津市,是,是,综合类,公办,621,604,602,590,629,625
湖南师范大学,湖南,长沙市,否,是,师范类,公办,482,526,516,535,484,544
河北大学,河北,保定市,否,否,综合类,公办,475,487,459,489,464,513
对外经济贸易大学,北京,北京市,否,是,财经类,公办,587,584,576,573,603,609
北京师范大学,北京,北京市,是,是,师范类,公办,599,579,578,579,613,611
西南交通大学,四川,成都市,否,是,理工类,公办,544,539,519,519,540,580
北京中医药大学,北京,北京市,否,是,医药类,公办,519,526,537,490,548,568
北京航空航天大学,北京,北京市,是,是,理工类,公办,636,578,609,581,636,579
中国人民大学,北京,北京市,是,是,综合类,公办,638,609,643,608,650,636
湖南大学,湖南,长沙市,是,是,综合类,公办,551,548,547,549,580,585
北京林业大学,北京,北京市,否,是,农林类,公办,516,519,526,546,529,581
武汉大学,湖北,武汉市,是,是,综合类,公办,617,578,613,579,618,625
北京外国语大学,北京,北京市,否,是,语言类,公办,569,562,580,558,573,627
北京交通大学,北京,北京市,否,是,理工类,公办,544,548,570,549,575,579
西北大学,陕西,西安市,否,是,综合类,公办,518,525,523,543,550,559
长安大学,陕西,西安市,否,是,理工类,公办,519,541,518,519,523,573
云南大学,云南,昆明市,否,是,综合类,公办,488,489,486,507,505,566
大连海事大学,辽宁,大连市,否,是,理工类,公办,514,518,519,539,542,546
北京大学,北京,北京市,是,是,综合类,公办,678,637,639,621,672,649
