﻿名称,省,市,985,211,学校类型,学校属性,2023年物理类录取分数,2023年历史类录取分数,2022年物理类录取分数,2022年历史类录取分数,2021年物理类录取分数,2021年历史类录取分数
烟台科技学院,山东,烟台市,否,否,综合类,民办,431,413,435,462,425,499
江苏海洋大学,江苏,连云港市,否,否,理工类,公办,455,503,506,517,511,541
西藏农牧学院,西藏,林芝市,否,否,农林类,公办,426,459,427,467,363,511
南京审计大学金审学院,江苏,南京市,否,否,财经类,民办,434,457,446,455,495,540
中国石油大学（北京）克拉玛依校区,新疆,克拉玛依市,否,是,理工类,公办,537,539,537,542,528,563
深圳技术大学,广东,深圳市,否,否,理工类,公办,563,542,557,547,564,572
滇西应用技术大学,云南,大理白族自治州,否,否,综合类,公办,438,466,441,473,438,518
哈尔滨工业大学（深圳）,广东,深圳市,是,是,理工类,公办,668,622,651,621,657,639
中国社会科学院大学,北京,北京市,否,否,综合类,公办,627,602,625,605,640,630
温州肯恩大学,浙江,温州市,否,否,综合类,中外合作办学,533,510,527,524,524,542
中国人民大学（苏州校区）,江苏,苏州市,是,是,综合类,公办,652,624,640,618,647,629
大连理工大学盘锦校区,辽宁,盘锦市,是,是,理工类,公办,587,578,584,584,581,603
营口理工学院,辽宁,营口市,否,否,理工类,公办,433,460,439,475,425,510
河北中医药大学,河北,石家庄市,否,否,医药类,公办,494,453,481,466,487,529
山东管理学院,山东,济南市,否,否,综合类,公办,453,464,490,494,484,520
张家口学院,河北,张家口市,否,否,综合类,公办,479,493,481,480,474,516
南昌师范学院,江西,南昌市,否,否,师范类,公办,440,466,441,480,455,516
山西传媒学院,山西,晋中市,否,否,艺术类,公办,428,514,516,506,517,527
河北环境工程学院,河北,秦皇岛市,否,否,理工类,公办,436,461,446,474,438,514
南昌工学院,江西,南昌市,否,否,理工类,民办,402,433,408,418,366,473
河北科技学院,河北,唐山市,否,否,理工类,民办,405,430,413,452,374,495
山西工商学院,山西,太原市,否,否,财经类,民办,425,448,425,461,416,503
福州外语外贸学院,福建,福州市,否,否,财经类,民办,391,405,407,445,364,491
山东协和学院,山东,济南市,否,否,医药类,民办,420,415,425,434,391,499
郑州升达经贸管理学院,河南,郑州市,否,否,财经类,民办,425,442,432,468,410,504
广西外国语学院,广西,南宁市,否,否,语言类,民办,380,405,395,404,344,490
华北理工大学轻工学院,河北,唐山市,否,否,理工类,民办,422,433,427,459,398,495
陕西学前师范学院,陕西,西安市,否,否,师范类,公办,436,474,460,475,460,535
天津外国语大学滨海外事学院,天津,天津市,否,否,语言类,民办,429,437,437,471,435,516
新疆政法学院,新疆,自治区直辖县级行政区划,否,否,政法类,公办,431,454,433,471,410,508
南宁理工学院,广西,南宁市,否,否,理工类,民办,413,414,420,430,382,466
内蒙古科技大学包头师范学院,内蒙古,包头市,否,否,师范类,公办,483,475,488,488,496,519
北京第二外国语学院,北京,北京市,否,否,语言类,公办,529,568,568,576,594,607
山东女子学院,山东,济南市,否,否,综合类,公办,448,459,428,476,452,512
福建江夏学院,福建,福州市,否,否,财经类,公办,430,426,436,470,429,514
贵州黔南经济学院,贵州,黔南布依族苗族自治州,否,否,财经类,民办,423,450,420,419,397,506
西安科技大学高新学院,陕西,西安市,否,否,理工类,民办,420,443,423,460,403,497
西安明德理工学院,陕西,西安市,否,否,综合类,民办,417,423,417,454,389,496
西安工商学院,陕西,西安市,否,否,综合类,民办,421,438,427,454,407,495
西安交通大学城市学院,陕西,西安市,否,否,理工类,民办,420,447,429,463,416,500
江苏科技大学苏州理工学院,江苏,苏州市,否,否,理工类,民办,429,456,432,470,427,510
扬州大学广陵学院,江苏,扬州市,否,否,综合类,民办,428,454,433,473,424,510
南京工业大学浦江学院,江苏,南京市,否,否,理工类,民办,426,452,433,468,426,506
南京理工大学紫金学院,江苏,南京市,否,否,理工类,民办,456,464,457,474,445,516
黑龙江财经学院,黑龙江,哈尔滨市,否,否,财经类,民办,405,424,417,445,359,487
哈尔滨石油学院,黑龙江,哈尔滨市,否,否,理工类,民办,407,407,418,444,367,491
哈尔滨广厦学院,黑龙江,哈尔滨市,否,否,综合类,民办,385,404,407,423,359,475
哈尔滨剑桥学院,黑龙江,哈尔滨市,否,否,综合类,民办,409,407,418,430,406,487
黑龙江工商学院,黑龙江,哈尔滨市,否,否,综合类,民办,395,404,395,404,345,457
哈尔滨远东理工学院,黑龙江,哈尔滨市,否,否,理工类,民办,403,445,410,456,372,498
昆明理工大学津桥学院,云南,昆明市,否,否,理工类,民办,396,415,412,439,390,481
丽江文化旅游学院,云南,丽江市,否,否,综合类,民办,365,404,398,414,378,484
滇池学院,云南,昆明市,否,否,综合类,民办,408,427,414,450,391,493
齐鲁理工学院,山东,济南市,否,否,综合类,民办,403,443,411,422,354,491
青岛农业大学海都学院,山东,烟台市,否,否,综合类,民办,427,456,435,470,421,510
青岛工学院,山东,青岛市,否,否,综合类,民办,418,430,425,463,388,496
西南交通大学希望学院,四川,成都市,否,否,综合类,民办,426,450,431,469,403,509
西南财经大学天府学院,四川,绵阳市,否,否,财经类,民办,465,462,458,466,453,502
四川大学锦江学院,四川,眉山市,否,否,综合类,民办,425,441,429,465,416,506
成都锦城学院,四川,成都市,否,否,综合类,民办,419,446,434,469,421,507
成都外国语学院,四川,成都市,否,否,语言类,民办,432,440,432,464,414,506
成都银杏酒店管理学院,四川,成都市,否,否,财经类,民办,417,441,424,455,402,504
四川传媒学院,四川,成都市,否,否,综合类,民办,279,341,280,303,374,382
成都理工大学工程技术学院,四川,乐山市,否,否,理工类,民办,423,445,430,462,418,502
成都大学,四川,成都市,否,否,综合类,公办,474,530,538,543,539,570
新疆科技学院,新疆,巴音郭楞蒙古自治州,否,否,财经类,公办,429,456,433,471,418,509
东莞城市学院,广东,东莞市,否,否,理工类,民办,387,406,395,413,406,475
南华大学船山学院,湖南,衡阳市,否,否,综合类,民办,424,463,433,471,421,507
湖南科技大学潇湘学院,湖南,湘潭市,否,否,综合类,民办,442,456,435,474,431,510
长沙理工大学城南学院,湖南,长沙市,否,否,理工类,民办,428,466,436,474,427,508
湖南第一师范学院,湖南,长沙市,否,否,师范类,公办,407,542,515,533,527,550
景德镇艺术职业大学,江西,景德镇市,否,否,艺术类,民办,418,438,412,413,369,479
江西财经大学现代经济管理学院,江西,九江市,否,否,财经类,民办,417,448,431,465,416,498
南昌医学院,江西,南昌市,否,否,医药类,公办,478,513,503,511,500,536
南昌航空大学科技学院,江西,九江市,否,否,理工类,民办,422,454,431,469,410,499
赣东学院,江西,抚州市,否,否,综合类,公办,435,458,441,478,436,519
赣南科技学院,江西,赣州市,否,否,理工类,公办,443,467,442,478,433,518
南昌交通学院,江西,南昌市,否,否,理工类,民办,410,428,414,434,358,490
江西师范大学科学技术学院,江西,九江市,否,否,综合类,民办,428,455,434,470,411,509
江西农业大学南昌商学院,江西,九江市,否,否,综合类,民办,420,425,430,465,384,504
南昌大学科学技术学院,江西,九江市,否,否,综合类,民办,422,436,428,462,415,492
厦门工学院,福建,厦门市,否,否,理工类,民办,391,428,415,445,398,497
嘉兴南湖学院,浙江,嘉兴市,否,否,财经类,公办,460,528,480,507,448,535
浙江工商大学杭州商学院,浙江,杭州市,否,否,财经类,民办,459,468,462,475,454,510
浙大城市学院,浙江,杭州市,否,否,综合类,公办,515,521,516,549,542,572
柳州工学院,广西,柳州市,否,否,理工类,民办,401,416,409,451,382,497
桂林信息科技学院,广西,桂林市,否,否,理工类,民办,408,419,414,428,380,464
甘肃民族师范学院,甘肃,甘南藏族自治州,否,否,师范类,公办,455,481,471,486,474,523
大连艺术学院,辽宁,大连市,否,否,艺术类,民办,384,406,391,404,343,456
辽宁财贸学院,辽宁,葫芦岛市,否,否,财经类,民办,377,404,388,404,336,456
大连东软信息学院,辽宁,大连市,否,否,理工类,民办,407,404,416,410,387,488
沈阳科技学院,辽宁,沈阳市,否,否,理工类,民办,385,404,393,404,336,456
大连医科大学中山学院,辽宁,大连市,否,否,医药类,民办,405,405,412,405,377,488
锦州医科大学医疗学院,辽宁,锦州市,否,否,医药类,民办,395,414,413,411,401,485
辽宁何氏医学院,辽宁,沈阳市,否,否,医药类,民办,397,407,403,423,357,479
辽宁中医药大学杏林学院,辽宁,沈阳市,否,否,医药类,民办,404,405,413,410,383,483
沈阳城市建设学院,辽宁,沈阳市,否,否,理工类,民办,382,405,389,404,336,456
辽宁师范大学海华学院,辽宁,大连市,否,否,综合类,民办,404,404,411,404,377,463
大连科技学院,辽宁,大连市,否,否,理工类,民办,396,404,410,404,384,460
沈阳城市学院,辽宁,沈阳市,否,否,综合类,民办,391,404,403,419,337,466
山西晋中理工学院,山西,晋中市,否,否,理工类,民办,429,443,429,461,402,498
晋中信息学院,山西,晋中市,否,否,理工类,民办,433,444,431,464,416,498
呼和浩特民族学院,内蒙古,呼和浩特市,否,否,民族类,公办,435,409,438,430,398,462
长春大学旅游学院,吉林,长春市,否,否,综合类,民办,385,405,393,406,337,461
长春财经学院,吉林,长春市,否,否,财经类,民办,393,409,402,410,337,467
长春光华学院,吉林,长春市,否,否,综合类,民办,385,407,395,407,338,467
天津天狮学院,天津,天津市,否,否,综合类,民办,412,422,427,461,407,491
天津财经大学珠江学院,天津,天津市,否,否,综合类,民办,425,445,435,467,424,506
天津理工大学中环信息学院,天津,天津市,否,否,综合类,民办,428,453,432,467,417,503
北京科技大学天津学院,天津,天津市,否,否,综合类,民办,434,450,436,469,425,514
天津医科大学临床医学院,天津,天津市,否,否,医药类,民办,441,409,442,451,447,502
天津商业大学宝德学院,天津,天津市,否,否,财经类,民办,406,438,422,468,430,507
民政职业大学,北京,北京市,否,否,政法类,公办,363,378,363,350,323,434
宁夏理工学院,宁夏,石嘴山市,否,否,理工类,民办,402,411,415,450,384,489
西安欧亚学院,陕西,西安市,否,否,财经类,民办,414,413,415,442,387,489
陕西国际商贸学院,陕西,咸阳市,否,否,财经类,民办,407,421,422,454,412,493
西安建筑科技大学华清学院,陕西,西安市,否,否,理工类,民办,416,443,418,460,412,501
无锡太湖学院,江苏,无锡市,否,否,综合类,民办,434,447,442,466,431,506
云南经济管理学院,云南,昆明市,否,否,财经类,民办,392,405,405,428,372,473
昆明文理学院,云南,昆明市,否,否,师范类,民办,401,457,416,460,389,499
青岛黄海学院,山东,青岛市,否,否,综合类,民办,421,439,426,455,406,497
山东现代学院,山东,济南市,否,否,综合类,民办,393,408,414,421,386,495
山东外事职业大学,山东,威海市,否,否,综合类,民办,351,334,311,297,150,150
青岛恒星科技学院,山东,青岛市,否,否,综合类,民办,381,408,405,414,360,472
烟台南山学院,山东,烟台市,否,否,综合类,民办,425,438,429,464,409,505
齐鲁医药学院,山东,淄博市,否,否,医药类,民办,406,442,444,433,458,506
潍坊科技学院,山东,潍坊市,否,否,综合类,民办,427,440,430,463,421,496
山东英才学院,山东,济南市,否,否,综合类,民办,382,405,394,410,356,468
山东石油化工学院,山东,东营市,否,否,理工类,公办,451,502,452,494,439,523
济宁学院,山东,济宁市,否,否,综合类,公办,447,467,453,490,446,526
广东外语外贸大学南国商学院,广东,广州市,否,否,综合类,民办,409,406,410,429,374,503
广州城市理工学院,广东,广州市,否,否,理工类,民办,391,404,395,429,339,487
广州华立学院,广东,广州市,否,否,理工类,民办,408,424,406,439,386,489
湖南汽车工程职业大学,湖南,株洲市,否,否,理工类,公办,337,321,315,272,236,385
湖南女子学院,湖南,长沙市,否,否,综合类,公办,438,460,443,477,436,516
湖南财政经济学院,湖南,长沙市,否,否,财经类,公办,509,512,522,534,536,562
武汉生物工程学院,湖北,武汉市,否,否,理工类,民办,426,445,432,460,415,501
长江大学文理学院,湖北,荆州市,否,否,综合类,民办,433,447,435,465,420,508
湖北大学知行学院,湖北,武汉市,否,否,理工类,民办,430,455,433,470,421,511
郑州工程技术学院,河南,郑州市,否,否,理工类,公办,437,465,447,481,440,516
河南财政金融学院,河南,郑州市,否,否,财经类,公办,485,465,443,458,505,540
新乡学院,河南,新乡市,否,否,综合类,公办,445,470,458,480,434,516
厦门华厦学院,福建,厦门市,否,否,综合类,民办,415,429,422,453,397,497
闽南理工学院,福建,泉州市,否,否,理工类,民办,414,431,430,449,412,488
福州大学至诚学院,福建,福州市,否,否,综合类,民办,422,444,427,465,397,507
厦门大学嘉庚学院,福建,漳州市,否,否,综合类,民办,432,454,439,467,426,508
武夷学院,福建,南平市,否,否,综合类,公办,446,460,453,475,452,517
桂林旅游学院,广西,桂林市,否,否,财经类,公办,436,456,437,476,460,511
广西科技师范学院,广西,来宾市,否,否,师范类,公办,449,461,448,481,440,514
兰州石化职业技术大学,甘肃,兰州市,否,否,理工类,公办,432,471,435,359,150,424
辽宁理工职业大学,辽宁,锦州市,否,否,理工类,民办,373,404,379,404,336,462
辽宁传媒学院,辽宁,沈阳市,否,否,艺术类,民办,386,404,401,404,360,456
沈阳工学院,辽宁,抚顺市,否,否,理工类,民办,387,404,389,404,336,456
朝阳师范学院,辽宁,朝阳市,否,否,师范类,公办,287,192,235,178,150,231
太原学院,山西,太原市,否,否,综合类,公办,439,495,445,498,430,529
吕梁学院,山西,吕梁市,否,否,综合类,公办,432,489,439,502,425,531
长春人文学院,吉林,长春市,否,否,综合类,民办,400,404,400,405,341,488
吉林建筑科技学院,吉林,长春市,否,否,理工类,民办,388,405,396,426,337,478
吉林工商学院,吉林,长春市,否,否,财经类,公办,444,468,447,477,443,515
天津仁爱学院,天津,天津市,否,否,综合类,民办,390,418,415,466,378,504
河北工程大学科信学院,河北,邯郸市,否,否,理工类,民办,429,451,436,468,419,506
石家庄铁道大学四方学院,河北,石家庄市,否,否,理工类,民办,433,466,439,473,427,512
河北经贸大学经济管理学院,河北,石家庄市,否,否,财经类,民办,442,466,443,473,435,510
河北医科大学临床学院,河北,石家庄市,否,否,医药类,民办,464,486,475,484,435,514
大连财经学院,辽宁,大连市,否,否,财经类,民办,393,404,399,408,356,466
山东财经大学东方学院,山东,泰安市,否,否,综合类,民办,428,442,433,467,408,500
河北东方学院,河北,廊坊市,否,否,综合类,民办,416,422,432,463,411,504
琼台师范学院,海南,海口市,否,否,师范类,公办,480,463,482,474,490,515
河南城建学院,河南,平顶山市,否,否,理工类,公办,433,459,444,480,435,515
重庆电子科技职业大学,重庆,重庆市,否,否,理工类,公办,391,396,415,396,366,450
重庆移通学院,重庆,重庆市,否,否,理工类,民办,432,451,435,465,424,500
重庆外语外事学院,重庆,重庆市,否,否,语言类,民办,422,440,426,427,339,506
重庆对外经贸学院,重庆,重庆市,否,否,财经类,民办,428,449,429,469,470,511
上海视觉艺术学院,上海,上海市,否,否,艺术类,民办,458,488,426,509,504,510
沧州交通学院,河北,沧州市,否,否,理工类,民办,427,450,432,465,394,501
哈尔滨工业大学（威海）,山东,威海市,是,是,理工类,公办,643,581,624,582,635,601
珠海科技学院,广东,珠海市,否,否,综合类,民办,412,430,388,459,385,500
烟台理工学院,山东,烟台市,否,否,综合类,民办,420,425,426,462,407,500
长春工业大学人文信息学院,吉林,长春市,否,否,综合类,民办,386,404,396,408,337,461
长春建筑学院,吉林,长春市,否,否,理工类,民办,384,405,392,415,337,461
河北师范大学汇华学院,河北,石家庄市,否,否,师范类,民办,454,453,445,471,417,510
无锡学院,江苏,无锡市,否,否,理工类,公办,521,531,509,523,500,548
河北地质大学华信学院,河北,石家庄市,否,否,综合类,民办,402,437,409,462,409,502
北京中医药大学东方学院,河北,廊坊市,否,否,医药类,民办,424,439,424,456,368,458
青岛城市学院,山东,青岛市,否,否,理工类,民办,418,436,426,461,406,497
燕京理工学院,河北,廊坊市,否,否,理工类,民办,423,452,431,465,394,502
海口经济学院,海南,海口市,否,否,综合类,民办,397,415,410,414,376,476
吉林动画学院,吉林,长春市,否,否,艺术类,民办,413,412,417,416,393,473
西交利物浦大学,江苏,苏州市,否,否,综合类,中外合作办学,565,543,554,530,539,558
三亚学院,海南,三亚市,否,否,综合类,民办,372,404,413,438,387,486
黑龙江外国语学院,黑龙江,哈尔滨市,否,否,语言类,民办,390,404,415,405,387,471
河南工程学院,河南,郑州市,否,否,理工类,公办,437,474,444,489,438,522
长春电子科技学院,吉林,长春市,否,否,理工类,民办,391,406,399,405,339,456
广州软件学院,广东,广州市,否,否,理工类,民办,414,426,397,435,387,485
大连理工大学城市学院,辽宁,大连市,否,否,理工类,民办,403,433,414,458,381,499
上海外国语大学贤达经济人文学院,上海,上海市,否,否,财经类,民办,404,417,393,467,448,503
北京理工大学珠海学院,广东,珠海市,否,否,理工类,民办,445,443,418,468,411,495
大连工业大学艺术与信息工程学院,辽宁,大连市,否,否,理工类,民办,380,404,388,404,336,456
广州新华学院,广东,广州市,否,否,综合类,民办,392,414,401,427,358,482
昆明城市学院,云南,昆明市,否,否,综合类,民办,425,451,432,455,403,499
山东政法学院,山东,济南市,否,否,政法类,公办,502,530,490,546,534,571
昆明医科大学海源学院,云南,昆明市,否,否,医药类,民办,439,476,445,459,471,498
吉林师范大学博达学院,吉林,四平市,否,否,师范类,民办,404,404,413,404,337,465
北京师范大学-香港浸会大学联合国际学院,广东,珠海市,否,否,综合类,内地与港澳台地区合作办学,536,534,530,525,489,553
长春科技学院,吉林,长春市,否,否,综合类,民办,393,407,399,431,338,482
兰州城市学院,甘肃,兰州市,否,否,综合类,公办,433,491,440,498,426,517
安顺学院,贵州,安顺市,否,否,综合类,公办,464,462,450,478,440,520
西安医学院,陕西,西安市,否,否,医药类,公办,540,469,538,485,534,521
菏泽学院,山东,菏泽市,否,否,综合类,公办,451,471,457,490,474,521
安康学院,陕西,安康市,否,否,综合类,公办,440,505,446,505,443,531
商洛学院,陕西,商洛市,否,否,综合类,公办,444,469,446,482,451,518
三明学院,福建,三明市,否,否,综合类,公办,436,458,445,475,435,512
河北科技师范学院,河北,秦皇岛市,否,否,师范类,公办,444,515,448,511,438,542
长治学院,山西,长治市,否,否,综合类,公办,437,464,437,471,497,521
丽水学院,浙江,丽水市,否,否,综合类,公办,497,467,500,475,496,519
百色学院,广西,百色市,否,否,综合类,公办,433,459,439,474,424,511
梧州学院,广西,梧州市,否,否,综合类,公办,434,457,443,478,436,512
海南热带海洋学院,海南,三亚市,否,否,综合类,公办,449,455,453,485,455,518
青岛滨海学院,山东,青岛市,否,否,综合类,民办,411,404,416,430,397,486
辽宁对外经贸学院,辽宁,大连市,否,否,财经类,民办,381,404,390,404,336,456
长沙医学院,湖南,长沙市,否,否,医药类,民办,423,439,426,461,412,506
山东大学（威海）,山东,威海市,是,是,综合类,公办,618,606,613,606,615,620
东北大学秦皇岛分校,河北,秦皇岛市,是,是,理工类,公办,593,581,591,582,600,604
北京大学医学部,北京,北京市,是,是,医药类,公办,678,659,663,651,678,662
宁波诺丁汉大学,浙江,宁波市,否,否,综合类,中外合作办学,583,561,567,535,535,573
集美大学诚毅学院,福建,厦门市,否,否,综合类,民办,428,456,432,468,413,507
辽宁警察学院,辽宁,大连市,否,否,政法类,公办,449,469,454,480,456,518
山东航空学院,山东,滨州市,否,否,综合类,公办,502,505,492,506,492,535
南京财经大学红山学院,江苏,镇江市,否,否,综合类,民办,426,456,437,470,433,507
湖南涉外经济学院,湖南,长沙市,否,否,财经类,民办,394,406,409,436,371,486
西安翻译学院,陕西,西安市,否,否,语言类,民办,410,416,424,452,392,497
洛阳理工学院,河南,洛阳市,否,否,理工类,公办,442,462,447,479,436,510
武汉城市学院,湖北,武汉市,否,否,理工类,民办,423,451,430,465,416,504
武汉学院,湖北,武汉市,否,否,综合类,民办,420,449,424,467,410,503
保定理工学院,河北,保定市,否,否,理工类,民办,412,422,415,441,387,483
辽宁理工学院,辽宁,锦州市,否,否,理工类,民办,382,404,387,404,336,458
武昌理工学院,湖北,武汉市,否,否,综合类,民办,415,462,431,466,426,497
郑州师范学院,河南,郑州市,否,否,师范类,公办,509,487,506,508,507,541
东南大学成贤学院,江苏,南京市,否,否,综合类,民办,442,463,447,468,448,509
山东中医药大学,山东,济南市,否,否,医药类,公办,489,508,505,525,503,558
南京特殊教育师范学院,江苏,南京市,否,否,师范类,公办,400,485,485,496,491,530
电子科技大学成都学院,四川,成都市,否,否,理工类,民办,434,448,439,469,430,505
中国矿业大学徐海学院,江苏,徐州市,否,否,综合类,民办,432,463,432,471,417,508
郑州财经学院,河南,郑州市,否,否,财经类,民办,430,457,432,467,427,505
三峡大学科技学院,湖北,宜昌市,否,否,综合类,民办,465,452,457,466,440,509
北京工业大学耿丹学院,北京,北京市,否,否,综合类,民办,414,427,409,446,381,489
广州南方学院,广东,广州市,否,否,综合类,民办,407,428,402,414,363,486
天水师范学院,甘肃,天水市,否,否,师范类,公办,427,477,486,493,481,527
陇东学院,甘肃,庆阳市,否,否,综合类,公办,431,493,439,496,429,529
曲靖师范学院,云南,曲靖市,否,否,师范类,公办,437,460,437,475,437,513
绵阳师范学院,四川,绵阳市,否,否,师范类,公办,452,511,458,522,473,549
重庆工商大学,重庆,重庆市,否,否,财经类,公办,501,539,537,555,568,578
湖南人文科技学院,湖南,娄底市,否,否,综合类,公办,431,475,442,486,435,518
辽宁科技学院,辽宁,本溪市,否,否,理工类,公办,434,460,439,475,425,511
浙江传媒学院,浙江,杭州市,否,否,艺术类,公办,515,547,547,559,565,587
绥化学院,黑龙江,绥化市,否,否,综合类,公办,450,486,450,483,439,512
哈尔滨师范大学,黑龙江,哈尔滨市,否,否,师范类,公办,434,470,520,518,532,549
厦门理工学院,福建,厦门市,否,否,理工类,公办,520,529,532,537,539,552
徐州工程学院,江苏,徐州市,否,否,综合类,公办,464,463,473,477,476,509
金陵科技学院,江苏,南京市,否,否,理工类,公办,509,512,524,519,539,554
吉林医药学院,吉林,吉林市,否,否,医药类,公办,462,477,477,492,462,525
广西财经学院,广西,南宁市,否,否,财经类,公办,476,498,506,519,512,554
西安文理学院,陕西,西安市,否,否,综合类,公办,464,491,487,503,494,535
沈阳工程学院,辽宁,沈阳市,否,否,理工类,公办,450,462,439,476,426,511
伊犁师范大学,新疆,伊犁哈萨克自治州,否,否,师范类,公办,429,451,435,470,429,514
广西中医药大学,广西,南宁市,否,否,医药类,公办,486,510,498,518,494,549
广东金融学院,广东,广州市,否,否,财经类,公办,551,539,555,539,563,572
长沙学院,湖南,长沙市,否,否,综合类,公办,437,481,504,522,483,552
安庆师范大学,安徽,安庆市,否,否,师范类,公办,482,476,483,490,473,526
吉林农业科技学院,吉林,吉林市,否,否,农林类,公办,444,472,444,482,448,517
大庆师范学院,黑龙江,大庆市,否,否,师范类,公办,428,461,443,479,429,514
上海政法学院,上海,上海市,否,否,政法类,公办,560,557,571,567,585,590
上海商学院,上海,上海市,否,否,财经类,公办,523,536,521,530,538,563
重庆科技大学,重庆,重庆市,否,否,理工类,公办,459,497,473,509,473,533
南方医科大学,广东,广州市,否,否,医药类,公办,540,534,560,552,550,580
贵州大学,贵州,贵阳市,否,是,综合类,公办,549,541,562,564,559,586
西南大学,重庆,重庆市,否,是,综合类,公办,556,586,617,602,625,620
攀枝花学院,四川,攀枝花市,否,否,综合类,公办,437,493,437,490,501,520
晋中学院,山西,晋中市,否,否,综合类,公办,447,476,430,474,445,510
运城学院,山西,运城市,否,否,综合类,公办,433,502,443,505,422,533
山西中医药大学,山西,晋中市,否,否,医药类,公办,457,523,460,482,454,522
江西职业技术大学,江西,九江市,否,否,综合类,公办,330,329,348,329,150,409
新余学院,江西,新余市,否,否,综合类,公办,443,424,447,490,442,525
萍乡学院,江西,萍乡市,否,否,综合类,公办,455,464,459,479,451,518
河南科技学院,河南,新乡市,否,否,综合类,公办,436,459,444,481,432,519
平顶山学院,河南,平顶山市,否,否,综合类,公办,440,468,468,487,463,517
安阳师范学院,河南,安阳市,否,否,师范类,公办,497,516,504,519,501,548
首都经济贸易大学,北京,北京市,否,否,财经类,公办,559,578,583,590,595,611
河南中医药大学,河南,郑州市,否,否,医药类,公办,501,528,505,529,505,559
江西科技学院,江西,南昌市,否,否,综合类,民办,402,420,411,435,383,485
南昌理工学院,江西,南昌市,否,否,综合类,民办,401,426,421,417,416,494
南昌工程学院,江西,南昌市,否,否,理工类,公办,438,486,487,500,489,530
北京体育大学,北京,北京市,否,是,体育类,公办,564,571,576,571,571,593
西安外事学院,陕西,西安市,否,否,综合类,民办,413,416,421,447,348,492
南阳理工学院,河南,南阳市,否,否,理工类,公办,436,464,444,476,446,513
安阳工学院,河南,安阳市,否,否,理工类,公办,437,458,445,483,435,517
河南师范大学,河南,新乡市,否,否,师范类,公办,447,515,441,533,552,563
中国石油大学（北京）,北京,北京市,否,是,理工类,公办,585,589,583,586,589,606
华北电力大学,北京,北京市,否,是,理工类,公办,602,589,598,591,611,612
中国地质大学（北京）,北京,北京市,否,是,理工类,公办,573,583,574,585,572,605
吉利学院,四川,成都市,否,否,理工类,民办,424,428,420,446,408,500
四川工业科技学院,四川,德阳市,否,否,综合类,民办,421,437,435,459,420,505
四川工程职业技术大学,四川,德阳市,否,否,理工类,公办,404,395,410,377,330,429
南通大学,江苏,南通市,否,否,综合类,公办,511,534,524,549,538,576
辽宁工程技术大学,辽宁,阜新市,否,否,理工类,公办,448,470,454,484,446,517
成都东软学院,四川,成都市,否,否,理工类,民办,428,429,436,467,426,506
齐齐哈尔工程学院,黑龙江,齐齐哈尔市,否,否,综合类,民办,404,423,413,435,385,482
黑龙江工业学院,黑龙江,鸡西市,否,否,综合类,公办,440,465,446,479,430,512
河北外国语学院,河北,石家庄市,否,否,语言类,民办,416,432,416,453,390,489
河北工程技术学院,河北,石家庄市,否,否,理工类,民办,409,434,416,466,371,506
唐山工业职业技术大学,河北,唐山市,否,否,理工类,公办,381,337,384,332,256,422
哈尔滨职业技术大学,黑龙江,哈尔滨市,否,否,综合类,公办,339,336,325,308,150,384
哈尔滨金融学院,黑龙江,哈尔滨市,否,否,财经类,公办,485,465,506,479,516,511
上海中侨职业技术大学,上海,上海市,否,否,财经类,民办,396,405,391,412,382,473
河北工业职业技术大学,河北,石家庄市,否,否,理工类,公办,433,327,438,353,150,398
河北科技工程职业技术大学,河北,邢台市,否,否,理工类,公办,438,428,438,414,287,404
河北金融学院,河北,保定市,否,否,财经类,公办,360,508,502,520,534,553
河北民族师范学院,河北,承德市,否,否,民族类,公办,431,460,465,482,447,517
邢台医学院,河北,邢台市,否,否,医药类,公办,392,406,380,384,327,458
河北石油职业技术大学,河北,承德市,否,否,理工类,公办,433,459,436,472,150,359
北华航天工业学院,河北,廊坊市,否,否,理工类,公办,455,469,465,486,418,523
上海建桥学院,上海,上海市,否,否,财经类,民办,418,457,414,464,404,505
上海海关学院,上海,上海市,否,否,财经类,公办,586,587,625,613,629,619
防灾科技学院,河北,廊坊市,否,否,综合类,公办,479,492,486,505,484,529
沧州师范学院,河北,沧州市,否,否,师范类,公办,495,457,490,496,500,541
保定学院,河北,保定市,否,否,综合类,公办,461,491,471,500,493,530
深圳职业技术大学,广东,深圳市,否,否,综合类,公办,424,428,423,444,381,480
广州工商学院,广东,广州市,否,否,财经类,民办,380,420,411,418,377,479
衡水学院,河北,衡水市,否,否,综合类,公办,408,470,459,479,461,516
廊坊师范学院,河北,廊坊市,否,否,师范类,公办,445,464,456,479,468,518
唐山师范学院,河北,唐山市,否,否,师范类,公办,439,461,444,475,443,521
山东师范大学,山东,济南市,否,否,师范类,公办,487,541,491,556,545,584
邢台学院,河北,邢台市,否,否,综合类,公办,442,462,449,477,448,513
石家庄铁道大学,河北,石家庄市,否,否,理工类,公办,511,517,528,543,532,568
河北地质大学,河北,石家庄市,否,否,理工类,公办,455,515,476,506,472,556
华北科技学院,河北,廊坊市,否,否,理工类,公办,445,459,442,490,442,526
河北北方学院,河北,张家口市,否,否,综合类,公办,495,479,506,488,514,535
燕山大学,河北,秦皇岛市,否,否,综合类,公办,431,535,457,555,516,580
华北理工大学,河北,唐山市,否,否,综合类,公办,428,517,454,531,498,547
河北医科大学,河北,石家庄市,否,否,医药类,公办,526,539,532,528,539,555
河北师范大学,河北,石家庄市,否,否,师范类,公办,415,464,520,535,521,573
北京语言大学,北京,北京市,否,否,语言类,公办,552,568,587,590,596,608
华北电力大学保定校区,河北,保定市,否,是,理工类,公办,576,565,578,569,592,593
北京印刷学院,北京,北京市,否,否,理工类,公办,504,440,510,560,519,579
首都师范大学,北京,北京市,否,否,师范类,公办,581,572,600,583,608,607
北京物资学院,北京,北京市,否,否,财经类,公办,535,522,558,550,566,580
首钢工学院,北京,北京市,否,否,理工类,公办,413,387,379,336,303,447
中国劳动关系学院,北京,北京市,否,否,政法类,公办,506,532,519,544,527,572
北京联合大学,北京,北京市,否,否,综合类,公办,541,535,552,555,557,581
中国政法大学,北京,北京市,否,是,政法类,公办,621,618,623,619,641,636
北京服装学院,北京,北京市,否,否,艺术类,公办,464,519,525,547,509,567
中央财经大学,北京,北京市,否,是,财经类,公办,651,616,641,619,654,635
北方工业大学,北京,北京市,否,否,理工类,公办,535,556,561,556,566,586
北京城市学院,北京,北京市,否,否,综合类,民办,420,462,433,474,423,510
中国传媒大学,北京,北京市,否,是,综合类,公办,590,601,617,612,633,630
中国农业大学,北京,北京市,是,是,农林类,公办,587,587,583,583,589,606
北京化工大学,北京,北京市,否,是,理工类,公办,603,577,594,584,605,607
鲁东大学,山东,烟台市,否,否,综合类,公办,458,506,493,535,501,571
烟台大学,山东,烟台市,否,否,综合类,公办,422,528,522,545,527,574
潍坊学院,山东,潍坊市,否,否,综合类,公办,447,516,461,516,450,527
北方民族大学,宁夏,银川市,否,否,综合类,公办,439,468,442,486,431,513
宁夏大学,宁夏,银川市,否,是,综合类,公办,526,531,552,550,557,578
广西民族大学,广西,南宁市,否,否,民族类,公办,410,513,418,516,484,553
南宁师范大学,广西,南宁市,否,否,师范类,公办,440,487,470,508,478,543
山东理工大学,山东,淄博市,否,否,理工类,公办,490,512,504,533,518,564
玉林师范学院,广西,玉林市,否,否,师范类,公办,434,459,439,473,429,512
山东科技大学,山东,青岛市,否,否,理工类,公办,496,526,480,541,546,562
山东财经大学,山东,济南市,否,否,财经类,公办,503,544,524,558,563,584
山东交通学院,山东,济南市,否,否,理工类,公办,486,490,505,500,507,533
桂林理工大学,广西,桂林市,否,否,理工类,公办,444,465,385,484,493,525
桂林电子科技大学,广西,桂林市,否,否,理工类,公办,486,505,517,518,547,553
广西师范大学,广西,桂林市,否,否,师范类,公办,500,446,518,520,540,565
广西医科大学,广西,南宁市,否,否,医药类,公办,463,493,591,490,593,531
内蒙古财经大学,内蒙古,呼和浩特市,否,否,财经类,公办,459,470,449,470,439,486
山东工商学院,山东,烟台市,否,否,财经类,公办,421,478,461,504,501,541
贵州中医药大学,贵州,贵阳市,否,否,医药类,公办,493,504,501,515,428,526
贵州财经大学,贵州,贵阳市,否,否,财经类,公办,496,505,422,491,507,502
内蒙古师范大学,内蒙古,呼和浩特市,否,否,师范类,公办,433,463,393,479,416,492
海南师范大学,海南,海口市,否,否,师范类,公办,514,533,526,535,543,570
曲阜师范大学,山东,济宁市,否,否,师范类,公办,383,525,527,535,518,552
青岛理工大学,山东,青岛市,否,否,理工类,公办,433,518,531,540,520,574
内蒙古民族大学,内蒙古,通辽市,否,否,综合类,公办,439,476,442,490,393,522
内蒙古科技大学,内蒙古,包头市,否,否,综合类,公办,434,475,440,493,428,520
海南大学,海南,海口市,否,是,综合类,公办,545,553,552,560,568,591
河西学院,甘肃,张掖市,否,否,综合类,公办,433,448,438,475,426,512
甘肃政法大学,甘肃,兰州市,否,否,政法类,公办,518,573,514,560,532,575
兰州财经大学,甘肃,兰州市,否,否,财经类,公办,416,500,480,505,489,535
青岛大学,山东,青岛市,否,否,综合类,公办,510,539,528,546,545,578
临沂大学,山东,临沂市,否,否,综合类,公办,488,535,494,533,487,552
西北师范大学,甘肃,兰州市,否,否,师范类,公办,468,476,522,523,520,563
聊城大学,山东,聊城市,否,否,综合类,公办,451,492,465,521,484,546
河南财经政法大学,河南,郑州市,否,否,财经类,公办,462,494,469,521,550,550
商丘师范学院,河南,商丘市,否,否,师范类,公办,434,465,434,485,460,519
兰州交通大学,甘肃,兰州市,否,否,理工类,公办,447,437,408,533,533,561
南阳师范学院,河南,南阳市,否,否,师范类,公办,446,460,449,480,442,516
周口师范学院,河南,周口市,否,否,师范类,公办,438,458,449,480,438,509
洛阳师范学院,河南,洛阳市,否,否,综合类,公办,449,462,455,476,447,514
兰州理工大学,甘肃,兰州市,否,否,理工类,公办,427,424,505,494,512,529
中原工学院,河南,郑州市,否,否,理工类,公办,445,480,457,492,456,524
西北民族大学,甘肃,兰州市,否,否,综合类,公办,437,454,407,473,417,504
郑州航空工业管理学院,河南,郑州市,否,否,综合类,公办,447,492,460,505,478,528
闽江学院,福建,福州市,否,否,综合类,公办,518,517,529,527,530,551
仰恩大学,福建,泉州市,否,否,综合类,民办,416,440,422,461,404,495
集美大学,福建,厦门市,否,否,综合类,公办,520,533,525,545,515,572
河南工业大学,河南,郑州市,否,否,理工类,公办,451,512,473,541,462,561
华侨大学,福建,泉州市,否,否,综合类,公办,411,533,539,528,549,577
河南理工大学,河南,焦作市,否,否,理工类,公办,427,510,495,519,518,546
河南农业大学,河南,郑州市,否,否,农林类,公办,506,500,513,529,512,545
湖北文理学院,湖北,襄阳市,否,否,综合类,公办,485,512,485,518,446,539
河南科技大学,河南,洛阳市,否,否,综合类,公办,501,539,517,540,521,561
河南大学,河南,开封市,否,否,综合类,公办,479,531,546,543,556,576
郑州轻工业大学,河南,郑州市,否,否,理工类,公办,481,498,480,510,498,541
湖北科技学院,湖北,咸宁市,否,否,综合类,公办,460,477,464,503,458,531
黑龙江东方学院,黑龙江,哈尔滨市,否,否,综合类,民办,401,409,411,451,370,493
齐齐哈尔医学院,黑龙江,齐齐哈尔市,否,否,医药类,公办,475,459,487,483,497,518
湖北民族大学,湖北,恩施土家族苗族自治州,否,否,综合类,公办,492,449,493,505,489,533
黑龙江科技大学,黑龙江,哈尔滨市,否,否,理工类,公办,444,471,455,483,454,515
黑龙江工程学院,黑龙江,哈尔滨市,否,否,理工类,公办,436,466,452,480,437,514
哈尔滨学院,黑龙江,哈尔滨市,否,否,综合类,公办,445,465,454,480,457,514
东北石油大学,黑龙江,大庆市,否,否,理工类,公办,497,521,515,522,522,542
湖北经济学院,湖北,武汉市,否,否,财经类,公办,530,530,549,546,559,577
哈尔滨商业大学,黑龙江,哈尔滨市,否,否,财经类,公办,423,481,443,521,377,556
牡丹江师范学院,黑龙江,牡丹江市,否,否,师范类,公办,446,458,416,476,501,511
黑龙江中医药大学,黑龙江,哈尔滨市,否,否,医药类,公办,452,431,468,484,462,555
湖北师范大学,湖北,黄石市,否,否,师范类,公办,464,531,494,543,512,568
湖北中医药大学,湖北,武汉市,否,否,医药类,公办,499,528,498,544,521,572
武汉工程大学,湖北,武汉市,否,否,理工类,公办,552,538,548,550,560,579
湖北工业大学,湖北,武汉市,否,否,理工类,公办,569,529,564,543,568,569
武汉纺织大学,湖北,武汉市,否,否,理工类,公办,486,529,398,538,535,563
三峡大学,湖北,宜昌市,否,否,综合类,公办,518,501,527,510,535,530
哈尔滨医科大学,黑龙江,哈尔滨市,否,否,医药类,公办,488,466,495,492,498,548
长江大学,湖北,荆州市,否,否,综合类,公办,495,482,513,536,514,559
黑龙江八一农垦大学,黑龙江,大庆市,否,否,农林类,公办,443,467,449,483,437,518
哈尔滨理工大学,黑龙江,哈尔滨市,否,否,理工类,公办,509,484,519,505,539,540
湖北大学,湖北,武汉市,否,否,综合类,公办,538,500,546,556,559,585
齐齐哈尔大学,黑龙江,齐齐哈尔市,否,否,综合类,公办,439,463,440,477,423,509
中南民族大学,湖北,武汉市,否,否,综合类,公办,470,532,554,551,507,575
黑龙江大学,黑龙江,哈尔滨市,否,否,综合类,公办,473,531,519,526,524,568
华中师范大学,湖北,武汉市,否,是,师范类,公办,629,582,620,609,640,614
东北林业大学,黑龙江,哈尔滨市,否,是,农林类,公办,529,548,551,563,553,585
邵阳学院,湖南,邵阳市,否,否,综合类,公办,434,474,443,488,433,519
华中农业大学,湖北,武汉市,否,是,农林类,公办,567,575,573,576,574,599
怀化学院,湖南,怀化市,否,否,综合类,公办,450,467,452,481,447,516
湖南文理学院,湖南,常德市,否,否,综合类,公办,443,470,450,494,453,522
中南财经政法大学,湖北,武汉市,否,是,财经类,公办,607,584,609,592,630,612
吉林财经大学,吉林,长春市,否,否,财经类,公办,429,439,527,535,530,557
吉林外国语大学,吉林,长春市,否,否,语言类,民办,401,417,424,450,336,484
白城师范学院,吉林,白城市,否,否,师范类,公办,437,468,451,485,441,520
湖南科技学院,湖南,永州市,否,否,综合类,公办,440,454,447,489,450,521
通化师范学院,吉林,通化市,否,否,师范类,公办,459,458,466,476,463,510
湖南工商大学,湖南,长沙市,否,否,财经类,公办,395,534,522,545,541,571
衡阳师范学院,湖南,衡阳市,否,否,师范类,公办,446,449,468,507,470,532
吉林工程技术师范学院,吉林,长春市,否,否,师范类,公办,482,480,444,486,426,517
长春中医药大学,吉林,长春市,否,否,医药类,公办,512,492,507,512,511,550
湘南学院,湖南,郴州市,否,否,综合类,公办,463,493,476,502,465,524
中南林业科技大学,湖南,长沙市,否,否,农林类,公办,379,469,499,515,498,560
吉林化工学院,吉林,吉林市,否,否,理工类,公办,445,485,456,500,457,526
湖南工程学院,湖南,湘潭市,否,否,理工类,公办,446,465,452,477,449,514
湖南工业大学,湖南,株洲市,否,否,综合类,公办,415,523,518,526,523,561
湖南城市学院,湖南,益阳市,否,否,综合类,公办,441,488,436,497,461,530
湖南理工学院,湖南,岳阳市,否,否,理工类,公办,501,466,504,476,505,499
吉林建筑大学,吉林,长春市,否,否,理工类,公办,448,477,460,492,457,522
长春工程学院,吉林,长春市,否,否,理工类,公办,443,473,454,493,447,523
东北电力大学,吉林,吉林市,否,否,理工类,公办,514,506,526,532,531,562
湖南农业大学,湖南,长沙市,否,否,农林类,公办,470,514,496,529,502,556
南华大学,湖南,衡阳市,否,否,综合类,公办,467,507,498,518,494,547
吉林师范大学,吉林,四平市,否,否,师范类,公办,412,454,475,476,460,511
长沙理工大学,湖南,长沙市,否,否,理工类,公办,529,534,541,555,552,580
湖南科技大学,湖南,湘潭市,否,否,综合类,公办,431,507,421,535,521,566
长春师范大学,吉林,长春市,否,否,师范类,公办,487,446,514,489,518,507
吉首大学,湖南,湘西土家族苗族自治州,否,否,综合类,公办,461,488,475,514,483,540
湘潭大学,湖南,湘潭市,否,否,综合类,公办,538,564,551,561,554,586
吉林农业大学,吉林,长春市,否,否,农林类,公办,458,497,462,502,456,529
长春工业大学,吉林,长春市,否,否,理工类,公办,424,485,479,509,484,537
长春理工大学,吉林,长春市,否,否,理工类,公办,402,469,536,502,550,537
长春大学,吉林,长春市,否,否,综合类,公办,451,485,504,510,512,538
西北政法大学,陕西,西安市,否,否,政法类,公办,602,577,603,577,619,605
西安财经大学,陕西,西安市,否,否,财经类,公办,550,542,555,554,560,580
北华大学,吉林,吉林市,否,否,综合类,公办,427,490,485,511,501,543
青海民族大学,青海,西宁市,否,否,民族类,公办,449,465,452,475,445,525
陕西理工大学,陕西,汉中市,否,否,理工类,公办,542,513,525,522,516,544
青海师范大学,青海,西宁市,否,否,师范类,公办,464,514,471,519,457,547
宝鸡文理学院,陕西,宝鸡市,否,否,师范类,公办,444,477,444,484,439,517
渭南师范学院,陕西,渭南市,否,否,师范类,公办,469,429,469,474,460,510
咸阳师范学院,陕西,咸阳市,否,否,师范类,公办,485,469,489,483,479,517
西藏大学,西藏,拉萨市,否,是,综合类,公办,503,515,494,526,509,557
西安邮电大学,陕西,西安市,否,否,理工类,公办,599,531,566,534,583,432
大理大学,云南,大理白族自治州,否,否,综合类,公办,457,489,498,495,504,529
西安工业大学,陕西,西安市,否,否,理工类,公办,536,548,535,545,549,571
陕西科技大学,陕西,西安市,否,否,理工类,公办,530,528,540,545,547,571
云南财经大学,云南,昆明市,否,否,财经类,公办,430,457,466,525,483,556
红河学院,云南,红河哈尼族彝族自治州,否,否,综合类,公办,443,468,446,481,431,518
西安石油大学,陕西,西安市,否,否,理工类,公办,517,524,537,538,539,556
楚雄师范学院,云南,楚雄彝族自治州,否,否,师范类,公办,422,497,458,496,458,527
玉溪师范学院,云南,玉溪市,否,否,师范类,公办,480,473,490,486,487,521
云南中医药大学,云南,昆明市,否,否,医药类,公办,515,503,509,503,512,539
云南民族大学,云南,昆明市,否,否,综合类,公办,464,483,487,495,494,531
云南师范大学,云南,昆明市,否,否,师范类,公办,508,476,443,523,562,565
昆明理工大学,云南,昆明市,否,否,理工类,公办,450,499,533,540,538,570
延安大学,陕西,延安市,否,否,综合类,公办,469,495,481,513,475,539
安徽财经大学,安徽,蚌埠市,否,否,财经类,公办,520,546,539,559,559,587
陕西师范大学,陕西,西安市,否,是,师范类,公办,578,577,616,606,621,620
西北农林科技大学,陕西,咸阳市,是,是,农林类,公办,574,580,580,580,583,597
西安交通大学,陕西,西安市,是,是,综合类,公办,655,621,645,616,656,633
上海杉达学院,上海,上海市,否,否,财经类,民办,424,435,391,444,415,494
淮北师范大学,安徽,淮北市,否,否,综合类,公办,529,533,534,542,538,561
华东政法大学,上海,上海市,否,否,政法类,公办,626,603,619,608,636,629
上海立信会计金融学院,上海,上海市,否,否,财经类,公办,495,481,550,550,568,582
上海对外经贸大学,上海,上海市,否,否,财经类,公办,537,550,594,586,625,613
安徽师范大学,安徽,芜湖市,否,否,师范类,公办,422,527,497,543,473,574
上海海事大学,上海,上海市,否,否,理工类,公办,575,556,587,579,589,603
上海师范大学,上海,上海市,否,否,综合类,公办,526,544,528,553,550,583
上海理工大学,上海,上海市,否,否,理工类,公办,587,552,585,566,594,592
广东财经大学,广东,广州市,否,否,财经类,公办,534,587,572,575,570,597
韩山师范学院,广东,潮州市,否,否,师范类,公办,432,494,484,496,483,526
广东医科大学,广东,湛江市,否,否,医药类,公办,507,515,522,525,514,538
广州大学,广东,广州市,否,否,综合类,公办,537,543,553,554,570,578
广州中医药大学,广东,广州市,否,否,医药类,公办,527,625,561,610,563,623
广东工业大学,广东,广州市,否,否,理工类,公办,531,538,579,558,584,585
深圳大学,广东,深圳市,否,否,综合类,公办,603,591,598,589,607,609
汕头大学,广东,汕头市,否,否,综合类,公办,553,532,564,550,568,580
太原师范学院,山西,晋中市,否,否,师范类,公办,441,525,451,531,525,542
山西大同大学,山西,大同市,否,否,综合类,公办,507,459,507,473,490,550
长治医学院,山西,长治市,否,否,医药类,公办,453,473,459,485,449,520
中北大学,山西,太原市,否,否,综合类,公办,426,526,464,540,538,568
山西财经大学,山西,太原市,否,否,财经类,公办,461,442,423,541,541,572
四川轻化工大学,四川,自贡市,否,否,理工类,公办,470,524,499,524,501,547
山西师范大学,山西,太原市,否,否,师范类,公办,474,529,495,530,500,557
山西医科大学,山西,太原市,否,否,医药类,公办,487,477,499,496,493,526
成都信息工程大学,四川,成都市,否,否,理工类,公办,579,536,578,543,573,565
山西农业大学,山西,晋中市,否,否,农林类,公办,434,437,472,468,467,519
中国民用航空飞行学院,四川,德阳市,否,否,理工类,公办,379,465,488,488,512,525
西华师范大学,四川,南充市,否,否,师范类,公办,434,454,485,531,502,549
四川师范大学,四川,成都市,否,否,师范类,公办,515,541,533,551,555,584
成都中医药大学,四川,成都市,否,否,医药类,公办,487,565,562,536,566,569
西南科技大学,四川,绵阳市,否,否,理工类,公办,498,514,534,525,535,556
山西大学,山西,太原市,否,否,综合类,公办,537,544,539,546,511,576
浙江万里学院,浙江,宁波市,否,否,理工类,公办,450,477,461,477,462,510
浙江财经大学,浙江,杭州市,否,否,财经类,公办,559,565,568,573,582,594
浙江工商大学,浙江,杭州市,否,否,财经类,公办,544,553,557,561,570,588
湖州师范学院,浙江,湖州市,否,否,综合类,公办,488,502,477,506,480,551
浙江中医药大学,浙江,杭州市,否,否,医药类,公办,526,532,537,536,544,559
浙江农林大学,浙江,杭州市,否,否,农林类,公办,513,541,533,555,529,579
中国计量大学,浙江,杭州市,否,否,理工类,公办,570,553,552,561,571,587
西华大学,四川,成都市,否,否,综合类,公办,527,534,542,542,545,569
浙江理工大学,浙江,杭州市,否,否,理工类,公办,512,552,545,567,552,586
浙江师范大学,浙江,金华市,否,否,综合类,公办,565,583,566,584,563,594
宁波大学,浙江,宁波市,否,否,综合类,公办,547,567,559,577,582,595
新疆财经大学,新疆,乌鲁木齐市,否,否,财经类,公办,430,461,445,479,432,520
喀什大学,新疆,喀什地区,否,否,综合类,公办,430,437,430,469,418,514
新疆师范大学,新疆,乌鲁木齐市,否,否,师范类,公办,430,464,422,476,438,515
新疆农业大学,新疆,乌鲁木齐市,否,否,农林类,公办,432,456,438,466,422,504
成都理工大学,四川,成都市,否,否,理工类,公办,542,553,541,560,558,583
西南民族大学,四川,成都市,否,否,民族类,公办,465,523,518,532,504,567
中国医科大学,辽宁,沈阳市,否,否,医药类,公办,508,546,530,544,519,557
东北财经大学,辽宁,大连市,否,否,财经类,公办,530,554,564,557,569,581
沈阳农业大学,辽宁,沈阳市,否,否,农林类,公办,464,469,473,490,458,526
沈阳工业大学,辽宁,沈阳市,否,否,理工类,公办,453,491,500,509,502,538
沈阳药科大学,辽宁,沈阳市,否,否,医药类,公办,465,495,477,473,470,529
辽宁师范大学,辽宁,大连市,否,否,师范类,公办,473,502,533,525,536,569
沈阳大学,辽宁,沈阳市,否,否,综合类,公办,447,476,466,494,450,518
辽宁石油化工大学,辽宁,抚顺市,否,否,理工类,公办,457,461,456,451,439,513
辽宁科技大学,辽宁,鞍山市,否,否,理工类,公办,440,465,445,478,430,514
沈阳师范大学,辽宁,沈阳市,否,否,师范类,公办,414,469,443,485,472,521
大连交通大学,辽宁,大连市,否,否,理工类,公办,467,515,505,525,500,557
大连医科大学,辽宁,大连市,否,否,医药类,公办,491,506,509,514,500,525
大连大学,辽宁,大连市,否,否,综合类,公办,422,481,477,495,478,535
沈阳理工大学,辽宁,沈阳市,否,否,理工类,公办,456,472,465,499,463,531
大连外国语大学,辽宁,大连市,否,否,语言类,公办,447,484,463,512,445,553
沈阳化工大学,辽宁,沈阳市,否,否,理工类,公办,453,473,458,488,449,521
渤海大学,辽宁,锦州市,否,否,综合类,公办,416,467,449,483,434,507
辽宁工业大学,辽宁,锦州市,否,否,理工类,公办,443,472,448,484,440,516
沈阳建筑大学,辽宁,沈阳市,否,否,理工类,公办,436,507,477,520,481,549
大连工业大学,辽宁,大连市,否,否,理工类,公办,422,426,458,450,446,513
大连海洋大学,辽宁,大连市,否,否,农林类,公办,410,473,450,496,433,528
沈阳航空航天大学,辽宁,沈阳市,否,否,理工类,公办,490,496,509,515,514,541
大连民族大学,辽宁,大连市,否,否,民族类,公办,445,473,447,510,495,542
锦州医科大学,辽宁,锦州市,否,否,医药类,公办,451,467,455,482,448,517
辽宁中医药大学,辽宁,沈阳市,否,否,医药类,公办,452,462,472,473,483,530
鞍山师范学院,辽宁,鞍山市,否,否,师范类,公办,445,456,454,476,448,515
沈阳体育学院,辽宁,沈阳市,否,否,体育类,公办,455,485,467,492,463,526
沈阳医学院,辽宁,沈阳市,否,否,医药类,公办,448,416,457,479,479,520
井冈山大学,江西,吉安市,否,否,综合类,公办,433,480,451,522,454,538
四川美术学院,重庆,重庆市,否,否,艺术类,公办,570,505,574,529,597,554
九江学院,江西,九江市,否,否,综合类,公办,462,467,462,482,445,517
四川外国语大学,重庆,重庆市,否,否,语言类,公办,524,529,565,573,575,596
宜春学院,江西,宜春市,否,否,综合类,公办,477,465,438,471,473,524
长江师范学院,重庆,重庆市,否,否,师范类,公办,474,478,496,504,503,534
江西科技师范大学,江西,南昌市,否,否,师范类,公办,446,450,470,515,471,551
赣南师范大学,江西,赣州市,否,否,师范类,公办,477,486,423,503,516,544
辽东学院,辽宁,丹东市,否,否,综合类,公办,431,426,439,462,421,510
上饶师范学院,江西,上饶市,否,否,师范类,公办,435,492,476,509,457,520
西南政法大学,重庆,重庆市,否,否,政法类,公办,617,593,612,596,623,615
重庆师范大学,重庆,重庆市,否,否,师范类,公办,590,578,550,575,579,596
重庆医科大学,重庆,重庆市,否,否,医药类,公办,571,545,580,545,553,570
江西财经大学,江西,南昌市,否,否,财经类,公办,483,468,530,543,493,573
扬州大学,江苏,扬州市,否,否,综合类,公办,543,550,550,566,559,589
南京工业大学,江苏,南京市,否,否,理工类,公办,546,537,544,551,565,575
江苏大学,江苏,镇江市,否,否,综合类,公办,522,549,552,562,562,589
江苏师范大学,江苏,徐州市,否,否,师范类,公办,525,501,539,540,529,575
南京信息工程大学,江苏,南京市,否,否,综合类,公办,571,536,571,564,578,587
江西理工大学,江西,赣州市,否,否,理工类,公办,412,517,491,523,491,552
南京财经大学,江苏,南京市,否,否,财经类,公办,536,565,552,575,575,595
苏州科技大学,江苏,苏州市,否,否,综合类,公办,515,537,543,541,549,570
江苏科技大学,江苏,镇江市,否,否,理工类,公办,476,519,539,529,549,570
杭州电子科技大学,浙江,杭州市,否,否,理工类,公办,582,558,582,560,596,586
常州大学,江苏,常州市,否,否,理工类,公办,525,519,525,541,547,571
盐城师范学院,江苏,盐城市,否,否,师范类,公办,439,477,448,497,438,526
南京审计大学,江苏,南京市,否,否,财经类,公办,601,602,598,600,610,621
江苏理工学院,江苏,常州市,否,否,理工类,公办,411,480,493,516,506,546
南京工程学院,江苏,南京市,否,否,理工类,公办,529,517,543,536,551,563
北京科技大学,北京,北京市,否,是,理工类,公办,598,588,607,593,616,616
北京理工大学,北京,北京市,是,是,理工类,公办,665,619,649,614,660,631
东北师范大学,吉林,长春市,否,是,师范类,公办,578,598,628,607,613,617
清华大学,北京,北京市,是,是,综合类,公办,697,668,682,661,694,672
太原理工大学,山西,太原市,否,是,理工类,公办,528,561,555,567,564,589
大连理工大学,辽宁,大连市,是,是,理工类,公办,612,592,608,592,616,604
东北农业大学,黑龙江,哈尔滨市,否,是,农林类,公办,505,545,549,562,553,585
上海外国语大学,上海,上海市,否,是,语言类,公办,623,614,609,618,637,635
东华大学,上海,上海市,否,是,综合类,公办,583,583,592,589,603,611
东北大学,辽宁,沈阳市,是,是,理工类,公办,615,591,603,596,612,617
华东理工大学,上海,上海市,否,是,理工类,公办,610,573,605,588,615,610
复旦大学,上海,上海市,是,是,综合类,公办,688,651,669,646,685,663
华东师范大学,上海,上海市,是,是,师范类,公办,641,619,633,618,648,636
上海财经大学,上海,上海市,否,是,财经类,公办,652,638,645,629,661,648
延边大学,吉林,延边朝鲜族自治州,否,是,综合类,公办,504,525,447,453,441,505
武汉理工大学,湖北,武汉市,否,是,理工类,公办,600,578,589,586,605,605
华中科技大学,湖北,武汉市,是,是,综合类,公办,657,612,644,612,653,631
山东大学,山东,济南市,是,是,综合类,公办,607,614,565,594,633,630
哈尔滨工程大学,黑龙江,哈尔滨市,否,是,理工类,公办,601,570,592,570,599,593
中南大学,湖南,长沙市,是,是,综合类,公办,615,612,615,607,630,628
吉林大学,吉林,长春市,是,是,综合类,公办,580,575,576,578,571,600
中国地质大学（武汉）,湖北,武汉市,否,是,理工类,公办,566,582,570,583,585,603
中国石油大学（华东）,山东,青岛市,否,是,理工类,公办,575,592,573,575,584,594
重庆大学,重庆,重庆市,是,是,综合类,公办,629,618,618,608,636,627
苏州大学,江苏,苏州市,否,是,综合类,公办,592,595,577,591,589,585
中国药科大学,江苏,南京市,否,是,医药类,公办,605,588,596,590,605,610
河海大学,江苏,南京市,否,是,综合类,公办,591,575,585,580,594,604
南京师范大学,江苏,南京市,否,是,师范类,公办,559,591,582,596,587,613
浙江大学,浙江,杭州市,是,是,综合类,公办,687,640,670,635,680,652
南京农业大学,江苏,南京市,否,是,农林类,公办,564,572,576,577,578,600
南京大学,江苏,南京市,是,是,综合类,公办,680,646,663,639,678,653
中国矿业大学,江苏,徐州市,否,是,综合类,公办,576,573,574,575,581,595
东南大学,江苏,南京市,是,是,综合类,公办,658,627,643,620,654,634
南昌大学,江西,南昌市,否,是,综合类,公办,560,547,570,553,573,594
西北工业大学,陕西,西安市,是,是,理工类,公办,653,600,634,598,643,617
暨南大学,广东,广州市,否,是,综合类,公办,587,568,592,568,603,599
华南理工大学,广东,广州市,是,是,综合类,公办,634,605,626,584,642,623
中山大学,广东,广州市,是,是,综合类,公办,638,624,633,618,637,635
福州大学,福建,福州市,否,是,理工类,公办,571,571,576,579,575,601
厦门大学,福建,厦门市,是,是,综合类,公办,649,628,639,626,646,641
西南财经大学,四川,成都市,否,是,财经类,公办,602,611,626,612,637,630
四川农业大学,四川,成都市,否,是,农林类,公办,519,549,544,556,551,575
四川大学,四川,成都市,是,是,综合类,公办,625,610,622,578,575,592
华南师范大学,广东,广州市,否,是,师范类,公办,579,565,581,561,599,601
兰州大学,甘肃,兰州市,是,是,综合类,公办,571,596,591,597,606,611
天津农学院,天津,天津市,否,否,农林类,公办,449,493,452,510,446,543
天津体育学院,天津,天津市,否,否,体育类,公办,454,480,469,509,470,528
天津职业技术师范大学,天津,天津市,否,否,师范类,公办,528,424,497,529,520,561
天津中医药大学,天津,天津市,否,否,医药类,公办,542,561,552,557,549,587
中国民航大学,天津,天津市,否,否,理工类,公办,569,563,549,548,554,588
天津外国语大学,天津,天津市,否,否,语言类,公办,504,509,560,559,565,591
江南大学,江苏,无锡市,否,是,综合类,公办,570,571,580,581,584,603
天津商业大学,天津,天津市,否,否,财经类,公办,473,497,425,517,550,535
天津财经大学,天津,天津市,否,否,财经类,公办,563,544,568,561,581,585
天津科技大学,天津,天津市,否,否,理工类,公办,476,512,546,551,547,580
天津工业大学,天津,天津市,否,否,综合类,公办,564,552,557,561,570,588
天津师范大学,天津,天津市,否,否,师范类,公办,517,537,556,553,564,586
天津医科大学,天津,天津市,否,是,医药类,公办,583,579,576,563,573,587
南京航空航天大学,江苏,南京市,否,是,理工类,公办,620,584,613,586,618,611
新疆大学,新疆,乌鲁木齐市,否,是,综合类,公办,477,531,494,550,535,577
同济大学,上海,上海市,是,是,综合类,公办,661,630,652,626,665,640
济南大学,山东,济南市,否,否,综合类,公办,411,537,542,558,554,585
安徽农业大学,安徽,合肥市,否,否,农林类,公办,504,495,520,520,497,551
安徽工业大学,安徽,马鞍山市,否,否,理工类,公办,454,510,515,530,528,561
安徽大学,安徽,合肥市,否,是,综合类,公办,597,577,590,578,598,601
德州学院,山东,德州市,否,否,综合类,公办,475,462,469,486,486,521
郑州大学,河南,郑州市,否,是,综合类,公办,543,510,575,583,584,592
中国海洋大学,山东,青岛市,是,是,综合类,公办,602,585,599,591,611,600
天津大学,天津,天津市,是,是,综合类,公办,642,618,633,616,645,638
南开大学,天津,天津市,是,是,综合类,公办,656,630,644,622,658,641
湖南师范大学,湖南,长沙市,否,是,师范类,公办,548,554,564,563,557,586
河北大学,河北,保定市,否,否,综合类,公办,401,541,533,550,549,578
对外经济贸易大学,北京,北京市,否,是,财经类,公办,645,618,640,619,652,638
北京师范大学,北京,北京市,是,是,师范类,公办,657,632,647,613,664,623
西南交通大学,四川,成都市,否,是,理工类,公办,575,583,582,587,593,607
辽宁大学,辽宁,沈阳市,否,是,综合类,公办,514,520,549,536,520,557
北京中医药大学,北京,北京市,否,是,医药类,公办,572,583,573,591,570,595
北京邮电大学,北京,北京市,否,是,理工类,公办,651,596,639,601,646,623
北京航空航天大学,北京,北京市,是,是,理工类,公办,673,630,656,622,671,637
中国人民大学,北京,北京市,是,是,综合类,公办,679,653,667,644,680,660
中央民族大学,北京,北京市,是,是,民族类,公办,602,543,528,572,573,578
湖南大学,湖南,长沙市,是,是,综合类,公办,606,594,610,603,621,626
北京林业大学,北京,北京市,否,是,农林类,公办,575,573,577,576,570,606
武汉大学,湖北,武汉市,是,是,综合类,公办,658,630,644,631,654,647
河北工业大学,天津,天津市,否,是,理工类,公办,559,562,551,568,591,589
中央音乐学院,北京,北京市,否,是,艺术类,公办,270,303,271,303,252,342
北京外国语大学,北京,北京市,否,是,语言类,公办,634,612,632,619,645,637
北京交通大学,北京,北京市,否,是,理工类,公办,609,595,607,593,621,625
西北大学,陕西,西安市,否,是,综合类,公办,577,575,581,580,587,603
长安大学,陕西,西安市,否,是,理工类,公办,583,576,578,578,588,599
云南大学,云南,昆明市,否,是,综合类,公办,563,556,571,555,575,593
哈尔滨工业大学,黑龙江,哈尔滨市,是,是,理工类,公办,670,604,645,603,652,622
大连海事大学,辽宁,大连市,否,是,理工类,公办,591,577,588,582,595,603
内蒙古大学,内蒙古,呼和浩特市,否,是,综合类,公办,478,552,554,469,565,494
北京大学,北京,北京市,是,是,综合类,公办,699,666,683,655,695,668
