﻿名称,省,市,985,211,学校类型,学校属性,2023年物理类录取分数,2023年历史类录取分数,2022年物理类录取分数,2022年历史类录取分数,2021年物理类录取分数,2021年历史类录取分数
江苏海洋大学,江苏,连云港市,否,否,理工类,公办,503,498,495,509,505,523
福建技术师范学院,福建,福州市,否,否,师范类,公办,455,478,455,483,477,503
西藏农牧学院,西藏,林芝市,否,否,农林类,公办,442,457,443,479,469,494
南京审计大学金审学院,江苏,南京市,否,否,财经类,民办,443,455,445,477,468,495
中国石油大学（北京）克拉玛依校区,新疆,克拉玛依市,否,是,理工类,公办,553,542,530,542,549,549
深圳技术大学,广东,深圳市,否,否,理工类,公办,586,546,564,549,575,568
哈尔滨工业大学（深圳）,广东,深圳市,是,是,理工类,公办,658,618,622,603,647,608
中国社会科学院大学,北京,北京市,否,否,综合类,公办,623,603,601,594,625,608
合肥工业大学宣城校区,安徽,宣城市,否,是,综合类,公办,595,567,569,560,582,578
中国人民大学（苏州校区）,江苏,苏州市,是,是,综合类,公办,632,609,614,594,623,602
大连理工大学盘锦校区,辽宁,盘锦市,是,是,理工类,公办,600,580,578,565,592,591
河南牧业经济学院,河南,郑州市,否,否,财经类,公办,451,462,448,481,478,507
河北中医药大学,河北,石家庄市,否,否,医药类,公办,507,499,494,512,510,534
山东管理学院,山东,济南市,否,否,综合类,公办,468,469,466,484,497,516
张家口学院,河北,张家口市,否,否,综合类,公办,456,464,454,482,487,506
南昌师范学院,江西,南昌市,否,否,师范类,公办,490,482,498,519,519,536
江西服装学院,江西,南昌市,否,否,艺术类,民办,423,438,426,464,464,469
成都师范学院,四川,成都市,否,否,师范类,公办,503,498,494,509,517,531
山西传媒学院,山西,晋中市,否,否,艺术类,公办,454,461,469,486,495,511
河北环境工程学院,河北,秦皇岛市,否,否,理工类,公办,451,462,450,480,488,507
陕西服装工程学院,陕西,咸阳市,否,否,综合类,民办,420,434,434,456,441,312
南昌工学院,江西,南昌市,否,否,理工类,民办,431,451,438,467,476,495
河北科技学院,河北,唐山市,否,否,理工类,民办,440,442,445,467,455,478
广东科技学院,广东,东莞市,否,否,综合类,民办,448,435,459,475,501,502
广西外国语学院,广西,南宁市,否,否,语言类,民办,427,435,418,456,467,492
华北理工大学轻工学院,河北,唐山市,否,否,理工类,民办,433,438,438,463,456,480
陕西学前师范学院,陕西,西安市,否,否,师范类,公办,456,463,460,482,486,509
新疆政法学院,新疆,自治区直辖县级行政区划,否,否,政法类,公办,444,461,449,480,467,498
南宁理工学院,广西,南宁市,否,否,理工类,民办,423,436,430,463,442,473
内蒙古科技大学包头师范学院,内蒙古,包头市,否,否,师范类,公办,450,460,447,481,479,505
银川科技学院,宁夏,银川市,否,否,综合类,民办,423,437,432,463,446,475
北京第二外国语学院,北京,北京市,否,否,语言类,公办,569,549,569,561,589,583
山东女子学院,山东,济南市,否,否,综合类,公办,454,464,462,481,471,504
福建江夏学院,福建,福州市,否,否,财经类,公办,469,477,467,505,503,526
贵州医科大学神奇民族医药学院,贵州,贵阳市,否,否,医药类,民办,443,459,459,478,474,490
贵阳人文科技学院,贵州,贵阳市,否,否,民族类,民办,432,449,435,472,451,481
贵州黔南经济学院,贵州,黔南布依族苗族自治州,否,否,财经类,民办,442,445,436,474,459,489
兴义民族师范学院,贵州,黔西南布依族苗族自治州,否,否,师范类,公办,471,470,466,484,483,506
西安科技大学高新学院,陕西,西安市,否,否,理工类,民办,432,440,435,467,455,481
西安明德理工学院,陕西,西安市,否,否,综合类,民办,424,434,428,459,456,270
西安工商学院,陕西,西安市,否,否,综合类,民办,420,433,423,462,468,474
南京邮电大学通达学院,江苏,扬州市,否,否,综合类,民办,449,458,453,476,472,490
江苏师范大学科文学院,江苏,徐州市,否,否,综合类,民办,431,454,442,478,456,492
扬州大学广陵学院,江苏,扬州市,否,否,综合类,民办,445,459,446,476,465,495
南京工业大学浦江学院,江苏,南京市,否,否,理工类,民办,443,453,445,474,464,492
南京传媒学院,江苏,南京市,否,否,艺术类,民办,461,457,421,491,510,515
南京航空航天大学金城学院,江苏,南京市,否,否,理工类,民办,441,456,443,475,462,491
昆明理工大学津桥学院,云南,昆明市,否,否,理工类,民办,428,444,432,469,449,484
昆明传媒学院,云南,昆明市,否,否,艺术类,民办,416,441,441,468,453,477
丽江文化旅游学院,云南,丽江市,否,否,综合类,民办,433,438,433,463,451,476
滇池学院,云南,昆明市,否,否,综合类,民办,440,446,440,467,455,484
文山学院,云南,文山壮族苗族自治州,否,否,综合类,公办,452,461,454,481,480,504
保山学院,云南,保山市,否,否,综合类,公办,451,471,455,487,483,505
聊城大学东昌学院,山东,聊城市,否,否,综合类,民办,439,452,441,474,449,487
青岛工学院,山东,青岛市,否,否,综合类,民办,426,435,426,457,472,489
西南财经大学天府学院,四川,绵阳市,否,否,财经类,民办,442,450,442,472,458,488
四川大学锦江学院,四川,眉山市,否,否,综合类,民办,438,457,451,474,467,494
绵阳城市学院,四川,绵阳市,否,否,理工类,民办,431,446,444,469,445,483
成都锦城学院,四川,成都市,否,否,综合类,民办,429,461,458,481,473,489
成都外国语学院,四川,成都市,否,否,语言类,民办,457,447,449,477,471,496
成都银杏酒店管理学院,四川,成都市,否,否,财经类,民办,424,441,438,465,474,484
成都理工大学工程技术学院,四川,乐山市,否,否,理工类,民办,440,449,444,473,462,484
成都大学,四川,成都市,否,否,综合类,公办,538,544,527,539,538,550
新疆科技学院,新疆,巴音郭楞蒙古自治州,否,否,财经类,公办,441,459,443,477,470,495
新疆理工学院,新疆,阿克苏地区,否,否,理工类,公办,447,460,446,479,471,497
湛江科技学院,广东,湛江市,否,否,综合类,民办,423,439,431,463,450,476
东莞城市学院,广东,东莞市,否,否,理工类,民办,427,429,434,461,457,475
衡阳师范学院南岳学院,湖南,衡阳市,否,否,师范类,民办,441,455,446,475,461,487
湖南中医药大学湘杏学院,湖南,岳阳市,否,否,医药类,民办,437,450,438,470,451,482
湖南工程学院应用技术学院,湖南,湘潭市,否,否,理工类,民办,430,442,432,463,442,471
张家界学院,湖南,张家界市,否,否,综合类,民办,435,445,434,467,443,473
湖南理工学院南湖学院,湖南,岳阳市,否,否,理工类,民办,435,447,435,466,445,473
湖南文理学院芙蓉学院,湖南,常德市,否,否,综合类,民办,434,451,440,473,451,481
南华大学船山学院,湖南,衡阳市,否,否,综合类,民办,441,452,440,472,450,480
湘潭大学兴湘学院,湖南,湘潭市,否,否,综合类,民办,450,460,448,478,462,490
湖南工业大学科技学院,湖南,株洲市,否,否,综合类,民办,434,444,434,464,445,471
湖南科技大学潇湘学院,湖南,湘潭市,否,否,综合类,民办,444,458,444,476,459,487
长沙理工大学城南学院,湖南,长沙市,否,否,理工类,民办,447,459,448,478,468,494
湖南农业大学东方科技学院,湖南,长沙市,否,否,综合类,民办,444,454,444,474,457,486
湘潭理工学院,湖南,湘潭市,否,否,理工类,民办,424,439,433,462,463,483
长沙工业学院,湖南,长沙市,否,否,理工类,公办,450,461,452,480,472,497
湖南第一师范学院,湖南,长沙市,否,否,师范类,公办,485,493,504,523,527,539
湖北工程学院新技术学院,湖北,孝感市,否,否,综合类,民办,442,454,448,474,462,490
武汉文理学院,湖北,武汉市,否,否,综合类,民办,444,451,447,475,478,501
赣南师范大学科技学院,江西,赣州市,否,否,师范类,民办,446,460,446,482,476,501
江西财经大学现代经济管理学院,江西,九江市,否,否,财经类,民办,438,455,444,475,459,494
南昌医学院,江西,南昌市,否,否,医药类,公办,542,500,522,505,486,520
南昌航空大学科技学院,江西,九江市,否,否,理工类,民办,444,457,444,474,461,480
赣东学院,江西,抚州市,否,否,综合类,公办,464,469,459,487,483,503
赣南科技学院,江西,赣州市,否,否,理工类,公办,464,463,454,485,484,507
南昌交通学院,江西,南昌市,否,否,理工类,民办,441,446,441,467,463,479
江西师范大学科学技术学院,江西,九江市,否,否,综合类,民办,446,456,447,479,468,497
江西农业大学南昌商学院,江西,九江市,否,否,综合类,民办,441,446,440,471,442,484
南昌大学科学技术学院,江西,九江市,否,否,综合类,民办,429,450,446,473,465,486
上海财经大学浙江学院,浙江,金华市,否,否,财经类,民办,451,460,453,480,480,502
宁波大学科学技术学院,浙江,宁波市,否,否,综合类,民办,440,440,441,477,459,493
浙江工业大学之江学院,浙江,绍兴市,否,否,理工类,民办,432,441,439,469,458,487
浙大城市学院,浙江,杭州市,否,否,综合类,公办,493,483,498,516,517,533
广西中医药大学赛恩斯新医药学院,广西,南宁市,否,否,医药类,民办,443,455,439,474,462,493
广西民族大学相思湖学院,广西,南宁市,否,否,民族类,民办,432,444,434,466,444,474
柳州工学院,广西,柳州市,否,否,理工类,民办,423,432,429,467,460,482
桂林信息科技学院,广西,桂林市,否,否,理工类,民办,425,437,431,461,450,474
桂林学院,广西,桂林市,否,否,综合类,民办,433,457,443,479,470,495
广西民族师范学院,广西,崇左市,否,否,师范类,公办,460,469,456,484,486,504
甘肃民族师范学院,甘肃,甘南藏族自治州,否,否,师范类,公办,453,465,455,480,479,502
沈阳城市建设学院,辽宁,沈阳市,否,否,理工类,民办,418,428,426,457,452,466
沈阳城市学院,辽宁,沈阳市,否,否,综合类,民办,423,428,426,451,446,485
山西晋中理工学院,山西,晋中市,否,否,理工类,民办,433,455,448,476,470,485
长春大学旅游学院,吉林,长春市,否,否,综合类,民办,418,429,427,458,443,471
长春光华学院,吉林,长春市,否,否,综合类,民办,441,444,425,470,461,494
天津天狮学院,天津,天津市,否,否,综合类,民办,426,448,434,481,481,501
天津财经大学珠江学院,天津,天津市,否,否,综合类,民办,436,444,439,469,457,485
天津理工大学中环信息学院,天津,天津市,否,否,综合类,民办,436,447,442,471,457,483
北京科技大学天津学院,天津,天津市,否,否,综合类,民办,434,455,444,476,465,494
天津医科大学临床医学院,天津,天津市,否,否,医药类,民办,478,453,471,479,483,482
天津商业大学宝德学院,天津,天津市,否,否,财经类,民办,430,441,445,474,457,489
民政职业大学,北京,北京市,否,否,政法类,公办,389,351,370,422,401,454
宁夏理工学院,宁夏,石嘴山市,否,否,理工类,民办,435,442,428,475,475,492
贵州警察学院,贵州,贵阳市,否,否,政法类,公办,474,482,454,493,490,512
西安交通工程学院,陕西,西安市,否,否,理工类,民办,439,441,428,467,474,480
西安信息职业大学,陕西,西安市,否,否,理工类,民办,424,430,418,455,468,270
西安汽车职业大学,陕西,西安市,否,否,理工类,民办,425,429,425,281,437,276
陕西国际商贸学院,陕西,咸阳市,否,否,财经类,民办,418,439,452,463,463,471
陕西科技大学镐京学院,陕西,咸阳市,否,否,理工类,民办,431,433,434,458,450,475
云南经济管理学院,云南,昆明市,否,否,财经类,民办,436,446,434,466,463,490
昆明文理学院,云南,昆明市,否,否,师范类,民办,424,452,437,474,455,487
滇西科技师范学院,云南,临沧市,否,否,师范类,公办,452,465,453,485,478,503
普洱学院,云南,普洱市,否,否,综合类,公办,457,461,458,481,485,504
昭通学院,云南,昭通市,否,否,综合类,公办,468,473,458,489,482,506
青岛恒星科技学院,山东,青岛市,否,否,综合类,民办,419,435,427,459,444,469
山东石油化工学院,山东,东营市,否,否,理工类,公办,472,473,464,488,480,507
济宁学院,山东,济宁市,否,否,综合类,公办,444,463,454,484,482,514
广州华立学院,广东,广州市,否,否,理工类,民办,422,429,435,461,460,477
广州商学院,广东,广州市,否,否,财经类,民办,435,434,466,468,505,512
湖南软件职业技术大学,湖南,湘潭市,否,否,理工类,民办,416,433,422,458,440,473
湖南应用技术学院,湖南,常德市,否,否,综合类,民办,426,436,430,457,439,469
湖南汽车工程职业大学,湖南,株洲市,否,否,理工类,公办,383,359,368,368,374,385
湖南女子学院,湖南,长沙市,否,否,综合类,公办,459,469,455,483,477,500
长沙师范学院,湖南,长沙市,否,否,师范类,公办,473,486,472,499,495,521
湖南医药学院,湖南,怀化市,否,否,医药类,公办,460,461,450,484,480,503
湖南警察学院,湖南,长沙市,否,否,政法类,公办,538,515,469,496,494,517
湖南财政经济学院,湖南,长沙市,否,否,财经类,公办,477,478,473,495,510,520
湖南工学院,湖南,衡阳市,否,否,理工类,公办,455,464,457,486,488,510
武汉生物工程学院,湖北,武汉市,否,否,理工类,民办,435,447,444,474,479,499
武汉晴川学院,湖北,武汉市,否,否,综合类,民办,435,442,445,465,474,497
长江大学文理学院,湖北,荆州市,否,否,综合类,民办,433,448,444,476,459,492
湖北文理学院理工学院,湖北,襄阳市,否,否,理工类,民办,443,462,452,481,497,500
湖北师范大学文理学院,湖北,黄石市,否,否,师范类,民办,440,458,449,479,474,498
武汉工程大学邮电与信息工程学院,湖北,武汉市,否,否,理工类,民办,430,443,439,468,458,481
武昌工学院,湖北,武汉市,否,否,综合类,民办,436,446,432,472,480,497
湖北商贸学院,湖北,武汉市,否,否,财经类,民办,425,439,422,453,475,495
湖北工业大学工程技术学院,湖北,武汉市,否,否,综合类,民办,447,442,442,469,467,485
武汉工商学院,湖北,武汉市,否,否,综合类,民办,443,452,443,474,476,498
湖北大学知行学院,湖北,武汉市,否,否,理工类,民办,440,450,443,476,462,491
郑州工程技术学院,河南,郑州市,否,否,理工类,公办,457,464,454,482,490,510
河南财政金融学院,河南,郑州市,否,否,财经类,公办,476,468,461,483,497,517
厦门华厦学院,福建,厦门市,否,否,综合类,民办,431,447,423,464,483,504
福建农林大学金山学院,福建,福州市,否,否,综合类,民办,428,436,434,461,449,478
福州大学至诚学院,福建,福州市,否,否,综合类,民办,430,452,440,474,459,491
闽南科技学院,福建,泉州市,否,否,理工类,民办,430,437,424,451,479,495
福建师范大学协和学院,福建,福州市,否,否,综合类,民办,428,447,437,469,455,484
厦门大学嘉庚学院,福建,漳州市,否,否,综合类,民办,442,456,452,480,479,503
武夷学院,福建,南平市,否,否,综合类,公办,452,464,452,490,491,508
池州学院,安徽,池州市,否,否,综合类,公办,453,464,450,482,489,512
南宁学院,广西,南宁市,否,否,理工类,民办,421,454,441,475,476,498
广西警察学院,广西,南宁市,否,否,政法类,公办,468,417,469,494,490,514
桂林旅游学院,广西,桂林市,否,否,财经类,公办,444,462,447,477,465,497
桂林航天工业学院,广西,桂林市,否,否,理工类,公办,475,463,468,481,498,506
广西科技师范学院,广西,来宾市,否,否,师范类,公办,455,475,458,488,489,510
沈阳工学院,辽宁,抚顺市,否,否,理工类,民办,424,438,426,465,454,466
朝阳师范学院,辽宁,朝阳市,否,否,师范类,公办,341,355,349,390,342,410
山西工程技术学院,山西,阳泉市,否,否,理工类,公办,459,463,454,489,477,510
太原学院,山西,太原市,否,否,综合类,公办,464,471,463,489,480,502
吕梁学院,山西,吕梁市,否,否,综合类,公办,449,464,451,482,480,506
吉林警察学院,吉林,长春市,否,否,政法类,公办,458,473,433,469,484,512
吉林工商学院,吉林,长春市,否,否,财经类,公办,451,462,447,476,488,512
天津仁爱学院,天津,天津市,否,否,综合类,民办,429,439,435,469,463,495
六盘水师范学院,贵州,六盘水市,否,否,师范类,公办,455,473,459,493,486,513
河北工程大学科信学院,河北,邯郸市,否,否,理工类,民办,445,434,443,468,466,478
石家庄铁道大学四方学院,河北,石家庄市,否,否,理工类,民办,445,458,446,476,465,492
贵州师范学院,贵州,贵阳市,否,否,师范类,公办,488,491,473,503,505,522
延安大学西安创新学院,陕西,西安市,否,否,综合类,民办,421,442,431,464,446,478
青海大学昆仑学院,青海,西宁市,否,否,理工类,公办,441,451,443,471,456,481
常州大学怀德学院,江苏,泰州市,否,否,理工类,民办,433,447,439,470,452,482
大连财经学院,辽宁,大连市,否,否,财经类,民办,433,440,426,457,477,495
琼台师范学院,海南,海口市,否,否,师范类,公办,465,470,451,482,475,517
河南城建学院,河南,平顶山市,否,否,理工类,公办,450,461,448,478,481,507
荆楚理工学院,湖北,荆门市,否,否,理工类,公办,465,473,446,490,493,517
重庆第二师范学院,重庆,重庆市,否,否,师范类,公办,489,499,486,512,516,533
重庆电子科技职业大学,重庆,重庆市,否,否,理工类,公办,419,418,414,445,420,453
重庆工商大学派斯学院,重庆,重庆市,否,否,财经类,民办,434,445,446,472,466,490
重庆移通学院,重庆,重庆市,否,否,理工类,民办,431,444,430,469,397,485
重庆财经学院,重庆,重庆市,否,否,财经类,民办,439,456,446,478,481,500
重庆外语外事学院,重庆,重庆市,否,否,语言类,民办,436,444,441,471,461,494
重庆对外经贸学院,重庆,重庆市,否,否,财经类,民办,435,452,447,476,470,498
上海视觉艺术学院,上海,上海市,否,否,艺术类,民办,469,431,459,495,504,517
珠海科技学院,广东,珠海市,否,否,综合类,民办,459,454,466,479,478,501
长春建筑学院,吉林,长春市,否,否,理工类,民办,427,431,416,456,474,485
无锡学院,江苏,无锡市,否,否,理工类,公办,508,492,488,500,499,517
北京中医药大学东方学院,河北,廊坊市,否,否,医药类,民办,457,460,453,478,463,495
青岛城市学院,山东,青岛市,否,否,理工类,民办,429,442,439,463,464,478
燕京理工学院,河北,廊坊市,否,否,理工类,民办,439,447,434,463,496,502
四川音乐学院,四川,成都市,否,否,艺术类,公办,457,472,472,490,497,503
广西艺术学院,广西,南宁市,否,否,艺术类,公办,447,458,461,479,491,503
湖北第二师范学院,湖北,武汉市,否,否,师范类,公办,481,498,494,511,516,531
四川警察学院,四川,泸州市,否,否,政法类,公办,483,485,465,495,490,516
西交利物浦大学,江苏,苏州市,否,否,综合类,中外合作办学,567,538,550,536,566,557
三亚学院,海南,三亚市,否,否,综合类,民办,427,434,430,464,477,507
河南工程学院,河南,郑州市,否,否,理工类,公办,466,465,456,480,491,512
武汉纺织大学外经贸学院,湖北,武汉市,否,否,综合类,民办,429,438,435,465,468,481
长春电子科技学院,吉林,长春市,否,否,理工类,民办,421,435,426,460,442,472
广州软件学院,广东,广州市,否,否,理工类,民办,446,432,447,466,468,478
北京理工大学珠海学院,广东,珠海市,否,否,理工类,民办,486,457,478,482,486,498
广州应用科技学院,广东,广州市,否,否,综合类,民办,438,443,440,465,464,480
广州新华学院,广东,广州市,否,否,综合类,民办,420,439,440,467,455,481
武汉体育学院体育科技学院,湖北,武汉市,否,否,体育类,民办,438,446,446,472,467,485
昆明城市学院,云南,昆明市,否,否,综合类,民办,436,454,441,473,456,487
山东政法学院,山东,济南市,否,否,政法类,公办,502,508,499,515,522,533
昆明医科大学海源学院,云南,昆明市,否,否,医药类,民办,449,453,451,469,462,483
北京师范大学-香港浸会大学联合国际学院,广东,珠海市,否,否,综合类,内地与港澳台地区合作办学,536,512,524,528,539,548
兰州城市学院,甘肃,兰州市,否,否,综合类,公办,451,464,449,481,485,505
安顺学院,贵州,安顺市,否,否,综合类,公办,463,462,460,481,480,510
铜仁学院,贵州,铜仁市,否,否,综合类,公办,440,475,453,492,479,508
西安医学院,陕西,西安市,否,否,医药类,公办,516,485,513,498,530,517
菏泽学院,山东,菏泽市,否,否,综合类,公办,455,463,453,483,483,505
安康学院,陕西,安康市,否,否,综合类,公办,450,462,446,482,480,503
商洛学院,陕西,商洛市,否,否,综合类,公办,446,456,448,472,480,503
三明学院,福建,三明市,否,否,综合类,公办,450,462,457,482,493,512
贺州学院,广西,贺州市,否,否,综合类,公办,453,466,450,482,480,504
河北科技师范学院,河北,秦皇岛市,否,否,师范类,公办,454,459,448,487,489,498
长治学院,山西,长治市,否,否,综合类,公办,453,467,451,487,486,507
北部湾大学,广西,钦州市,否,否,综合类,公办,463,486,461,499,490,518
丽水学院,浙江,丽水市,否,否,综合类,公办,469,479,464,495,495,512
百色学院,广西,百色市,否,否,综合类,公办,455,467,457,482,484,504
梧州学院,广西,梧州市,否,否,综合类,公办,454,472,456,484,494,508
龙岩学院,福建,龙岩市,否,否,综合类,公办,450,465,462,482,492,514
海南热带海洋学院,海南,三亚市,否,否,综合类,公办,459,464,458,482,490,515
长沙医学院,湖南,长沙市,否,否,医药类,民办,415,428,416,453,448,477
呼伦贝尔学院,内蒙古,呼伦贝尔市,否,否,综合类,公办,449,460,445,481,478,500
山东大学（威海）,山东,威海市,是,是,综合类,公办,612,604,584,586,596,596
东北大学秦皇岛分校,河北,秦皇岛市,是,是,理工类,公办,603,588,583,580,593,593
宁波诺丁汉大学,浙江,宁波市,否,否,综合类,中外合作办学,552,525,536,528,548,549
集美大学诚毅学院,福建,厦门市,否,否,综合类,民办,438,458,447,480,474,501
山东航空学院,山东,滨州市,否,否,综合类,公办,477,469,453,483,485,504
安徽中医药大学,安徽,合肥市,否,否,医药类,公办,509,504,515,502,526,534
南京财经大学红山学院,江苏,镇江市,否,否,综合类,民办,437,451,441,473,456,487
西京学院,陕西,西安市,否,否,理工类,民办,425,436,436,460,472,492
常熟理工学院,江苏,苏州市,否,否,理工类,公办,497,492,486,505,505,526
洛阳理工学院,河南,洛阳市,否,否,理工类,公办,461,467,458,482,496,513
武汉城市学院,湖北,武汉市,否,否,理工类,民办,424,448,447,473,477,495
武汉学院,湖北,武汉市,否,否,综合类,民办,443,455,447,476,495,503
保定理工学院,河北,保定市,否,否,理工类,民办,434,442,433,466,442,471
辽宁理工学院,辽宁,锦州市,否,否,理工类,民办,426,432,429,459,440,466
武汉东湖学院,湖北,武汉市,否,否,综合类,民办,430,442,436,465,472,493
郑州工商学院,河南,郑州市,否,否,财经类,民办,441,455,445,475,480,498
郑州师范学院,河南,郑州市,否,否,师范类,公办,483,484,483,502,502,524
东南大学成贤学院,江苏,南京市,否,否,综合类,民办,462,454,451,477,478,495
武汉工程科技学院,湖北,武汉市,否,否,理工类,民办,439,441,435,458,348,402
南京特殊教育师范学院,江苏,南京市,否,否,师范类,公办,473,468,483,487,501,517
中南林业科技大学涉外学院,湖南,长沙市,否,否,综合类,民办,436,450,436,468,448,477
电子科技大学成都学院,四川,成都市,否,否,理工类,民办,455,456,452,472,476,492
陕西警察学院,陕西,西安市,否,否,政法类,公办,368,367,352,375,327,372
郑州财经学院,河南,郑州市,否,否,财经类,民办,440,460,443,479,468,502
三峡大学科技学院,湖北,宜昌市,否,否,综合类,民办,449,450,451,473,472,482
北京邮电大学世纪学院,北京,北京市,否,否,综合类,民办,423,434,431,462,442,479
北京工业大学耿丹学院,北京,北京市,否,否,综合类,民办,434,443,430,465,452,484
汉口学院,湖北,武汉市,否,否,综合类,民办,395,450,424,471,478,499
武昌首义学院,湖北,武汉市,否,否,理工类,民办,438,452,446,478,482,501
武汉华夏理工学院,湖北,武汉市,否,否,理工类,民办,442,447,434,475,481,496
广州南方学院,广东,广州市,否,否,综合类,民办,438,476,443,453,470,491
陇东学院,甘肃,庆阳市,否,否,综合类,公办,450,462,441,482,482,503
上海电机学院,上海,上海市,否,否,理工类,公办,485,499,489,519,522,532
塔里木大学,新疆,自治区直辖县级行政区划,否,否,综合类,公办,441,460,445,481,468,499
榆林学院,陕西,榆林市,否,否,综合类,公办,449,464,448,482,482,503
曲靖师范学院,云南,曲靖市,否,否,师范类,公办,457,470,460,492,495,514
成都体育学院,四川,成都市,否,否,体育类,公办,473,481,472,502,504,516
乐山师范学院,四川,乐山市,否,否,师范类,公办,463,466,462,489,484,513
宜宾学院,四川,宜宾市,否,否,综合类,公办,476,478,459,490,496,515
绵阳师范学院,四川,绵阳市,否,否,师范类,公办,465,475,465,495,501,519
文华学院,湖北,武汉市,否,否,综合类,民办,435,447,439,475,477,498
重庆工商大学,重庆,重庆市,否,否,财经类,公办,528,527,518,529,531,544
湖南人文科技学院,湖南,娄底市,否,否,综合类,公办,451,459,455,484,481,504
浙江传媒学院,浙江,杭州市,否,否,艺术类,公办,517,527,535,542,546,554
南京工业职业技术大学,江苏,南京市,否,否,理工类,公办,478,466,466,484,434,463
淮阴师范学院,江苏,淮安市,否,否,师范类,公办,456,475,454,491,489,511
绥化学院,黑龙江,绥化市,否,否,综合类,公办,456,462,454,481,472,500
哈尔滨师范大学,黑龙江,哈尔滨市,否,否,师范类,公办,532,505,507,518,520,533
厦门理工学院,福建,厦门市,否,否,理工类,公办,524,485,508,510,522,532
湖北经济学院法商学院,湖北,武汉市,否,否,财经类,民办,452,457,450,475,471,487
徐州工程学院,江苏,徐州市,否,否,综合类,公办,487,479,477,497,513,519
金陵科技学院,江苏,南京市,否,否,理工类,公办,495,488,482,501,509,520
广西财经学院,广西,南宁市,否,否,财经类,公办,456,473,462,489,496,516
昆明学院,云南,昆明市,否,否,综合类,公办,473,474,479,488,497,506
西安文理学院,陕西,西安市,否,否,综合类,公办,463,476,465,483,504,520
重庆文理学院,重庆,重庆市,否,否,综合类,公办,482,498,464,509,509,533
伊犁师范大学,新疆,伊犁哈萨克自治州,否,否,师范类,公办,447,464,448,481,471,498
河池学院,广西,河池市,否,否,综合类,公办,455,466,454,482,481,503
广西中医药大学,广西,南宁市,否,否,医药类,公办,542,516,528,518,544,535
右江民族医学院,广西,百色市,否,否,医药类,公办,474,470,468,488,499,501
广东金融学院,广东,广州市,否,否,财经类,公办,534,510,521,523,543,546
长沙学院,湖南,长沙市,否,否,综合类,公办,487,492,483,508,518,532
湖北理工学院,湖北,黄石市,否,否,理工类,公办,474,478,475,498,504,523
阜阳师范大学,安徽,阜阳市,否,否,师范类,公办,482,489,471,503,501,522
重庆交通大学,重庆,重庆市,否,否,理工类,公办,552,539,541,547,567,569
吉林农业科技学院,吉林,吉林市,否,否,农林类,公办,449,460,451,478,483,500
大庆师范学院,黑龙江,大庆市,否,否,师范类,公办,447,464,457,483,462,503
上海政法学院,上海,上海市,否,否,政法类,公办,577,568,566,564,582,578
上海商学院,上海,上海市,否,否,财经类,公办,538,517,521,525,545,549
重庆科技大学,重庆,重庆市,否,否,理工类,公办,499,494,484,508,514,528
武汉科技大学,湖北,武汉市,否,否,综合类,公办,568,542,554,546,581,569
中国矿业大学（北京）,北京,北京市,否,是,理工类,公办,592,574,571,570,591,585
广东理工学院,广东,肇庆市,否,否,理工类,民办,430,430,421,461,499,495
广东工商职业技术大学,广东,肇庆市,否,否,综合类,民办,421,309,414,313,305,362
广东白云学院,广东,广州市,否,否,综合类,民办,431,440,432,465,485,498
广东技术师范大学,广东,广州市,否,否,师范类,公办,521,523,508,515,526,537
广东警官学院,广东,广州市,否,否,政法类,公办,529,527,490,528,530,545
南方医科大学,广东,广州市,否,否,医药类,公办,601,548,593,548,611,571
贵州大学,贵州,贵阳市,否,是,综合类,公办,577,555,557,552,575,575
西南大学,重庆,重庆市,否,是,综合类,公办,592,583,566,569,587,590
攀枝花学院,四川,攀枝花市,否,否,综合类,公办,498,481,482,491,505,511
西昌学院,四川,凉山彝族自治州,否,否,综合类,公办,459,462,452,481,489,503
江西应用科技学院,江西,南昌市,否,否,综合类,民办,423,437,422,461,463,468
晋中学院,山西,晋中市,否,否,综合类,公办,456,462,459,481,487,504
运城学院,山西,运城市,否,否,综合类,公办,453,459,448,480,486,501
山西中医药大学,山西,晋中市,否,否,医药类,公办,497,499,488,503,512,524
江西职业技术大学,江西,九江市,否,否,综合类,公办,395,384,384,395,359,370
新余学院,江西,新余市,否,否,综合类,公办,466,473,466,489,499,516
萍乡学院,江西,萍乡市,否,否,综合类,公办,459,467,447,482,496,506
黄淮学院,河南,驻马店市,否,否,综合类,公办,454,463,450,481,472,501
平顶山学院,河南,平顶山市,否,否,综合类,公办,459,462,450,480,486,506
安阳师范学院,河南,安阳市,否,否,师范类,公办,457,482,461,495,492,518
信阳师范大学,河南,信阳市,否,否,师范类,公办,449,459,427,477,486,504
首都经济贸易大学,北京,北京市,否,否,财经类,公办,589,574,561,562,598,589
河南中医药大学,河南,郑州市,否,否,医药类,公办,493,494,458,504,518,526
江西科技学院,江西,南昌市,否,否,综合类,民办,433,438,429,459,475,490
南昌理工学院,江西,南昌市,否,否,综合类,民办,437,442,430,465,480,495
南昌工程学院,江西,南昌市,否,否,理工类,公办,495,475,490,493,517,520
北京体育大学,北京,北京市,否,是,体育类,公办,585,576,566,566,583,583
西安思源学院,陕西,西安市,否,否,综合类,民办,429,443,424,470,471,497
天津中德应用技术大学,天津,天津市,否,否,理工类,公办,469,477,456,490,498,452
南阳理工学院,河南,南阳市,否,否,理工类,公办,457,473,459,490,491,511
安阳工学院,河南,安阳市,否,否,理工类,公办,451,464,449,481,483,507
河南师范大学,河南,新乡市,否,否,师范类,公办,494,540,493,541,556,560
中国石油大学（北京）,北京,北京市,否,是,理工类,公办,603,586,577,574,593,586
华北电力大学,北京,北京市,否,是,理工类,公办,615,586,591,578,607,592
中国地质大学（北京）,北京,北京市,否,是,理工类,公办,601,590,577,582,592,593
吉利学院,四川,成都市,否,否,理工类,民办,436,432,437,472,479,497
汉江师范学院,湖北,十堰市,否,否,师范类,公办,454,454,451,478,445,467
四川文理学院,四川,达州市,否,否,综合类,公办,461,464,453,481,491,515
四川工程职业技术大学,四川,德阳市,否,否,理工类,公办,402,363,383,421,360,417
南通大学,江苏,南通市,否,否,综合类,公办,563,537,541,547,562,564
成都东软学院,四川,成都市,否,否,理工类,民办,446,444,450,468,490,505
黑龙江工业学院,黑龙江,鸡西市,否,否,综合类,公办,447,460,452,480,464,492
河北外国语学院,河北,石家庄市,否,否,语言类,民办,425,437,431,454,477,504
哈尔滨金融学院,黑龙江,哈尔滨市,否,否,财经类,公办,470,471,459,483,496,515
河北科技工程职业技术大学,河北,邢台市,否,否,理工类,公办,453,455,458,479,353,364
河北金融学院,河北,保定市,否,否,财经类,公办,459,467,459,482,497,514
邢台医学院,河北,邢台市,否,否,医药类,公办,391,352,362,382,296,370
北华航天工业学院,河北,廊坊市,否,否,理工类,公办,476,463,467,489,499,511
上海建桥学院,上海,上海市,否,否,财经类,民办,425,371,435,410,486,492
防灾科技学院,河北,廊坊市,否,否,综合类,公办,469,469,466,495,497,515
沧州师范学院,河北,沧州市,否,否,师范类,公办,466,472,459,494,487,512
保定学院,河北,保定市,否,否,综合类,公办,465,480,465,503,489,522
深圳职业技术大学,广东,深圳市,否,否,综合类,公办,447,450,437,465,466,477
广州工商学院,广东,广州市,否,否,财经类,民办,459,442,453,462,491,503
石家庄学院,河北,石家庄市,否,否,综合类,公办,451,469,460,491,485,512
衡水学院,河北,衡水市,否,否,综合类,公办,462,461,457,485,488,507
廊坊师范学院,河北,廊坊市,否,否,师范类,公办,465,460,464,481,491,509
唐山师范学院,河北,唐山市,否,否,师范类,公办,450,463,451,483,482,506
山东师范大学,山东,济南市,否,否,师范类,公办,574,561,545,551,582,576
石家庄铁道大学,河北,石家庄市,否,否,理工类,公办,538,522,520,532,557,558
河北地质大学,河北,石家庄市,否,否,理工类,公办,501,492,488,504,508,527
华北科技学院,河北,廊坊市,否,否,理工类,公办,456,464,463,488,497,516
河北工程大学,河北,邯郸市,否,否,理工类,公办,493,491,490,501,504,525
燕山大学,河北,秦皇岛市,否,否,综合类,公办,541,541,539,544,569,569
华北理工大学,河北,唐山市,否,否,综合类,公办,496,474,496,496,538,527
河北师范大学,河北,石家庄市,否,否,师范类,公办,524,545,514,547,553,566
北京语言大学,北京,北京市,否,否,语言类,公办,577,570,559,563,587,582
华北电力大学保定校区,河北,保定市,否,是,理工类,公办,601,566,576,562,597,585
北京印刷学院,北京,北京市,否,否,理工类,公办,512,533,515,540,534,541
首都师范大学,北京,北京市,否,否,师范类,公办,604,584,582,570,598,590
北京物资学院,北京,北京市,否,否,财经类,公办,541,526,526,529,536,552
首钢工学院,北京,北京市,否,否,理工类,公办,429,416,424,447,438,460
中国劳动关系学院,北京,北京市,否,否,政法类,公办,468,505,472,519,522,537
北京联合大学,北京,北京市,否,否,综合类,公办,554,536,545,542,570,565
北京工商大学,北京,北京市,否,否,财经类,公办,556,559,545,563,568,575
中国政法大学,北京,北京市,否,是,政法类,公办,622,623,607,604,626,615
中华女子学院,北京,北京市,否,否,语言类,公办,495,504,502,526,534,549
北京服装学院,北京,北京市,否,否,艺术类,公办,509,498,505,520,518,531
中央财经大学,北京,北京市,否,是,财经类,公办,632,615,609,598,639,616
北京城市学院,北京,北京市,否,否,综合类,民办,440,444,442,469,489,513
中国传媒大学,北京,北京市,否,是,综合类,公办,601,598,585,588,606,600
中国农业大学,北京,北京市,是,是,农林类,公办,611,597,590,589,599,602
北京化工大学,北京,北京市,否,是,理工类,公办,594,579,575,571,588,587
鲁东大学,山东,烟台市,否,否,综合类,公办,496,502,487,513,514,529
烟台大学,山东,烟台市,否,否,综合类,公办,511,520,503,523,528,540
潍坊学院,山东,潍坊市,否,否,综合类,公办,459,477,457,495,490,515
山东第一医科大学,山东,济南市,否,否,医药类,公办,542,478,530,491,539,526
泰山学院,山东,泰安市,否,否,综合类,公办,450,465,449,481,480,507
北方民族大学,宁夏,银川市,否,否,综合类,公办,460,477,464,497,503,514
宁夏大学,宁夏,银川市,否,是,综合类,公办,565,548,552,547,568,569
广西民族大学,广西,南宁市,否,否,民族类,公办,489,484,483,501,509,523
山东农业大学,山东,泰安市,否,否,农林类,公办,500,501,494,509,510,528
南宁师范大学,广西,南宁市,否,否,师范类,公办,517,512,511,525,517,537
山东理工大学,山东,淄博市,否,否,理工类,公办,525,526,509,521,524,530
玉林师范学院,广西,玉林市,否,否,师范类,公办,459,480,459,491,488,512
桂林医学院,广西,桂林市,否,否,医药类,公办,504,469,499,491,523,511
广西科技大学,广西,柳州市,否,否,理工类,公办,492,480,480,495,507,517
山东财经大学,山东,济南市,否,否,财经类,公办,534,540,539,543,565,565
山东交通学院,山东,济南市,否,否,理工类,公办,477,491,464,501,503,526
桂林理工大学,广西,桂林市,否,否,理工类,公办,511,483,490,508,536,537
桂林电子科技大学,广西,桂林市,否,否,理工类,公办,559,508,537,525,559,544
广西师范大学,广西,桂林市,否,否,师范类,公办,535,550,535,551,545,558
广西医科大学,广西,南宁市,否,否,医药类,公办,548,493,538,505,556,522
内蒙古财经大学,内蒙古,呼和浩特市,否,否,财经类,公办,460,471,444,479,496,515
山东工商学院,山东,烟台市,否,否,财经类,公办,466,480,463,489,501,521
黔南民族师范学院,贵州,黔南布依族苗族自治州,否,否,师范类,公办,456,479,450,494,482,506
贵州中医药大学,贵州,贵阳市,否,否,医药类,公办,506,490,501,499,514,532
贵州财经大学,贵州,贵阳市,否,否,财经类,公办,519,526,497,513,511,523
内蒙古师范大学,内蒙古,呼和浩特市,否,否,师范类,公办,470,487,479,488,499,519
遵义医科大学,贵州,遵义市,否,否,医药类,公办,545,498,531,507,545,519
贵州民族大学,贵州,贵阳市,否,否,民族类,公办,500,475,493,503,513,526
海南医科大学,海南,海口市,否,否,医药类,公办,503,484,458,484,516,538
海南师范大学,海南,海口市,否,否,师范类,公办,533,527,519,537,550,555
曲阜师范大学,山东,济宁市,否,否,师范类,公办,525,533,525,539,543,557
青岛理工大学,山东,青岛市,否,否,理工类,公办,531,526,518,530,536,541
内蒙古民族大学,内蒙古,通辽市,否,否,综合类,公办,465,470,464,484,481,507
内蒙古科技大学,内蒙古,包头市,否,否,综合类,公办,454,479,449,485,479,513
海南大学,海南,海口市,否,是,综合类,公办,570,542,555,551,576,569
河西学院,甘肃,张掖市,否,否,综合类,公办,451,463,453,480,479,502
甘肃政法大学,甘肃,兰州市,否,否,政法类,公办,522,512,513,518,519,536
兰州财经大学,甘肃,兰州市,否,否,财经类,公办,481,481,484,500,508,523
青岛大学,山东,青岛市,否,否,综合类,公办,549,541,543,551,574,569
甘肃中医药大学,甘肃,兰州市,否,否,医药类,公办,484,488,485,505,509,523
临沂大学,山东,临沂市,否,否,综合类,公办,492,483,474,497,503,520
许昌学院,河南,许昌市,否,否,理工类,公办,463,472,454,486,484,505
甘肃农业大学,甘肃,兰州市,否,否,农林类,公办,469,481,459,494,491,510
青岛农业大学,山东,青岛市,否,否,农林类,公办,489,503,472,508,527,540
河南财经政法大学,河南,郑州市,否,否,财经类,公办,538,539,527,542,545,557
商丘师范学院,河南,商丘市,否,否,师范类,公办,459,465,453,487,487,519
兰州交通大学,甘肃,兰州市,否,否,理工类,公办,532,519,495,526,551,551
南阳师范学院,河南,南阳市,否,否,师范类,公办,463,472,466,493,484,517
周口师范学院,河南,周口市,否,否,师范类,公办,458,468,460,487,487,510
洛阳师范学院,河南,洛阳市,否,否,综合类,公办,470,491,472,504,497,522
兰州理工大学,甘肃,兰州市,否,否,理工类,公办,501,487,483,491,539,543
西北民族大学,甘肃,兰州市,否,否,综合类,公办,480,475,476,500,515,519
郑州航空工业管理学院,河南,郑州市,否,否,综合类,公办,462,467,459,487,495,513
莆田学院,福建,莆田市,否,否,综合类,公办,474,458,459,463,488,511
闽江学院,福建,福州市,否,否,综合类,公办,482,494,480,505,509,526
闽南师范大学,福建,漳州市,否,否,师范类,公办,492,492,491,507,513,527
泉州师范学院,福建,泉州市,否,否,师范类,公办,464,480,472,501,503,524
福建师范大学,福建,福州市,否,否,师范类,公办,554,501,521,513,520,533
仰恩大学,福建,泉州市,否,否,综合类,民办,423,442,430,468,473,501
集美大学,福建,厦门市,否,否,综合类,公办,546,551,529,548,540,564
西藏民族大学,陕西,咸阳市,否,否,民族类,公办,487,473,472,487,494,512
黄河科技学院,河南,郑州市,否,否,理工类,民办,428,445,441,470,475,490
福建农林大学,福建,福州市,否,否,农林类,公办,489,489,479,499,530,535
河南工业大学,河南,郑州市,否,否,理工类,公办,491,488,486,509,510,530
华侨大学,福建,泉州市,否,否,综合类,公办,550,546,539,548,573,569
河南理工大学,河南,焦作市,否,否,理工类,公办,521,501,509,512,522,532
河南农业大学,河南,郑州市,否,否,农林类,公办,514,502,500,514,514,525
湖北文理学院,湖北,襄阳市,否,否,综合类,公办,482,486,476,500,507,522
河南科技大学,河南,洛阳市,否,否,综合类,公办,528,495,506,525,549,548
河南大学,河南,开封市,否,否,综合类,公办,567,556,547,552,569,573
郑州轻工业大学,河南,郑州市,否,否,理工类,公办,508,496,499,509,525,539
湖北科技学院,湖北,咸宁市,否,否,综合类,公办,485,477,481,493,515,518
湖北民族大学,湖北,恩施土家族苗族自治州,否,否,综合类,公办,485,489,481,498,501,514
黑龙江科技大学,黑龙江,哈尔滨市,否,否,理工类,公办,473,479,462,493,496,517
黑龙江工程学院,黑龙江,哈尔滨市,否,否,理工类,公办,450,461,447,480,483,510
哈尔滨学院,黑龙江,哈尔滨市,否,否,综合类,公办,456,469,447,485,484,508
湖北经济学院,湖北,武汉市,否,否,财经类,公办,514,499,504,514,532,540
哈尔滨商业大学,黑龙江,哈尔滨市,否,否,财经类,公办,469,494,472,501,502,526
湖北工程学院,湖北,孝感市,否,否,理工类,公办,485,480,475,494,516,520
牡丹江师范学院,黑龙江,牡丹江市,否,否,师范类,公办,447,464,451,481,478,503
黑龙江中医药大学,黑龙江,哈尔滨市,否,否,医药类,公办,491,507,479,517,503,545
湖北师范大学,湖北,黄石市,否,否,师范类,公办,522,529,509,535,524,539
湖北中医药大学,湖北,武汉市,否,否,医药类,公办,527,506,521,517,546,547
武汉轻工大学,湖北,武汉市,否,否,理工类,公办,531,517,514,523,527,536
武汉工程大学,湖北,武汉市,否,否,理工类,公办,543,539,539,544,559,568
三峡大学,湖北,宜昌市,否,否,综合类,公办,545,514,535,534,559,545
哈尔滨医科大学,黑龙江,哈尔滨市,否,否,医药类,公办,536,497,529,508,552,531
长江大学,湖北,荆州市,否,否,综合类,公办,516,536,517,541,547,559
黑龙江八一农垦大学,黑龙江,大庆市,否,否,农林类,公办,458,466,451,483,480,503
湖北大学,湖北,武汉市,否,否,综合类,公办,552,555,541,554,572,577
齐齐哈尔大学,黑龙江,齐齐哈尔市,否,否,综合类,公办,467,477,464,494,488,513
中南民族大学,湖北,武汉市,否,否,综合类,公办,531,543,514,544,546,561
佳木斯大学,黑龙江,佳木斯市,否,否,综合类,公办,488,469,472,484,494,504
黑龙江大学,黑龙江,哈尔滨市,否,否,综合类,公办,502,548,493,547,551,564
华中师范大学,湖北,武汉市,否,是,师范类,公办,614,608,592,590,608,598
东北林业大学,黑龙江,哈尔滨市,否,是,农林类,公办,565,560,542,556,569,575
邵阳学院,湖南,邵阳市,否,否,综合类,公办,462,469,462,488,470,493
华中农业大学,湖北,武汉市,否,是,农林类,公办,590,569,567,568,585,582
怀化学院,湖南,怀化市,否,否,综合类,公办,468,475,465,488,464,490
湖南文理学院,湖南,常德市,否,否,综合类,公办,471,497,473,511,488,510
中南财经政法大学,湖北,武汉市,否,是,财经类,公办,615,607,595,589,606,601
吉林财经大学,吉林,长春市,否,否,财经类,公办,480,477,489,502,508,525
吉林外国语大学,吉林,长春市,否,否,语言类,民办,430,430,425,473,480,502
白城师范学院,吉林,白城市,否,否,师范类,公办,442,470,454,492,479,509
湖南科技学院,湖南,永州市,否,否,综合类,公办,467,476,465,492,469,496
通化师范学院,吉林,通化市,否,否,师范类,公办,449,462,447,479,481,505
湖南工商大学,湖南,长沙市,否,否,财经类,公办,517,516,509,528,531,548
衡阳师范学院,湖南,衡阳市,否,否,师范类,公办,498,500,488,511,519,536
吉林工程技术师范学院,吉林,长春市,否,否,师范类,公办,447,460,444,478,471,501
长春中医药大学,吉林,长春市,否,否,医药类,公办,475,478,461,499,521,537
湘南学院,湖南,郴州市,否,否,综合类,公办,463,460,458,486,473,503
湖南中医药大学,湖南,长沙市,否,否,医药类,公办,520,503,514,520,542,547
中南林业科技大学,湖南,长沙市,否,否,农林类,公办,506,509,500,522,541,551
吉林化工学院,吉林,吉林市,否,否,理工类,公办,451,470,448,488,486,511
湖南工程学院,湖南,湘潭市,否,否,理工类,公办,459,470,460,490,490,506
湖南工业大学,湖南,株洲市,否,否,综合类,公办,515,513,496,512,506,519
湖南城市学院,湖南,益阳市,否,否,综合类,公办,467,481,460,495,490,517
湖南理工学院,湖南,岳阳市,否,否,理工类,公办,481,490,480,512,515,539
吉林建筑大学,吉林,长春市,否,否,理工类,公办,459,472,452,489,490,510
湖南农业大学,湖南,长沙市,否,否,农林类,公办,516,514,501,523,532,546
南华大学,湖南,衡阳市,否,否,综合类,公办,541,504,522,514,551,542
吉林师范大学,吉林,四平市,否,否,师范类,公办,491,479,498,511,517,533
长沙理工大学,湖南,长沙市,否,否,理工类,公办,555,547,548,547,561,566
湖南科技大学,湖南,湘潭市,否,否,综合类,公办,542,532,528,538,556,558
长春师范大学,吉林,长春市,否,否,师范类,公办,482,474,483,493,504,517
吉首大学,湖南,湘西土家族苗族自治州,否,否,综合类,公办,492,491,483,498,491,512
湘潭大学,湖南,湘潭市,否,否,综合类,公办,565,559,549,557,560,573
吉林农业大学,吉林,长春市,否,否,农林类,公办,465,480,459,502,487,518
西安培华学院,陕西,西安市,否,否,综合类,民办,421,448,442,475,476,499
长春工业大学,吉林,长春市,否,否,理工类,公办,491,480,486,499,504,519
长春理工大学,吉林,长春市,否,否,理工类,公办,516,505,528,528,546,554
长春大学,吉林,长春市,否,否,综合类,公办,468,462,467,496,504,517
西北政法大学,陕西,西安市,否,否,政法类,公办,601,584,582,572,596,584
西安财经大学,陕西,西安市,否,否,财经类,公办,515,516,514,528,538,552
北华大学,吉林,吉林市,否,否,综合类,公办,472,482,475,503,497,522
青海民族大学,青海,西宁市,否,否,民族类,公办,461,466,461,486,484,508
陕西理工大学,陕西,汉中市,否,否,理工类,公办,511,490,483,508,517,523
青海师范大学,青海,西宁市,否,否,师范类,公办,499,504,488,511,498,516
宝鸡文理学院,陕西,宝鸡市,否,否,师范类,公办,457,464,447,479,487,519
渭南师范学院,陕西,渭南市,否,否,师范类,公办,459,464,470,474,484,499
青海大学,青海,西宁市,否,是,综合类,公办,559,543,541,546,561,558
咸阳师范学院,陕西,咸阳市,否,否,师范类,公办,458,453,464,477,497,519
西藏大学,西藏,拉萨市,否,是,综合类,公办,528,519,511,527,522,525
西安邮电大学,陕西,西安市,否,否,理工类,公办,567,514,544,525,522,543
大理大学,云南,大理白族自治州,否,否,综合类,公办,512,497,496,508,521,526
西安工业大学,陕西,西安市,否,否,理工类,公办,515,520,539,539,563,561
西安工程大学,陕西,西安市,否,否,理工类,公办,521,490,508,512,523,532
陕西科技大学,陕西,西安市,否,否,理工类,公办,524,520,491,532,545,561
云南财经大学,云南,昆明市,否,否,财经类,公办,508,503,500,516,519,533
红河学院,云南,红河哈尼族彝族自治州,否,否,综合类,公办,449,465,455,482,478,504
西安石油大学,陕西,西安市,否,否,理工类,公办,521,511,513,518,542,553
楚雄师范学院,云南,楚雄彝族自治州,否,否,师范类,公办,447,465,453,483,482,504
西安科技大学,陕西,西安市,否,否,理工类,公办,538,543,535,546,560,566
西安建筑科技大学,陕西,西安市,否,否,理工类,公办,529,525,532,535,562,563
玉溪师范学院,云南,玉溪市,否,否,师范类,公办,477,483,468,494,501,516
西安理工大学,陕西,西安市,否,否,理工类,公办,546,531,534,541,559,553
云南中医药大学,云南,昆明市,否,否,医药类,公办,511,503,506,517,523,537
西南林业大学,云南,昆明市,否,否,农林类,公办,503,493,492,508,514,525
云南民族大学,云南,昆明市,否,否,综合类,公办,510,514,501,519,512,535
云南师范大学,云南,昆明市,否,否,师范类,公办,535,543,530,544,549,554
云南农业大学,云南,昆明市,否,否,农林类,公办,492,487,481,500,504,519
昆明理工大学,云南,昆明市,否,否,理工类,公办,535,552,533,540,563,559
黄山学院,安徽,黄山市,否,否,综合类,公办,450,460,445,480,480,502
合肥大学,安徽,合肥市,否,否,综合类,公办,483,469,475,493,507,519
延安大学,陕西,延安市,否,否,综合类,公办,493,496,479,507,505,526
安徽财经大学,安徽,蚌埠市,否,否,财经类,公办,540,530,526,536,537,550
西北农林科技大学,陕西,咸阳市,是,是,农林类,公办,596,587,575,574,587,589
西安交通大学,陕西,西安市,是,是,综合类,公办,633,616,609,599,631,611
上海杉达学院,上海,上海市,否,否,财经类,民办,435,437,456,467,493,512
淮北师范大学,安徽,淮北市,否,否,综合类,公办,500,518,490,523,520,534
上海体育大学,上海,上海市,否,否,体育类,公办,563,551,527,550,539,550
华东政法大学,上海,上海市,否,否,政法类,公办,608,604,593,590,603,599
上海立信会计金融学院,上海,上海市,否,否,财经类,公办,546,536,531,541,545,558
上海对外经贸大学,上海,上海市,否,否,财经类,公办,567,571,568,575,591,591
上海应用技术大学,上海,上海市,否,否,理工类,公办,525,511,514,523,527,539
安徽师范大学,安徽,芜湖市,否,否,师范类,公办,547,545,542,552,559,568
上海海事大学,上海,上海市,否,否,理工类,公办,573,565,557,556,573,577
上海第二工业大学,上海,上海市,否,否,理工类,公办,542,518,527,520,530,541
上海师范大学,上海,上海市,否,否,综合类,公办,577,554,557,552,579,577
上海海洋大学,上海,上海市,否,否,农林类,公办,567,518,557,538,573,562
广州美术学院,广东,广州市,否,否,艺术类,公办,554,490,560,523,555,519
广州体育学院,广东,广州市,否,否,体育类,公办,492,496,498,504,526,528
广东财经大学,广东,广州市,否,否,财经类,公办,570,559,557,558,567,567
嘉应学院,广东,梅州市,否,否,综合类,公办,468,468,465,488,497,516
惠州学院,广东,惠州市,否,否,综合类,公办,505,485,502,503,519,525
岭南师范学院,广东,湛江市,否,否,师范类,公办,474,481,465,487,495,513
韶关学院,广东,韶关市,否,否,综合类,公办,476,471,478,497,501,518
韩山师范学院,广东,潮州市,否,否,师范类,公办,470,469,484,489,502,515
广州医科大学,广东,广州市,否,否,医药类,公办,593,549,559,555,590,565
广东医科大学,广东,湛江市,否,否,医药类,公办,586,509,560,520,566,529
广州大学,广东,广州市,否,否,综合类,公办,586,561,570,559,588,578
东莞理工学院,广东,东莞市,否,否,理工类,公办,534,504,529,524,548,531
广东外语外贸大学,广东,广州市,否,否,语言类,公办,575,566,564,559,588,585
广州中医药大学,广东,广州市,否,否,医药类,公办,584,567,571,572,587,586
广东海洋大学,广东,湛江市,否,否,综合类,公办,521,526,503,528,522,542
广东工业大学,广东,广州市,否,否,理工类,公办,574,545,561,547,582,567
五邑大学,广东,江门市,否,否,综合类,公办,504,494,490,503,519,526
深圳大学,广东,深圳市,否,否,综合类,公办,608,595,586,584,610,596
汕头大学,广东,汕头市,否,否,综合类,公办,567,561,554,556,580,576
太原师范学院,山西,晋中市,否,否,师范类,公办,466,482,475,497,504,520
山西大同大学,山西,大同市,否,否,综合类,公办,499,490,479,501,503,520
忻州师范学院,山西,忻州市,否,否,师范类,公办,451,470,451,489,487,509
中北大学,山西,太原市,否,否,综合类,公办,524,522,512,536,558,564
川北医学院,四川,南充市,否,否,医药类,公办,513,487,515,492,528,514
山西财经大学,山西,太原市,否,否,财经类,公办,517,513,505,522,529,539
四川轻化工大学,四川,自贡市,否,否,理工类,公办,512,506,496,511,521,530
山西师范大学,山西,太原市,否,否,师范类,公办,517,532,507,533,513,539
山西医科大学,山西,太原市,否,否,医药类,公办,533,490,513,498,537,522
成都信息工程大学,四川,成都市,否,否,理工类,公办,565,517,550,530,561,550
山西农业大学,山西,晋中市,否,否,农林类,公办,482,479,481,491,499,520
中国民用航空飞行学院,四川,德阳市,否,否,理工类,公办,500,463,476,501,501,518
西华师范大学,四川,南充市,否,否,师范类,公办,489,485,487,511,504,531
四川师范大学,四川,成都市,否,否,师范类,公办,557,553,545,556,568,572
成都中医药大学,四川,成都市,否,否,医药类,公办,539,546,553,547,570,570
西南科技大学,四川,绵阳市,否,否,理工类,公办,531,523,524,533,550,556
山西大学,山西,太原市,否,否,综合类,公办,567,555,550,554,564,566
浙江万里学院,浙江,宁波市,否,否,理工类,公办,446,443,444,469,504,519
浙江财经大学,浙江,杭州市,否,否,财经类,公办,558,550,548,553,584,578
浙江工商大学,浙江,杭州市,否,否,财经类,公办,551,550,546,550,564,568
温州大学,浙江,温州市,否,否,综合类,公办,532,550,520,547,539,557
台州学院,浙江,台州市,否,否,综合类,公办,468,478,458,498,487,515
湖州师范学院,浙江,湖州市,否,否,综合类,公办,500,484,483,499,501,516
杭州师范大学,浙江,杭州市,否,否,综合类,公办,543,549,547,550,548,570
浙江中医药大学,浙江,杭州市,否,否,医药类,公办,542,526,514,529,572,558
浙江农林大学,浙江,杭州市,否,否,农林类,公办,520,544,502,545,554,565
中国计量大学,浙江,杭州市,否,否,理工类,公办,560,547,545,550,565,573
浙江科技大学,浙江,杭州市,否,否,理工类,公办,515,495,490,519,508,531
西华大学,四川,成都市,否,否,综合类,公办,527,524,515,529,531,541
嘉兴大学,浙江,嘉兴市,否,否,综合类,公办,497,500,476,505,497,521
浙江理工大学,浙江,杭州市,否,否,理工类,公办,568,547,542,550,574,568
浙江师范大学,浙江,金华市,否,否,综合类,公办,563,556,553,556,574,579
宁波大学,浙江,宁波市,否,否,综合类,公办,578,553,556,545,576,565
新疆财经大学,新疆,乌鲁木齐市,否,否,财经类,公办,444,465,457,488,484,506
喀什大学,新疆,喀什地区,否,否,综合类,公办,453,462,450,483,474,501
新疆师范大学,新疆,乌鲁木齐市,否,否,师范类,公办,465,480,469,500,489,511
新疆农业大学,新疆,乌鲁木齐市,否,否,农林类,公办,449,458,442,477,475,492
成都理工大学,四川,成都市,否,否,理工类,公办,574,549,557,550,575,568
西南民族大学,四川,成都市,否,否,民族类,公办,510,529,495,537,539,555
东北财经大学,辽宁,大连市,否,否,财经类,公办,570,534,550,554,576,577
沈阳药科大学,辽宁,沈阳市,否,否,医药类,公办,505,510,494,515,511,565
沈阳大学,辽宁,沈阳市,否,否,综合类,公办,475,478,467,486,496,523
大连交通大学,辽宁,大连市,否,否,理工类,公办,529,522,523,529,544,551
大连大学,辽宁,大连市,否,否,综合类,公办,524,513,512,520,532,536
沈阳理工大学,辽宁,沈阳市,否,否,理工类,公办,496,478,491,494,519,524
大连外国语大学,辽宁,大连市,否,否,语言类,公办,542,512,555,534,581,571
渤海大学,辽宁,锦州市,否,否,综合类,公办,468,490,461,502,504,519
大连工业大学,辽宁,大连市,否,否,理工类,公办,503,475,496,493,511,511
沈阳航空航天大学,辽宁,沈阳市,否,否,理工类,公办,522,497,518,517,549,539
大连民族大学,辽宁,大连市,否,否,民族类,公办,473,495,472,505,500,524
辽宁中医药大学,辽宁,沈阳市,否,否,医药类,公办,484,479,472,495,497,517
鞍山师范学院,辽宁,鞍山市,否,否,师范类,公办,451,462,457,486,477,509
沈阳医学院,辽宁,沈阳市,否,否,医药类,公办,493,468,487,491,513,511
石河子大学,新疆,自治区直辖县级行政区划,否,是,综合类,公办,537,541,526,538,548,552
重庆三峡学院,重庆,重庆市,否,否,综合类,公办,481,493,479,505,507,521
井冈山大学,江西,吉安市,否,否,综合类,公办,494,489,483,503,505,522
四川美术学院,重庆,重庆市,否,否,艺术类,公办,548,533,554,527,545,541
九江学院,江西,九江市,否,否,综合类,公办,470,465,463,481,491,516
四川外国语大学,重庆,重庆市,否,否,语言类,公办,551,537,544,549,564,563
宜春学院,江西,宜春市,否,否,综合类,公办,473,480,466,496,494,516
长江师范学院,重庆,重庆市,否,否,师范类,公办,462,499,450,513,497,528
江西科技师范大学,江西,南昌市,否,否,师范类,公办,501,509,491,514,507,529
赣南师范大学,江西,赣州市,否,否,师范类,公办,481,511,480,516,510,531
重庆理工大学,重庆,重庆市,否,否,理工类,公办,557,534,539,534,544,546
上饶师范学院,江西,上饶市,否,否,师范类,公办,463,476,461,490,491,516
江西中医药大学,江西,南昌市,否,否,医药类,公办,519,503,509,512,543,545
重庆邮电大学,重庆,重庆市,否,否,理工类,公办,589,559,567,560,577,575
景德镇陶瓷大学,江西,景德镇市,否,否,艺术类,公办,500,500,480,506,500,523
西南政法大学,重庆,重庆市,否,否,政法类,公办,608,600,590,586,605,597
重庆师范大学,重庆,重庆市,否,否,师范类,公办,521,555,552,555,566,571
重庆医科大学,重庆,重庆市,否,否,医药类,公办,594,542,578,546,592,569
南昌航空大学,江西,南昌市,否,否,理工类,公办,536,504,527,526,543,546
东华理工大学,江西,南昌市,否,否,理工类,公办,525,495,513,510,549,552
江西财经大学,江西,南昌市,否,否,财经类,公办,572,558,558,557,583,575
江西师范大学,江西,南昌市,否,否,师范类,公办,564,554,550,555,574,569
扬州大学,江苏,扬州市,否,否,综合类,公办,578,572,546,559,584,578
江西农业大学,江西,南昌市,否,否,农林类,公办,506,504,482,515,527,542
南京工业大学,江苏,南京市,否,否,理工类,公办,568,527,540,547,579,568
江苏大学,江苏,镇江市,否,否,综合类,公办,569,560,546,557,580,578
南京医科大学,江苏,南京市,否,否,医药类,公办,589,553,576,551,588,556
江苏师范大学,江苏,徐州市,否,否,师范类,公办,526,551,514,547,527,554
南京信息工程大学,江苏,南京市,否,否,综合类,公办,586,564,556,559,579,573
江西理工大学,江西,赣州市,否,否,理工类,公办,533,516,542,521,556,547
南京财经大学,江苏,南京市,否,否,财经类,公办,563,560,558,561,585,582
苏州科技大学,江苏,苏州市,否,否,综合类,公办,540,544,527,540,547,551
江苏科技大学,江苏,镇江市,否,否,理工类,公办,546,519,534,533,563,563
杭州电子科技大学,浙江,杭州市,否,否,理工类,公办,597,551,578,552,592,572
华东交通大学,江西,南昌市,否,否,理工类,公办,523,529,515,539,545,567
常州大学,江苏,常州市,否,否,理工类,公办,542,532,529,536,544,563
南京审计大学,江苏,南京市,否,否,财经类,公办,583,580,570,568,587,588
江苏理工学院,江苏,常州市,否,否,理工类,公办,502,481,491,505,522,525
南京工程学院,江苏,南京市,否,否,理工类,公办,537,492,517,508,537,539
北京科技大学,北京,北京市,否,是,理工类,公办,618,592,591,584,611,597
北京理工大学,北京,北京市,是,是,理工类,公办,638,617,617,602,628,611
东北师范大学,吉林,长春市,否,是,师范类,公办,591,589,569,577,591,590
清华大学,北京,北京市,是,是,综合类,公办,686,666,668,643,684,657
太原理工大学,山西,太原市,否,是,理工类,公办,589,568,569,563,584,578
大连理工大学,辽宁,大连市,是,是,理工类,公办,619,591,597,585,612,597
东北农业大学,黑龙江,哈尔滨市,否,是,农林类,公办,556,557,549,555,574,575
上海外国语大学,上海,上海市,否,是,语言类,公办,615,601,593,590,624,615
东华大学,上海,上海市,否,是,综合类,公办,607,592,577,581,597,593
东北大学,辽宁,沈阳市,是,是,理工类,公办,605,593,584,584,598,596
复旦大学,上海,上海市,是,是,综合类,公办,675,652,650,632,667,646
华东师范大学,上海,上海市,是,是,师范类,公办,641,625,622,608,634,621
上海财经大学,上海,上海市,否,是,财经类,公办,635,630,620,604,643,627
延边大学,吉林,延边朝鲜族自治州,否,是,综合类,公办,564,550,504,550,548,525
武汉理工大学,湖北,武汉市,否,是,理工类,公办,608,580,582,572,597,585
华中科技大学,湖北,武汉市,是,是,综合类,公办,637,615,616,604,630,613
山东大学,山东,济南市,是,是,综合类,公办,629,610,605,597,622,608
上海交通大学,上海,上海市,是,是,综合类,公办,674,652,652,629,668,647
中南大学,湖南,长沙市,是,是,综合类,公办,628,611,601,594,626,604
吉林大学,吉林,长春市,是,是,综合类,公办,616,608,593,595,610,606
中国地质大学（武汉）,湖北,武汉市,否,是,理工类,公办,592,591,573,578,587,590
重庆大学,重庆,重庆市,是,是,综合类,公办,620,610,598,598,611,608
苏州大学,江苏,苏州市,否,是,综合类,公办,614,602,590,586,607,598
中国药科大学,江苏,南京市,否,是,医药类,公办,601,582,572,571,586,588
河海大学,江苏,南京市,否,是,综合类,公办,593,588,578,573,593,592
南京师范大学,江苏,南京市,否,是,师范类,公办,602,600,581,585,604,599
浙江大学,浙江,杭州市,是,是,综合类,公办,672,641,640,620,654,632
南京农业大学,江苏,南京市,否,是,农林类,公办,585,570,556,569,586,584
南京大学,江苏,南京市,是,是,综合类,公办,667,642,638,621,660,634
中国矿业大学,江苏,徐州市,否,是,综合类,公办,591,571,565,565,590,581
东南大学,江苏,南京市,是,是,综合类,公办,645,618,614,597,620,613
南昌大学,江西,南昌市,否,是,综合类,公办,595,568,576,558,591,582
西北工业大学,陕西,西安市,是,是,理工类,公办,625,597,603,582,611,597
暨南大学,广东,广州市,否,是,综合类,公办,616,599,592,590,610,603
华南理工大学,广东,广州市,是,是,综合类,公办,637,607,608,595,628,607
中山大学,广东,广州市,是,是,综合类,公办,644,628,612,608,634,620
福州大学,福建,福州市,否,是,理工类,公办,592,578,570,571,593,586
厦门大学,福建,厦门市,是,是,综合类,公办,612,608,597,598,599,608
西南财经大学,四川,成都市,否,是,财经类,公办,595,590,581,579,600,593
四川大学,四川,成都市,是,是,综合类,公办,629,613,607,600,617,612
华南师范大学,广东,广州市,否,是,师范类,公办,609,594,592,583,604,595
兰州大学,甘肃,兰州市,是,是,综合类,公办,614,594,592,584,608,595
广西大学,广西,南宁市,否,是,综合类,公办,577,568,565,564,583,579
天津体育学院,天津,天津市,否,否,体育类,公办,473,436,474,516,513,539
天津职业技术师范大学,天津,天津市,否,否,师范类,公办,478,487,475,503,499,529
天津中医药大学,天津,天津市,否,否,医药类,公办,560,558,537,552,570,569
中国民航大学,天津,天津市,否,否,理工类,公办,551,553,543,557,526,545
天津外国语大学,天津,天津市,否,否,语言类,公办,523,539,534,544,550,557
江南大学,江苏,无锡市,否,是,综合类,公办,607,581,572,572,594,588
天津商业大学,天津,天津市,否,否,财经类,公办,523,514,497,515,518,531
天津财经大学,天津,天津市,否,否,财经类,公办,586,568,554,554,597,586
天津科技大学,天津,天津市,否,否,理工类,公办,539,534,532,542,556,561
天津工业大学,天津,天津市,否,否,综合类,公办,573,554,557,558,575,575
天津师范大学,天津,天津市,否,否,师范类,公办,541,562,533,525,553,542
南京航空航天大学,江苏,南京市,否,是,理工类,公办,620,591,592,581,604,596
上海大学,上海,上海市,否,是,综合类,公办,605,604,582,593,607,605
新疆大学,新疆,乌鲁木齐市,否,是,综合类,公办,554,552,537,551,557,571
同济大学,上海,上海市,是,是,综合类,公办,649,626,628,610,649,620
安徽医科大学,安徽,合肥市,否,否,医药类,公办,578,528,560,529,574,544
济南大学,山东,济南市,否,否,综合类,公办,550,540,524,546,565,571
安徽农业大学,安徽,合肥市,否,否,农林类,公办,508,508,505,518,518,543
安徽工业大学,安徽,马鞍山市,否,否,理工类,公办,524,508,509,521,550,550
安徽大学,安徽,合肥市,否,是,综合类,公办,587,575,570,567,585,583
滨州医学院,山东,烟台市,否,否,医药类,公办,502,495,511,509,519,527
合肥工业大学,安徽,合肥市,否,是,理工类,公办,598,576,571,566,587,581
郑州大学,河南,郑州市,否,是,综合类,公办,596,584,578,575,593,589
中国海洋大学,山东,青岛市,是,是,综合类,公办,605,595,584,585,597,597
南开大学,天津,天津市,是,是,综合类,公办,643,626,619,605,641,616
湖南师范大学,湖南,长沙市,否,是,师范类,公办,591,581,565,558,588,577
河北经贸大学,河北,石家庄市,否,否,财经类,公办,483,497,505,512,523,535
对外经济贸易大学,北京,北京市,否,是,财经类,公办,628,616,605,594,629,608
北京师范大学,北京,北京市,是,是,师范类,公办,643,629,626,613,645,626
西南交通大学,四川,成都市,否,是,理工类,公办,590,589,577,579,592,592
辽宁大学,辽宁,沈阳市,否,是,综合类,公办,575,550,563,540,586,579
北京中医药大学,北京,北京市,否,是,医药类,公办,595,583,574,578,593,603
北京邮电大学,北京,北京市,否,是,理工类,公办,626,593,604,586,614,600
北京航空航天大学,北京,北京市,是,是,理工类,公办,644,624,632,608,646,620
中国人民大学,北京,北京市,是,是,综合类,公办,664,648,637,631,660,641
中央民族大学,北京,北京市,是,是,民族类,公办,597,598,583,589,592,598
湖南大学,湖南,长沙市,是,是,综合类,公办,623,612,598,599,614,604
北京林业大学,北京,北京市,否,是,农林类,公办,587,584,569,577,586,593
武汉大学,湖北,武汉市,是,是,综合类,公办,640,612,618,600,631,622
河北工业大学,天津,天津市,否,是,理工类,公办,596,566,578,567,592,581
中央音乐学院,北京,北京市,否,是,艺术类,公办,290,299,289,315,303,326
北京外国语大学,北京,北京市,否,是,语言类,公办,622,614,600,598,613,612
北京交通大学,北京,北京市,否,是,理工类,公办,609,580,592,575,603,586
西北大学,陕西,西安市,否,是,综合类,公办,589,593,574,580,589,588
长安大学,陕西,西安市,否,是,理工类,公办,581,573,565,569,584,584
云南大学,云南,昆明市,否,是,综合类,公办,588,576,573,569,588,580
大连海事大学,辽宁,大连市,否,是,理工类,公办,581,572,558,569,578,585
北京大学,北京,北京市,是,是,综合类,公办,685,658,662,640,678,653
