﻿名称,省,市,985,211,学校类型,学校属性,2023年理科录取分数,2023年文科录取分数,2022年理科录取分数,2022年文科录取分数,2021年理科录取分数,2021年文科录取分数
烟台科技学院,山东,烟台市,否,否,综合类,民办,444,472,433,446,433,502
江苏海洋大学,江苏,连云港市,否,否,理工类,公办,548,564,534,540,532,566
江西软件职业技术大学,江西,南昌市,否,否,理工类,民办,275,240,222,303,311,320
福建技术师范学院,福建,福州市,否,否,师范类,公办,473,521,471,501,472,526
安徽艺术学院,安徽,合肥市,否,否,艺术类,公办,479,518,471,499,461,517
郑州西亚斯学院,河南,郑州市,否,否,综合类,民办,453,490,439,470,435,491
西藏农牧学院,西藏,林芝市,否,否,农林类,公办,466,509,457,487,454,513
南京审计大学金审学院,江苏,南京市,否,否,财经类,民办,496,526,500,511,503,542
中国石油大学（北京）克拉玛依校区,新疆,克拉玛依市,否,是,理工类,公办,574,586,560,557,571,591
深圳技术大学,广东,深圳市,否,否,理工类,公办,582,576,570,550,586,588
滇西应用技术大学,云南,大理白族自治州,否,否,综合类,公办,486,517,478,489,476,525
鄂尔多斯应用技术学院,内蒙古,鄂尔多斯市,否,否,理工类,公办,467,510,462,489,455,515
中国社会科学院大学,北京,北京市,否,否,综合类,公办,625,623,608,595,641,633
温州肯恩大学,浙江,温州市,否,否,综合类,中外合作办学,527,550,512,527,522,558
合肥工业大学宣城校区,安徽,宣城市,否,是,综合类,公办,589,599,553,572,598,607
中国人民大学（苏州校区）,江苏,苏州市,是,是,综合类,公办,635,629,624,598,601,604
江苏第二师范学院,江苏,南京市,否,否,师范类,公办,511,538,504,527,522,559
泰州学院,江苏,泰州市,否,否,综合类,公办,494,521,488,511,492,541
河南牧业经济学院,河南,郑州市,否,否,财经类,公办,470,515,476,497,475,522
河北中医药大学,河北,石家庄市,否,否,医药类,公办,519,554,502,528,522,554
山东农业工程学院,山东,济南市,否,否,农林类,公办,477,515,464,489,400,525
山东管理学院,山东,济南市,否,否,综合类,公办,503,507,494,518,495,550
四川电影电视学院,四川,成都市,否,否,艺术类,民办,417,493,478,228,464,510
张家口学院,河北,张家口市,否,否,综合类,公办,455,520,483,491,487,528
南昌师范学院,江西,南昌市,否,否,师范类,公办,455,469,501,517,505,550
江西服装学院,江西,南昌市,否,否,艺术类,民办,428,471,405,446,417,470
山西传媒学院,山西,晋中市,否,否,艺术类,公办,473,512,488,474,495,539
河北环境工程学院,河北,秦皇岛市,否,否,理工类,公办,451,510,475,458,476,528
华北理工大学冀唐学院,河北,唐山市,否,否,医药类,民办,499,522,444,490,502,517
陕西服装工程学院,陕西,咸阳市,否,否,综合类,民办,428,472,420,450,417,471
南昌工学院,江西,南昌市,否,否,理工类,民办,436,482,424,456,403,470
商丘学院,河南,商丘市,否,否,综合类,民办,436,481,431,462,429,481
河北科技学院,河北,唐山市,否,否,理工类,民办,432,473,425,452,415,469
山西工商学院,山西,太原市,否,否,财经类,民办,437,483,407,465,436,487
安徽外国语学院,安徽,合肥市,否,否,语言类,民办,426,469,431,445,402,479
福州外语外贸学院,福建,福州市,否,否,财经类,民办,420,467,405,445,422,480
山东协和学院,山东,济南市,否,否,医药类,民办,438,473,430,451,415,473
郑州升达经贸管理学院,河南,郑州市,否,否,财经类,民办,443,492,431,469,436,496
广东科技学院,广东,东莞市,否,否,综合类,民办,435,465,431,451,427,469
广西外国语学院,广西,南宁市,否,否,语言类,民办,423,470,406,449,424,466
华北理工大学轻工学院,河北,唐山市,否,否,理工类,民办,430,472,405,445,438,487
陕西学前师范学院,陕西,西安市,否,否,师范类,公办,480,529,472,506,497,540
天津外国语大学滨海外事学院,天津,天津市,否,否,语言类,民办,449,479,424,445,452,514
浙江外国语学院,浙江,杭州市,否,否,语言类,公办,498,540,506,527,525,560
新疆政法学院,新疆,自治区直辖县级行政区划,否,否,政法类,公办,467,513,460,491,458,512
南宁理工学院,广西,南宁市,否,否,理工类,民办,426,470,415,445,401,472
内蒙古科技大学包头师范学院,内蒙古,包头市,否,否,师范类,公办,462,517,472,495,470,520
银川科技学院,宁夏,银川市,否,否,综合类,民办,425,471,418,451,413,470
北京第二外国语学院,北京,北京市,否,否,语言类,公办,538,577,563,539,580,607
福建江夏学院,福建,福州市,否,否,财经类,公办,482,535,442,513,500,546
衢州学院,浙江,衢州市,否,否,综合类,公办,501,525,492,475,499,542
宁夏大学新华学院,宁夏,银川市,否,否,综合类,民办,439,492,422,478,436,488
贵州黔南经济学院,贵州,黔南布依族苗族自治州,否,否,财经类,民办,439,483,409,447,456,494
西安理工大学高科学院,陕西,西安市,否,否,理工类,民办,461,489,452,466,445,487
西安科技大学高新学院,陕西,西安市,否,否,理工类,民办,435,475,432,460,434,501
西安明德理工学院,陕西,西安市,否,否,综合类,民办,438,474,425,453,413,466
西安工商学院,陕西,西安市,否,否,综合类,民办,426,474,427,455,424,472
西安交通大学城市学院,陕西,西安市,否,否,理工类,民办,469,490,457,448,463,515
南通大学杏林学院,江苏,南通市,否,否,综合类,民办,461,505,451,485,448,508
江苏科技大学苏州理工学院,江苏,苏州市,否,否,理工类,民办,469,506,464,488,464,514
南京邮电大学通达学院,江苏,扬州市,否,否,综合类,民办,477,508,471,485,468,519
江苏师范大学科文学院,江苏,徐州市,否,否,综合类,民办,463,508,458,490,458,512
扬州大学广陵学院,江苏,扬州市,否,否,综合类,民办,466,513,458,491,466,518
苏州科技大学天平学院,江苏,苏州市,否,否,综合类,民办,471,504,471,488,470,513
苏州大学应用技术学院,江苏,苏州市,否,否,综合类,民办,473,507,465,488,466,513
苏州城市学院,江苏,苏州市,否,否,综合类,公办,522,546,511,523,511,550
南京医科大学康达学院,江苏,连云港市,否,否,医药类,民办,485,507,467,482,463,509
南京师范大学中北学院,江苏,镇江市,否,否,综合类,民办,465,513,432,492,464,521
南京工业大学浦江学院,江苏,南京市,否,否,理工类,民办,473,507,462,486,458,515
南京传媒学院,江苏,南京市,否,否,艺术类,民办,481,493,482,502,482,528
南京航空航天大学金城学院,江苏,南京市,否,否,理工类,民办,474,509,460,482,460,513
南京理工大学紫金学院,江苏,南京市,否,否,理工类,民办,482,521,480,501,483,537
黑龙江财经学院,黑龙江,哈尔滨市,否,否,财经类,民办,427,475,421,452,417,472
黑龙江工程学院昆仑旅游学院,黑龙江,哈尔滨市,否,否,理工类,民办,421,468,408,446,412,467
哈尔滨石油学院,黑龙江,哈尔滨市,否,否,理工类,民办,424,467,416,450,414,469
哈尔滨广厦学院,黑龙江,哈尔滨市,否,否,综合类,民办,426,474,419,448,417,469
黑龙江工商学院,黑龙江,哈尔滨市,否,否,综合类,民办,421,469,414,448,412,466
哈尔滨远东理工学院,黑龙江,哈尔滨市,否,否,理工类,民办,424,470,410,450,414,468
昆明理工大学津桥学院,云南,昆明市,否,否,理工类,民办,427,474,407,454,429,486
昆明传媒学院,云南,昆明市,否,否,艺术类,民办,427,475,407,454,431,475
丽江文化旅游学院,云南,丽江市,否,否,综合类,民办,427,473,411,450,414,471
滇池学院,云南,昆明市,否,否,综合类,民办,434,479,427,449,417,466
文山学院,云南,文山壮族苗族自治州,否,否,综合类,公办,469,483,406,493,468,518
齐鲁理工学院,山东,济南市,否,否,综合类,民办,442,476,427,453,424,473
青岛农业大学海都学院,山东,烟台市,否,否,综合类,民办,453,480,437,469,437,484
青岛工学院,山东,青岛市,否,否,综合类,民办,432,480,420,457,424,474
泰山科技学院,山东,泰安市,否,否,理工类,民办,425,472,406,451,424,468
西南交通大学希望学院,四川,成都市,否,否,综合类,民办,477,503,467,476,474,502
西南财经大学天府学院,四川,绵阳市,否,否,财经类,民办,449,502,407,482,461,518
四川大学锦江学院,四川,眉山市,否,否,综合类,民办,465,502,452,477,462,498
四川文化艺术学院,四川,绵阳市,否,否,艺术类,民办,427,479,416,468,428,477
绵阳城市学院,四川,绵阳市,否,否,理工类,民办,445,479,436,461,430,479
成都锦城学院,四川,成都市,否,否,综合类,民办,466,509,453,489,400,513
成都外国语学院,四川,成都市,否,否,语言类,民办,452,486,446,450,466,519
成都文理学院,四川,成都市,否,否,综合类,民办,350,357,310,319,205,225
成都银杏酒店管理学院,四川,成都市,否,否,财经类,民办,416,474,431,446,414,484
成都理工大学工程技术学院,四川,乐山市,否,否,理工类,民办,457,498,406,477,466,468
成都大学,四川,成都市,否,否,综合类,公办,568,580,551,551,572,588
新疆科技学院,新疆,巴音郭楞蒙古自治州,否,否,财经类,公办,466,511,457,489,458,514
新疆理工学院,新疆,阿克苏地区,否,否,理工类,公办,466,510,459,489,459,514
东莞城市学院,广东,东莞市,否,否,理工类,民办,422,465,413,448,403,476
电子科技大学中山学院,广东,中山市,否,否,理工类,民办,451,465,444,446,438,500
张家界学院,湖南,张家界市,否,否,综合类,民办,465,512,449,486,442,508
湖南理工学院南湖学院,湖南,岳阳市,否,否,理工类,民办,472,517,462,489,463,515
湖南文理学院芙蓉学院,湖南,常德市,否,否,综合类,民办,468,496,458,447,449,508
南华大学船山学院,湖南,衡阳市,否,否,综合类,民办,465,513,456,492,455,515
湘潭大学兴湘学院,湖南,湘潭市,否,否,综合类,民办,468,519,462,492,463,517
湖南科技大学潇湘学院,湖南,湘潭市,否,否,综合类,民办,460,511,406,485,462,516
长沙理工大学城南学院,湖南,长沙市,否,否,理工类,民办,468,509,460,486,465,518
湖南第一师范学院,湖南,长沙市,否,否,师范类,公办,512,553,514,530,526,561
武汉传媒学院,湖北,武汉市,否,否,艺术类,民办,346,405,465,487,237,509
湖北恩施学院,湖北,恩施土家族苗族自治州,否,否,综合类,民办,454,497,468,468,455,479
湖北工程学院新技术学院,湖北,孝感市,否,否,综合类,民办,463,507,450,486,458,509
武汉文理学院,湖北,武汉市,否,否,综合类,民办,459,503,453,481,455,506
河南科技职业大学,河南,周口市,否,否,理工类,民办,429,474,421,453,417,472
漯河食品工程职业大学,河南,漯河市,否,否,综合类,民办,306,317,268,278,200,200
郑州科技学院,河南,郑州市,否,否,理工类,民办,456,479,446,461,444,488
郑州商学院,河南,郑州市,否,否,财经类,民办,440,485,433,464,427,482
新乡工程学院,河南,新乡市,否,否,理工类,民办,436,479,425,445,400,498
南昌应用技术师范学院,江西,南昌市,否,否,师范类,民办,436,487,418,460,451,466
赣南师范大学科技学院,江西,赣州市,否,否,师范类,民办,468,513,461,492,466,516
江西财经大学现代经济管理学院,江西,九江市,否,否,财经类,民办,466,503,453,479,452,488
南昌医学院,江西,南昌市,否,否,医药类,公办,516,543,508,515,449,517
南昌航空大学科技学院,江西,九江市,否,否,理工类,民办,467,504,452,482,459,505
赣东学院,江西,抚州市,否,否,综合类,公办,491,521,481,499,475,520
赣南科技学院,江西,赣州市,否,否,理工类,公办,494,522,483,498,478,525
南昌交通学院,江西,南昌市,否,否,理工类,民办,443,481,422,460,402,478
江西师范大学科学技术学院,江西,九江市,否,否,综合类,民办,455,508,460,488,458,511
江西农业大学南昌商学院,江西,九江市,否,否,综合类,民办,462,505,452,480,452,507
南昌大学科学技术学院,江西,九江市,否,否,综合类,民办,467,500,456,481,461,508
厦门工学院,福建,厦门市,否,否,理工类,民办,428,470,416,447,407,486
皖江工学院,安徽,马鞍山市,否,否,理工类,民办,439,491,429,465,427,485
合肥城市学院,安徽,合肥市,否,否,理工类,民办,436,487,427,445,401,505
蚌埠工商学院,安徽,蚌埠市,否,否,财经类,民办,437,494,436,472,433,488
马鞍山学院,安徽,马鞍山市,否,否,理工类,民办,455,491,444,464,437,485
浙江越秀外国语学院,浙江,绍兴市,否,否,语言类,民办,421,466,406,448,422,466
宁波财经学院,浙江,宁波市,否,否,财经类,民办,423,473,416,458,426,478
上海财经大学浙江学院,浙江,金华市,否,否,财经类,民办,458,506,443,485,462,522
温州商学院,浙江,温州市,否,否,财经类,民办,423,469,407,449,417,469
浙江财经大学东方学院,浙江,嘉兴市,否,否,财经类,民办,434,502,409,467,440,508
浙江工商大学杭州商学院,浙江,杭州市,否,否,财经类,民办,451,500,436,476,458,510
绍兴文理学院元培学院,浙江,绍兴市,否,否,综合类,民办,439,500,430,477,432,499
湖州学院,浙江,湖州市,否,否,综合类,公办,508,529,491,512,481,531
浙江农林大学暨阳学院,浙江,绍兴市,否,否,农林类,民办,434,498,415,466,430,501
宁波大学科学技术学院,浙江,宁波市,否,否,综合类,民办,440,493,405,473,442,508
浙江师范大学行知学院,浙江,金华市,否,否,综合类,民办,455,500,446,472,443,507
浙江工业大学之江学院,浙江,绍兴市,否,否,理工类,民办,440,509,406,485,449,507
浙大宁波理工学院,浙江,宁波市,否,否,理工类,公办,549,558,541,539,553,570
浙大城市学院,浙江,杭州市,否,否,综合类,公办,539,568,516,547,559,580
广西中医药大学赛恩斯新医药学院,广西,南宁市,否,否,医药类,民办,464,513,446,486,451,508
广西民族大学相思湖学院,广西,南宁市,否,否,民族类,民办,452,499,440,476,436,492
柳州工学院,广西,柳州市,否,否,理工类,民办,425,466,423,458,405,478
桂林信息科技学院,广西,桂林市,否,否,理工类,民办,429,469,406,447,421,490
桂林学院,广西,桂林市,否,否,综合类,民办,449,500,442,476,437,506
兰州工商学院,甘肃,兰州市,否,否,财经类,民办,419,469,424,445,406,490
甘肃民族师范学院,甘肃,甘南藏族自治州,否,否,师范类,公办,475,519,472,496,469,520
辽宁财贸学院,辽宁,葫芦岛市,否,否,财经类,民办,423,471,417,450,410,468
大连东软信息学院,辽宁,大连市,否,否,理工类,民办,426,469,420,448,419,468
沈阳科技学院,辽宁,沈阳市,否,否,理工类,民办,425,470,414,448,415,469
大连医科大学中山学院,辽宁,大连市,否,否,医药类,民办,454,485,447,449,446,489
辽宁中医药大学杏林学院,辽宁,沈阳市,否,否,医药类,民办,466,502,443,472,452,501
沈阳城市建设学院,辽宁,沈阳市,否,否,理工类,民办,423,469,411,448,414,468
辽宁师范大学海华学院,辽宁,大连市,否,否,综合类,民办,423,475,441,454,417,473
大连科技学院,辽宁,大连市,否,否,理工类,民办,429,471,418,449,417,471
沈阳城市学院,辽宁,沈阳市,否,否,综合类,民办,422,468,417,447,414,472
山西晋中理工学院,山西,晋中市,否,否,理工类,民办,454,479,441,463,416,481
晋中信息学院,山西,晋中市,否,否,理工类,民办,459,491,447,469,448,490
内蒙古大学创业学院,内蒙古,呼和浩特市,否,否,综合类,民办,443,501,434,479,437,498
呼和浩特民族学院,内蒙古,呼和浩特市,否,否,民族类,公办,465,513,464,492,459,519
长春大学旅游学院,吉林,长春市,否,否,综合类,民办,423,470,416,447,402,466
长春财经学院,吉林,长春市,否,否,财经类,民办,424,471,417,451,403,466
长春光华学院,吉林,长春市,否,否,综合类,民办,427,471,417,450,407,472
天津天狮学院,天津,天津市,否,否,综合类,民办,421,465,405,445,427,494
天津财经大学珠江学院,天津,天津市,否,否,综合类,民办,437,489,412,446,433,507
天津理工大学中环信息学院,天津,天津市,否,否,综合类,民办,456,492,442,458,438,502
北京科技大学天津学院,天津,天津市,否,否,综合类,民办,439,493,406,461,444,509
天津商业大学宝德学院,天津,天津市,否,否,财经类,民办,431,480,408,460,436,501
民政职业大学,北京,北京市,否,否,政法类,公办,380,438,265,239,368,437
银川能源学院,宁夏,银川市,否,否,理工类,民办,420,471,423,452,415,470
宁夏理工学院,宁夏,石嘴山市,否,否,理工类,民办,426,472,408,446,420,473
贵州警察学院,贵州,贵阳市,否,否,政法类,公办,510,543,503,517,508,543
西安交通工程学院,陕西,西安市,否,否,理工类,民办,438,472,417,458,437,478
西安信息职业大学,陕西,西安市,否,否,理工类,民办,428,471,423,454,418,205
西安汽车职业大学,陕西,西安市,否,否,理工类,民办,427,472,418,449,415,471
西安欧亚学院,陕西,西安市,否,否,财经类,民办,434,474,428,456,417,481
陕西国际商贸学院,陕西,咸阳市,否,否,财经类,民办,432,472,406,450,427,481
陕西科技大学镐京学院,陕西,咸阳市,否,否,理工类,民办,431,473,420,452,423,471
西安建筑科技大学华清学院,陕西,西安市,否,否,理工类,民办,452,501,436,474,447,498
无锡太湖学院,江苏,无锡市,否,否,综合类,民办,451,491,443,472,446,496
哈尔滨体育学院,黑龙江,哈尔滨市,否,否,体育类,公办,466,503,458,492,456,516
云南经济管理学院,云南,昆明市,否,否,财经类,民办,430,477,417,452,415,475
昆明文理学院,云南,昆明市,否,否,师范类,民办,435,474,419,445,429,487
滇西科技师范学院,云南,临沧市,否,否,师范类,公办,475,516,466,493,470,518
昭通学院,云南,昭通市,否,否,综合类,公办,474,517,472,495,463,521
青岛黄海学院,山东,青岛市,否,否,综合类,民办,432,473,425,452,419,473
山东华宇工学院,山东,德州市,否,否,理工类,民办,428,473,420,451,400,466
山东现代学院,山东,济南市,否,否,综合类,民办,429,474,419,451,412,473
山东外事职业大学,山东,威海市,否,否,综合类,民办,294,283,230,223,201,201
山东工程职业技术大学,山东,济南市,否,否,理工类,民办,420,471,423,451,420,472
山东外国语职业技术大学,山东,日照市,否,否,语言类,民办,428,473,406,452,422,471
青岛恒星科技学院,山东,青岛市,否,否,综合类,民办,427,472,415,450,417,471
烟台南山学院,山东,烟台市,否,否,综合类,民办,438,473,405,446,446,502
齐鲁医药学院,山东,淄博市,否,否,医药类,民办,493,505,448,463,435,532
潍坊科技学院,山东,潍坊市,否,否,综合类,民办,456,484,440,464,435,485
山东英才学院,山东,济南市,否,否,综合类,民办,424,469,408,446,419,470
山东石油化工学院,山东,东营市,否,否,理工类,公办,494,525,478,495,473,518
济宁学院,山东,济宁市,否,否,综合类,公办,457,513,477,497,481,523
新疆天山职业技术大学,新疆,乌鲁木齐市,否,否,综合类,民办,428,474,420,452,427,477
新疆工程学院,新疆,乌鲁木齐市,否,否,理工类,公办,469,511,461,491,431,515
广东外语外贸大学南国商学院,广东,广州市,否,否,综合类,民办,423,475,412,452,429,498
广州华商学院,广东,广州市,否,否,财经类,民办,421,467,412,446,417,473
广州城市理工学院,广东,广州市,否,否,理工类,民办,430,465,419,445,400,495
华南农业大学珠江学院,广东,广州市,否,否,综合类,民办,420,469,429,453,420,475
广州华立学院,广东,广州市,否,否,理工类,民办,421,467,410,450,420,468
广州商学院,广东,广州市,否,否,财经类,民办,425,482,407,445,443,494
广东轻工职业技术大学,广东,广州市,否,否,理工类,公办,426,470,409,445,400,456
湖南应用技术学院,湖南,常德市,否,否,综合类,民办,432,475,421,450,411,494
湖南汽车工程职业大学,湖南,株洲市,否,否,理工类,公办,365,378,322,330,231,208
湖南女子学院,湖南,长沙市,否,否,综合类,公办,491,516,486,499,491,528
长沙师范学院,湖南,长沙市,否,否,师范类,公办,509,534,501,513,506,543
湖南财政经济学院,湖南,长沙市,否,否,财经类,公办,515,543,511,524,520,557
武汉生物工程学院,湖北,武汉市,否,否,理工类,民办,462,497,448,477,457,498
武汉晴川学院,湖北,武汉市,否,否,综合类,民办,462,479,453,446,450,507
荆州学院,湖北,荆州市,否,否,理工类,民办,435,475,427,453,418,466
长江大学文理学院,湖北,荆州市,否,否,综合类,民办,466,506,455,482,454,506
湖北文理学院理工学院,湖北,襄阳市,否,否,理工类,民办,459,497,450,473,433,493
湖北师范大学文理学院,湖北,黄石市,否,否,师范类,民办,457,509,456,489,460,513
武汉工程大学邮电与信息工程学院,湖北,武汉市,否,否,理工类,民办,455,474,477,468,442,498
武昌工学院,湖北,武汉市,否,否,综合类,民办,453,479,431,455,446,490
湖北商贸学院,湖北,武汉市,否,否,财经类,民办,432,473,426,445,429,490
湖北工业大学工程技术学院,湖北,武汉市,否,否,综合类,民办,460,474,440,451,403,507
武汉工商学院,湖北,武汉市,否,否,综合类,民办,451,494,436,470,428,499
湖北大学知行学院,湖北,武汉市,否,否,理工类,民办,455,508,410,478,460,516
新乡医学院三全学院,河南,新乡市,否,否,医药类,民办,459,487,454,455,453,494
郑州工程技术学院,河南,郑州市,否,否,理工类,公办,482,511,478,493,480,520
河南财政金融学院,河南,郑州市,否,否,财经类,公办,415,520,483,502,486,532
新乡学院,河南,新乡市,否,否,综合类,公办,514,519,514,499,522,525
泉州信息工程学院,福建,泉州市,否,否,理工类,民办,422,470,423,451,420,473
泉州职业技术大学,福建,泉州市,否,否,综合类,民办,428,472,419,451,417,471
厦门华厦学院,福建,厦门市,否,否,综合类,民办,427,470,405,450,422,498
闽南理工学院,福建,泉州市,否,否,理工类,民办,424,469,412,451,419,472
福建农林大学金山学院,福建,福州市,否,否,综合类,民办,455,486,436,464,441,492
福州大学至诚学院,福建,福州市,否,否,综合类,民办,447,494,405,480,448,512
闽南科技学院,福建,泉州市,否,否,理工类,民办,427,470,410,445,429,483
福州工商学院,福建,福州市,否,否,财经类,民办,419,471,419,450,419,472
福建师范大学协和学院,福建,福州市,否,否,综合类,民办,446,485,432,481,446,506
阳光学院,福建,福州市,否,否,综合类,民办,416,467,413,445,414,472
厦门大学嘉庚学院,福建,漳州市,否,否,综合类,民办,464,514,451,495,412,540
福建商学院,福建,福州市,否,否,财经类,公办,477,526,406,510,497,539
宁德师范学院,福建,宁德市,否,否,师范类,公办,478,524,480,502,483,531
福建警察学院,福建,福州市,否,否,政法类,公办,502,544,497,521,504,546
武夷学院,福建,南平市,否,否,综合类,公办,478,515,474,495,475,529
安徽文达信息工程学院,安徽,合肥市,否,否,理工类,民办,421,474,431,454,425,472
安徽新华学院,安徽,合肥市,否,否,综合类,民办,430,480,426,458,401,467
安徽三联学院,安徽,合肥市,否,否,理工类,民办,420,472,424,453,420,472
合肥师范学院,安徽,合肥市,否,否,师范类,公办,487,526,479,515,426,551
池州学院,安徽,池州市,否,否,综合类,公办,478,517,468,466,415,525
浙江广厦建设职业技术大学,浙江,金华市,否,否,理工类,民办,427,471,417,448,200,285
浙江树人学院,浙江,杭州市,否,否,综合类,民办,435,487,423,463,434,482
南宁学院,广西,南宁市,否,否,理工类,民办,426,478,423,466,440,490
广西城市职业大学,广西,崇左市,否,否,综合类,民办,424,469,412,450,415,467
广西警察学院,广西,南宁市,否,否,政法类,公办,495,521,489,503,495,532
桂林旅游学院,广西,桂林市,否,否,财经类,公办,472,514,464,493,454,502
桂林航天工业学院,广西,桂林市,否,否,理工类,公办,504,487,496,501,495,528
广西科技师范学院,广西,来宾市,否,否,师范类,公办,481,518,477,497,475,522
兰州资源环境职业技术大学,甘肃,兰州市,否,否,理工类,公办,470,512,457,488,203,392
甘肃警察学院,甘肃,兰州市,否,否,政法类,公办,346,395,310,330,263,300
兰州文理学院,甘肃,兰州市,否,否,综合类,公办,481,513,490,497,494,528
兰州石化职业技术大学,甘肃,兰州市,否,否,理工类,公办,474,511,462,486,336,356
沈阳工学院,辽宁,抚顺市,否,否,理工类,民办,426,470,416,450,416,469
朝阳师范学院,辽宁,朝阳市,否,否,师范类,公办,329,339,292,234,206,377
山西应用科技学院,山西,太原市,否,否,综合类,民办,441,477,433,454,427,473
山西工程科技职业大学,山西,晋中市,否,否,理工类,公办,474,512,465,491,227,201
山西工程技术学院,山西,阳泉市,否,否,理工类,公办,477,513,466,493,459,525
太原学院,山西,太原市,否,否,综合类,公办,499,529,490,507,497,537
吕梁学院,山西,吕梁市,否,否,综合类,公办,471,514,473,495,473,521
河套学院,内蒙古,巴彦淖尔市,否,否,综合类,公办,467,511,420,490,470,516
长春人文学院,吉林,长春市,否,否,综合类,民办,425,476,415,445,403,485
吉林建筑科技学院,吉林,长春市,否,否,理工类,民办,423,469,419,448,400,467
吉林警察学院,吉林,长春市,否,否,政法类,公办,510,533,505,504,512,504
吉林工商学院,吉林,长春市,否,否,财经类,公办,479,512,474,468,478,536
天津仁爱学院,天津,天津市,否,否,综合类,民办,426,481,417,448,401,508
六盘水师范学院,贵州,六盘水市,否,否,师范类,公办,452,512,481,492,482,529
河北工程大学科信学院,河北,邯郸市,否,否,理工类,民办,465,509,424,490,464,514
石家庄铁道大学四方学院,河北,石家庄市,否,否,理工类,民办,472,504,464,488,461,511
内蒙古鸿德文理学院,内蒙古,呼和浩特市,否,否,综合类,民办,430,480,419,458,421,473
贵州商学院,贵州,贵阳市,否,否,财经类,公办,460,507,432,482,452,506
兰州博文科技学院,甘肃,兰州市,否,否,理工类,民办,426,471,423,452,400,470
延安大学西安创新学院,陕西,西安市,否,否,综合类,民办,429,478,420,445,426,478
青海大学昆仑学院,青海,西宁市,否,否,理工类,公办,465,496,452,448,447,506
常州大学怀德学院,江苏,泰州市,否,否,理工类,民办,465,505,453,482,457,505
集宁师范学院,内蒙古,乌兰察布市,否,否,师范类,公办,472,509,466,494,469,519
大连财经学院,辽宁,大连市,否,否,财经类,民办,427,478,410,451,422,474
南通理工学院,江苏,南通市,否,否,综合类,民办,451,471,441,459,435,476
山东财经大学东方学院,山东,泰安市,否,否,综合类,民办,448,497,418,479,425,503
河北东方学院,河北,廊坊市,否,否,综合类,民办,431,484,405,464,436,492
信阳学院,河南,信阳市,否,否,综合类,民办,458,500,450,475,441,489
中原科技学院,河南,郑州市,否,否,师范类,民办,446,490,405,461,446,508
琼台师范学院,海南,海口市,否,否,师范类,公办,468,519,456,500,487,529
亳州学院,安徽,亳州市,否,否,综合类,公办,473,514,466,494,473,526
河南城建学院,河南,平顶山市,否,否,理工类,公办,514,519,515,498,519,523
郑州工业应用技术学院,河南,郑州市,否,否,理工类,民办,436,478,427,458,400,479
荆楚理工学院,湖北,荆门市,否,否,理工类,公办,484,515,496,455,502,535
重庆工程学院,重庆,重庆市,否,否,理工类,民办,467,503,460,484,461,498
重庆第二师范学院,重庆,重庆市,否,否,师范类,公办,508,528,500,517,510,555
重庆电子科技职业大学,重庆,重庆市,否,否,理工类,公办,422,450,411,383,342,448
重庆机电职业技术大学,重庆,重庆市,否,否,理工类,民办,440,477,437,457,429,476
重庆工商大学派斯学院,重庆,重庆市,否,否,财经类,民办,465,505,458,480,454,505
重庆移通学院,重庆,重庆市,否,否,理工类,民办,459,489,440,469,410,506
重庆财经学院,重庆,重庆市,否,否,财经类,民办,465,508,460,487,468,511
重庆城市科技学院,重庆,重庆市,否,否,综合类,民办,462,496,448,447,410,511
重庆外语外事学院,重庆,重庆市,否,否,语言类,民办,447,494,452,453,454,512
重庆对外经贸学院,重庆,重庆市,否,否,财经类,民办,460,505,454,483,452,508
上海视觉艺术学院,上海,上海市,否,否,艺术类,民办,481,481,462,492,482,492
沧州交通学院,河北,沧州市,否,否,理工类,民办,454,486,437,465,429,472
北京第二外国语学院中瑞酒店管理学院,北京,北京市,否,否,综合类,民办,410,469,405,446,402,470
珠海科技学院,广东,珠海市,否,否,综合类,民办,457,488,445,465,421,509
烟台理工学院,山东,烟台市,否,否,综合类,民办,454,485,437,445,400,494
南京师范大学泰州学院,江苏,泰州市,否,否,师范类,民办,463,513,454,491,457,516
江苏大学京江学院,江苏,镇江市,否,否,综合类,民办,467,507,456,484,462,516
河南警察学院,河南,郑州市,否,否,政法类,公办,513,545,563,556,563,586
长春工业大学人文信息学院,吉林,长春市,否,否,综合类,民办,424,470,407,447,411,467
西安财经大学行知学院,陕西,西安市,否,否,财经类,民办,440,480,409,465,449,491
长春建筑学院,吉林,长春市,否,否,理工类,民办,423,470,418,445,400,474
河北师范大学汇华学院,河北,石家庄市,否,否,师范类,民办,474,513,467,493,471,519
无锡学院,江苏,无锡市,否,否,理工类,公办,521,545,507,523,500,549
河北地质大学华信学院,河北,石家庄市,否,否,综合类,民办,429,466,405,472,427,498
北京中医药大学东方学院,河北,廊坊市,否,否,医药类,民办,477,512,426,469,464,534
青岛城市学院,山东,青岛市,否,否,理工类,民办,431,470,420,445,404,497
燕京理工学院,河北,廊坊市,否,否,理工类,民办,442,497,417,472,439,495
四川工商学院,四川,成都市,否,否,综合类,民办,437,486,411,468,462,468
海口经济学院,海南,海口市,否,否,综合类,民办,420,465,408,445,408,466
广西艺术学院,广西,南宁市,否,否,艺术类,公办,463,465,475,492,469,516
浙江水利水电学院,浙江,杭州市,否,否,理工类,公办,516,540,508,522,516,553
湖北第二师范学院,湖北,武汉市,否,否,师范类,公办,505,548,504,527,519,557
浙江机电职业技术大学,浙江,杭州市,否,否,理工类,公办,420,441,410,418,372,417
四川警察学院,四川,泸州市,否,否,政法类,公办,513,545,508,521,511,547
西交利物浦大学,江苏,苏州市,否,否,综合类,中外合作办学,549,561,531,529,550,569
新疆农业职业技术大学,新疆,昌吉回族自治州,否,否,农林类,公办,317,338,249,241,199,196
三亚学院,海南,三亚市,否,否,综合类,民办,414,465,407,446,411,474
黑龙江外国语学院,黑龙江,哈尔滨市,否,否,语言类,民办,420,467,414,448,414,467
河南开封科技传媒学院,河南,开封市,否,否,综合类,民办,446,502,437,485,431,509
河南工程学院,河南,郑州市,否,否,理工类,公办,515,547,488,508,486,537
武汉纺织大学外经贸学院,湖北,武汉市,否,否,综合类,民办,439,478,424,458,415,478
长春电子科技学院,吉林,长春市,否,否,理工类,民办,425,471,418,450,400,469
广州软件学院,广东,广州市,否,否,理工类,民办,447,465,480,451,461,478
黄河交通学院,河南,焦作市,否,否,理工类,民办,431,475,422,453,417,473
大连理工大学城市学院,辽宁,大连市,否,否,理工类,民办,439,472,430,451,428,475
上海外国语大学贤达经济人文学院,上海,上海市,否,否,财经类,民办,409,465,406,445,410,466
北京理工大学珠海学院,广东,珠海市,否,否,理工类,民办,521,556,512,530,524,559
大连工业大学艺术与信息工程学院,辽宁,大连市,否,否,理工类,民办,423,469,413,448,414,469
广州新华学院,广东,广州市,否,否,综合类,民办,430,473,421,457,404,467
武汉体育学院体育科技学院,湖北,武汉市,否,否,体育类,民办,433,495,416,473,434,505
昆明城市学院,云南,昆明市,否,否,综合类,民办,428,482,423,464,408,487
山东政法学院,山东,济南市,否,否,政法类,公办,522,552,513,529,523,561
吉林师范大学博达学院,吉林,四平市,否,否,师范类,民办,425,473,422,451,401,467
北京师范大学-香港浸会大学联合国际学院,广东,珠海市,否,否,综合类,内地与港澳台地区合作办学,534,550,520,535,528,570
长春科技学院,吉林,长春市,否,否,综合类,民办,425,471,416,448,400,466
兰州城市学院,甘肃,兰州市,否,否,综合类,公办,466,511,471,502,489,535
安顺学院,贵州,安顺市,否,否,综合类,公办,474,516,467,478,454,522
西安医学院,陕西,西安市,否,否,医药类,公办,571,535,562,511,575,542
菏泽学院,山东,菏泽市,否,否,综合类,公办,467,528,480,506,483,526
安康学院,陕西,安康市,否,否,综合类,公办,477,520,468,500,473,527
商洛学院,陕西,商洛市,否,否,综合类,公办,476,518,471,495,471,517
三明学院,福建,三明市,否,否,综合类,公办,468,514,482,485,486,535
贺州学院,广西,贺州市,否,否,综合类,公办,473,518,466,496,455,519
长治学院,山西,长治市,否,否,综合类,公办,485,518,482,494,487,530
北部湾大学,广西,钦州市,否,否,综合类,公办,500,533,491,511,496,541
丽水学院,浙江,丽水市,否,否,综合类,公办,505,525,491,484,489,547
百色学院,广西,百色市,否,否,综合类,公办,473,516,463,493,472,520
梧州学院,广西,梧州市,否,否,综合类,公办,473,512,405,492,491,527
龙岩学院,福建,龙岩市,否,否,综合类,公办,475,516,441,492,483,527
海南热带海洋学院,海南,三亚市,否,否,综合类,公办,482,522,467,502,452,534
青岛滨海学院,山东,青岛市,否,否,综合类,民办,448,471,420,445,402,476
辽宁对外经贸学院,辽宁,大连市,否,否,财经类,民办,420,467,411,449,410,466
长沙医学院,湖南,长沙市,否,否,医药类,民办,498,517,483,497,506,524
呼伦贝尔学院,内蒙古,呼伦贝尔市,否,否,综合类,公办,470,512,461,492,461,517
宁夏师范大学,宁夏,固原市,否,否,师范类,公办,487,519,480,502,484,534
贵州工程应用技术学院,贵州,毕节市,否,否,师范类,公办,475,516,458,494,470,519
重庆人文科技学院,重庆,重庆市,否,否,综合类,民办,466,506,460,483,456,509
山东大学（威海）,山东,威海市,是,是,综合类,公办,619,621,607,594,627,630
宁波诺丁汉大学,浙江,宁波市,否,否,综合类,中外合作办学,542,558,526,534,539,572
上海师范大学天华学院,上海,上海市,否,否,综合类,民办,429,465,415,454,425,475
集美大学诚毅学院,福建,厦门市,否,否,综合类,民办,466,509,457,498,466,529
山东航空学院,山东,滨州市,否,否,综合类,公办,500,528,463,497,410,533
信阳农林学院,河南,信阳市,否,否,农林类,公办,471,513,466,493,466,518
安徽中医药大学,安徽,合肥市,否,否,医药类,公办,517,554,508,525,522,556
南京财经大学红山学院,江苏,镇江市,否,否,综合类,民办,450,511,415,489,460,515
宁波工程学院,浙江,宁波市,否,否,理工类,公办,513,541,504,517,512,507
湖南涉外经济学院,湖南,长沙市,否,否,财经类,民办,421,469,405,445,421,481
西京学院,陕西,西安市,否,否,理工类,民办,441,485,425,465,442,494
西安翻译学院,陕西,西安市,否,否,语言类,民办,424,465,425,457,422,485
常熟理工学院,江苏,苏州市,否,否,理工类,公办,517,541,509,483,512,552
三江学院,江苏,南京市,否,否,综合类,民办,452,501,451,486,453,512
洛阳理工学院,河南,洛阳市,否,否,理工类,公办,527,526,515,508,518,536
武汉城市学院,湖北,武汉市,否,否,理工类,民办,444,475,427,449,400,496
宿迁学院,江苏,宿迁市,否,否,综合类,公办,502,535,493,510,494,536
武汉学院,湖北,武汉市,否,否,综合类,民办,446,506,406,486,447,512
保定理工学院,河北,保定市,否,否,理工类,民办,429,473,422,452,417,468
辽宁理工学院,辽宁,锦州市,否,否,理工类,民办,425,470,414,448,413,468
商丘工学院,河南,商丘市,否,否,理工类,民办,432,476,425,454,419,474
武汉东湖学院,湖北,武汉市,否,否,综合类,民办,443,478,426,446,406,504
武昌理工学院,湖北,武汉市,否,否,综合类,民办,451,506,453,478,453,501
郑州工商学院,河南,郑州市,否,否,财经类,民办,445,480,435,461,429,486
郑州师范学院,河南,郑州市,否,否,师范类,公办,430,531,498,517,505,545
东南大学成贤学院,江苏,南京市,否,否,综合类,民办,480,508,446,485,485,518
武汉工程科技学院,湖北,武汉市,否,否,理工类,民办,444,478,425,447,406,490
山东中医药大学,山东,济南市,否,否,医药类,公办,529,522,523,532,523,560
南京特殊教育师范学院,江苏,南京市,否,否,师范类,公办,467,520,485,508,491,532
太原工业学院,山西,太原市,否,否,理工类,公办,498,513,491,507,501,541
中南林业科技大学涉外学院,湖南,长沙市,否,否,综合类,民办,467,510,457,481,449,505
电子科技大学成都学院,四川,成都市,否,否,理工类,民办,489,505,487,479,492,515
中国矿业大学徐海学院,江苏,徐州市,否,否,综合类,民办,468,510,460,489,462,513
郑州财经学院,河南,郑州市,否,否,财经类,民办,435,484,417,465,453,491
三峡大学科技学院,湖北,宜昌市,否,否,综合类,民办,461,504,444,482,406,507
北京邮电大学世纪学院,北京,北京市,否,否,综合类,民办,422,473,408,446,412,477
郑州经贸学院,河南,郑州市,否,否,财经类,民办,445,487,434,467,431,496
北京工业大学耿丹学院,北京,北京市,否,否,综合类,民办,420,466,410,452,411,475
北京金融科技学院,北京,北京市,否,否,财经类,民办,409,467,406,448,408,469
汉口学院,湖北,武汉市,否,否,综合类,民办,442,497,429,477,400,500
武昌首义学院,湖北,武汉市,否,否,理工类,民办,459,502,446,482,450,504
西安航空学院,陕西,西安市,否,否,理工类,公办,515,542,510,520,513,550
武汉华夏理工学院,湖北,武汉市,否,否,理工类,民办,456,478,443,447,439,499
广州南方学院,广东,广州市,否,否,综合类,民办,427,467,419,445,409,494
天水师范学院,甘肃,天水市,否,否,师范类,公办,477,525,459,504,416,528
陇东学院,甘肃,庆阳市,否,否,综合类,公办,477,514,464,491,469,521
上海电机学院,上海,上海市,否,否,理工类,公办,547,559,532,538,530,568
塔里木大学,新疆,自治区直辖县级行政区划,否,否,综合类,公办,539,513,530,492,521,509
榆林学院,陕西,榆林市,否,否,综合类,公办,474,523,466,496,461,513
曲靖师范学院,云南,曲靖市,否,否,师范类,公办,473,516,461,476,469,529
成都体育学院,四川,成都市,否,否,体育类,公办,486,473,483,514,501,548
乐山师范学院,四川,乐山市,否,否,师范类,公办,489,521,481,509,486,542
宜宾学院,四川,宜宾市,否,否,综合类,公办,498,504,487,505,491,533
内江师范学院,四川,内江市,否,否,师范类,公办,476,538,497,517,491,539
绵阳师范学院,四川,绵阳市,否,否,师范类,公办,483,529,486,511,496,540
文华学院,湖北,武汉市,否,否,综合类,民办,455,497,431,476,449,470
重庆工商大学,重庆,重庆市,否,否,财经类,公办,539,555,516,551,572,592
贵阳学院,贵州,贵阳市,否,否,综合类,公办,493,529,481,507,480,537
湖南人文科技学院,湖南,娄底市,否,否,综合类,公办,480,514,471,494,444,473
辽宁科技学院,辽宁,本溪市,否,否,理工类,公办,478,513,466,492,452,484
浙江传媒学院,浙江,杭州市,否,否,艺术类,公办,567,569,549,552,531,569
南京工业职业技术大学,江苏,南京市,否,否,理工类,公办,503,523,480,496,409,467
淮阴师范学院,江苏,淮安市,否,否,师范类,公办,494,535,471,513,412,543
绥化学院,黑龙江,绥化市,否,否,综合类,公办,472,512,465,492,468,517
哈尔滨师范大学,黑龙江,哈尔滨市,否,否,师范类,公办,477,533,503,505,513,556
厦门理工学院,福建,厦门市,否,否,理工类,公办,525,544,515,524,521,555
湖北经济学院法商学院,湖北,武汉市,否,否,财经类,民办,433,475,432,446,430,491
徐州工程学院,江苏,徐州市,否,否,综合类,公办,506,540,494,517,496,547
金陵科技学院,江苏,南京市,否,否,理工类,公办,522,543,511,521,519,545
吉林医药学院,吉林,吉林市,否,否,医药类,公办,506,513,490,492,470,490
广西财经学院,广西,南宁市,否,否,财经类,公办,495,537,465,518,509,547
黑河学院,黑龙江,黑河市,否,否,综合类,公办,474,514,465,493,464,516
昆明学院,云南,昆明市,否,否,综合类,公办,498,527,481,512,504,543
西安文理学院,陕西,西安市,否,否,综合类,公办,513,550,507,524,517,556
赤峰学院,内蒙古,赤峰市,否,否,综合类,公办,472,515,464,492,458,515
重庆文理学院,重庆,重庆市,否,否,综合类,公办,509,549,507,522,516,557
伊犁师范大学,新疆,伊犁哈萨克自治州,否,否,师范类,公办,465,516,463,491,461,518
河池学院,广西,河池市,否,否,综合类,公办,472,517,467,494,447,519
广西中医药大学,广西,南宁市,否,否,医药类,公办,518,549,512,524,513,515
广东金融学院,广东,广州市,否,否,财经类,公办,516,546,513,525,515,550
长沙学院,湖南,长沙市,否,否,综合类,公办,518,543,510,522,519,554
湖北理工学院,湖北,黄石市,否,否,理工类,公办,514,531,498,511,493,536
安庆师范大学,安徽,安庆市,否,否,师范类,公办,501,537,473,521,526,552
阜阳师范大学,安徽,阜阳市,否,否,师范类,公办,479,544,501,523,505,550
福建中医药大学,福建,福州市,否,否,医药类,公办,517,557,504,525,515,553
福建医科大学,福建,福州市,否,否,医药类,公办,584,556,549,536,533,570
重庆交通大学,重庆,重庆市,否,否,理工类,公办,555,567,561,528,574,590
吉林农业科技学院,吉林,吉林市,否,否,农林类,公办,472,512,463,492,454,494
大庆师范学院,黑龙江,大庆市,否,否,师范类,公办,472,516,467,494,468,520
上海政法学院,上海,上海市,否,否,政法类,公办,555,588,551,540,581,601
上海商学院,上海,上海市,否,否,财经类,公办,529,554,514,526,527,564
重庆科技大学,重庆,重庆市,否,否,理工类,公办,515,545,511,519,521,552
武汉科技大学,湖北,武汉市,否,否,综合类,公办,577,588,574,562,591,595
中国矿业大学（北京）,北京,北京市,否,是,理工类,公办,587,600,509,533,602,618
广州科技职业技术大学,广东,广州市,否,否,综合类,民办,305,302,190,191,276,203
广东理工学院,广东,肇庆市,否,否,理工类,民办,422,468,408,445,425,470
广东培正学院,广东,广州市,否,否,财经类,民办,425,466,408,445,416,480
广东技术师范大学,广东,广州市,否,否,师范类,公办,513,555,509,523,521,556
广东警官学院,广东,广州市,否,否,政法类,公办,531,558,521,532,538,562
肇庆学院,广东,肇庆市,否,否,师范类,公办,496,535,473,511,406,540
南方医科大学,广东,广州市,否,否,医药类,公办,583,583,566,546,566,582
贵州大学,贵州,贵阳市,否,是,综合类,公办,584,598,531,570,598,608
西南大学,重庆,重庆市,否,是,综合类,公办,598,611,588,586,613,624
攀枝花学院,四川,攀枝花市,否,否,综合类,公办,476,532,470,506,514,535
西昌学院,四川,凉山彝族自治州,否,否,综合类,公办,492,524,485,503,488,530
江西应用科技学院,江西,南昌市,否,否,综合类,民办,428,471,420,449,409,471
晋中学院,山西,晋中市,否,否,综合类,公办,483,519,478,501,478,528
运城学院,山西,运城市,否,否,综合类,公办,480,518,467,498,445,527
山西中医药大学,山西,晋中市,否,否,医药类,公办,580,586,562,560,578,592
南昌职业大学,江西,南昌市,否,否,综合类,民办,434,471,422,452,416,467
河南工学院,河南,新乡市,否,否,理工类,公办,487,513,475,493,472,519
江西职业技术大学,江西,九江市,否,否,综合类,公办,393,426,349,355,274,289
新余学院,江西,新余市,否,否,综合类,公办,492,519,481,501,487,530
景德镇学院,江西,景德镇市,否,否,综合类,公办,489,524,486,503,484,532
萍乡学院,江西,萍乡市,否,否,综合类,公办,468,513,468,489,469,523
黄淮学院,河南,驻马店市,否,否,综合类,公办,527,523,517,500,520,524
河南科技学院,河南,新乡市,否,否,综合类,公办,526,549,518,528,523,559
平顶山学院,河南,平顶山市,否,否,综合类,公办,543,519,529,497,531,521
北京信息科技大学,北京,北京市,否,否,理工类,公办,582,583,570,557,590,595
安阳师范学院,河南,安阳市,否,否,师范类,公办,520,547,512,512,492,537
信阳师范大学,河南,信阳市,否,否,师范类,公办,539,558,532,535,540,564
首都经济贸易大学,北京,北京市,否,否,财经类,公办,575,601,565,567,600,609
河南中医药大学,河南,郑州市,否,否,医药类,公办,524,554,514,531,529,561
江西科技学院,江西,南昌市,否,否,综合类,民办,446,475,427,452,400,476
南昌理工学院,江西,南昌市,否,否,综合类,民办,447,484,430,457,404,481
南昌工程学院,江西,南昌市,否,否,理工类,公办,541,558,529,537,547,569
北京体育大学,北京,北京市,否,是,体育类,公办,583,595,573,570,571,597
西安思源学院,陕西,西安市,否,否,综合类,民办,444,483,437,465,435,490
西安外事学院,陕西,西安市,否,否,综合类,民办,446,483,438,464,437,492
天津中德应用技术大学,天津,天津市,否,否,理工类,公办,500,526,494,509,497,542
南阳理工学院,河南,南阳市,否,否,理工类,公办,525,559,513,532,535,563
安阳工学院,河南,安阳市,否,否,理工类,公办,519,515,514,495,518,520
河南师范大学,河南,新乡市,否,否,师范类,公办,514,566,539,546,553,576
中国石油大学（北京）,北京,北京市,否,是,理工类,公办,601,606,584,577,609,610
华北电力大学,北京,北京市,否,是,理工类,公办,615,606,603,574,622,620
中国地质大学（北京）,北京,北京市,否,是,理工类,公办,597,603,583,564,600,622
吉利学院,四川,成都市,否,否,理工类,民办,435,471,433,452,428,471
首都师范大学科德学院,北京,北京市,否,否,艺术类,民办,409,465,408,445,404,468
汉江师范学院,湖北,十堰市,否,否,师范类,公办,498,530,488,511,491,537
武汉商学院,湖北,武汉市,否,否,财经类,公办,521,540,512,514,520,557
四川工业科技学院,四川,德阳市,否,否,综合类,民办,458,479,448,462,447,481
四川文理学院,四川,达州市,否,否,综合类,公办,486,519,475,501,465,531
四川工程职业技术大学,四川,德阳市,否,否,理工类,公办,417,434,395,369,364,338
南通大学,江苏,南通市,否,否,综合类,公办,546,584,509,557,575,592
辽宁工程技术大学,辽宁,阜新市,否,否,理工类,公办,534,556,521,531,537,567
阿坝师范学院,四川,阿坝藏族羌族自治州,否,否,师范类,公办,478,516,476,495,472,523
四川旅游学院,四川,成都市,否,否,综合类,公办,475,512,464,450,486,541
成都东软学院,四川,成都市,否,否,理工类,民办,447,477,405,446,462,502
齐齐哈尔工程学院,黑龙江,齐齐哈尔市,否,否,综合类,民办,422,469,415,449,413,468
黑龙江工业学院,黑龙江,鸡西市,否,否,综合类,公办,474,511,465,491,463,516
哈尔滨信息工程学院,黑龙江,哈尔滨市,否,否,理工类,民办,425,470,416,448,417,470
河北外国语学院,河北,石家庄市,否,否,语言类,民办,426,469,410,448,422,473
河北工程技术学院,河北,石家庄市,否,否,理工类,民办,428,467,426,453,402,492
哈尔滨职业技术大学,黑龙江,哈尔滨市,否,否,综合类,公办,332,340,278,245,201,203
哈尔滨金融学院,黑龙江,哈尔滨市,否,否,财经类,公办,471,513,455,457,485,532
上海中侨职业技术大学,上海,上海市,否,否,财经类,民办,421,466,407,445,410,466
河北工业职业技术大学,河北,石家庄市,否,否,理工类,公办,477,510,466,366,221,328
河北科技工程职业技术大学,河北,邢台市,否,否,理工类,公办,475,509,467,490,278,218
河北金融学院,河北,保定市,否,否,财经类,公办,491,540,501,523,514,554
河北民族师范学院,河北,承德市,否,否,民族类,公办,468,517,469,496,404,466
邢台医学院,河北,邢台市,否,否,医药类,公办,401,446,397,417,250,440
河北石油职业技术大学,河北,承德市,否,否,理工类,公办,474,510,466,489,469,306
北华航天工业学院,河北,廊坊市,否,否,理工类,公办,518,535,511,515,515,547
上海立达学院,上海,上海市,否,否,财经类,民办,410,465,405,445,407,466
上海建桥学院,上海,上海市,否,否,财经类,民办,420,467,405,445,411,466
电子科技大学,四川,成都市,是,是,理工类,公办,646,623,629,594,651,630
防灾科技学院,河北,廊坊市,否,否,综合类,公办,483,531,502,517,510,548
沧州师范学院,河北,沧州市,否,否,师范类,公办,492,524,482,501,486,530
保定学院,河北,保定市,否,否,综合类,公办,487,515,483,508,493,542
深圳职业技术大学,广东,深圳市,否,否,综合类,公办,459,488,448,458,420,472
广东东软学院,广东,佛山市,否,否,理工类,民办,428,470,415,446,425,470
广州工商学院,广东,广州市,否,否,财经类,民办,416,465,405,447,415,470
石家庄学院,河北,石家庄市,否,否,综合类,公办,440,540,489,515,492,545
衡水学院,河北,衡水市,否,否,综合类,公办,473,520,478,501,485,528
廊坊师范学院,河北,廊坊市,否,否,师范类,公办,479,515,470,503,450,537
唐山师范学院,河北,唐山市,否,否,师范类,公办,471,524,467,502,471,535
山东师范大学,山东,济南市,否,否,师范类,公办,564,587,548,562,569,595
唐山学院,河北,唐山市,否,否,理工类,公办,485,525,480,496,485,533
石家庄铁道大学,河北,石家庄市,否,否,理工类,公办,546,568,517,543,568,579
河北地质大学,河北,石家庄市,否,否,理工类,公办,511,531,505,517,513,544
华北科技学院,河北,廊坊市,否,否,理工类,公办,506,539,504,516,505,549
河北建筑工程学院,河北,张家口市,否,否,理工类,公办,486,512,471,493,401,528
河北工程大学,河北,邯郸市,否,否,理工类,公办,555,553,541,527,552,560
承德医学院,河北,承德市,否,否,医药类,公办,539,542,508,517,517,550
燕山大学,河北,秦皇岛市,否,否,综合类,公办,575,586,530,559,587,593
华北理工大学,河北,唐山市,否,否,综合类,公办,544,553,513,533,557,564
河北医科大学,河北,石家庄市,否,否,医药类,公办,595,550,594,526,614,557
河北师范大学,河北,石家庄市,否,否,师范类,公办,545,556,545,558,561,592
北京语言大学,北京,北京市,否,否,语言类,公办,551,598,563,571,594,609
华北电力大学保定校区,河北,保定市,否,是,理工类,公办,608,599,591,573,609,607
北京印刷学院,北京,北京市,否,否,理工类,公办,540,554,517,551,560,584
首都师范大学,北京,北京市,否,否,师范类,公办,591,603,582,580,600,619
首都体育学院,北京,北京市,否,否,体育类,公办,510,545,484,523,515,548
北京物资学院,北京,北京市,否,否,财经类,公办,548,567,522,538,554,579
北京石油化工学院,北京,北京市,否,否,综合类,公办,522,544,512,522,519,558
中国劳动关系学院,北京,北京市,否,否,政法类,公办,557,580,547,548,550,577
北京农学院,北京,北京市,否,否,农林类,公办,512,544,506,508,518,559
北京联合大学,北京,北京市,否,否,综合类,公办,568,581,554,553,566,589
北京工商大学,北京,北京市,否,否,财经类,公办,567,589,560,565,581,588
中国政法大学,北京,北京市,否,是,政法类,公办,613,630,610,590,631,637
中华女子学院,北京,北京市,否,否,语言类,公办,512,546,508,525,519,556
北京服装学院,北京,北京市,否,否,艺术类,公办,478,535,498,524,516,553
中央财经大学,北京,北京市,否,是,财经类,公办,601,628,615,595,632,636
北方工业大学,北京,北京市,否,否,理工类,公办,577,582,572,541,587,593
北京城市学院,北京,北京市,否,否,综合类,民办,448,500,417,455,440,493
中国传媒大学,北京,北京市,否,是,综合类,公办,590,615,599,587,619,632
中国农业大学,北京,北京市,是,是,农林类,公办,620,625,604,594,627,633
北京化工大学,北京,北京市,否,是,理工类,公办,607,603,593,532,612,616
鲁东大学,山东,烟台市,否,否,综合类,公办,518,551,512,531,520,562
烟台大学,山东,烟台市,否,否,综合类,公办,518,547,509,529,524,553
山东第二医科大学,山东,潍坊市,否,否,医药类,公办,512,513,496,447,541,543
潍坊学院,山东,潍坊市,否,否,综合类,公办,491,539,470,515,427,542
山东第一医科大学,山东,济南市,否,否,医药类,公办,577,526,514,515,516,541
北方民族大学,宁夏,银川市,否,否,综合类,公办,534,560,525,535,533,566
宁夏大学,宁夏,银川市,否,是,综合类,公办,574,592,565,566,588,604
广西民族大学,广西,南宁市,否,否,民族类,公办,495,538,486,519,494,549
山东农业大学,山东,泰安市,否,否,农林类,公办,539,559,527,535,539,569
南宁师范大学,广西,南宁市,否,否,师范类,公办,503,549,505,525,512,554
山东理工大学,山东,淄博市,否,否,理工类,公办,544,554,530,536,532,572
玉林师范学院,广西,玉林市,否,否,师范类,公办,474,516,468,493,470,518
山东科技大学,山东,青岛市,否,否,理工类,公办,563,576,534,546,577,582
广西科技大学,广西,柳州市,否,否,理工类,公办,515,529,501,480,496,545
山东财经大学,山东,济南市,否,否,财经类,公办,540,584,510,560,580,594
山东交通学院,山东,济南市,否,否,理工类,公办,508,538,500,510,509,555
桂林理工大学,广西,桂林市,否,否,理工类,公办,542,478,534,517,545,547
桂林电子科技大学,广西,桂林市,否,否,理工类,公办,577,556,566,530,581,556
广西师范大学,广西,桂林市,否,否,师范类,公办,523,543,519,528,523,561
广西医科大学,广西,南宁市,否,否,医药类,公办,549,537,531,511,594,549
内蒙古财经大学,内蒙古,呼和浩特市,否,否,财经类,公办,487,525,477,503,497,466
山东建筑大学,山东,济南市,否,否,理工类,公办,533,552,510,531,556,587
山东工商学院,山东,烟台市,否,否,财经类,公办,487,532,428,475,511,552
黔南民族师范学院,贵州,黔南布依族苗族自治州,否,否,师范类,公办,472,517,458,496,471,520
贵州中医药大学,贵州,贵阳市,否,否,医药类,公办,508,549,490,523,510,529
贵州财经大学,贵州,贵阳市,否,否,财经类,公办,516,548,507,522,463,518
内蒙古师范大学,内蒙古,呼和浩特市,否,否,师范类,公办,508,548,497,523,506,547
贵州师范大学,贵州,贵阳市,否,否,师范类,公办,491,540,475,490,498,477
海南医科大学,海南,海口市,否,否,医药类,公办,535,519,549,503,547,552
海南师范大学,海南,海口市,否,否,师范类,公办,527,562,537,543,552,575
曲阜师范大学,山东,济宁市,否,否,师范类,公办,545,579,539,553,561,587
青岛理工大学,山东,青岛市,否,否,理工类,公办,562,566,543,542,521,570
内蒙古民族大学,内蒙古,通辽市,否,否,综合类,公办,477,528,467,508,458,533
内蒙古科技大学,内蒙古,包头市,否,否,综合类,公办,528,523,514,483,537,547
海南大学,海南,海口市,否,是,综合类,公办,574,595,538,549,591,609
河西学院,甘肃,张掖市,否,否,综合类,公办,475,517,467,493,473,521
甘肃政法大学,甘肃,兰州市,否,否,政法类,公办,562,575,549,547,554,575
兰州财经大学,甘肃,兰州市,否,否,财经类,公办,493,541,499,522,519,554
青岛大学,山东,青岛市,否,否,综合类,公办,581,580,570,559,581,593
甘肃中医药大学,甘肃,兰州市,否,否,医药类,公办,554,559,547,538,553,567
临沂大学,山东,临沂市,否,否,综合类,公办,517,502,510,525,515,556
西北师范大学,甘肃,兰州市,否,否,师范类,公办,517,570,551,553,559,586
聊城大学,山东,聊城市,否,否,综合类,公办,507,552,512,530,515,558
许昌学院,河南,许昌市,否,否,理工类,公办,495,525,484,503,482,527
甘肃农业大学,甘肃,兰州市,否,否,农林类,公办,495,535,478,511,407,466
青岛农业大学,山东,青岛市,否,否,农林类,公办,505,545,500,523,506,554
河南财经政法大学,河南,郑州市,否,否,财经类,公办,522,571,547,550,559,583
商丘师范学院,河南,商丘市,否,否,师范类,公办,515,548,484,507,485,531
兰州交通大学,甘肃,兰州市,否,否,理工类,公办,558,541,548,516,562,557
南阳师范学院,河南,南阳市,否,否,师范类,公办,523,552,525,533,534,564
周口师范学院,河南,周口市,否,否,师范类,公办,514,547,480,505,477,529
洛阳师范学院,河南,洛阳市,否,否,综合类,公办,535,557,531,535,536,562
新乡医学院,河南,新乡市,否,否,医药类,公办,538,547,530,527,541,558
中原工学院,河南,郑州市,否,否,理工类,公办,520,549,517,529,526,561
西北民族大学,甘肃,兰州市,否,否,综合类,公办,567,538,553,519,569,548
郑州航空工业管理学院,河南,郑州市,否,否,综合类,公办,524,552,519,530,525,561
莆田学院,福建,莆田市,否,否,综合类,公办,501,531,490,514,496,544
闽江学院,福建,福州市,否,否,综合类,公办,496,537,483,514,509,551
闽南师范大学,福建,漳州市,否,否,师范类,公办,493,527,482,521,503,553
泉州师范学院,福建,泉州市,否,否,师范类,公办,481,533,465,515,499,549
福建理工大学,福建,福州市,否,否,理工类,公办,516,531,496,506,498,527
福建师范大学,福建,福州市,否,否,师范类,公办,541,570,526,559,579,594
仰恩大学,福建,泉州市,否,否,综合类,民办,426,476,423,456,425,472
集美大学,福建,厦门市,否,否,综合类,公办,566,585,554,551,570,595
西藏民族大学,陕西,咸阳市,否,否,民族类,公办,548,538,498,516,548,558
黄河科技学院,河南,郑州市,否,否,理工类,民办,514,498,509,474,519,502
福建农林大学,福建,福州市,否,否,农林类,公办,536,557,549,538,545,573
河南工业大学,河南,郑州市,否,否,理工类,公办,519,551,530,540,545,573
华侨大学,福建,泉州市,否,否,综合类,公办,569,585,560,556,572,586
华北水利水电大学,河南,郑州市,否,否,理工类,公办,551,554,541,536,547,568
河南理工大学,河南,焦作市,否,否,理工类,公办,536,554,525,533,536,565
河南农业大学,河南,郑州市,否,否,农林类,公办,515,555,520,538,527,569
湖北文理学院,湖北,襄阳市,否,否,综合类,公办,506,544,494,521,482,550
河南科技大学,河南,洛阳市,否,否,综合类,公办,535,563,539,543,546,572
河南大学,河南,开封市,否,否,综合类,公办,567,590,572,567,586,598
郑州轻工业大学,河南,郑州市,否,否,理工类,公办,537,553,532,534,541,566
湖北科技学院,湖北,咸宁市,否,否,综合类,公办,520,532,508,514,516,546
黑龙江东方学院,黑龙江,哈尔滨市,否,否,综合类,民办,423,473,418,452,410,469
齐齐哈尔医学院,黑龙江,齐齐哈尔市,否,否,医药类,公办,514,514,484,491,464,502
湖北民族大学,湖北,恩施土家族苗族自治州,否,否,综合类,公办,509,541,495,518,491,547
黑龙江科技大学,黑龙江,哈尔滨市,否,否,理工类,公办,511,529,485,513,446,540
黑龙江工程学院,黑龙江,哈尔滨市,否,否,理工类,公办,479,512,463,468,426,538
武汉体育学院,湖北,武汉市,否,否,体育类,公办,447,519,505,517,510,554
哈尔滨学院,黑龙江,哈尔滨市,否,否,综合类,公办,476,518,467,477,464,532
东北石油大学,黑龙江,大庆市,否,否,理工类,公办,541,555,524,534,518,565
湖北经济学院,湖北,武汉市,否,否,财经类,公办,513,544,508,526,521,559
哈尔滨商业大学,黑龙江,哈尔滨市,否,否,财经类,公办,530,558,509,537,540,578
湖北工程学院,湖北,孝感市,否,否,理工类,公办,510,524,499,498,508,468
牡丹江师范学院,黑龙江,牡丹江市,否,否,师范类,公办,475,517,466,497,459,522
黑龙江中医药大学,黑龙江,哈尔滨市,否,否,医药类,公办,533,571,528,543,543,586
黄冈师范学院,湖北,黄冈市,否,否,师范类,公办,501,545,498,521,503,547
湖北师范大学,湖北,黄石市,否,否,师范类,公办,516,552,510,530,521,562
湖北医药学院,湖北,十堰市,否,否,医药类,公办,537,518,522,469,528,547
湖北中医药大学,湖北,武汉市,否,否,医药类,公办,538,565,509,535,557,572
武汉轻工大学,湖北,武汉市,否,否,理工类,公办,529,551,521,530,528,559
武汉工程大学,湖北,武汉市,否,否,理工类,公办,580,585,570,558,583,593
湖北工业大学,湖北,武汉市,否,否,理工类,公办,580,574,564,549,576,588
武汉纺织大学,湖北,武汉市,否,否,理工类,公办,553,569,509,543,558,577
三峡大学,湖北,宜昌市,否,否,综合类,公办,553,569,522,548,567,579
江汉大学,湖北,武汉市,否,否,综合类,公办,566,578,551,550,557,580
哈尔滨医科大学,黑龙江,哈尔滨市,否,否,医药类,公办,566,562,592,535,599,569
长江大学,湖北,荆州市,否,否,综合类,公办,549,571,529,548,528,581
黑龙江八一农垦大学,黑龙江,大庆市,否,否,农林类,公办,486,523,485,514,487,543
湖北大学,湖北,武汉市,否,否,综合类,公办,568,592,533,565,579,595
齐齐哈尔大学,黑龙江,齐齐哈尔市,否,否,综合类,公办,490,523,469,496,437,543
中南民族大学,湖北,武汉市,否,否,综合类,公办,546,587,509,559,573,594
黑龙江大学,黑龙江,哈尔滨市,否,否,综合类,公办,551,563,543,545,565,587
华中师范大学,湖北,武汉市,否,是,师范类,公办,593,610,594,590,620,626
东北林业大学,黑龙江,哈尔滨市,否,是,农林类,公办,570,590,511,548,590,606
邵阳学院,湖南,邵阳市,否,否,综合类,公办,503,516,423,470,511,531
华中农业大学,湖北,武汉市,否,是,农林类,公办,585,598,576,575,597,609
怀化学院,湖南,怀化市,否,否,综合类,公办,505,517,496,505,501,533
湖南文理学院,湖南,常德市,否,否,综合类,公办,490,517,459,445,505,553
中南财经政法大学,湖北,武汉市,否,是,财经类,公办,571,624,597,586,620,628
吉林财经大学,吉林,长春市,否,否,财经类,公办,535,569,526,543,548,578
吉林外国语大学,吉林,长春市,否,否,语言类,民办,422,466,420,462,400,469
白城师范学院,吉林,白城市,否,否,师范类,公办,470,516,468,494,468,521
湖南科技学院,湖南,永州市,否,否,综合类,公办,478,469,504,509,511,540
通化师范学院,吉林,通化市,否,否,师范类,公办,465,517,468,496,469,522
湖南工商大学,湖南,长沙市,否,否,财经类,公办,514,565,531,539,563,587
衡阳师范学院,湖南,衡阳市,否,否,师范类,公办,504,515,499,521,507,553
吉林工程技术师范学院,吉林,长春市,否,否,师范类,公办,456,503,469,496,469,520
长春中医药大学,吉林,长春市,否,否,医药类,公办,552,568,538,542,543,571
湘南学院,湖南,郴州市,否,否,综合类,公办,503,528,510,510,517,527
湖南中医药大学,湖南,长沙市,否,否,医药类,公办,542,578,509,528,575,584
中南林业科技大学,湖南,长沙市,否,否,农林类,公办,539,559,510,525,558,579
湖南工程学院,湖南,湘潭市,否,否,理工类,公办,494,516,468,469,505,540
湖南工业大学,湖南,株洲市,否,否,综合类,公办,558,554,550,544,562,579
湖南城市学院,湖南,益阳市,否,否,综合类,公办,496,487,491,512,500,545
湖南理工学院,湖南,岳阳市,否,否,理工类,公办,557,565,543,540,550,572
吉林建筑大学,吉林,长春市,否,否,理工类,公办,496,493,486,509,471,539
长春工程学院,吉林,长春市,否,否,理工类,公办,492,512,480,454,470,529
湖南农业大学,湖南,长沙市,否,否,农林类,公办,536,560,531,533,553,580
南华大学,湖南,衡阳市,否,否,综合类,公办,561,574,543,546,558,577
吉林师范大学,吉林,四平市,否,否,师范类,公办,499,527,500,525,507,554
长沙理工大学,湖南,长沙市,否,否,理工类,公办,576,584,563,557,581,593
湖南科技大学,湖南,湘潭市,否,否,综合类,公办,560,564,531,538,530,589
长春师范大学,吉林,长春市,否,否,师范类,公办,489,530,492,515,491,543
吉首大学,湖南,湘西土家族苗族自治州,否,否,综合类,公办,555,562,542,541,555,572
湘潭大学,湖南,湘潭市,否,否,综合类,公办,585,594,577,566,585,600
吉林农业大学,吉林,长春市,否,否,农林类,公办,496,530,494,511,497,551
西安培华学院,陕西,西安市,否,否,综合类,民办,456,494,454,478,452,504
长春工业大学,吉林,长春市,否,否,理工类,公办,519,517,510,521,500,551
长春理工大学,吉林,长春市,否,否,理工类,公办,576,552,547,527,573,577
长春大学,吉林,长春市,否,否,综合类,公办,512,535,504,514,505,536
西北政法大学,陕西,西安市,否,否,政法类,公办,584,610,588,577,605,614
西安财经大学,陕西,西安市,否,否,财经类,公办,564,581,552,554,562,584
北华大学,吉林,吉林市,否,否,综合类,公办,504,540,494,518,498,549
西安外国语大学,陕西,西安市,否,否,语言类,公办,516,578,551,551,589,604
青海民族大学,青海,西宁市,否,否,民族类,公办,486,527,481,511,486,531
陕西理工大学,陕西,汉中市,否,否,理工类,公办,513,545,502,525,519,556
青海师范大学,青海,西宁市,否,否,师范类,公办,505,500,495,518,498,545
宝鸡文理学院,陕西,宝鸡市,否,否,师范类,公办,477,525,450,499,493,542
渭南师范学院,陕西,渭南市,否,否,师范类,公办,494,534,486,511,491,540
青海大学,青海,西宁市,否,是,综合类,公办,576,583,560,557,580,592
咸阳师范学院,陕西,咸阳市,否,否,师范类,公办,494,535,500,517,504,547
西藏大学,西藏,拉萨市,否,是,综合类,公办,564,549,511,526,518,559
西安邮电大学,陕西,西安市,否,否,理工类,公办,592,573,577,546,594,587
大理大学,云南,大理白族自治州,否,否,综合类,公办,514,541,496,519,503,552
西安工业大学,陕西,西安市,否,否,理工类,公办,563,574,546,547,582,583
云南警官学院,云南,昆明市,否,否,政法类,公办,514,549,504,524,517,553
西安工程大学,陕西,西安市,否,否,理工类,公办,565,572,541,546,559,579
陕西科技大学,陕西,西安市,否,否,理工类,公办,572,576,556,549,578,588
云南财经大学,云南,昆明市,否,否,财经类,公办,499,546,505,524,504,559
红河学院,云南,红河哈尼族彝族自治州,否,否,综合类,公办,472,513,406,481,466,521
西安石油大学,陕西,西安市,否,否,理工类,公办,548,566,531,551,570,584
西安科技大学,陕西,西安市,否,否,理工类,公办,567,577,545,551,579,589
西安建筑科技大学,陕西,西安市,否,否,理工类,公办,566,583,550,556,583,589
玉溪师范学院,云南,玉溪市,否,否,师范类,公办,475,528,477,504,487,532
云南中医药大学,云南,昆明市,否,否,医药类,公办,515,552,469,524,516,558
西南林业大学,云南,昆明市,否,否,农林类,公办,503,542,496,517,497,556
云南民族大学,云南,昆明市,否,否,综合类,公办,508,542,497,523,408,557
云南师范大学,云南,昆明市,否,否,师范类,公办,518,545,515,531,526,566
云南农业大学,云南,昆明市,否,否,农林类,公办,509,536,458,513,485,535
昆明理工大学,云南,昆明市,否,否,理工类,公办,552,581,509,555,573,589
铜陵学院,安徽,铜陵市,否,否,财经类,公办,485,527,469,500,409,467
巢湖学院,安徽,合肥市,否,否,综合类,公办,482,534,467,508,400,542
延安大学,陕西,延安市,否,否,综合类,公办,515,542,507,525,514,556
安徽财经大学,安徽,蚌埠市,否,否,财经类,公办,537,572,509,542,565,587
陕西师范大学,陕西,西安市,否,是,师范类,公办,589,605,575,579,602,620
西北农林科技大学,陕西,咸阳市,是,是,农林类,公办,589,608,574,579,601,615
西安交通大学,陕西,西安市,是,是,综合类,公办,657,635,637,604,658,640
上海杉达学院,上海,上海市,否,否,财经类,民办,422,465,405,448,421,479
淮北师范大学,安徽,淮北市,否,否,综合类,公办,517,547,511,531,528,559
上海戏剧学院,上海,上海市,否,否,艺术类,公办,595,565,588,564,573,598
上海体育大学,上海,上海市,否,否,体育类,公办,550,580,544,556,553,587
华东政法大学,上海,上海市,否,否,政法类,公办,588,614,576,564,601,622
安徽建筑大学,安徽,合肥市,否,否,理工类,公办,531,556,524,540,555,573
上海立信会计金融学院,上海,上海市,否,否,财经类,公办,548,576,542,544,540,588
上海对外经贸大学,上海,上海市,否,否,财经类,公办,575,591,563,557,555,558
上海电力大学,上海,上海市,否,否,理工类,公办,586,573,576,528,589,594
上海应用技术大学,上海,上海市,否,否,理工类,公办,551,560,534,531,553,577
安徽师范大学,安徽,芜湖市,否,否,师范类,公办,537,567,519,557,570,589
上海海事大学,上海,上海市,否,否,理工类,公办,563,576,525,531,580,599
上海第二工业大学,上海,上海市,否,否,理工类,公办,548,554,530,526,573,559
上海师范大学,上海,上海市,否,否,综合类,公办,566,574,524,530,578,604
上海海洋大学,上海,上海市,否,否,农林类,公办,572,585,564,558,582,593
上海工程技术大学,上海,上海市,否,否,理工类,公办,561,571,553,543,567,576
上海理工大学,上海,上海市,否,否,理工类,公办,584,570,571,559,596,599
广东财经大学,广东,广州市,否,否,财经类,公办,570,588,557,559,568,586
嘉应学院,广东,梅州市,否,否,综合类,公办,476,517,485,486,492,534
惠州学院,广东,惠州市,否,否,综合类,公办,489,524,489,511,508,521
岭南师范学院,广东,湛江市,否,否,师范类,公办,495,511,488,520,492,548
韶关学院,广东,韶关市,否,否,综合类,公办,486,524,509,510,512,531
韩山师范学院,广东,潮州市,否,否,师范类,公办,493,519,476,500,453,530
广州医科大学,广东,广州市,否,否,医药类,公办,587,582,542,554,584,581
广州大学,广东,广州市,否,否,综合类,公办,581,585,561,558,582,590
东莞理工学院,广东,东莞市,否,否,理工类,公办,555,544,544,526,569,557
广东外语外贸大学,广东,广州市,否,否,语言类,公办,556,588,515,558,590,592
广州中医药大学,广东,广州市,否,否,医药类,公办,584,601,510,565,583,590
广东工业大学,广东,广州市,否,否,理工类,公办,571,577,562,539,582,593
五邑大学,广东,江门市,否,否,综合类,公办,513,556,498,535,518,559
深圳大学,广东,深圳市,否,否,综合类,公办,610,606,596,580,615,619
汕头大学,广东,汕头市,否,否,综合类,公办,575,587,558,559,575,590
太原师范学院,山西,晋中市,否,否,师范类,公办,466,541,507,523,510,549
山西大同大学,山西,大同市,否,否,综合类,公办,503,535,497,513,511,549
忻州师范学院,山西,忻州市,否,否,师范类,公办,476,515,474,496,470,524
长治医学院,山西,长治市,否,否,医药类,公办,509,514,485,488,534,535
太原科技大学,山西,太原市,否,否,理工类,公办,547,545,536,524,548,548
中北大学,山西,太原市,否,否,综合类,公办,569,560,557,544,575,577
川北医学院,四川,南充市,否,否,医药类,公办,561,556,547,534,567,565
山西财经大学,山西,太原市,否,否,财经类,公办,537,581,552,557,574,592
四川轻化工大学,四川,自贡市,否,否,理工类,公办,544,560,539,538,550,572
山西师范大学,山西,太原市,否,否,师范类,公办,495,553,486,530,519,561
山西医科大学,山西,太原市,否,否,医药类,公办,538,554,512,529,584,541
成都信息工程大学,四川,成都市,否,否,理工类,公办,573,551,562,550,580,580
山西农业大学,山西,晋中市,否,否,农林类,公办,501,526,488,491,461,551
西南石油大学,四川,成都市,否,否,综合类,公办,584,590,570,564,584,595
中国民用航空飞行学院,四川,德阳市,否,否,理工类,公办,541,551,527,532,535,564
西华师范大学,四川,南充市,否,否,师范类,公办,535,563,532,542,544,572
四川师范大学,四川,成都市,否,否,师范类,公办,542,579,509,559,577,594
成都中医药大学,四川,成都市,否,否,医药类,公办,562,599,552,571,557,590
西南科技大学,四川,绵阳市,否,否,理工类,公办,540,570,519,545,568,581
山西大学,山西,太原市,否,否,综合类,公办,579,594,571,565,573,592
浙江万里学院,浙江,宁波市,否,否,理工类,公办,479,516,470,496,472,520
浙江财经大学,浙江,杭州市,否,否,财经类,公办,569,590,562,560,586,604
浙江工商大学,浙江,杭州市,否,否,财经类,公办,560,574,534,558,583,601
温州大学,浙江,温州市,否,否,综合类,公办,538,568,522,535,532,564
绍兴文理学院,浙江,绍兴市,否,否,综合类,公办,502,524,451,522,518,559
台州学院,浙江,台州市,否,否,综合类,公办,506,544,493,523,513,555
湖州师范学院,浙江,湖州市,否,否,综合类,公办,546,565,544,545,553,576
杭州师范大学,浙江,杭州市,否,否,综合类,公办,559,581,520,530,582,598
浙江农林大学,浙江,杭州市,否,否,农林类,公办,531,579,550,552,563,588
浙江海洋大学,浙江,舟山市,否,否,农林类,公办,522,543,527,528,513,555
中国计量大学,浙江,杭州市,否,否,理工类,公办,577,583,559,558,532,598
浙江科技大学,浙江,杭州市,否,否,理工类,公办,549,555,540,543,557,577
西华大学,四川,成都市,否,否,综合类,公办,557,580,544,557,572,590
嘉兴大学,浙江,嘉兴市,否,否,综合类,公办,528,557,505,532,512,563
浙江理工大学,浙江,杭州市,否,否,理工类,公办,582,579,571,536,585,599
浙江师范大学,浙江,金华市,否,否,综合类,公办,565,592,560,567,574,605
宁波大学,浙江,宁波市,否,否,综合类,公办,586,592,576,567,595,608
昌吉学院,新疆,昌吉回族自治州,否,否,综合类,公办,465,510,459,488,452,513
新疆财经大学,新疆,乌鲁木齐市,否,否,财经类,公办,477,524,471,506,442,537
喀什大学,新疆,喀什地区,否,否,综合类,公办,467,512,461,489,460,516
新疆师范大学,新疆,乌鲁木齐市,否,否,师范类,公办,481,531,481,509,474,541
新疆农业大学,新疆,乌鲁木齐市,否,否,农林类,公办,475,522,468,499,461,521
成都理工大学,四川,成都市,否,否,理工类,公办,575,582,578,563,596,598
西南民族大学,四川,成都市,否,否,民族类,公办,568,586,557,559,570,595
东北财经大学,辽宁,大连市,否,否,财经类,公办,564,593,535,559,595,595
沈阳工业大学,辽宁,沈阳市,否,否,理工类,公办,561,559,550,539,567,571
辽宁师范大学,辽宁,大连市,否,否,师范类,公办,515,543,509,532,519,561
沈阳大学,辽宁,沈阳市,否,否,综合类,公办,505,542,504,522,513,550
辽宁科技大学,辽宁,鞍山市,否,否,理工类,公办,539,538,526,518,524,546
沈阳师范大学,辽宁,沈阳市,否,否,师范类,公办,498,541,491,522,498,554
大连交通大学,辽宁,大连市,否,否,理工类,公办,569,539,553,517,568,561
大连大学,辽宁,大连市,否,否,综合类,公办,520,548,513,526,523,556
沈阳理工大学,辽宁,沈阳市,否,否,理工类,公办,558,533,544,502,559,550
大连外国语大学,辽宁,大连市,否,否,语言类,公办,522,556,509,528,566,589
沈阳化工大学,辽宁,沈阳市,否,否,理工类,公办,509,530,495,509,400,480
渤海大学,辽宁,锦州市,否,否,综合类,公办,510,544,507,520,512,535
辽宁工业大学,辽宁,锦州市,否,否,理工类,公办,513,536,499,514,500,541
沈阳建筑大学,辽宁,沈阳市,否,否,理工类,公办,529,554,509,532,550,569
大连工业大学,辽宁,大连市,否,否,理工类,公办,535,552,525,532,562,569
大连海洋大学,辽宁,大连市,否,否,农林类,公办,507,545,500,524,508,544
沈阳航空航天大学,辽宁,沈阳市,否,否,理工类,公办,571,542,556,525,570,557
大连民族大学,辽宁,大连市,否,否,民族类,公办,542,554,532,536,541,570
锦州医科大学,辽宁,锦州市,否,否,医药类,公办,548,516,527,494,517,545
鞍山师范学院,辽宁,鞍山市,否,否,师范类,公办,474,518,473,493,474,517
石河子大学,新疆,自治区直辖县级行政区划,否,是,综合类,公办,558,582,551,555,567,588
重庆三峡学院,重庆,重庆市,否,否,综合类,公办,500,538,507,519,515,554
井冈山大学,江西,吉安市,否,否,综合类,公办,508,534,506,517,506,549
四川美术学院,重庆,重庆市,否,否,艺术类,公办,513,543,467,519,528,492
九江学院,江西,九江市,否,否,综合类,公办,490,514,492,472,500,537
四川外国语大学,重庆,重庆市,否,否,语言类,公办,516,572,559,546,575,594
宜春学院,江西,宜春市,否,否,综合类,公办,494,521,483,493,470,477
长江师范学院,重庆,重庆市,否,否,师范类,公办,501,547,492,523,470,553
江西科技师范大学,江西,南昌市,否,否,师范类,公办,538,562,532,542,544,571
赣南师范大学,江西,赣州市,否,否,师范类,公办,524,557,532,538,549,572
辽东学院,辽宁,丹东市,否,否,综合类,公办,474,515,465,493,445,518
重庆理工大学,重庆,重庆市,否,否,理工类,公办,568,564,556,541,580,589
上饶师范学院,江西,上饶市,否,否,师范类,公办,480,534,472,511,485,539
江西中医药大学,江西,南昌市,否,否,医药类,公办,556,567,546,545,559,580
重庆邮电大学,重庆,重庆市,否,否,理工类,公办,597,580,581,557,600,592
景德镇陶瓷大学,江西,景德镇市,否,否,艺术类,公办,511,538,497,509,504,547
西南政法大学,重庆,重庆市,否,否,政法类,公办,606,619,594,584,612,623
重庆师范大学,重庆,重庆市,否,否,师范类,公办,524,581,559,559,574,593
南昌航空大学,江西,南昌市,否,否,理工类,公办,569,556,553,533,561,577
东华理工大学,江西,南昌市,否,否,理工类,公办,546,563,529,537,518,561
江西财经大学,江西,南昌市,否,否,财经类,公办,561,582,542,550,520,559
江西师范大学,江西,南昌市,否,否,师范类,公办,535,571,509,555,572,590
扬州大学,江苏,扬州市,否,否,综合类,公办,574,590,566,558,580,598
江西农业大学,江西,南昌市,否,否,农林类,公办,507,544,495,526,501,553
南京工业大学,江苏,南京市,否,否,理工类,公办,579,582,561,529,578,599
江苏大学,江苏,镇江市,否,否,综合类,公办,584,588,564,535,569,603
南京林业大学,江苏,南京市,否,否,农林类,公办,576,593,548,561,580,602
江苏师范大学,江苏,徐州市,否,否,师范类,公办,526,554,515,533,527,566
南京信息工程大学,江苏,南京市,否,否,综合类,公办,593,597,580,567,595,605
江西理工大学,江西,赣州市,否,否,理工类,公办,547,562,533,538,557,561
南京财经大学,江苏,南京市,否,否,财经类,公办,564,592,520,563,583,596
苏州科技大学,江苏,苏州市,否,否,综合类,公办,560,579,543,554,580,590
南京中医药大学,江苏,南京市,否,否,医药类,公办,580,588,570,569,580,604
江苏科技大学,江苏,镇江市,否,否,理工类,公办,575,564,563,553,574,587
南京邮电大学,江苏,南京市,否,否,理工类,公办,610,593,582,563,602,590
华东交通大学,江西,南昌市,否,否,理工类,公办,569,571,550,532,567,579
常州大学,江苏,常州市,否,否,理工类,公办,554,563,532,546,518,581
盐城师范学院,江苏,盐城市,否,否,师范类,公办,489,546,494,523,500,553
淮阴工学院,江苏,淮安市,否,否,理工类,公办,495,519,486,495,492,468
南京审计大学,江苏,南京市,否,否,财经类,公办,573,594,570,562,589,602
江苏理工学院,江苏,常州市,否,否,理工类,公办,519,534,510,516,518,555
常州工学院,江苏,常州市,否,否,理工类,公办,519,499,509,517,513,543
南京晓庄学院,江苏,南京市,否,否,师范类,公办,510,553,509,528,520,560
南京工程学院,江苏,南京市,否,否,理工类,公办,559,567,550,545,562,578
北京科技大学,北京,北京市,否,是,理工类,公办,621,610,604,544,625,625
北京理工大学,北京,北京市,是,是,理工类,公办,664,633,650,602,664,634
东北师范大学,吉林,长春市,否,是,师范类,公办,575,603,587,581,601,614
清华大学,北京,北京市,是,是,综合类,公办,698,685,684,652,699,677
太原理工大学,山西,太原市,否,是,理工类,公办,596,599,580,572,601,609
东北农业大学,黑龙江,哈尔滨市,否,是,农林类,公办,564,592,567,567,585,604
上海外国语大学,上海,上海市,否,是,语言类,公办,593,615,547,544,628,635
东北大学,辽宁,沈阳市,是,是,理工类,公办,614,611,591,584,628,625
华东理工大学,上海,上海市,否,是,理工类,公办,611,602,569,535,623,621
复旦大学,上海,上海市,是,是,综合类,公办,681,665,668,633,691,663
华东师范大学,上海,上海市,是,是,师范类,公办,625,635,621,605,650,643
上海财经大学,上海,上海市,否,是,财经类,公办,617,632,613,601,642,641
延边大学,吉林,延边朝鲜族自治州,否,是,综合类,公办,578,588,564,558,585,601
武汉理工大学,湖北,武汉市,否,是,理工类,公办,609,603,601,577,618,615
华中科技大学,湖北,武汉市,是,是,综合类,公办,633,634,638,604,658,640
山东大学,山东,济南市,是,是,综合类,公办,611,623,619,598,638,636
上海交通大学,上海,上海市,是,是,综合类,公办,691,668,678,637,692,667
哈尔滨工程大学,黑龙江,哈尔滨市,否,是,理工类,公办,617,602,599,573,615,609
中南大学,湖南,长沙市,是,是,综合类,公办,621,630,609,598,632,636
吉林大学,吉林,长春市,是,是,综合类,公办,609,619,530,598,626,631
中国地质大学（武汉）,湖北,武汉市,否,是,理工类,公办,596,601,584,578,606,616
中国石油大学（华东）,山东,青岛市,否,是,理工类,公办,597,603,578,577,597,611
重庆大学,重庆,重庆市,是,是,综合类,公办,623,630,612,599,637,634
苏州大学,江苏,苏州市,否,是,综合类,公办,620,612,604,588,621,624
中国药科大学,江苏,南京市,否,是,医药类,公办,600,603,586,576,604,608
河海大学,江苏,南京市,否,是,综合类,公办,608,610,596,581,613,617
南京师范大学,江苏,南京市,否,是,师范类,公办,597,610,580,584,616,624
浙江大学,浙江,杭州市,是,是,综合类,公办,679,655,666,622,686,658
南京农业大学,江苏,南京市,否,是,农林类,公办,581,599,509,573,598,611
南京大学,江苏,南京市,是,是,综合类,公办,673,658,657,626,677,659
中国矿业大学,江苏,徐州市,否,是,综合类,公办,596,601,581,574,601,611
东南大学,江苏,南京市,是,是,综合类,公办,653,636,633,605,651,640
南昌大学,江西,南昌市,否,是,综合类,公办,597,604,580,577,603,612
西北工业大学,陕西,西安市,是,是,理工类,公办,644,621,627,591,645,627
暨南大学,广东,广州市,否,是,综合类,公办,606,613,600,587,617,623
华南理工大学,广东,广州市,是,是,综合类,公办,638,623,621,592,644,630
中山大学,广东,广州市,是,是,综合类,公办,645,641,629,607,645,642
福州大学,福建,福州市,否,是,理工类,公办,595,601,582,575,599,615
厦门大学,福建,厦门市,是,是,综合类,公办,638,640,628,607,649,644
西南财经大学,四川,成都市,否,是,财经类,公办,590,618,593,590,622,627
四川大学,四川,成都市,是,是,综合类,公办,627,626,618,598,642,641
华南师范大学,广东,广州市,否,是,师范类,公办,591,605,571,573,613,621
兰州大学,甘肃,兰州市,是,是,综合类,公办,606,611,602,590,625,627
广西大学,广西,南宁市,否,是,综合类,公办,576,597,516,571,597,608
天津农学院,天津,天津市,否,否,农林类,公办,489,527,480,511,479,540
天津体育学院,天津,天津市,否,否,体育类,公办,494,524,498,523,504,466
天津城建大学,天津,天津市,否,否,综合类,公办,506,534,504,522,511,550
天津职业技术师范大学,天津,天津市,否,否,师范类,公办,505,534,496,520,496,553
天津中医药大学,天津,天津市,否,否,医药类,公办,555,583,509,556,571,588
中国民航大学,天津,天津市,否,否,理工类,公办,572,581,557,550,567,595
天津外国语大学,天津,天津市,否,否,语言类,公办,546,573,517,548,564,594
江南大学,江苏,无锡市,否,是,综合类,公办,608,609,589,575,605,599
天津商业大学,天津,天津市,否,否,财经类,公办,526,565,509,544,556,582
天津财经大学,天津,天津市,否,否,财经类,公办,563,574,551,527,531,598
天津科技大学,天津,天津市,否,否,理工类,公办,552,561,554,528,570,587
天津理工大学,天津,天津市,否,否,理工类,公办,557,563,565,528,578,585
天津工业大学,天津,天津市,否,否,综合类,公办,592,591,583,565,596,601
天津师范大学,天津,天津市,否,否,师范类,公办,548,586,509,560,578,594
南京航空航天大学,江苏,南京市,否,是,理工类,公办,627,615,613,587,627,622
上海大学,上海,上海市,否,是,综合类,公办,609,620,589,591,621,626
新疆大学,新疆,乌鲁木齐市,否,是,综合类,公办,558,587,511,561,579,595
同济大学,上海,上海市,是,是,综合类,公办,641,643,564,609,667,645
济南大学,山东,济南市,否,否,综合类,公办,550,583,510,557,576,592
安徽农业大学,安徽,合肥市,否,否,农林类,公办,538,566,536,541,541,571
安徽工业大学,安徽,马鞍山市,否,否,理工类,公办,559,556,544,533,559,575
安徽大学,安徽,合肥市,否,是,综合类,公办,604,602,585,577,601,612
德州学院,山东,德州市,否,否,综合类,公办,491,518,484,506,485,532
合肥工业大学,安徽,合肥市,否,是,理工类,公办,601,599,588,550,606,610
郑州大学,河南,郑州市,否,是,综合类,公办,589,602,579,578,603,613
中国海洋大学,山东,青岛市,是,是,综合类,公办,610,614,597,578,624,628
天津大学,天津,天津市,是,是,综合类,公办,633,632,622,603,652,638
南开大学,天津,天津市,是,是,综合类,公办,649,646,587,611,665,650
湖南师范大学,湖南,长沙市,否,是,师范类,公办,591,604,570,580,602,619
西安电子科技大学,陕西,西安市,否,是,理工类,公办,632,601,617,577,635,612
河北经贸大学,河北,石家庄市,否,否,财经类,公办,491,549,511,529,523,561
河北大学,河北,保定市,否,否,综合类,公办,551,589,559,563,579,595
对外经济贸易大学,北京,北京市,否,是,财经类,公办,609,632,618,602,642,638
北京师范大学,北京,北京市,是,是,师范类,公办,638,645,626,613,636,647
西南交通大学,四川,成都市,否,是,理工类,公办,607,590,594,579,615,619
辽宁大学,辽宁,沈阳市,否,是,综合类,公办,587,596,555,575,599,610
北京中医药大学,北京,北京市,否,是,医药类,公办,576,614,581,593,605,625
北京邮电大学,北京,北京市,否,是,理工类,公办,638,616,624,588,646,624
北京航空航天大学,北京,北京市,是,是,理工类,公办,667,639,655,607,674,643
中国人民大学,北京,北京市,是,是,综合类,公办,669,661,643,624,671,662
中央民族大学,北京,北京市,是,是,民族类,公办,599,618,594,588,623,631
湖南大学,湖南,长沙市,是,是,综合类,公办,619,629,615,597,633,634
北京林业大学,北京,北京市,否,是,农林类,公办,587,608,581,582,597,621
武汉大学,湖北,武汉市,是,是,综合类,公办,641,648,637,615,654,648
河北工业大学,天津,天津市,否,是,理工类,公办,603,599,590,569,610,610
中央音乐学院,北京,北京市,否,是,艺术类,公办,368,368,348,348,337,337
北京外国语大学,北京,北京市,否,是,语言类,公办,598,620,593,593,629,629
北京交通大学,北京,北京市,否,是,理工类,公办,622,620,610,588,625,618
西北大学,陕西,西安市,否,是,综合类,公办,605,608,595,582,615,620
长安大学,陕西,西安市,否,是,理工类,公办,600,605,587,577,603,612
云南大学,云南,昆明市,否,是,综合类,公办,579,600,584,570,599,612
哈尔滨工业大学,黑龙江,哈尔滨市,是,是,理工类,公办,659,626,637,569,656,631
大连海事大学,辽宁,大连市,否,是,理工类,公办,600,609,587,573,600,611
内蒙古大学,内蒙古,呼和浩特市,否,是,综合类,公办,571,598,559,567,584,604
北京大学,北京,北京市,是,是,综合类,公办,696,672,683,639,697,669
