﻿名称,省,市,985,211,学校类型,学校属性,2023年理科录取分数,2023年文科录取分数,2022年理科录取分数,2022年文科录取分数,2021年理科录取分数,2021年文科录取分数
烟台科技学院,山东,烟台市,否,否,综合类,民办,356,420,355,434,350,451
江苏海洋大学,江苏,连云港市,否,否,理工类,公办,424,475,434,481,431,499
江西软件职业技术大学,江西,南昌市,否,否,理工类,民办,160,160,160,160,160,160
南京审计大学金审学院,江苏,南京市,否,否,财经类,民办,387,439,397,452,391,466
中国石油大学（北京）克拉玛依校区,新疆,克拉玛依市,否,是,理工类,公办,482,521,486,508,478,515
深圳技术大学,广东,深圳市,否,否,理工类,公办,474,496,476,490,493,522
合肥工业大学宣城校区,安徽,宣城市,否,是,综合类,公办,514,530,521,523,513,547
河北中医药大学,河北,石家庄市,否,否,医药类,公办,425,505,426,494,428,514
山东管理学院,山东,济南市,否,否,综合类,公办,403,455,408,450,411,478
张家口学院,河北,张家口市,否,否,综合类,公办,391,452,397,448,395,466
南昌师范学院,江西,南昌市,否,否,师范类,公办,348,420,413,462,409,485
山西传媒学院,山西,晋中市,否,否,艺术类,公办,337,420,414,461,419,482
陕西服装工程学院,陕西,咸阳市,否,否,综合类,民办,351,420,345,425,341,438
南昌工学院,江西,南昌市,否,否,理工类,民办,345,428,345,425,336,432
山西工商学院,山西,太原市,否,否,财经类,民办,359,441,351,437,365,450
福州外语外贸学院,福建,福州市,否,否,财经类,民办,346,420,345,425,336,443
山东协和学院,山东,济南市,否,否,医药类,民办,358,435,352,430,360,449
陕西学前师范学院,陕西,西安市,否,否,师范类,公办,410,480,435,479,434,499
天津外国语大学滨海外事学院,天津,天津市,否,否,语言类,民办,346,433,345,426,359,458
浙江外国语学院,浙江,杭州市,否,否,语言类,公办,337,483,423,484,428,501
新疆政法学院,新疆,自治区直辖县级行政区划,否,否,政法类,公办,374,452,381,451,373,462
银川科技学院,宁夏,银川市,否,否,综合类,民办,341,420,345,425,336,432
北京第二外国语学院,北京,北京市,否,否,语言类,公办,466,523,442,513,505,502
广东第二师范学院,广东,广州市,否,否,师范类,公办,392,420,382,483,418,499
齐鲁师范学院,山东,济南市,否,否,师范类,公办,377,450,345,425,417,497
福建江夏学院,福建,福州市,否,否,财经类,公办,402,466,405,462,408,481
宁夏大学新华学院,宁夏,银川市,否,否,综合类,民办,362,445,364,445,355,456
西安理工大学高科学院,陕西,西安市,否,否,理工类,民办,362,433,364,427,370,444
西安科技大学高新学院,陕西,西安市,否,否,理工类,民办,361,435,363,434,361,443
西安明德理工学院,陕西,西安市,否,否,综合类,民办,351,426,346,425,336,432
西安工商学院,陕西,西安市,否,否,综合类,民办,352,430,358,427,352,440
西安交通大学城市学院,陕西,西安市,否,否,理工类,民办,379,452,384,446,387,466
江苏科技大学苏州理工学院,江苏,苏州市,否,否,理工类,民办,370,440,371,442,372,442
南京邮电大学通达学院,江苏,扬州市,否,否,综合类,民办,374,444,374,443,367,454
江苏师范大学科文学院,江苏,徐州市,否,否,综合类,民办,364,444,364,443,364,459
扬州大学广陵学院,江苏,扬州市,否,否,综合类,民办,368,450,364,446,353,461
苏州城市学院,江苏,苏州市,否,否,综合类,公办,420,479,420,474,406,481
南京工业大学浦江学院,江苏,南京市,否,否,理工类,民办,369,435,368,425,367,454
南京理工大学紫金学院,江苏,南京市,否,否,理工类,民办,391,446,395,451,394,464
黑龙江财经学院,黑龙江,哈尔滨市,否,否,财经类,民办,337,420,345,425,336,432
哈尔滨剑桥学院,黑龙江,哈尔滨市,否,否,综合类,民办,337,420,345,425,349,432
黑龙江工商学院,黑龙江,哈尔滨市,否,否,综合类,民办,337,420,345,425,336,432
昆明理工大学津桥学院,云南,昆明市,否,否,理工类,民办,345,424,345,425,339,443
丽江文化旅游学院,云南,丽江市,否,否,综合类,民办,337,422,345,425,336,436
滇池学院,云南,昆明市,否,否,综合类,民办,347,433,335,407,336,445
聊城大学东昌学院,山东,聊城市,否,否,综合类,民办,361,423,358,425,352,452
潍坊理工学院,山东,潍坊市,否,否,综合类,民办,160,426,160,425,160,432
齐鲁理工学院,山东,济南市,否,否,综合类,民办,350,432,345,428,344,439
青岛工学院,山东,青岛市,否,否,综合类,民办,343,424,345,425,336,432
泰山科技学院,山东,泰安市,否,否,理工类,民办,337,420,345,425,336,436
西南财经大学天府学院,四川,绵阳市,否,否,财经类,民办,372,443,378,444,375,457
四川大学锦江学院,四川,眉山市,否,否,综合类,民办,370,445,377,437,372,456
绵阳城市学院,四川,绵阳市,否,否,理工类,民办,364,438,358,437,346,444
成都锦城学院,四川,成都市,否,否,综合类,民办,372,438,374,425,369,160
成都外国语学院,四川,成都市,否,否,语言类,民办,364,437,348,443,380,457
成都银杏酒店管理学院,四川,成都市,否,否,财经类,民办,341,425,353,425,336,442
成都理工大学工程技术学院,四川,乐山市,否,否,理工类,民办,367,443,370,432,360,455
成都大学,四川,成都市,否,否,综合类,公办,489,519,483,511,482,529
新疆科技学院,新疆,巴音郭楞蒙古自治州,否,否,财经类,公办,372,449,378,449,373,462
新疆理工学院,新疆,阿克苏地区,否,否,理工类,公办,372,447,378,448,373,461
南华大学船山学院,湖南,衡阳市,否,否,综合类,民办,367,420,345,439,383,432
长沙理工大学城南学院,湖南,长沙市,否,否,理工类,民办,369,438,374,425,364,432
湖南第一师范学院,湖南,长沙市,否,否,师范类,公办,388,493,366,448,435,501
湖北恩施学院,湖北,恩施土家族苗族自治州,否,否,综合类,民办,358,438,345,428,160,160
武汉文理学院,湖北,武汉市,否,否,综合类,民办,364,444,368,441,359,455
南昌大学共青学院,江西,九江市,否,否,综合类,民办,359,443,362,440,348,452
江西财经大学现代经济管理学院,江西,九江市,否,否,财经类,民办,365,441,369,441,358,453
南昌医学院,江西,南昌市,否,否,医药类,公办,414,482,437,482,419,495
赣东学院,江西,抚州市,否,否,综合类,公办,393,457,396,454,385,468
赣南科技学院,江西,赣州市,否,否,理工类,公办,388,420,392,456,384,468
南昌交通学院,江西,南昌市,否,否,理工类,民办,352,425,347,425,336,432
江西师范大学科学技术学院,江西,九江市,否,否,综合类,民办,367,447,372,448,366,460
江西农业大学南昌商学院,江西,九江市,否,否,综合类,民办,363,439,360,438,358,450
厦门工学院,福建,厦门市,否,否,理工类,民办,344,420,345,425,336,432
浙江越秀外国语学院,浙江,绍兴市,否,否,语言类,民办,337,420,345,425,336,432
宁波财经学院,浙江,宁波市,否,否,财经类,民办,337,420,345,425,336,432
温州商学院,浙江,温州市,否,否,财经类,民办,337,420,345,425,336,432
嘉兴南湖学院,浙江,嘉兴市,否,否,财经类,公办,398,470,400,464,391,475
浙江工商大学杭州商学院,浙江,杭州市,否,否,财经类,民办,354,432,354,425,366,456
绍兴文理学院元培学院,浙江,绍兴市,否,否,综合类,民办,350,434,345,432,337,444
宁波大学科学技术学院,浙江,宁波市,否,否,综合类,民办,355,431,351,439,349,460
浙江工业大学之江学院,浙江,绍兴市,否,否,理工类,民办,352,428,356,425,355,449
广西中医药大学赛恩斯新医药学院,广西,南宁市,否,否,医药类,民办,367,453,363,437,374,466
柳州工学院,广西,柳州市,否,否,理工类,民办,337,420,345,425,336,436
桂林信息科技学院,广西,桂林市,否,否,理工类,民办,340,420,345,425,336,438
桂林学院,广西,桂林市,否,否,综合类,民办,361,439,365,444,365,457
广西民族师范学院,广西,崇左市,否,否,师范类,公办,372,446,380,446,380,462
兰州信息科技学院,甘肃,兰州市,否,否,理工类,民办,337,420,345,425,336,432
兰州工商学院,甘肃,兰州市,否,否,财经类,民办,337,420,345,425,336,432
甘肃民族师范学院,甘肃,甘南藏族自治州,否,否,师范类,公办,375,451,380,450,375,462
大连东软信息学院,辽宁,大连市,否,否,理工类,民办,337,420,345,425,336,432
沈阳科技学院,辽宁,沈阳市,否,否,理工类,民办,337,420,345,425,336,432
辽宁何氏医学院,辽宁,沈阳市,否,否,医药类,民办,363,427,360,425,357,432
辽宁中医药大学杏林学院,辽宁,沈阳市,否,否,医药类,民办,358,436,354,432,359,446
沈阳城市建设学院,辽宁,沈阳市,否,否,理工类,民办,337,275,345,160,336,160
辽宁师范大学海华学院,辽宁,大连市,否,否,综合类,民办,345,430,345,429,342,439
山西晋中理工学院,山西,晋中市,否,否,理工类,民办,358,440,355,428,351,432
晋中信息学院,山西,晋中市,否,否,理工类,民办,362,436,360,433,352,445
内蒙古大学创业学院,内蒙古,呼和浩特市,否,否,综合类,民办,353,445,363,440,355,457
呼和浩特民族学院,内蒙古,呼和浩特市,否,否,民族类,公办,373,452,379,449,336,465
长春大学旅游学院,吉林,长春市,否,否,综合类,民办,337,420,345,425,336,432
长春光华学院,吉林,长春市,否,否,综合类,民办,337,423,345,425,336,432
天津天狮学院,天津,天津市,否,否,综合类,民办,337,420,345,425,336,432
天津财经大学珠江学院,天津,天津市,否,否,综合类,民办,356,436,355,429,349,451
天津理工大学中环信息学院,天津,天津市,否,否,综合类,民办,357,429,351,428,341,444
北京科技大学天津学院,天津,天津市,否,否,综合类,民办,354,433,346,425,342,452
天津商业大学宝德学院,天津,天津市,否,否,财经类,民办,345,423,345,425,336,440
天津传媒学院,天津,天津市,否,否,艺术类,民办,353,430,349,425,345,435
民政职业大学,北京,北京市,否,否,政法类,公办,315,403,284,360,283,289
银川能源学院,宁夏,银川市,否,否,理工类,民办,337,420,345,425,336,432
宁夏理工学院,宁夏,石嘴山市,否,否,理工类,民办,355,426,345,425,353,446
西安交通工程学院,陕西,西安市,否,否,理工类,民办,366,435,371,429,371,451
西安信息职业大学,陕西,西安市,否,否,理工类,民办,357,428,355,425,348,160
西安汽车职业大学,陕西,西安市,否,否,理工类,民办,353,424,347,425,341,432
西安欧亚学院,陕西,西安市,否,否,财经类,民办,347,421,345,425,343,433
陕西国际商贸学院,陕西,咸阳市,否,否,财经类,民办,355,436,357,426,351,444
陕西科技大学镐京学院,陕西,咸阳市,否,否,理工类,民办,364,437,365,439,362,448
西安建筑科技大学华清学院,陕西,西安市,否,否,理工类,民办,340,439,381,431,374,453
无锡太湖学院,江苏,无锡市,否,否,综合类,民办,352,430,356,433,354,445
云南经济管理学院,云南,昆明市,否,否,财经类,民办,352,432,345,425,353,442
昆明文理学院,云南,昆明市,否,否,师范类,民办,346,433,345,425,342,447
青岛黄海学院,山东,青岛市,否,否,综合类,民办,345,421,345,425,336,432
山东现代学院,山东,济南市,否,否,综合类,民办,351,427,346,425,336,440
山东外事职业大学,山东,威海市,否,否,综合类,民办,160,160,160,160,160,160
山东工程职业技术大学,山东,济南市,否,否,理工类,民办,358,420,345,425,340,438
山东外国语职业技术大学,山东,日照市,否,否,语言类,民办,160,160,160,160,160,160
青岛恒星科技学院,山东,青岛市,否,否,综合类,民办,337,420,345,425,336,432
烟台南山学院,山东,烟台市,否,否,综合类,民办,354,427,346,425,343,447
齐鲁医药学院,山东,淄博市,否,否,医药类,民办,367,442,362,442,367,454
潍坊科技学院,山东,潍坊市,否,否,综合类,民办,361,435,357,425,349,448
山东英才学院,山东,济南市,否,否,综合类,民办,337,420,345,425,336,432
山东石油化工学院,山东,东营市,否,否,理工类,公办,406,461,407,454,391,464
济宁学院,山东,济宁市,否,否,综合类,公办,388,449,390,450,336,432
新疆天山职业技术大学,新疆,乌鲁木齐市,否,否,综合类,民办,362,440,360,436,355,453
新疆工程学院,新疆,乌鲁木齐市,否,否,理工类,公办,373,447,380,448,373,461
广州城市理工学院,广东,广州市,否,否,理工类,民办,343,420,345,425,336,432
广东轻工职业技术大学,广东,广州市,否,否,理工类,公办,333,388,299,351,251,308
湖南应用技术学院,湖南,常德市,否,否,综合类,民办,343,428,345,425,336,443
湖南汽车工程职业大学,湖南,株洲市,否,否,理工类,公办,160,160,160,160,160,160
长沙师范学院,湖南,长沙市,否,否,师范类,公办,397,475,403,474,413,490
湖南财政经济学院,湖南,长沙市,否,否,财经类,公办,425,486,439,484,439,501
武汉生物工程学院,湖北,武汉市,否,否,理工类,民办,362,435,367,432,360,442
长江大学文理学院,湖北,荆州市,否,否,综合类,民办,365,442,368,440,361,457
湖北文理学院理工学院,湖北,襄阳市,否,否,理工类,民办,359,441,349,440,355,451
武昌工学院,湖北,武汉市,否,否,综合类,民办,349,421,345,425,342,432
湖北商贸学院,湖北,武汉市,否,否,财经类,民办,350,427,346,427,341,441
郑州工程技术学院,河南,郑州市,否,否,理工类,公办,374,446,398,425,390,467
河南财政金融学院,河南,郑州市,否,否,财经类,公办,404,464,414,471,418,489
新乡学院,河南,新乡市,否,否,综合类,公办,383,455,390,455,376,469
泉州信息工程学院,福建,泉州市,否,否,理工类,民办,337,420,345,425,336,432
厦门华厦学院,福建,厦门市,否,否,综合类,民办,346,426,345,433,343,440
闽南理工学院,福建,泉州市,否,否,理工类,民办,337,420,345,425,336,432
福建农林大学金山学院,福建,福州市,否,否,综合类,民办,361,420,355,432,345,437
福州大学至诚学院,福建,福州市,否,否,综合类,民办,361,444,354,446,351,453
闽南科技学院,福建,泉州市,否,否,理工类,民办,337,422,345,425,353,435
福州工商学院,福建,福州市,否,否,财经类,民办,342,420,345,425,345,442
福建师范大学协和学院,福建,福州市,否,否,综合类,民办,353,434,356,425,352,450
阳光学院,福建,福州市,否,否,综合类,民办,337,420,345,425,336,432
厦门大学嘉庚学院,福建,漳州市,否,否,综合类,民办,379,445,383,444,382,471
福建商学院,福建,福州市,否,否,财经类,公办,401,462,407,458,403,432
宁德师范学院,福建,宁德市,否,否,师范类,公办,387,472,399,472,395,490
武夷学院,福建,南平市,否,否,综合类,公办,394,447,401,441,397,470
安徽新华学院,安徽,合肥市,否,否,综合类,民办,337,420,345,425,336,432
池州学院,安徽,池州市,否,否,综合类,公办,385,456,382,451,336,432
浙江树人学院,浙江,杭州市,否,否,综合类,民办,347,426,345,425,336,432
金华职业技术大学,浙江,金华市,否,否,综合类,公办,348,428,328,408,308,413
桂林旅游学院,广西,桂林市,否,否,财经类,公办,385,432,385,454,336,466
兰州资源环境职业技术大学,甘肃,兰州市,否,否,理工类,公办,368,446,369,445,357,456
甘肃警察学院,甘肃,兰州市,否,否,政法类,公办,323,397,280,368,160,331
兰州文理学院,甘肃,兰州市,否,否,综合类,公办,377,451,384,451,380,469
兰州石化职业技术大学,甘肃,兰州市,否,否,理工类,公办,370,447,372,447,361,457
兰州工业学院,甘肃,兰州市,否,否,理工类,公办,374,449,382,449,379,460
陇南师范学院,甘肃,陇南市,否,否,师范类,公办,332,414,321,411,274,404
甘肃医学院,甘肃,平凉市,否,否,医药类,公办,397,454,405,452,401,461
辽宁理工职业大学,辽宁,锦州市,否,否,理工类,民办,337,160,345,425,160,160
朝阳师范学院,辽宁,朝阳市,否,否,师范类,公办,324,411,309,410,280,411
山西应用科技学院,山西,太原市,否,否,综合类,民办,356,433,349,425,336,445
太原学院,山西,太原市,否,否,综合类,公办,391,459,402,453,392,432
吕梁学院,山西,吕梁市,否,否,综合类,公办,376,450,385,442,382,468
长春人文学院,吉林,长春市,否,否,综合类,民办,337,426,345,425,340,432
吉林警察学院,吉林,长春市,否,否,政法类,公办,404,467,413,465,411,483
吉林工商学院,吉林,长春市,否,否,财经类,公办,391,452,404,453,399,437
天津仁爱学院,天津,天津市,否,否,综合类,民办,337,420,345,425,336,436
六盘水师范学院,贵州,六盘水市,否,否,师范类,公办,375,467,395,461,369,484
石家庄铁道大学四方学院,河北,石家庄市,否,否,理工类,民办,368,444,381,429,376,460
河北医科大学临床学院,河北,石家庄市,否,否,医药类,民办,410,449,420,450,421,461
内蒙古鸿德文理学院,内蒙古,呼和浩特市,否,否,综合类,民办,357,438,353,433,336,441
青海职业技术大学,青海,西宁市,否,否,理工类,公办,271,356,160,331,160,304
兰州博文科技学院,甘肃,兰州市,否,否,理工类,民办,337,420,345,425,336,432
延安大学西安创新学院,陕西,西安市,否,否,综合类,民办,353,440,355,434,354,446
青海大学昆仑学院,青海,西宁市,否,否,理工类,公办,365,443,368,438,366,457
常州大学怀德学院,江苏,泰州市,否,否,理工类,民办,361,439,357,425,353,448
大连财经学院,辽宁,大连市,否,否,财经类,民办,351,433,345,436,363,446
南通理工学院,江苏,南通市,否,否,综合类,民办,348,420,346,427,341,435
河北东方学院,河北,廊坊市,否,否,综合类,民办,353,429,349,425,351,448
琼台师范学院,海南,海口市,否,否,师范类,公办,338,463,407,464,406,480
亳州学院,安徽,亳州市,否,否,综合类,公办,373,450,345,450,397,447
河南城建学院,河南,平顶山市,否,否,理工类,公办,386,445,394,442,390,460
郑州工业应用技术学院,河南,郑州市,否,否,理工类,民办,337,428,362,432,356,448
荆楚理工学院,湖北,荆门市,否,否,理工类,公办,410,449,407,425,407,480
重庆电子科技职业大学,重庆,重庆市,否,否,理工类,公办,344,414,323,404,305,410
重庆机电职业技术大学,重庆,重庆市,否,否,理工类,民办,289,325,246,290,160,160
重庆工商大学派斯学院,重庆,重庆市,否,否,财经类,民办,344,435,367,425,347,455
重庆移通学院,重庆,重庆市,否,否,理工类,民办,364,433,363,425,355,450
重庆财经学院,重庆,重庆市,否,否,财经类,民办,383,446,394,444,382,456
重庆城市科技学院,重庆,重庆市,否,否,综合类,民办,365,444,370,429,365,457
重庆外语外事学院,重庆,重庆市,否,否,语言类,民办,356,420,359,441,336,446
重庆对外经贸学院,重庆,重庆市,否,否,财经类,民办,361,444,366,434,352,456
珠海科技学院,广东,珠海市,否,否,综合类,民办,351,434,355,425,336,432
烟台理工学院,山东,烟台市,否,否,综合类,民办,359,434,357,425,336,432
江苏大学京江学院,江苏,镇江市,否,否,综合类,民办,366,441,368,425,366,455
西安财经大学行知学院,陕西,西安市,否,否,财经类,民办,369,436,372,425,357,455
长春建筑学院,吉林,长春市,否,否,理工类,民办,337,420,345,425,336,432
无锡学院,江苏,无锡市,否,否,理工类,公办,423,479,421,471,407,481
河北地质大学华信学院,河北,石家庄市,否,否,综合类,民办,341,428,345,425,342,448
北京中医药大学东方学院,河北,廊坊市,否,否,医药类,民办,375,446,377,443,362,457
青岛城市学院,山东,青岛市,否,否,理工类,民办,352,420,349,425,336,432
四川工商学院,四川,成都市,否,否,综合类,民办,364,444,378,439,375,457
海口经济学院,海南,海口市,否,否,综合类,民办,325,402,345,425,336,432
河北传媒学院,河北,石家庄市,否,否,艺术类,民办,364,425,367,442,337,432
浙江水利水电学院,浙江,杭州市,否,否,理工类,公办,416,420,422,463,422,484
湖北第二师范学院,湖北,武汉市,否,否,师范类,公办,410,486,421,480,425,496
西交利物浦大学,江苏,苏州市,否,否,综合类,中外合作办学,450,496,445,495,453,502
新疆农业职业技术大学,新疆,昌吉回族自治州,否,否,农林类,公办,284,286,160,160,160,160
三亚学院,海南,三亚市,否,否,综合类,民办,337,420,336,407,336,432
河南工程学院,河南,郑州市,否,否,理工类,公办,406,448,413,448,412,432
武汉纺织大学外经贸学院,湖北,武汉市,否,否,综合类,民办,348,420,345,425,336,432
长春电子科技学院,吉林,长春市,否,否,理工类,民办,338,420,345,425,336,432
广州软件学院,广东,广州市,否,否,理工类,民办,337,420,345,425,336,432
大连理工大学城市学院,辽宁,大连市,否,否,理工类,民办,350,420,345,425,338,432
上海外国语大学贤达经济人文学院,上海,上海市,否,否,财经类,民办,337,420,345,425,336,432
昆明城市学院,云南,昆明市,否,否,综合类,民办,349,429,345,425,336,432
山东政法学院,山东,济南市,否,否,政法类,公办,429,485,436,484,434,503
昆明医科大学海源学院,云南,昆明市,否,否,医药类,民办,375,435,367,424,391,452
吉林师范大学博达学院,吉林,四平市,否,否,师范类,民办,352,420,346,429,336,432
北京师范大学-香港浸会大学联合国际学院,广东,珠海市,否,否,综合类,内地与港澳台地区合作办学,433,488,442,486,440,505
长春科技学院,吉林,长春市,否,否,综合类,民办,337,420,345,425,336,432
兰州城市学院,甘肃,兰州市,否,否,综合类,公办,373,457,389,458,387,473
安顺学院,贵州,安顺市,否,否,综合类,公办,381,449,393,437,387,470
西安医学院,陕西,西安市,否,否,医药类,公办,523,478,514,471,512,490
菏泽学院,山东,菏泽市,否,否,综合类,公办,394,471,397,466,377,475
安康学院,陕西,安康市,否,否,综合类,公办,394,464,402,460,399,475
商洛学院,陕西,商洛市,否,否,综合类,公办,382,465,396,462,390,477
三明学院,福建,三明市,否,否,综合类,公办,394,449,400,439,392,472
贺州学院,广西,贺州市,否,否,综合类,公办,375,450,382,448,382,466
长治学院,山西,长治市,否,否,综合类,公办,392,458,403,458,399,474
丽水学院,浙江,丽水市,否,否,综合类,公办,399,458,408,463,408,480
百色学院,广西,百色市,否,否,综合类,公办,372,449,387,448,386,464
龙岩学院,福建,龙岩市,否,否,综合类,公办,387,450,388,449,379,469
海南热带海洋学院,海南,三亚市,否,否,综合类,公办,393,420,405,459,406,476
枣庄学院,山东,枣庄市,否,否,综合类,公办,386,459,392,458,392,475
青岛滨海学院,山东,青岛市,否,否,综合类,民办,351,422,345,425,343,432
辽宁对外经贸学院,辽宁,大连市,否,否,财经类,民办,337,420,345,425,336,432
宁夏师范大学,宁夏,固原市,否,否,师范类,公办,365,476,410,467,404,488
贵州工程应用技术学院,贵州,毕节市,否,否,师范类,公办,382,445,386,446,385,463
重庆人文科技学院,重庆,重庆市,否,否,综合类,民办,366,447,368,445,367,460
山东大学（威海）,山东,威海市,是,是,综合类,公办,555,565,543,555,550,581
宁波诺丁汉大学,浙江,宁波市,否,否,综合类,中外合作办学,433,488,442,485,447,502
上海师范大学天华学院,上海,上海市,否,否,综合类,民办,337,420,345,425,336,432
集美大学诚毅学院,福建,厦门市,否,否,综合类,民办,370,445,376,439,372,463
山东航空学院,山东,滨州市,否,否,综合类,公办,420,469,421,465,417,480
信阳农林学院,河南,信阳市,否,否,农林类,公办,376,448,373,449,388,456
安徽中医药大学,安徽,合肥市,否,否,医药类,公办,428,494,432,489,426,504
宁波工程学院,浙江,宁波市,否,否,理工类,公办,417,471,420,462,416,432
湖南涉外经济学院,湖南,长沙市,否,否,财经类,民办,337,420,345,425,336,432
西京学院,陕西,西安市,否,否,理工类,民办,366,435,370,434,368,445
西安翻译学院,陕西,西安市,否,否,语言类,民办,351,429,349,429,350,444
三江学院,江苏,南京市,否,否,综合类,民办,360,439,362,441,357,458
洛阳理工学院,河南,洛阳市,否,否,理工类,公办,416,462,420,459,417,476
武汉城市学院,湖北,武汉市,否,否,理工类,民办,358,427,356,425,336,432
保定理工学院,河北,保定市,否,否,理工类,民办,338,421,345,425,337,432
辽宁理工学院,辽宁,锦州市,否,否,理工类,民办,294,364,160,160,160,160
武汉东湖学院,湖北,武汉市,否,否,综合类,民办,354,435,348,428,348,444
武昌理工学院,湖北,武汉市,否,否,综合类,民办,355,439,353,425,359,442
郑州工商学院,河南,郑州市,否,否,财经类,民办,368,446,373,437,370,457
郑州师范学院,河南,郑州市,否,否,师范类,公办,430,486,440,482,434,497
东南大学成贤学院,江苏,南京市,否,否,综合类,民办,389,420,383,447,386,448
武汉工程科技学院,湖北,武汉市,否,否,理工类,民办,351,424,349,425,338,432
南京特殊教育师范学院,江苏,南京市,否,否,师范类,公办,386,466,401,470,414,483
电子科技大学成都学院,四川,成都市,否,否,理工类,民办,386,437,397,425,398,459
陕西警察学院,陕西,西安市,否,否,政法类,公办,328,399,302,379,280,378
三峡大学科技学院,湖北,宜昌市,否,否,综合类,民办,365,439,367,425,361,451
北京邮电大学世纪学院,北京,北京市,否,否,综合类,民办,349,462,355,426,348,434
北京工业大学耿丹学院,北京,北京市,否,否,综合类,民办,341,420,345,425,336,432
北京金融科技学院,北京,北京市,否,否,财经类,民办,361,432,368,426,336,439
西安航空学院,陕西,西安市,否,否,理工类,公办,424,464,438,466,437,481
武汉华夏理工学院,湖北,武汉市,否,否,理工类,民办,353,420,350,425,346,432
天水师范学院,甘肃,天水市,否,否,师范类,公办,383,465,394,469,389,481
陇东学院,甘肃,庆阳市,否,否,综合类,公办,375,453,382,451,375,463
上海电机学院,上海,上海市,否,否,理工类,公办,441,488,443,485,452,514
塔里木大学,新疆,自治区直辖县级行政区划,否,否,综合类,公办,377,453,416,455,415,463
榆林学院,陕西,榆林市,否,否,综合类,公办,394,475,404,463,401,479
乐山师范学院,四川,乐山市,否,否,师范类,公办,392,478,405,470,415,498
绵阳师范学院,四川,绵阳市,否,否,师范类,公办,414,484,428,483,429,502
文华学院,湖北,武汉市,否,否,综合类,民办,361,442,363,439,359,449
重庆工商大学,重庆,重庆市,否,否,财经类,公办,444,509,465,498,462,524
辽宁科技学院,辽宁,本溪市,否,否,理工类,公办,403,450,407,449,402,448
浙江传媒学院,浙江,杭州市,否,否,艺术类,公办,405,485,441,488,438,507
南京工业职业技术大学,江苏,南京市,否,否,理工类,公办,406,457,396,446,326,397
淮阴师范学院,江苏,淮安市,否,否,师范类,公办,399,472,405,462,400,472
绥化学院,黑龙江,绥化市,否,否,综合类,公办,373,441,380,449,372,462
哈尔滨师范大学,黑龙江,哈尔滨市,否,否,师范类,公办,406,465,412,467,416,460
厦门理工学院,福建,厦门市,否,否,理工类,公办,429,474,436,478,437,497
徐州工程学院,江苏,徐州市,否,否,综合类,公办,397,473,406,463,403,473
金陵科技学院,江苏,南京市,否,否,理工类,公办,422,475,430,470,430,485
吉林医药学院,吉林,吉林市,否,否,医药类,公办,417,420,421,453,424,463
黑河学院,黑龙江,黑河市,否,否,综合类,公办,374,451,380,448,375,466
昆明学院,云南,昆明市,否,否,综合类,公办,400,440,409,463,411,436
西安文理学院,陕西,西安市,否,否,综合类,公办,416,478,429,481,429,499
重庆文理学院,重庆,重庆市,否,否,综合类,公办,421,475,428,469,429,494
伊犁师范大学,新疆,伊犁哈萨克自治州,否,否,师范类,公办,381,475,399,466,387,479
广东金融学院,广东,广州市,否,否,财经类,公办,430,481,433,472,438,444
长沙学院,湖南,长沙市,否,否,综合类,公办,408,479,415,479,398,494
湖北理工学院,湖北,黄石市,否,否,理工类,公办,414,448,419,457,413,432
福建中医药大学,福建,福州市,否,否,医药类,公办,440,496,434,483,440,500
福建医科大学,福建,福州市,否,否,医药类,公办,484,493,454,491,502,516
吉林农业科技学院,吉林,吉林市,否,否,农林类,公办,376,450,382,444,380,463
大庆师范学院,黑龙江,大庆市,否,否,师范类,公办,372,450,380,447,379,465
上海政法学院,上海,上海市,否,否,政法类,公办,464,525,506,525,513,558
上海商学院,上海,上海市,否,否,财经类,公办,433,495,470,500,470,521
武汉科技大学,湖北,武汉市,否,否,综合类,公办,433,511,489,494,506,530
广东理工学院,广东,肇庆市,否,否,理工类,民办,343,420,345,425,342,432
广东技术师范大学,广东,广州市,否,否,师范类,公办,402,468,409,468,413,482
南方医科大学,广东,广州市,否,否,医药类,公办,433,508,516,504,500,537
贵州大学,贵州,贵阳市,否,是,综合类,公办,497,533,499,525,508,549
西南大学,重庆,重庆市,否,是,综合类,公办,499,564,520,548,531,574
江西应用科技学院,江西,南昌市,否,否,综合类,民办,337,420,345,425,338,432
晋中学院,山西,晋中市,否,否,综合类,公办,393,453,397,459,390,475
运城学院,山西,运城市,否,否,综合类,公办,391,463,397,457,386,474
山西中医药大学,山西,晋中市,否,否,医药类,公办,425,495,428,487,435,506
南昌职业大学,江西,南昌市,否,否,综合类,民办,160,160,160,160,160,160
江西职业技术大学,江西,九江市,否,否,综合类,公办,309,360,194,275,160,160
新余学院,江西,新余市,否,否,综合类,公办,396,447,401,431,401,480
萍乡学院,江西,萍乡市,否,否,综合类,公办,376,451,345,445,390,471
黄淮学院,河南,驻马店市,否,否,综合类,公办,390,450,397,444,388,474
河南科技学院,河南,新乡市,否,否,综合类,公办,393,461,403,425,400,480
平顶山学院,河南,平顶山市,否,否,综合类,公办,392,457,393,454,344,468
北京信息科技大学,北京,北京市,否,否,理工类,公办,491,520,502,513,510,513
首都经济贸易大学,北京,北京市,否,否,财经类,公办,433,534,505,527,515,554
河南中医药大学,河南,郑州市,否,否,医药类,公办,410,477,345,469,434,432
江西科技学院,江西,南昌市,否,否,综合类,民办,351,431,350,425,343,436
南昌理工学院,江西,南昌市,否,否,综合类,民办,360,430,360,428,360,439
南昌工程学院,江西,南昌市,否,否,理工类,公办,427,456,436,453,434,482
北京体育大学,北京,北京市,否,是,体育类,公办,492,536,508,527,511,551
西安思源学院,陕西,西安市,否,否,综合类,民办,364,441,368,442,366,454
西安外事学院,陕西,西安市,否,否,综合类,民办,359,428,362,437,357,444
天津中德应用技术大学,天津,天津市,否,否,理工类,公办,411,420,417,456,415,478
南阳理工学院,河南,南阳市,否,否,理工类,公办,394,450,409,450,408,432
安阳工学院,河南,安阳市,否,否,理工类,公办,435,448,442,426,393,472
河南师范大学,河南,新乡市,否,否,师范类,公办,433,495,473,499,474,522
华北电力大学,北京,北京市,否,是,理工类,公办,544,545,550,536,563,563
中国地质大学（北京）,北京,北京市,否,是,理工类,公办,511,540,511,534,520,553
吉利学院,四川,成都市,否,否,理工类,民办,356,420,366,410,353,432
汉江师范学院,湖北,十堰市,否,否,师范类,公办,390,476,401,471,403,489
武汉商学院,湖北,武汉市,否,否,财经类,公办,385,449,345,425,424,494
四川工业科技学院,四川,德阳市,否,否,综合类,民办,363,441,368,439,365,451
四川文理学院,四川,达州市,否,否,综合类,公办,393,453,408,457,408,470
四川工程职业技术大学,四川,德阳市,否,否,理工类,公办,336,402,313,376,294,366
南通大学,江苏,南通市,否,否,综合类,公办,468,516,472,508,470,528
阿坝师范学院,四川,阿坝藏族羌族自治州,否,否,师范类,公办,390,457,401,453,393,467
四川旅游学院,四川,成都市,否,否,综合类,公办,391,454,400,454,390,465
成都东软学院,四川,成都市,否,否,理工类,民办,371,435,379,436,376,455
齐齐哈尔工程学院,黑龙江,齐齐哈尔市,否,否,综合类,民办,337,420,345,425,336,432
黑龙江工业学院,黑龙江,鸡西市,否,否,综合类,公办,380,448,389,448,390,455
哈尔滨信息工程学院,黑龙江,哈尔滨市,否,否,理工类,民办,337,420,345,425,336,432
河北外国语学院,河北,石家庄市,否,否,语言类,民办,337,420,345,425,337,438
哈尔滨职业技术大学,黑龙江,哈尔滨市,否,否,综合类,公办,283,296,160,160,160,160
哈尔滨金融学院,黑龙江,哈尔滨市,否,否,财经类,公办,373,458,387,446,412,483
上海中侨职业技术大学,上海,上海市,否,否,财经类,民办,337,420,345,425,336,432
河北工业职业技术大学,河北,石家庄市,否,否,理工类,公办,379,448,265,255,160,160
河北金融学院,河北,保定市,否,否,财经类,公办,337,420,411,477,427,496
邢台医学院,河北,邢台市,否,否,医药类,公办,323,406,290,392,255,407
北华航天工业学院,河北,廊坊市,否,否,理工类,公办,431,443,435,451,433,470
上海建桥学院,上海,上海市,否,否,财经类,民办,337,420,345,425,336,432
电子科技大学,四川,成都市,是,是,理工类,公办,596,566,584,552,598,574
防灾科技学院,河北,廊坊市,否,否,综合类,公办,417,420,440,469,440,482
保定学院,河北,保定市,否,否,综合类,公办,401,466,404,468,404,482
广州工商学院,广东,广州市,否,否,财经类,民办,337,420,345,425,336,432
石家庄学院,河北,石家庄市,否,否,综合类,公办,337,464,412,425,410,484
衡水学院,河北,衡水市,否,否,综合类,公办,381,449,394,431,393,473
唐山师范学院,河北,唐山市,否,否,师范类,公办,390,448,401,448,402,432
山东师范大学,山东,济南市,否,否,师范类,公办,434,518,485,509,490,553
邢台学院,河北,邢台市,否,否,综合类,公办,368,469,380,467,363,482
石家庄铁道大学,河北,石家庄市,否,否,理工类,公办,446,497,448,501,471,518
河北地质大学,河北,石家庄市,否,否,理工类,公办,419,485,432,480,430,500
华北科技学院,河北,廊坊市,否,否,理工类,公办,416,467,445,461,451,452
河北北方学院,河北,张家口市,否,否,综合类,公办,376,445,394,444,374,453
承德医学院,河北,承德市,否,否,医药类,公办,471,482,490,477,472,498
河北师范大学,河北,石家庄市,否,否,师范类,公办,433,513,480,510,483,535
北京语言大学,北京,北京市,否,否,语言类,公办,433,542,507,532,515,573
华北电力大学保定校区,河北,保定市,否,是,理工类,公办,546,537,542,528,550,563
北京印刷学院,北京,北京市,否,否,理工类,公办,433,516,453,509,450,516
首都体育学院,北京,北京市,否,否,体育类,公办,410,485,430,481,431,494
北京物资学院,北京,北京市,否,否,财经类,公办,414,470,423,480,438,498
中国劳动关系学院,北京,北京市,否,否,政法类,公办,418,486,449,487,458,514
北京农学院,北京,北京市,否,否,农林类,公办,415,466,421,464,421,490
北京联合大学,北京,北京市,否,否,综合类,公办,466,520,479,509,489,537
中国政法大学,北京,北京市,否,是,政法类,公办,544,596,567,568,576,605
中华女子学院,北京,北京市,否,否,语言类,公办,409,475,446,489,452,509
中央财经大学,北京,北京市,否,是,财经类,公办,547,579,564,564,581,594
中国传媒大学,北京,北京市,否,是,综合类,公办,533,556,536,557,552,589
中国农业大学,北京,北京市,是,是,农林类,公办,553,539,553,535,560,560
北京化工大学,北京,北京市,否,是,理工类,公办,521,539,526,529,537,560
鲁东大学,山东,烟台市,否,否,综合类,公办,418,486,431,484,430,510
烟台大学,山东,烟台市,否,否,综合类,公办,439,497,454,490,462,545
潍坊学院,山东,潍坊市,否,否,综合类,公办,351,479,405,472,401,482
泰山学院,山东,泰安市,否,否,综合类,公办,397,457,403,449,369,480
北方民族大学,宁夏,银川市,否,否,综合类,公办,412,479,436,475,436,490
宁夏大学,宁夏,银川市,否,是,综合类,公办,476,524,485,524,495,546
广西民族大学,广西,南宁市,否,否,民族类,公办,383,461,405,450,372,448
山东农业大学,山东,泰安市,否,否,农林类,公办,440,420,449,475,448,487
南宁师范大学,广西,南宁市,否,否,师范类,公办,337,483,431,484,427,501
山东理工大学,山东,淄博市,否,否,理工类,公办,428,483,481,480,484,498
玉林师范学院,广西,玉林市,否,否,师范类,公办,374,456,377,436,384,471
广西科技大学,广西,柳州市,否,否,理工类,公办,418,457,426,463,427,474
山东财经大学,山东,济南市,否,否,财经类,公办,433,516,473,503,470,502
山东交通学院,山东,济南市,否,否,理工类,公办,417,484,423,477,423,493
桂林理工大学,广西,桂林市,否,否,理工类,公办,442,468,442,467,434,432
广西师范大学,广西,桂林市,否,否,师范类,公办,433,513,464,506,467,527
山东工商学院,山东,烟台市,否,否,财经类,公办,403,482,408,476,419,493
遵义师范学院,贵州,遵义市,否,否,师范类,公办,403,475,415,471,411,483
贵州中医药大学,贵州,贵阳市,否,否,医药类,公办,431,477,429,473,438,461
贵州财经大学,贵州,贵阳市,否,否,财经类,公办,415,480,424,472,407,454
内蒙古师范大学,内蒙古,呼和浩特市,否,否,师范类,公办,400,420,345,473,416,497
海南医科大学,海南,海口市,否,否,医药类,公办,489,459,482,457,499,462
海南师范大学,海南,海口市,否,否,师范类,公办,433,501,466,492,468,525
曲阜师范大学,山东,济宁市,否,否,师范类,公办,433,516,469,505,472,518
内蒙古民族大学,内蒙古,通辽市,否,否,综合类,公办,385,460,396,459,394,477
内蒙古科技大学,内蒙古,包头市,否,否,综合类,公办,399,458,412,453,411,491
海南大学,海南,海口市,否,是,综合类,公办,476,533,455,523,485,551
河西学院,甘肃,张掖市,否,否,综合类,公办,437,502,456,500,466,520
甘肃政法大学,甘肃,兰州市,否,否,政法类,公办,433,491,442,485,440,502
兰州财经大学,甘肃,兰州市,否,否,财经类,公办,433,488,442,485,440,502
青岛大学,山东,青岛市,否,否,综合类,公办,493,530,488,518,489,545
甘肃中医药大学,甘肃,兰州市,否,否,医药类,公办,480,510,477,502,479,526
西北师范大学,甘肃,兰州市,否,否,师范类,公办,473,523,475,510,480,535
许昌学院,河南,许昌市,否,否,理工类,公办,397,453,394,450,352,436
甘肃农业大学,甘肃,兰州市,否,否,农林类,公办,433,488,442,485,440,502
青岛农业大学,山东,青岛市,否,否,农林类,公办,408,477,421,477,419,497
河南财经政法大学,河南,郑州市,否,否,财经类,公办,433,515,472,506,465,524
兰州交通大学,甘肃,兰州市,否,否,理工类,公办,442,494,458,489,453,511
南阳师范学院,河南,南阳市,否,否,师范类,公办,393,480,399,476,336,490
周口师范学院,河南,周口市,否,否,师范类,公办,375,420,408,467,405,482
洛阳师范学院,河南,洛阳市,否,否,综合类,公办,337,472,411,480,425,477
兰州理工大学,甘肃,兰州市,否,否,理工类,公办,441,490,447,486,443,508
中原工学院,河南,郑州市,否,否,理工类,公办,402,453,411,451,411,432
西北民族大学,甘肃,兰州市,否,否,综合类,公办,439,492,472,499,467,517
郑州航空工业管理学院,河南,郑州市,否,否,综合类,公办,412,471,419,458,417,490
莆田学院,福建,莆田市,否,否,综合类,公办,403,454,408,425,406,475
闽江学院,福建,福州市,否,否,综合类,公办,407,477,412,473,412,491
闽南师范大学,福建,漳州市,否,否,师范类,公办,389,479,401,478,420,497
泉州师范学院,福建,泉州市,否,否,师范类,公办,337,460,411,471,416,492
福建理工大学,福建,福州市,否,否,理工类,公办,398,471,345,451,412,432
福建师范大学,福建,福州市,否,否,师范类,公办,437,514,487,515,489,538
仰恩大学,福建,泉州市,否,否,综合类,民办,337,420,364,430,336,432
集美大学,福建,厦门市,否,否,综合类,公办,481,527,492,521,503,545
黄河科技学院,河南,郑州市,否,否,理工类,民办,360,442,360,438,339,452
福建农林大学,福建,福州市,否,否,农林类,公办,437,495,442,498,451,517
河南工业大学,河南,郑州市,否,否,理工类,公办,434,499,452,496,460,518
华侨大学,福建,泉州市,否,否,综合类,公办,472,519,480,511,486,537
河南农业大学,河南,郑州市,否,否,农林类,公办,415,476,429,477,424,494
湖北文理学院,湖北,襄阳市,否,否,综合类,公办,406,420,415,474,416,492
河南科技大学,河南,洛阳市,否,否,综合类,公办,429,490,438,486,434,504
河南大学,河南,开封市,否,否,综合类,公办,433,533,502,527,511,549
郑州轻工业大学,河南,郑州市,否,否,理工类,公办,461,483,452,477,434,495
湖北科技学院,湖北,咸宁市,否,否,综合类,公办,413,458,417,459,418,480
黑龙江东方学院,黑龙江,哈尔滨市,否,否,综合类,民办,337,420,345,425,336,432
齐齐哈尔医学院,黑龙江,齐齐哈尔市,否,否,医药类,公办,411,448,416,445,421,474
湖北民族大学,湖北,恩施土家族苗族自治州,否,否,综合类,公办,414,468,425,464,421,480
黑龙江科技大学,黑龙江,哈尔滨市,否,否,理工类,公办,416,467,421,467,421,486
黑龙江工程学院,黑龙江,哈尔滨市,否,否,理工类,公办,396,446,403,450,394,448
武汉体育学院,湖北,武汉市,否,否,体育类,公办,409,445,414,440,414,480
哈尔滨学院,黑龙江,哈尔滨市,否,否,综合类,公办,386,455,399,462,393,479
东北石油大学,黑龙江,大庆市,否,否,理工类,公办,443,495,487,493,486,513
湖北经济学院,湖北,武汉市,否,否,财经类,公办,337,420,431,481,432,500
哈尔滨商业大学,黑龙江,哈尔滨市,否,否,财经类,公办,433,488,442,497,449,517
湖北工程学院,湖北,孝感市,否,否,理工类,公办,407,457,416,437,417,480
牡丹江师范学院,黑龙江,牡丹江市,否,否,师范类,公办,377,453,379,450,381,466
黑龙江中医药大学,黑龙江,哈尔滨市,否,否,医药类,公办,464,511,468,504,470,536
黄冈师范学院,湖北,黄冈市,否,否,师范类,公办,399,480,421,473,417,482
湖北师范大学,湖北,黄石市,否,否,师范类,公办,434,494,442,494,444,514
湖北医药学院,湖北,十堰市,否,否,医药类,公办,439,463,437,452,439,490
湖北中医药大学,湖北,武汉市,否,否,医药类,公办,415,484,429,479,437,500
武汉轻工大学,湖北,武汉市,否,否,理工类,公办,429,481,435,476,437,477
武汉工程大学,湖北,武汉市,否,否,理工类,公办,483,497,485,485,483,525
湖北工业大学,湖北,武汉市,否,否,理工类,公办,479,500,468,500,476,521
武汉纺织大学,湖北,武汉市,否,否,理工类,公办,442,476,447,471,451,450
三峡大学,湖北,宜昌市,否,否,综合类,公办,439,491,470,503,473,522
哈尔滨医科大学,黑龙江,哈尔滨市,否,否,医药类,公办,433,491,536,497,556,519
长江大学,湖北,荆州市,否,否,综合类,公办,462,509,465,505,466,526
齐齐哈尔大学,黑龙江,齐齐哈尔市,否,否,综合类,公办,395,463,405,468,413,487
中南民族大学,湖北,武汉市,否,否,综合类,公办,442,515,442,507,471,528
黑龙江大学,黑龙江,哈尔滨市,否,否,综合类,公办,440,499,466,498,489,521
华中师范大学,湖北,武汉市,否,是,师范类,公办,496,532,527,546,541,576
东北林业大学,黑龙江,哈尔滨市,否,是,农林类,公办,498,531,495,522,497,542
邵阳学院,湖南,邵阳市,否,否,综合类,公办,391,449,416,425,416,472
华中农业大学,湖北,武汉市,否,是,农林类,公办,507,537,510,528,515,555
怀化学院,湖南,怀化市,否,否,综合类,公办,401,457,408,453,387,459
湖南文理学院,湖南,常德市,否,否,综合类,公办,405,471,410,471,411,489
中南财经政法大学,湖北,武汉市,否,是,财经类,公办,497,550,532,544,556,581
吉林财经大学,吉林,长春市,否,否,财经类,公办,337,479,423,479,433,503
吉林外国语大学,吉林,长春市,否,否,语言类,民办,360,434,345,425,342,452
白城师范学院,吉林,白城市,否,否,师范类,公办,373,450,381,449,378,467
湖南科技学院,湖南,永州市,否,否,综合类,公办,395,471,409,467,396,485
通化师范学院,吉林,通化市,否,否,师范类,公办,373,450,380,450,382,432
湖南工商大学,湖南,长沙市,否,否,财经类,公办,436,508,442,502,465,525
衡阳师范学院,湖南,衡阳市,否,否,师范类,公办,406,476,415,476,412,496
吉林工程技术师范学院,吉林,长春市,否,否,师范类,公办,359,442,379,449,382,461
长春中医药大学,吉林,长春市,否,否,医药类,公办,465,510,474,504,478,529
湘南学院,湖南,郴州市,否,否,综合类,公办,412,469,415,471,355,483
中南林业科技大学,湖南,长沙市,否,否,农林类,公办,433,496,455,492,467,523
湖南工业大学,湖南,株洲市,否,否,综合类,公办,441,503,448,495,472,502
湖南城市学院,湖南,益阳市,否,否,综合类,公办,406,468,409,462,410,481
湖南理工学院,湖南,岳阳市,否,否,理工类,公办,427,482,431,476,430,490
吉林建筑大学,吉林,长春市,否,否,理工类,公办,411,453,419,459,417,471
长春工程学院,吉林,长春市,否,否,理工类,公办,397,446,408,443,401,432
东北电力大学,吉林,吉林市,否,否,理工类,公办,470,498,465,493,473,515
湖南农业大学,湖南,长沙市,否,否,农林类,公办,422,483,431,483,433,491
吉林师范大学,吉林,四平市,否,否,师范类,公办,405,481,419,476,419,494
长沙理工大学,湖南,长沙市,否,否,理工类,公办,498,507,498,503,504,536
湖南科技大学,湖南,湘潭市,否,否,综合类,公办,451,510,461,499,463,527
长春师范大学,吉林,长春市,否,否,师范类,公办,394,477,411,476,433,500
吉首大学,湖南,湘西土家族苗族自治州,否,否,综合类,公办,455,505,460,500,461,521
湘潭大学,湖南,湘潭市,否,否,综合类,公办,495,539,496,532,496,552
西安培华学院,陕西,西安市,否,否,综合类,民办,366,440,368,428,367,454
长春理工大学,吉林,长春市,否,否,理工类,公办,460,500,486,494,492,515
长春大学,吉林,长春市,否,否,综合类,公办,420,475,432,476,430,492
西北政法大学,陕西,西安市,否,否,政法类,公办,516,549,506,529,531,556
西安财经大学,陕西,西安市,否,否,财经类,公办,476,524,481,515,480,536
北华大学,吉林,吉林市,否,否,综合类,公办,420,484,427,480,424,499
西安外国语大学,陕西,西安市,否,否,语言类,公办,433,488,492,525,504,549
青海民族大学,青海,西宁市,否,否,民族类,公办,399,467,406,464,409,480
陕西理工大学,陕西,汉中市,否,否,理工类,公办,435,480,441,481,442,498
青海师范大学,青海,西宁市,否,否,师范类,公办,360,489,440,485,440,506
宝鸡文理学院,陕西,宝鸡市,否,否,师范类,公办,411,470,417,425,418,493
渭南师范学院,陕西,渭南市,否,否,师范类,公办,412,477,421,475,425,496
咸阳师范学院,陕西,咸阳市,否,否,师范类,公办,436,488,449,491,446,509
陕西中医药大学,陕西,咸阳市,否,否,医药类,公办,491,530,496,516,502,533
西藏大学,西藏,拉萨市,否,是,综合类,公办,467,487,432,481,428,500
西安邮电大学,陕西,西安市,否,否,理工类,公办,477,494,455,492,450,510
大理大学,云南,大理白族自治州,否,否,综合类,公办,425,486,432,480,436,499
西安工业大学,陕西,西安市,否,否,理工类,公办,487,504,475,499,471,517
云南警官学院,云南,昆明市,否,否,政法类,公办,432,485,436,481,436,499
西安工程大学,陕西,西安市,否,否,理工类,公办,468,509,469,501,473,522
陕西科技大学,陕西,西安市,否,否,理工类,公办,479,508,488,502,490,525
云南财经大学,云南,昆明市,否,否,财经类,公办,418,483,430,480,423,500
红河学院,云南,红河哈尼族彝族自治州,否,否,综合类,公办,371,452,380,448,383,465
西安石油大学,陕西,西安市,否,否,理工类,公办,477,511,482,504,483,525
楚雄师范学院,云南,楚雄彝族自治州,否,否,师范类,公办,374,452,384,456,381,467
西安科技大学,陕西,西安市,否,否,理工类,公办,493,500,494,485,498,531
西安建筑科技大学,陕西,西安市,否,否,理工类,公办,478,515,488,504,501,528
云南中医药大学,云南,昆明市,否,否,医药类,公办,432,496,444,492,455,513
云南民族大学,云南,昆明市,否,否,综合类,公办,418,480,423,475,418,492
云南师范大学,云南,昆明市,否,否,师范类,公办,421,496,418,483,459,508
延安大学,陕西,延安市,否,否,综合类,公办,419,487,425,486,433,506
安徽财经大学,安徽,蚌埠市,否,否,财经类,公办,447,507,442,492,471,533
陕西师范大学,陕西,西安市,否,是,师范类,公办,499,532,536,546,542,574
西北农林科技大学,陕西,咸阳市,是,是,农林类,公办,515,547,524,536,532,560
西安交通大学,陕西,西安市,是,是,综合类,公办,617,589,602,571,613,596
上海杉达学院,上海,上海市,否,否,财经类,民办,337,420,345,425,336,432
淮北师范大学,安徽,淮北市,否,否,综合类,公办,337,485,443,493,440,510
上海体育大学,上海,上海市,否,否,体育类,公办,435,486,438,479,436,509
华东政法大学,上海,上海市,否,否,政法类,公办,498,557,515,535,531,570
上海立信会计金融学院,上海,上海市,否,否,财经类,公办,461,523,495,539,513,576
上海对外经贸大学,上海,上海市,否,否,财经类,公办,482,525,509,511,517,504
上海应用技术大学,上海,上海市,否,否,理工类,公办,440,469,442,460,460,459
上海海事大学,上海,上海市,否,否,理工类,公办,434,520,500,510,506,539
上海第二工业大学,上海,上海市,否,否,理工类,公办,447,476,451,478,473,499
上海师范大学,上海,上海市,否,否,综合类,公办,442,504,490,514,497,545
上海海洋大学,上海,上海市,否,否,农林类,公办,479,511,482,507,477,517
上海理工大学,上海,上海市,否,否,理工类,公办,479,510,514,502,521,523
嘉应学院,广东,梅州市,否,否,综合类,公办,386,452,389,446,393,466
岭南师范学院,广东,湛江市,否,否,师范类,公办,386,420,401,471,403,484
广州医科大学,广东,广州市,否,否,医药类,公办,447,504,508,514,508,528
广州大学,广东,广州市,否,否,综合类,公办,465,514,442,506,491,527
五邑大学,广东,江门市,否,否,综合类,公办,431,495,435,491,438,504
深圳大学,广东,深圳市,否,否,综合类,公办,526,546,519,535,534,564
太原师范学院,山西,晋中市,否,否,师范类,公办,407,483,424,480,424,495
山西大同大学,山西,大同市,否,否,综合类,公办,397,453,404,451,336,432
中北大学,山西,太原市,否,否,综合类,公办,473,504,486,505,487,525
山西财经大学,山西,太原市,否,否,财经类,公办,433,515,488,502,501,543
四川轻化工大学,四川,自贡市,否,否,理工类,公办,429,471,438,468,437,483
山西师范大学,山西,太原市,否,否,师范类,公办,418,487,420,498,429,512
山西医科大学,山西,太原市,否,否,医药类,公办,456,505,503,493,509,494
成都信息工程大学,四川,成都市,否,否,理工类,公办,489,488,503,497,505,527
山西农业大学,山西,晋中市,否,否,农林类,公办,406,468,414,467,416,479
西南石油大学,四川,成都市,否,否,综合类,公办,503,531,500,521,499,540
中国民用航空飞行学院,四川,德阳市,否,否,理工类,公办,468,456,464,464,463,478
西华师范大学,四川,南充市,否,否,师范类,公办,433,502,464,509,471,528
四川师范大学,四川,成都市,否,否,师范类,公办,448,526,450,518,491,542
成都中医药大学,四川,成都市,否,否,医药类,公办,519,538,505,531,522,539
西南科技大学,四川,绵阳市,否,否,理工类,公办,433,485,485,487,490,507
山西大学,山西,太原市,否,否,综合类,公办,489,535,500,525,486,538
浙江万里学院,浙江,宁波市,否,否,理工类,公办,392,450,397,452,391,464
浙江财经大学,浙江,杭州市,否,否,财经类,公办,455,513,501,523,509,545
浙江工商大学,浙江,杭州市,否,否,财经类,公办,433,525,495,498,500,535
温州大学,浙江,温州市,否,否,综合类,公办,463,517,458,511,474,534
绍兴文理学院,浙江,绍兴市,否,否,综合类,公办,396,420,393,473,413,491
台州学院,浙江,台州市,否,否,综合类,公办,408,477,412,466,413,492
湖州师范学院,浙江,湖州市,否,否,综合类,公办,462,500,463,498,463,519
杭州师范大学,浙江,杭州市,否,否,综合类,公办,448,509,472,512,478,542
浙江农林大学,浙江,杭州市,否,否,农林类,公办,460,504,461,501,457,514
浙江海洋大学,浙江,舟山市,否,否,农林类,公办,453,475,460,479,464,479
中国计量大学,浙江,杭州市,否,否,理工类,公办,497,526,498,520,504,542
浙江科技大学,浙江,杭州市,否,否,理工类,公办,419,478,427,481,427,499
西华大学,四川,成都市,否,否,综合类,公办,482,516,481,509,479,530
浙江理工大学,浙江,杭州市,否,否,理工类,公办,502,511,500,509,511,527
浙江师范大学,浙江,金华市,否,否,综合类,公办,464,508,464,502,481,549
宁波大学,浙江,宁波市,否,否,综合类,公办,433,541,504,507,515,557
昌吉学院,新疆,昌吉回族自治州,否,否,综合类,公办,371,450,379,450,373,462
新疆财经大学,新疆,乌鲁木齐市,否,否,财经类,公办,350,474,419,474,414,492
喀什大学,新疆,喀什地区,否,否,综合类,公办,372,454,388,455,383,471
新疆师范大学,新疆,乌鲁木齐市,否,否,师范类,公办,355,483,425,482,429,499
新疆农业大学,新疆,乌鲁木齐市,否,否,农林类,公办,400,456,404,449,379,467
成都理工大学,四川,成都市,否,否,理工类,公办,500,512,509,516,518,540
西南民族大学,四川,成都市,否,否,民族类,公办,433,512,470,507,474,534
东北财经大学,辽宁,大连市,否,否,财经类,公办,433,540,516,536,532,577
辽宁师范大学,辽宁,大连市,否,否,师范类,公办,337,420,435,494,450,516
沈阳大学,辽宁,沈阳市,否,否,综合类,公办,424,478,434,481,433,503
辽宁科技大学,辽宁,鞍山市,否,否,理工类,公办,442,476,484,471,489,440
沈阳师范大学,辽宁,沈阳市,否,否,师范类,公办,376,469,417,464,416,432
大连交通大学,辽宁,大连市,否,否,理工类,公办,477,482,505,476,513,505
大连大学,辽宁,大连市,否,否,综合类,公办,424,486,437,485,436,506
沈阳理工大学,辽宁,沈阳市,否,否,理工类,公办,459,470,478,473,486,492
大连外国语大学,辽宁,大连市,否,否,语言类,公办,433,488,442,500,458,520
渤海大学,辽宁,锦州市,否,否,综合类,公办,433,505,447,499,452,519
大连海洋大学,辽宁,大连市,否,否,农林类,公办,408,484,420,478,422,501
大连民族大学,辽宁,大连市,否,否,民族类,公办,422,467,427,470,415,461
锦州医科大学,辽宁,锦州市,否,否,医药类,公办,453,455,438,453,435,484
鞍山师范学院,辽宁,鞍山市,否,否,师范类,公办,383,458,389,457,387,473
石河子大学,新疆,自治区直辖县级行政区划,否,是,综合类,公办,457,516,492,510,493,532
重庆三峡学院,重庆,重庆市,否,否,综合类,公办,419,482,424,477,424,495
井冈山大学,江西,吉安市,否,否,综合类,公办,474,510,475,505,477,523
赣南医科大学,江西,赣州市,否,否,医药类,公办,494,467,493,456,495,475
九江学院,江西,九江市,否,否,综合类,公办,406,460,409,454,411,480
四川外国语大学,重庆,重庆市,否,否,语言类,公办,455,492,457,508,460,518
宜春学院,江西,宜春市,否,否,综合类,公办,411,463,415,456,375,459
长江师范学院,重庆,重庆市,否,否,师范类,公办,400,486,421,484,421,505
江西科技师范大学,江西,南昌市,否,否,师范类,公办,433,504,459,503,461,524
赣南师范大学,江西,赣州市,否,否,师范类,公办,446,492,462,500,466,523
辽东学院,辽宁,丹东市,否,否,综合类,公办,376,447,383,452,380,466
重庆理工大学,重庆,重庆市,否,否,理工类,公办,488,484,492,485,495,510
上饶师范学院,江西,上饶市,否,否,师范类,公办,363,464,403,465,399,480
江西中医药大学,江西,南昌市,否,否,医药类,公办,491,519,490,512,491,530
景德镇陶瓷大学,江西,景德镇市,否,否,艺术类,公办,416,473,417,461,415,459
西南政法大学,重庆,重庆市,否,否,政法类,公办,527,545,524,520,542,578
重庆师范大学,重庆,重庆市,否,否,师范类,公办,481,531,475,518,479,537
东华理工大学,江西,南昌市,否,否,理工类,公办,441,493,448,492,456,512
江西财经大学,江西,南昌市,否,否,财经类,公办,446,523,442,514,482,543
江西师范大学,江西,南昌市,否,否,师范类,公办,433,518,462,502,472,531
扬州大学,江苏,扬州市,否,否,综合类,公办,477,532,502,526,508,551
南京工业大学,江苏,南京市,否,否,理工类,公办,478,503,496,507,505,532
江苏大学,江苏,镇江市,否,否,综合类,公办,496,520,505,506,514,502
南京林业大学,江苏,南京市,否,否,农林类,公办,491,528,497,522,501,543
江苏师范大学,江苏,徐州市,否,否,师范类,公办,426,503,438,492,438,517
南京信息工程大学,江苏,南京市,否,否,综合类,公办,518,532,515,521,523,544
江西理工大学,江西,赣州市,否,否,理工类,公办,452,495,452,492,455,518
南京财经大学,江苏,南京市,否,否,财经类,公办,433,526,480,520,512,552
苏州科技大学,江苏,苏州市,否,否,综合类,公办,468,500,476,496,479,528
南京中医药大学,江苏,南京市,否,否,医药类,公办,473,511,502,536,524,564
江苏科技大学,江苏,镇江市,否,否,理工类,公办,461,496,486,500,493,517
南京邮电大学,江苏,南京市,否,否,理工类,公办,525,488,529,525,540,550
华东交通大学,江西,南昌市,否,否,理工类,公办,467,487,472,483,477,501
常州大学,江苏,常州市,否,否,理工类,公办,446,499,443,489,464,518
盐城师范学院,江苏,盐城市,否,否,师范类,公办,337,468,415,454,412,482
淮阴工学院,江苏,淮安市,否,否,理工类,公办,398,457,404,443,385,474
南京审计大学,江苏,南京市,否,否,财经类,公办,433,535,521,530,523,568
江苏理工学院,江苏,常州市,否,否,理工类,公办,417,467,427,462,423,432
南京晓庄学院,江苏,南京市,否,否,师范类,公办,411,483,430,481,432,498
南京工程学院,江苏,南京市,否,否,理工类,公办,431,463,442,425,442,497
北京科技大学,北京,北京市,否,是,理工类,公办,554,548,547,519,558,575
东北师范大学,吉林,长春市,否,是,师范类,公办,433,548,523,541,544,572
清华大学,北京,北京市,是,是,综合类,公办,667,641,648,622,669,656
东北农业大学,黑龙江,哈尔滨市,否,是,农林类,公办,495,528,494,525,493,544
上海外国语大学,上海,上海市,否,是,语言类,公办,513,569,519,555,569,591
华东理工大学,上海,上海市,否,是,理工类,公办,538,547,536,539,547,560
复旦大学,上海,上海市,是,是,综合类,公办,643,626,641,604,660,637
上海财经大学,上海,上海市,否,是,财经类,公办,568,585,558,565,612,602
延边大学,吉林,延边朝鲜族自治州,否,是,综合类,公办,445,515,485,512,487,532
武汉理工大学,湖北,武汉市,否,是,理工类,公办,529,544,538,534,543,550
山东大学,山东,济南市,是,是,综合类,公办,565,578,566,566,585,594
上海交通大学,上海,上海市,是,是,综合类,公办,662,624,644,605,660,641
中南大学,湖南,长沙市,是,是,综合类,公办,542,581,541,562,570,590
吉林大学,吉林,长春市,是,是,综合类,公办,547,565,537,561,558,589
中国地质大学（武汉）,湖北,武汉市,否,是,理工类,公办,512,543,513,533,520,559
重庆大学,重庆,重庆市,是,是,综合类,公办,566,578,557,564,573,591
苏州大学,江苏,苏州市,否,是,综合类,公办,543,559,539,550,549,581
中国药科大学,江苏,南京市,否,是,医药类,公办,516,538,524,526,534,561
河海大学,江苏,南京市,否,是,综合类,公办,518,547,529,535,538,561
南京师范大学,江苏,南京市,否,是,师范类,公办,501,488,528,547,540,579
浙江大学,浙江,杭州市,是,是,综合类,公办,635,615,630,593,649,628
南京大学,江苏,南京市,是,是,综合类,公办,627,611,614,596,637,624
中国矿业大学,江苏,徐州市,否,是,综合类,公办,516,540,511,527,516,552
南昌大学,江西,南昌市,否,是,综合类,公办,507,542,508,534,524,559
西北工业大学,陕西,西安市,是,是,理工类,公办,599,538,583,548,595,576
暨南大学,广东,广州市,否,是,综合类,公办,535,553,529,545,540,570
华南理工大学,广东,广州市,是,是,综合类,公办,574,570,571,558,590,587
中山大学,广东,广州市,是,是,综合类,公办,587,595,573,577,520,604
福州大学,福建,福州市,否,是,理工类,公办,522,546,520,538,526,561
厦门大学,福建,厦门市,是,是,综合类,公办,582,593,568,579,594,607
西南财经大学,四川,成都市,否,是,财经类,公办,511,562,541,550,562,583
四川大学,四川,成都市,是,是,综合类,公办,560,579,563,573,579,598
华南师范大学,广东,广州市,否,是,师范类,公办,505,532,506,540,527,566
兰州大学,甘肃,兰州市,是,是,综合类,公办,528,550,550,541,562,566
天津农学院,天津,天津市,否,否,农林类,公办,401,456,408,458,406,473
天津城建大学,天津,天津市,否,否,综合类,公办,413,468,425,473,424,490
天津职业技术师范大学,天津,天津市,否,否,师范类,公办,412,477,422,477,421,498
天津中医药大学,天津,天津市,否,否,医药类,公办,460,500,478,499,481,519
中国民航大学,天津,天津市,否,否,理工类,公办,487,507,504,488,507,544
天津外国语大学,天津,天津市,否,否,语言类,公办,433,502,485,495,493,532
天津商业大学,天津,天津市,否,否,财经类,公办,433,502,493,522,501,547
天津财经大学,天津,天津市,否,否,财经类,公办,447,515,505,514,507,547
天津科技大学,天津,天津市,否,否,理工类,公办,470,494,497,492,505,526
天津工业大学,天津,天津市,否,否,综合类,公办,508,520,504,509,505,533
天津师范大学,天津,天津市,否,否,师范类,公办,449,505,502,523,511,546
上海大学,上海,上海市,否,是,综合类,公办,522,566,536,553,551,589
新疆大学,新疆,乌鲁木齐市,否,是,综合类,公办,468,527,482,522,491,547
济南大学,山东,济南市,否,否,综合类,公办,456,513,442,500,481,536
安徽农业大学,安徽,合肥市,否,否,农林类,公办,447,495,448,484,443,503
安徽大学,安徽,合肥市,否,是,综合类,公办,518,504,522,534,527,561
德州学院,山东,德州市,否,否,综合类,公办,376,465,384,460,362,475
滨州医学院,山东,烟台市,否,否,医药类,公办,396,481,422,475,437,442
合肥工业大学,安徽,合肥市,否,是,理工类,公办,533,488,531,531,537,554
郑州大学,河南,郑州市,否,是,综合类,公办,510,546,442,538,535,565
中国海洋大学,山东,青岛市,是,是,综合类,公办,496,560,540,550,552,579
南开大学,天津,天津市,是,是,综合类,公办,594,599,588,585,610,615
湖南师范大学,湖南,长沙市,否,是,师范类,公办,511,535,509,539,523,563
对外经济贸易大学,北京,北京市,否,是,财经类,公办,555,569,556,566,579,598
北京师范大学,北京,北京市,是,是,师范类,公办,604,609,592,592,609,622
西南交通大学,四川,成都市,否,是,理工类,公办,487,547,542,541,551,569
辽宁大学,辽宁,沈阳市,否,是,综合类,公办,509,519,513,536,522,562
北京中医药大学,北京,北京市,否,是,医药类,公办,513,563,521,535,535,566
北京航空航天大学,北京,北京市,是,是,理工类,公办,621,591,609,575,630,603
中国人民大学,北京,北京市,是,是,综合类,公办,624,613,607,600,631,630
中央民族大学,北京,北京市,是,是,民族类,公办,524,510,529,551,540,583
湖南大学,湖南,长沙市,是,是,综合类,公办,559,579,555,563,569,591
北京林业大学,北京,北京市,否,是,农林类,公办,511,537,519,531,528,556
武汉大学,湖北,武汉市,是,是,综合类,公办,605,604,584,587,603,618
中央音乐学院,北京,北京市,否,是,艺术类,公办,200,200,200,200,200,200
北京外国语大学,北京,北京市,否,是,语言类,公办,433,553,554,559,574,593
北京交通大学,北京,北京市,否,是,理工类,公办,562,511,553,551,562,582
西北大学,陕西,西安市,否,是,综合类,公办,520,553,521,539,533,558
长安大学,陕西,西安市,否,是,理工类,公办,522,547,519,535,529,557
云南大学,云南,昆明市,否,是,综合类,公办,512,546,498,532,522,562
哈尔滨工业大学,黑龙江,哈尔滨市,是,是,理工类,公办,614,569,597,555,606,584
大连海事大学,辽宁,大连市,否,是,理工类,公办,524,538,513,529,522,553
北京大学,北京,北京市,是,是,综合类,公办,665,631,650,615,665,649
