﻿名称,省,市,985,211,学校类型,学校属性,2023年物理类录取分数,2023年历史类录取分数,2022年物理类录取分数,2022年历史类录取分数,2021年物理类录取分数,2021年历史类录取分数
烟台科技学院,山东,烟台市,否,否,综合类,民办,459,426,432,465,421,489
江苏海洋大学,江苏,连云港市,否,否,理工类,公办,509,498,485,508,494,541
江西软件职业技术大学,江西,南昌市,否,否,理工类,民办,256,427,413,435,400,463
郑州西亚斯学院,河南,郑州市,否,否,综合类,民办,472,470,452,475,442,497
南京审计大学金审学院,江苏,南京市,否,否,财经类,民办,479,477,459,490,481,525
中国石油大学（北京）克拉玛依校区,新疆,克拉玛依市,否,是,理工类,公办,572,562,535,550,556,572
哈尔滨工业大学（深圳）,广东,深圳市,是,是,理工类,公办,662,608,619,604,656,631
中国社会科学院大学,北京,北京市,否,否,综合类,公办,627,600,601,594,626,623
香港中文大学（深圳）,广东,深圳市,否,否,综合类,内地与港澳台地区合作办学,638,607,608,599,634,618
温州肯恩大学,浙江,温州市,否,否,综合类,中外合作办学,540,518,503,514,507,561
合肥工业大学宣城校区,安徽,宣城市,否,是,综合类,公办,596,576,570,569,594,596
中国人民大学（苏州校区）,江苏,苏州市,是,是,综合类,公办,645,614,610,596,632,617
大连理工大学盘锦校区,辽宁,盘锦市,是,是,理工类,公办,601,583,574,578,602,607
河南牧业经济学院,河南,郑州市,否,否,财经类,公办,474,481,461,493,450,523
营口理工学院,辽宁,营口市,否,否,理工类,公办,483,477,464,485,469,512
河北中医药大学,河北,石家庄市,否,否,医药类,公办,506,505,476,508,497,541
山东管理学院,山东,济南市,否,否,综合类,公办,502,489,480,502,487,535
张家口学院,河北,张家口市,否,否,综合类,公办,486,484,462,490,471,520
南昌师范学院,江西,南昌市,否,否,师范类,公办,510,492,488,502,502,536
江西服装学院,江西,南昌市,否,否,艺术类,民办,437,427,417,435,405,465
成都师范学院,四川,成都市,否,否,师范类,公办,524,518,499,521,512,551
山西传媒学院,山西,晋中市,否,否,艺术类,公办,483,475,476,491,476,524
河北环境工程学院,河北,秦皇岛市,否,否,理工类,公办,479,476,460,486,473,519
陕西服装工程学院,陕西,咸阳市,否,否,综合类,民办,436,431,414,436,401,464
南昌工学院,江西,南昌市,否,否,理工类,民办,444,456,429,462,437,480
河北科技学院,河北,唐山市,否,否,理工类,民办,456,463,439,481,447,500
福州外语外贸学院,福建,福州市,否,否,财经类,民办,426,430,413,444,410,476
广东科技学院,广东,东莞市,否,否,综合类,民办,454,426,441,442,449,475
华北理工大学轻工学院,河北,唐山市,否,否,理工类,民办,447,431,420,444,412,472
陕西学前师范学院,陕西,西安市,否,否,师范类,公办,486,489,466,495,481,532
南宁理工学院,广西,南宁市,否,否,理工类,民办,438,428,422,436,402,472
内蒙古科技大学包头师范学院,内蒙古,包头市,否,否,师范类,公办,478,479,463,485,467,512
银川科技学院,宁夏,银川市,否,否,综合类,民办,432,434,415,444,404,465
北京第二外国语学院,北京,北京市,否,否,语言类,公办,581,569,568,567,592,597
山东女子学院,山东,济南市,否,否,综合类,公办,491,482,470,491,466,521
宁夏大学新华学院,宁夏,银川市,否,否,综合类,民办,460,473,435,476,431,506
贵阳人文科技学院,贵州,贵阳市,否,否,民族类,民办,452,453,426,454,422,481
贵州黔南经济学院,贵州,黔南布依族苗族自治州,否,否,财经类,民办,446,446,428,451,428,491
西安科技大学高新学院,陕西,西安市,否,否,理工类,民办,457,453,436,456,430,486
西安明德理工学院,陕西,西安市,否,否,综合类,民办,434,429,418,439,407,468
西安工商学院,陕西,西安市,否,否,综合类,民办,426,428,411,440,406,468
江苏科技大学苏州理工学院,江苏,苏州市,否,否,理工类,民办,482,473,457,481,474,513
扬州大学广陵学院,江苏,扬州市,否,否,综合类,民办,472,474,448,481,459,514
南京航空航天大学金城学院,江苏,南京市,否,否,理工类,民办,474,473,452,479,464,508
哈尔滨石油学院,黑龙江,哈尔滨市,否,否,理工类,民办,439,426,423,435,404,467
昆明理工大学津桥学院,云南,昆明市,否,否,理工类,民办,435,451,420,455,419,488
丽江文化旅游学院,云南,丽江市,否,否,综合类,民办,429,430,413,436,404,466
滇池学院,云南,昆明市,否,否,综合类,民办,449,450,418,456,418,477
聊城大学东昌学院,山东,聊城市,否,否,综合类,民办,455,457,428,459,424,487
齐鲁理工学院,山东,济南市,否,否,综合类,民办,431,430,200,435,200,200
青岛工学院,山东,青岛市,否,否,综合类,民办,427,433,412,442,407,470
西南财经大学天府学院,四川,绵阳市,否,否,财经类,民办,469,466,451,472,450,502
四川大学锦江学院,四川,眉山市,否,否,综合类,民办,468,465,457,476,456,502
绵阳城市学院,四川,绵阳市,否,否,理工类,民办,460,453,425,456,407,486
成都锦城学院,四川,成都市,否,否,综合类,民办,471,478,451,481,460,515
成都外国语学院,四川,成都市,否,否,语言类,民办,476,450,464,496,473,531
成都银杏酒店管理学院,四川,成都市,否,否,财经类,民办,438,442,419,447,407,475
成都理工大学工程技术学院,四川,乐山市,否,否,理工类,民办,468,462,450,470,463,493
成都大学,四川,成都市,否,否,综合类,公办,555,558,519,546,526,574
新疆科技学院,新疆,巴音郭楞蒙古自治州,否,否,财经类,公办,466,472,449,479,451,510
新疆理工学院,新疆,阿克苏地区,否,否,理工类,公办,475,472,455,481,450,509
东莞城市学院,广东,东莞市,否,否,理工类,民办,436,426,419,437,454,465
湖南中医药大学湘杏学院,湖南,岳阳市,否,否,医药类,民办,483,487,462,491,473,523
湖南理工学院南湖学院,湖南,岳阳市,否,否,理工类,民办,477,467,455,483,467,510
湖南文理学院芙蓉学院,湖南,常德市,否,否,综合类,民办,473,475,453,478,452,511
南华大学船山学院,湖南,衡阳市,否,否,综合类,民办,476,469,454,471,457,493
湖南科技大学潇湘学院,湖南,湘潭市,否,否,综合类,民办,474,475,453,481,464,515
长沙理工大学城南学院,湖南,长沙市,否,否,理工类,民办,471,471,450,478,463,508
湖南农业大学东方科技学院,湖南,长沙市,否,否,综合类,民办,468,473,449,479,459,510
湘潭理工学院,湖南,湘潭市,否,否,理工类,民办,465,467,446,476,443,508
长沙工业学院,湖南,长沙市,否,否,理工类,公办,465,473,449,477,460,499
湖南第一师范学院,湖南,长沙市,否,否,师范类,公办,533,551,511,540,528,560
武汉传媒学院,湖北,武汉市,否,否,艺术类,民办,207,439,412,447,411,470
湖北恩施学院,湖北,恩施土家族苗族自治州,否,否,综合类,民办,438,442,421,449,414,475
湖北工程学院新技术学院,湖北,孝感市,否,否,综合类,民办,450,459,426,464,417,487
武汉文理学院,湖北,武汉市,否,否,综合类,民办,442,448,423,448,416,476
景德镇艺术职业大学,江西,景德镇市,否,否,艺术类,民办,436,438,414,438,404,472
江西财经大学现代经济管理学院,江西,九江市,否,否,财经类,民办,470,464,446,470,462,496
南昌医学院,江西,南昌市,否,否,医药类,公办,517,522,490,509,487,539
南昌航空大学科技学院,江西,九江市,否,否,理工类,民办,470,468,452,469,454,484
赣东学院,江西,抚州市,否,否,综合类,公办,485,481,465,486,473,516
赣南科技学院,江西,赣州市,否,否,理工类,公办,484,479,467,486,468,519
南昌交通学院,江西,南昌市,否,否,理工类,民办,452,433,419,451,447,480
江西师范大学科学技术学院,江西,九江市,否,否,综合类,民办,463,469,450,475,457,502
江西农业大学南昌商学院,江西,九江市,否,否,综合类,民办,463,457,446,462,437,484
南昌大学科学技术学院,江西,九江市,否,否,综合类,民办,469,474,452,471,454,498
厦门工学院,福建,厦门市,否,否,理工类,民办,461,439,441,465,458,498
宁波财经学院,浙江,宁波市,否,否,财经类,民办,453,445,444,459,459,487
上海财经大学浙江学院,浙江,金华市,否,否,财经类,民办,476,483,457,496,477,541
浙大城市学院,浙江,杭州市,否,否,综合类,公办,544,539,518,543,522,567
广西中医药大学赛恩斯新医药学院,广西,南宁市,否,否,医药类,民办,460,471,438,469,437,500
广西民族大学相思湖学院,广西,南宁市,否,否,民族类,民办,438,454,420,457,408,483
柳州工学院,广西,柳州市,否,否,理工类,民办,424,426,413,440,402,468
桂林信息科技学院,广西,桂林市,否,否,理工类,民办,425,426,411,435,403,464
桂林学院,广西,桂林市,否,否,综合类,民办,435,455,426,467,430,497
甘肃民族师范学院,甘肃,甘南藏族自治州,否,否,师范类,公办,474,477,457,484,467,515
大连东软信息学院,辽宁,大连市,否,否,理工类,民办,426,428,411,436,405,467
大连医科大学中山学院,辽宁,大连市,否,否,医药类,民办,461,451,440,463,464,493
辽宁师范大学海华学院,辽宁,大连市,否,否,综合类,民办,444,448,420,454,419,481
山西晋中理工学院,山西,晋中市,否,否,理工类,民办,457,448,436,453,423,479
长春光华学院,吉林,长春市,否,否,综合类,民办,424,435,411,441,405,470
天津天狮学院,天津,天津市,否,否,综合类,民办,308,449,446,462,474,494
天津财经大学珠江学院,天津,天津市,否,否,综合类,民办,460,469,439,476,453,511
天津理工大学中环信息学院,天津,天津市,否,否,综合类,民办,471,462,450,473,460,489
北京科技大学天津学院,天津,天津市,否,否,综合类,民办,462,468,440,476,457,510
天津医科大学临床医学院,天津,天津市,否,否,医药类,民办,492,472,470,478,485,502
天津商业大学宝德学院,天津,天津市,否,否,财经类,民办,454,460,441,469,443,497
民政职业大学,北京,北京市,否,否,政法类,公办,404,404,327,413,200,422
宁夏理工学院,宁夏,石嘴山市,否,否,理工类,民办,439,449,425,457,421,487
贵州警察学院,贵州,贵阳市,否,否,政法类,公办,502,508,477,499,498,529
西安汽车职业大学,陕西,西安市,否,否,理工类,民办,269,218,200,200,200,200
西安欧亚学院,陕西,西安市,否,否,财经类,民办,434,427,416,436,409,466
陕西国际商贸学院,陕西,咸阳市,否,否,财经类,民办,436,428,415,437,406,467
无锡太湖学院,江苏,无锡市,否,否,综合类,民办,453,454,444,468,449,498
哈尔滨体育学院,黑龙江,哈尔滨市,否,否,体育类,公办,479,462,460,493,465,519
云南经济管理学院,云南,昆明市,否,否,财经类,民办,435,454,414,460,409,484
昆明文理学院,云南,昆明市,否,否,师范类,民办,432,452,422,456,414,481
普洱学院,云南,普洱市,否,否,综合类,公办,472,478,463,483,468,517
青岛黄海学院,山东,青岛市,否,否,综合类,民办,427,362,431,449,402,476
烟台南山学院,山东,烟台市,否,否,综合类,民办,447,446,423,445,429,488
山东英才学院,山东,济南市,否,否,综合类,民办,429,429,414,438,406,468
山东石油化工学院,山东,东营市,否,否,理工类,公办,497,493,468,492,468,521
广东外语外贸大学南国商学院,广东,广州市,否,否,综合类,民办,466,446,449,469,460,518
广州华立学院,广东,广州市,否,否,理工类,民办,464,430,451,452,469,483
广州商学院,广东,广州市,否,否,财经类,民办,432,431,409,464,480,524
湖南应用技术学院,湖南,常德市,否,否,综合类,民办,446,469,428,471,436,502
湖南信息学院,湖南,长沙市,否,否,理工类,民办,330,305,288,242,200,200
湖南财政经济学院,湖南,长沙市,否,否,财经类,公办,530,519,507,523,520,552
武汉生物工程学院,湖北,武汉市,否,否,理工类,民办,446,448,431,454,426,479
武汉晴川学院,湖北,武汉市,否,否,综合类,民办,427,433,410,442,436,469
荆州学院,湖北,荆州市,否,否,理工类,民办,429,429,413,438,404,465
长江大学文理学院,湖北,荆州市,否,否,综合类,民办,463,467,444,470,443,493
湖北文理学院理工学院,湖北,襄阳市,否,否,理工类,民办,441,463,423,469,417,490
湖北师范大学文理学院,湖北,黄石市,否,否,师范类,民办,451,463,438,474,450,504
武汉工程大学邮电与信息工程学院,湖北,武汉市,否,否,理工类,民办,449,445,429,446,424,465
武昌工学院,湖北,武汉市,否,否,综合类,民办,441,431,425,440,421,465
湖北商贸学院,湖北,武汉市,否,否,财经类,民办,431,432,415,439,412,464
湖北工业大学工程技术学院,湖北,武汉市,否,否,综合类,民办,452,445,437,451,434,476
武汉工商学院,湖北,武汉市,否,否,综合类,民办,435,439,417,451,416,468
湖北大学知行学院,湖北,武汉市,否,否,理工类,民办,446,464,429,472,436,501
郑州工程技术学院,河南,郑州市,否,否,理工类,公办,492,485,480,483,486,506
河南财政金融学院,河南,郑州市,否,否,财经类,公办,491,500,465,505,481,537
厦门华厦学院,福建,厦门市,否,否,综合类,民办,460,450,441,464,445,497
福州大学至诚学院,福建,福州市,否,否,综合类,民办,450,468,426,476,415,504
厦门大学嘉庚学院,福建,漳州市,否,否,综合类,民办,473,476,459,485,497,523
武夷学院,福建,南平市,否,否,综合类,公办,488,497,469,497,479,527
池州学院,安徽,池州市,否,否,综合类,公办,478,481,457,489,474,520
浙江树人学院,浙江,杭州市,否,否,综合类,民办,449,432,427,441,448,475
武警海警学院,浙江,宁波市,否,否,政法类,公办,576,571,547,571,556,587
南宁学院,广西,南宁市,否,否,理工类,民办,429,446,420,458,438,487
桂林旅游学院,广西,桂林市,否,否,财经类,公办,480,474,458,482,467,509
桂林航天工业学院,广西,桂林市,否,否,理工类,公办,507,480,483,488,491,518
广西科技师范学院,广西,来宾市,否,否,师范类,公办,483,484,462,488,469,517
兰州资源环境职业技术大学,甘肃,兰州市,否,否,理工类,公办,472,275,457,236,200,200
朝阳师范学院,辽宁,朝阳市,否,否,师范类,公办,295,234,200,200,200,200
山西工程技术学院,山西,阳泉市,否,否,理工类,公办,479,478,464,485,462,515
太原学院,山西,太原市,否,否,综合类,公办,481,481,465,482,452,510
吕梁学院,山西,吕梁市,否,否,综合类,公办,478,478,458,485,467,518
吉林警察学院,吉林,长春市,否,否,政法类,公办,507,498,487,505,494,536
吉林工商学院,吉林,长春市,否,否,财经类,公办,487,480,467,488,475,520
天津仁爱学院,天津,天津市,否,否,综合类,民办,432,447,426,455,438,476
六盘水师范学院,贵州,六盘水市,否,否,师范类,公办,478,486,456,493,468,523
河北工程大学科信学院,河北,邯郸市,否,否,理工类,民办,470,472,443,477,453,505
石家庄铁道大学四方学院,河北,石家庄市,否,否,理工类,民办,471,473,451,479,459,507
贵州师范学院,贵州,贵阳市,否,否,师范类,公办,489,496,466,499,487,528
兰州博文科技学院,甘肃,兰州市,否,否,理工类,民办,434,426,420,435,406,471
延安大学西安创新学院,陕西,西安市,否,否,综合类,民办,431,440,420,448,425,476
武汉设计工程学院,湖北,武汉市,否,否,艺术类,民办,427,427,410,435,410,463
青海大学昆仑学院,青海,西宁市,否,否,理工类,公办,470,460,447,469,436,500
常州大学怀德学院,江苏,泰州市,否,否,理工类,民办,470,463,446,471,447,500
大连财经学院,辽宁,大连市,否,否,财经类,民办,446,451,410,459,470,486
信阳学院,河南,信阳市,否,否,综合类,民办,460,479,451,483,451,513
琼台师范学院,海南,海口市,否,否,师范类,公办,500,498,474,500,481,531
荆楚理工学院,湖北,荆门市,否,否,理工类,公办,480,479,461,483,473,505
重庆电子科技职业大学,重庆,重庆市,否,否,理工类,公办,410,414,405,428,371,451
重庆工商大学派斯学院,重庆,重庆市,否,否,财经类,民办,462,467,442,472,451,501
重庆移通学院,重庆,重庆市,否,否,理工类,民办,472,467,450,469,469,496
重庆财经学院,重庆,重庆市,否,否,财经类,民办,494,500,475,502,477,539
重庆城市科技学院,重庆,重庆市,否,否,综合类,民办,472,473,451,485,469,516
重庆外语外事学院,重庆,重庆市,否,否,语言类,民办,461,463,450,472,453,499
重庆对外经贸学院,重庆,重庆市,否,否,财经类,民办,469,473,453,476,453,501
珠海科技学院,广东,珠海市,否,否,综合类,民办,474,469,450,478,471,528
长春建筑学院,吉林,长春市,否,否,理工类,民办,428,428,410,439,404,481
无锡学院,江苏,无锡市,否,否,理工类,公办,536,519,501,512,506,544
河北地质大学华信学院,河北,石家庄市,否,否,综合类,民办,427,453,414,457,414,489
北京中医药大学东方学院,河北,廊坊市,否,否,医药类,民办,462,465,439,470,456,502
青岛城市学院,山东,青岛市,否,否,理工类,民办,445,430,437,443,455,470
四川工商学院,四川,成都市,否,否,综合类,民办,464,473,440,480,460,504
海口经济学院,海南,海口市,否,否,综合类,民办,424,426,410,435,409,465
四川音乐学院,四川,成都市,否,否,艺术类,公办,511,493,486,500,481,520
广西艺术学院,广西,南宁市,否,否,艺术类,公办,471,469,466,482,473,516
浙江水利水电学院,浙江,杭州市,否,否,理工类,公办,530,516,508,518,518,549
湖北第二师范学院,湖北,武汉市,否,否,师范类,公办,515,510,496,514,513,543
西交利物浦大学,江苏,苏州市,否,否,综合类,中外合作办学,582,552,546,542,573,580
三亚学院,海南,三亚市,否,否,综合类,民办,434,431,431,441,435,475
河南工程学院,河南,郑州市,否,否,理工类,公办,489,485,467,496,496,531
武汉纺织大学外经贸学院,湖北,武汉市,否,否,综合类,民办,429,429,414,435,416,463
长春电子科技学院,吉林,长春市,否,否,理工类,民办,431,427,412,435,403,465
广州软件学院,广东,广州市,否,否,理工类,民办,465,448,448,460,491,495
北京理工大学珠海学院,广东,珠海市,否,否,理工类,民办,494,469,470,480,476,518
广州应用科技学院,广东,广州市,否,否,综合类,民办,452,438,440,445,456,487
武汉体育学院体育科技学院,湖北,武汉市,否,否,体育类,民办,434,438,419,445,411,468
昆明城市学院,云南,昆明市,否,否,综合类,民办,433,444,417,448,410,476
山东政法学院,山东,济南市,否,否,政法类,公办,539,541,513,538,527,561
昆明医科大学海源学院,云南,昆明市,否,否,医药类,民办,474,467,454,471,459,498
吉林师范大学博达学院,吉林,四平市,否,否,师范类,民办,444,444,424,452,427,478
北京师范大学-香港浸会大学联合国际学院,广东,珠海市,否,否,综合类,内地与港澳台地区合作办学,570,543,535,541,558,575
凯里学院,贵州,黔东南苗族侗族自治州,否,否,师范类,公办,472,476,453,482,467,514
安顺学院,贵州,安顺市,否,否,综合类,公办,485,481,461,486,469,514
西安医学院,陕西,西安市,否,否,医药类,公办,536,493,508,500,517,527
菏泽学院,山东,菏泽市,否,否,综合类,公办,485,486,466,492,469,521
安康学院,陕西,安康市,否,否,综合类,公办,485,482,466,487,472,519
商洛学院,陕西,商洛市,否,否,综合类,公办,480,485,455,492,470,519
三明学院,福建,三明市,否,否,综合类,公办,488,485,473,497,487,531
河北科技师范学院,河北,秦皇岛市,否,否,师范类,公办,480,479,457,489,470,525
长治学院,山西,长治市,否,否,综合类,公办,479,482,456,489,473,517
北部湾大学,广西,钦州市,否,否,综合类,公办,491,496,465,504,476,537
丽水学院,浙江,丽水市,否,否,综合类,公办,495,491,471,496,482,530
百色学院,广西,百色市,否,否,综合类,公办,478,478,461,483,463,511
梧州学院,广西,梧州市,否,否,综合类,公办,477,479,454,485,470,517
龙岩学院,福建,龙岩市,否,否,综合类,公办,486,480,465,487,474,516
海南热带海洋学院,海南,三亚市,否,否,综合类,公办,494,483,462,488,471,524
枣庄学院,山东,枣庄市,否,否,综合类,公办,477,484,459,488,468,518
青岛滨海学院,山东,青岛市,否,否,综合类,民办,431,427,413,436,408,465
长沙医学院,湖南,长沙市,否,否,医药类,民办,462,467,443,456,467,509
呼伦贝尔学院,内蒙古,呼伦贝尔市,否,否,综合类,公办,474,476,452,482,459,514
重庆人文科技学院,重庆,重庆市,否,否,综合类,民办,471,475,453,481,454,513
中国人民解放军战略支援部队信息工程大学,河南,郑州市,否,否,军事类,公办,621,596,575,573,597,609
山东大学（威海）,山东,威海市,是,是,综合类,公办,622,599,585,590,609,614
东北大学秦皇岛分校,河北,秦皇岛市,是,是,理工类,公办,611,585,578,578,601,605
北京大学医学部,北京,北京市,是,是,医药类,公办,684,658,662,643,676,663
宁波诺丁汉大学,浙江,宁波市,否,否,综合类,中外合作办学,580,559,543,547,569,582
集美大学诚毅学院,福建,厦门市,否,否,综合类,民办,466,475,441,483,470,520
山东航空学院,山东,滨州市,否,否,综合类,公办,489,479,456,468,462,511
信阳农林学院,河南,信阳市,否,否,农林类,公办,486,479,459,485,470,516
安徽中医药大学,安徽,合肥市,否,否,医药类,公办,522,524,497,522,500,552
西京学院,陕西,西安市,否,否,理工类,民办,451,450,433,450,431,478
常熟理工学院,江苏,苏州市,否,否,理工类,公办,524,505,492,507,513,541
洛阳理工学院,河南,洛阳市,否,否,理工类,公办,493,494,475,497,494,530
武汉城市学院,湖北,武汉市,否,否,理工类,民办,431,431,417,439,425,469
武汉学院,湖北,武汉市,否,否,综合类,民办,455,460,434,464,466,481
武汉东湖学院,湖北,武汉市,否,否,综合类,民办,460,442,443,453,463,486
湖北医药学院药护学院,湖北,十堰市,否,否,医药类,民办,460,451,439,453,444,481
武昌理工学院,湖北,武汉市,否,否,综合类,民办,446,443,424,443,448,472
郑州工商学院,河南,郑州市,否,否,财经类,民办,468,461,446,467,433,493
郑州师范学院,河南,郑州市,否,否,师范类,公办,509,499,496,510,504,540
东南大学成贤学院,江苏,南京市,否,否,综合类,民办,487,476,445,483,478,521
武汉工程科技学院,湖北,武汉市,否,否,理工类,民办,424,432,410,437,411,463
山东中医药大学,山东,济南市,否,否,医药类,公办,516,503,487,521,502,555
南京特殊教育师范学院,江苏,南京市,否,否,师范类,公办,502,498,481,509,485,537
南京警察学院,江苏,南京市,否,否,政法类,公办,581,580,557,512,581,504
太原工业学院,山西,太原市,否,否,理工类,公办,488,478,463,490,476,523
电子科技大学成都学院,四川,成都市,否,否,理工类,民办,471,470,452,479,485,506
陕西警察学院,陕西,西安市,否,否,政法类,公办,385,319,339,284,200,200
三峡大学科技学院,湖北,宜昌市,否,否,综合类,民办,458,458,446,463,436,488
郑州经贸学院,河南,郑州市,否,否,财经类,民办,462,458,431,458,409,485
汉口学院,湖北,武汉市,否,否,综合类,民办,436,448,420,455,441,480
武昌首义学院,湖北,武汉市,否,否,理工类,民办,468,467,446,473,459,500
武汉华夏理工学院,湖北,武汉市,否,否,理工类,民办,436,431,417,442,446,479
广州南方学院,广东,广州市,否,否,综合类,民办,460,445,455,457,466,509
天水师范学院,甘肃,天水市,否,否,师范类,公办,475,483,454,486,466,514
陇东学院,甘肃,庆阳市,否,否,综合类,公办,475,476,456,484,465,516
上海电机学院,上海,上海市,否,否,理工类,公办,536,528,502,526,526,558
榆林学院,陕西,榆林市,否,否,综合类,公办,478,480,459,485,468,515
曲靖师范学院,云南,曲靖市,否,否,师范类,公办,479,480,459,487,473,518
成都体育学院,四川,成都市,否,否,体育类,公办,488,497,482,504,492,527
宜宾学院,四川,宜宾市,否,否,综合类,公办,510,488,476,494,479,521
绵阳师范学院,四川,绵阳市,否,否,师范类,公办,497,516,476,525,487,554
文华学院,湖北,武汉市,否,否,综合类,民办,458,462,437,471,455,494
重庆工商大学,重庆,重庆市,否,否,财经类,公办,549,553,527,549,556,581
湖南人文科技学院,湖南,娄底市,否,否,综合类,公办,482,481,467,489,467,522
浙江传媒学院,浙江,杭州市,否,否,艺术类,公办,553,552,534,557,533,571
南京工业职业技术大学,江苏,南京市,否,否,理工类,公办,508,497,470,489,398,461
绥化学院,黑龙江,绥化市,否,否,综合类,公办,477,478,459,483,468,512
哈尔滨师范大学,黑龙江,哈尔滨市,否,否,师范类,公办,519,503,499,516,509,547
厦门理工学院,福建,厦门市,否,否,理工类,公办,548,523,519,541,533,565
湖北经济学院法商学院,湖北,武汉市,否,否,财经类,民办,449,448,434,454,438,475
金陵科技学院,江苏,南京市,否,否,理工类,公办,515,506,499,512,500,548
广西财经学院,广西,南宁市,否,否,财经类,公办,483,496,451,500,501,541
昆明学院,云南,昆明市,否,否,综合类,公办,495,493,475,499,483,528
西安文理学院,陕西,西安市,否,否,综合类,公办,510,495,481,514,503,544
重庆文理学院,重庆,重庆市,否,否,综合类,公办,515,506,479,512,510,545
伊犁师范大学,新疆,伊犁哈萨克自治州,否,否,师范类,公办,473,478,453,482,456,511
广东金融学院,广东,广州市,否,否,财经类,公办,541,545,518,542,532,569
长沙学院,湖南,长沙市,否,否,综合类,公办,523,515,496,517,512,546
湖北警官学院,湖北,武汉市,否,否,政法类,公办,545,531,494,512,512,525
湖北理工学院,湖北,黄石市,否,否,理工类,公办,488,477,467,488,482,516
重庆交通大学,重庆,重庆市,否,否,理工类,公办,573,554,550,554,579,583
吉林农业科技学院,吉林,吉林市,否,否,农林类,公办,480,476,457,483,467,516
上海政法学院,上海,上海市,否,否,政法类,公办,594,577,564,569,587,597
上海商学院,上海,上海市,否,否,财经类,公办,533,539,513,539,528,569
重庆科技大学,重庆,重庆市,否,否,理工类,公办,522,516,497,514,516,547
武汉科技大学,湖北,武汉市,否,否,综合类,公办,576,564,549,558,571,587
中国矿业大学（北京）,北京,北京市,否,是,理工类,公办,599,578,570,572,595,600
广东白云学院,广东,广州市,否,否,综合类,民办,456,427,431,456,441,490
广东技术师范大学,广东,广州市,否,否,师范类,公办,536,525,501,513,514,548
广东警官学院,广东,广州市,否,否,政法类,公办,510,537,492,532,514,565
肇庆学院,广东,肇庆市,否,否,师范类,公办,496,501,474,495,465,520
南方医科大学,广东,广州市,否,否,医药类,公办,611,567,590,558,621,591
中国人民解放军国防科技大学,湖南,长沙市,是,是,军事类,公办,639,614,614,574,629,621
贵州大学,贵州,贵阳市,否,是,综合类,公办,588,571,555,565,586,596
西南大学,重庆,重庆市,否,是,综合类,公办,607,591,577,583,600,607
攀枝花学院,四川,攀枝花市,否,否,综合类,公办,481,481,456,485,473,517
西昌学院,四川,凉山彝族自治州,否,否,综合类,公办,478,474,460,486,471,519
晋中学院,山西,晋中市,否,否,综合类,公办,480,479,460,486,472,516
山西中医药大学,山西,晋中市,否,否,医药类,公办,511,493,484,509,500,543
南昌职业大学,江西,南昌市,否,否,综合类,民办,263,427,412,435,401,463
江西职业技术大学,江西,九江市,否,否,综合类,公办,383,342,347,319,200,291
新余学院,江西,新余市,否,否,综合类,公办,480,475,458,491,473,526
萍乡学院,江西,萍乡市,否,否,综合类,公办,478,484,455,489,468,517
郑州警察学院,河南,郑州市,否,否,政法类,公办,563,536,538,499,540,518
黄淮学院,河南,驻马店市,否,否,综合类,公办,478,481,454,486,468,515
河南科技学院,河南,新乡市,否,否,综合类,公办,492,493,467,494,474,522
平顶山学院,河南,平顶山市,否,否,综合类,公办,484,478,461,487,471,516
安阳师范学院,河南,安阳市,否,否,师范类,公办,479,498,460,496,471,526
首都经济贸易大学,北京,北京市,否,否,财经类,公办,580,574,563,568,592,597
河南中医药大学,河南,郑州市,否,否,医药类,公办,514,532,489,519,500,544
江西科技学院,江西,南昌市,否,否,综合类,民办,435,435,418,445,412,473
南昌理工学院,江西,南昌市,否,否,综合类,民办,439,459,426,465,436,498
南昌工程学院,江西,南昌市,否,否,理工类,公办,515,497,498,506,515,541
北京体育大学,北京,北京市,否,是,体育类,公办,584,576,565,571,589,597
西安思源学院,陕西,西安市,否,否,综合类,民办,441,464,430,470,413,496
西安外事学院,陕西,西安市,否,否,综合类,民办,449,435,429,453,422,480
南阳理工学院,河南,南阳市,否,否,理工类,公办,483,487,462,495,476,523
安阳工学院,河南,安阳市,否,否,理工类,公办,480,478,453,485,468,514
河南师范大学,河南,新乡市,否,否,师范类,公办,562,554,538,548,547,567
中国石油大学（北京）,北京,北京市,否,是,理工类,公办,606,583,574,574,596,600
华北电力大学,北京,北京市,否,是,理工类,公办,619,586,587,575,614,601
中国地质大学（北京）,北京,北京市,否,是,理工类,公办,605,584,574,579,602,609
吉利学院,四川,成都市,否,否,理工类,民办,451,449,434,466,431,503
汉江师范学院,湖北,十堰市,否,否,师范类,公办,483,485,466,491,472,520
武汉商学院,湖北,武汉市,否,否,财经类,公办,500,482,483,492,498,524
四川文理学院,四川,达州市,否,否,综合类,公办,479,484,462,495,479,526
四川工程职业技术大学,四川,德阳市,否,否,理工类,公办,400,388,381,379,300,342
南通大学,江苏,南通市,否,否,综合类,公办,553,537,541,543,560,567
成都东软学院,四川,成都市,否,否,理工类,民办,468,454,450,471,461,502
河北外国语学院,河北,石家庄市,否,否,语言类,民办,436,433,417,438,420,464
哈尔滨职业技术大学,黑龙江,哈尔滨市,否,否,综合类,公办,325,266,269,200,200,200
哈尔滨金融学院,黑龙江,哈尔滨市,否,否,财经类,公办,493,486,469,499,477,532
上海中侨职业技术大学,上海,上海市,否,否,财经类,民办,436,433,200,435,200,200
河北金融学院,河北,保定市,否,否,财经类,公办,486,481,470,495,488,527
邢台医学院,河北,邢台市,否,否,医药类,公办,373,367,328,311,200,363
北华航天工业学院,河北,廊坊市,否,否,理工类,公办,513,485,491,494,505,535
上海建桥学院,上海,上海市,否,否,财经类,民办,450,431,436,450,456,486
上海海关学院,上海,上海市,否,否,财经类,公办,604,618,591,601,609,630
防灾科技学院,河北,廊坊市,否,否,综合类,公办,504,490,483,508,497,538
沧州师范学院,河北,沧州市,否,否,师范类,公办,482,483,460,490,472,519
保定学院,河北,保定市,否,否,综合类,公办,484,481,468,498,483,529
深圳职业技术大学,广东,深圳市,否,否,综合类,公办,459,445,422,472,439,483
石家庄学院,河北,石家庄市,否,否,综合类,公办,485,485,461,496,473,526
廊坊师范学院,河北,廊坊市,否,否,师范类,公办,480,480,460,489,473,521
唐山师范学院,河北,唐山市,否,否,师范类,公办,479,478,460,483,471,516
山东师范大学,山东,济南市,否,否,师范类,公办,573,562,547,561,572,589
中央司法警官学院,河北,保定市,否,否,政法类,公办,548,506,524,537,496,527
中国人民警察大学,河北,廊坊市,否,否,政法类,公办,570,580,545,564,558,579
邢台学院,河北,邢台市,否,否,综合类,公办,482,478,462,486,476,518
石家庄铁道大学,河北,石家庄市,否,否,理工类,公办,545,544,519,546,541,576
河北地质大学,河北,石家庄市,否,否,理工类,公办,516,511,494,516,510,548
华北科技学院,河北,廊坊市,否,否,理工类,公办,505,492,485,500,496,534
河北工程大学,河北,邯郸市,否,否,理工类,公办,512,504,457,507,505,543
燕山大学,河北,秦皇岛市,否,否,综合类,公办,565,555,545,555,580,586
华北理工大学,河北,唐山市,否,否,综合类,公办,502,510,493,518,517,568
河北师范大学,河北,石家庄市,否,否,师范类,公办,558,562,539,560,560,586
国际关系学院,北京,北京市,否,否,政法类,公办,612,581,583,568,604,611
北京语言大学,北京,北京市,否,否,语言类,公办,590,560,566,573,592,603
华北电力大学保定校区,河北,保定市,否,是,理工类,公办,608,579,575,571,602,599
北京印刷学院,北京,北京市,否,否,理工类,公办,543,564,523,554,548,585
首都师范大学,北京,北京市,否,否,师范类,公办,604,582,572,578,597,602
北京物资学院,北京,北京市,否,否,财经类,公办,538,536,502,522,537,552
外交学院,北京,北京市,否,否,语言类,公办,629,604,609,598,630,623
中国劳动关系学院,北京,北京市,否,否,政法类,公办,533,547,507,541,520,559
中国人民公安大学,北京,北京市,否,否,政法类,公办,613,588,591,580,605,596
北京联合大学,北京,北京市,否,否,综合类,公办,573,565,529,555,545,576
中国政法大学,北京,北京市,否,是,政法类,公办,620,615,599,602,628,626
中央财经大学,北京,北京市,否,是,财经类,公办,625,607,599,596,628,626
北京城市学院,北京,北京市,否,否,综合类,民办,452,465,450,472,488,531
中国传媒大学,北京,北京市,否,是,综合类,公办,607,595,576,590,609,618
中国农业大学,北京,北京市,是,是,农林类,公办,621,586,588,582,610,604
北京化工大学,北京,北京市,否,是,理工类,公办,603,580,576,573,601,600
鲁东大学,山东,烟台市,否,否,综合类,公办,514,532,489,528,504,553
烟台大学,山东,烟台市,否,否,综合类,公办,520,517,486,509,505,571
潍坊学院,山东,潍坊市,否,否,综合类,公办,486,499,464,501,478,532
山东第一医科大学,山东,济南市,否,否,医药类,公办,548,487,514,497,517,540
齐鲁工业大学,山东,济南市,否,否,理工类,公办,537,522,444,520,529,548
北方民族大学,宁夏,银川市,否,否,综合类,公办,485,497,467,498,464,530
宁夏大学,宁夏,银川市,否,是,综合类,公办,578,571,554,566,582,594
广西民族大学,广西,南宁市,否,否,民族类,公办,507,507,485,510,496,544
山东农业大学,山东,泰安市,否,否,农林类,公办,518,518,489,516,503,544
南宁师范大学,广西,南宁市,否,否,师范类,公办,512,520,491,522,505,547
山东理工大学,山东,淄博市,否,否,理工类,公办,536,525,508,524,519,550
玉林师范学院,广西,玉林市,否,否,师范类,公办,482,482,457,484,468,514
桂林医学院,广西,桂林市,否,否,医药类,公办,547,489,520,492,530,511
山东科技大学,山东,青岛市,否,否,理工类,公办,542,536,525,552,552,580
广西科技大学,广西,柳州市,否,否,理工类,公办,506,482,484,496,502,536
山东财经大学,山东,济南市,否,否,财经类,公办,556,556,543,556,566,584
山东交通学院,山东,济南市,否,否,理工类,公办,500,518,481,511,499,543
桂林理工大学,广西,桂林市,否,否,理工类,公办,527,490,498,507,514,540
广西师范大学,广西,桂林市,否,否,师范类,公办,555,554,534,555,560,583
内蒙古财经大学,内蒙古,呼和浩特市,否,否,财经类,公办,504,486,483,500,484,535
山东工商学院,山东,烟台市,否,否,财经类,公办,495,495,469,504,484,537
贵州财经大学,贵州,贵阳市,否,否,财经类,公办,528,523,498,515,498,552
内蒙古师范大学,内蒙古,呼和浩特市,否,否,师范类,公办,494,499,476,503,475,535
遵义医科大学,贵州,遵义市,否,否,医药类,公办,543,502,515,508,520,538
海南医科大学,海南,海口市,否,否,医药类,公办,502,492,482,500,520,539
海南师范大学,海南,海口市,否,否,师范类,公办,539,539,515,540,533,569
曲阜师范大学,山东,济宁市,否,否,师范类,公办,529,549,507,539,511,559
青岛理工大学,山东,青岛市,否,否,理工类,公办,549,539,521,539,532,553
内蒙古工业大学,内蒙古,呼和浩特市,否,否,理工类,公办,495,474,462,493,485,521
内蒙古民族大学,内蒙古,通辽市,否,否,综合类,公办,477,487,460,493,467,524
内蒙古科技大学,内蒙古,包头市,否,否,综合类,公办,480,473,452,493,469,529
海南大学,海南,海口市,否,是,综合类,公办,590,565,562,557,584,593
河西学院,甘肃,张掖市,否,否,综合类,公办,477,478,456,485,466,515
甘肃政法大学,甘肃,兰州市,否,否,政法类,公办,540,530,518,527,522,551
兰州财经大学,甘肃,兰州市,否,否,财经类,公办,512,492,487,512,502,544
青岛大学,山东,青岛市,否,否,综合类,公办,561,565,541,563,576,593
临沂大学,山东,临沂市,否,否,综合类,公办,511,516,487,516,499,542
西北师范大学,甘肃,兰州市,否,否,师范类,公办,535,554,520,551,530,572
聊城大学,山东,聊城市,否,否,综合类,公办,517,515,490,513,505,543
许昌学院,河南,许昌市,否,否,理工类,公办,502,480,468,487,474,517
青岛农业大学,山东,青岛市,否,否,农林类,公办,506,516,485,516,499,547
河南财经政法大学,河南,郑州市,否,否,财经类,公办,554,553,528,545,534,569
商丘师范学院,河南,商丘市,否,否,师范类,公办,482,495,459,500,474,528
南阳师范学院,河南,南阳市,否,否,师范类,公办,477,505,459,506,475,534
周口师范学院,河南,周口市,否,否,师范类,公办,479,488,464,496,474,521
洛阳师范学院,河南,洛阳市,否,否,综合类,公办,499,501,482,502,491,532
中原工学院,河南,郑州市,否,否,理工类,公办,526,490,495,497,510,540
西北民族大学,甘肃,兰州市,否,否,综合类,公办,493,501,474,501,492,537
郑州航空工业管理学院,河南,郑州市,否,否,综合类,公办,505,497,478,509,500,539
闽江学院,福建,福州市,否,否,综合类,公办,518,521,494,517,507,547
闽南师范大学,福建,漳州市,否,否,师范类,公办,507,520,484,520,501,546
泉州师范学院,福建,泉州市,否,否,师范类,公办,495,502,470,510,490,542
福建师范大学,福建,福州市,否,否,师范类,公办,557,561,533,559,558,583
仰恩大学,福建,泉州市,否,否,综合类,民办,459,446,438,457,425,484
集美大学,福建,厦门市,否,否,综合类,公办,548,559,517,551,517,577
西藏民族大学,陕西,咸阳市,否,否,民族类,公办,497,500,471,498,471,526
黄河科技学院,河南,郑州市,否,否,理工类,民办,452,445,426,451,410,477
福建农林大学,福建,福州市,否,否,农林类,公办,539,511,517,542,541,574
河南工业大学,河南,郑州市,否,否,理工类,公办,524,523,496,529,518,557
华侨大学,福建,泉州市,否,否,综合类,公办,573,560,546,557,574,588
河南理工大学,河南,焦作市,否,否,理工类,公办,533,516,505,519,516,548
河南农业大学,河南,郑州市,否,否,农林类,公办,540,528,505,522,512,544
湖北文理学院,湖北,襄阳市,否,否,综合类,公办,499,493,480,499,490,530
河南科技大学,河南,洛阳市,否,否,综合类,公办,546,541,524,538,540,561
河南大学,河南,开封市,否,否,综合类,公办,579,567,555,562,577,588
郑州轻工业大学,河南,郑州市,否,否,理工类,公办,532,511,501,512,514,544
湖北科技学院,湖北,咸宁市,否,否,综合类,公办,500,487,478,495,487,527
黑龙江东方学院,黑龙江,哈尔滨市,否,否,综合类,民办,425,426,412,438,403,468
湖北民族大学,湖北,恩施土家族苗族自治州,否,否,综合类,公办,488,492,467,497,472,522
湖北美术学院,湖北,武汉市,否,否,艺术类,公办,492,485,476,493,465,525
黑龙江科技大学,黑龙江,哈尔滨市,否,否,理工类,公办,521,486,482,490,498,512
黑龙江工程学院,黑龙江,哈尔滨市,否,否,理工类,公办,480,477,455,492,479,519
武汉体育学院,湖北,武汉市,否,否,体育类,公办,509,498,487,511,503,542
哈尔滨学院,黑龙江,哈尔滨市,否,否,综合类,公办,484,490,460,498,477,527
湖北经济学院,湖北,武汉市,否,否,财经类,公办,512,513,495,516,513,546
哈尔滨商业大学,黑龙江,哈尔滨市,否,否,财经类,公办,496,534,478,539,496,566
湖北工程学院,湖北,孝感市,否,否,理工类,公办,481,484,461,489,473,518
牡丹江师范学院,黑龙江,牡丹江市,否,否,师范类,公办,477,480,459,485,466,515
黑龙江中医药大学,黑龙江,哈尔滨市,否,否,医药类,公办,514,512,500,494,507,573
黄冈师范学院,湖北,黄冈市,否,否,师范类,公办,501,506,481,508,491,534
湖北师范大学,湖北,黄石市,否,否,师范类,公办,512,520,488,521,498,547
湖北医药学院,湖北,十堰市,否,否,医药类,公办,494,475,471,482,466,512
湖北中医药大学,湖北,武汉市,否,否,医药类,公办,518,497,492,509,503,543
武汉轻工大学,湖北,武汉市,否,否,理工类,公办,527,515,503,519,517,549
湖北汽车工业学院,湖北,十堰市,否,否,理工类,公办,483,479,461,484,467,512
武汉工程大学,湖北,武汉市,否,否,理工类,公办,548,551,524,548,543,576
湖北工业大学,湖北,武汉市,否,否,理工类,公办,558,542,529,544,549,574
武汉纺织大学,湖北,武汉市,否,否,理工类,公办,535,523,510,529,527,553
三峡大学,湖北,宜昌市,否,否,综合类,公办,550,528,520,528,504,551
江汉大学,湖北,武汉市,否,否,综合类,公办,547,539,518,534,532,560
哈尔滨医科大学,黑龙江,哈尔滨市,否,否,医药类,公办,568,526,539,533,554,565
长江大学,湖北,荆州市,否,否,综合类,公办,535,529,510,527,524,549
湖北大学,湖北,武汉市,否,否,综合类,公办,569,562,541,557,558,584
齐齐哈尔大学,黑龙江,齐齐哈尔市,否,否,综合类,公办,484,500,464,505,480,536
中南民族大学,湖北,武汉市,否,否,综合类,公办,564,563,536,557,558,586
黑龙江大学,黑龙江,哈尔滨市,否,否,综合类,公办,538,553,520,551,546,579
华中师范大学,湖北,武汉市,否,是,师范类,公办,621,601,591,592,614,613
东北林业大学,黑龙江,哈尔滨市,否,是,农林类,公办,590,574,559,566,583,596
邵阳学院,湖南,邵阳市,否,否,综合类,公办,488,489,472,494,481,526
华中农业大学,湖北,武汉市,否,是,农林类,公办,601,579,573,573,596,600
怀化学院,湖南,怀化市,否,否,综合类,公办,490,485,470,494,476,522
湖南文理学院,湖南,常德市,否,否,综合类,公办,499,503,475,514,495,545
中南财经政法大学,湖北,武汉市,否,是,财经类,公办,604,591,570,573,593,602
吉林财经大学,吉林,长春市,否,否,财经类,公办,514,517,495,521,514,553
白城师范学院,吉林,白城市,否,否,师范类,公办,475,478,458,484,466,516
湖南科技学院,湖南,永州市,否,否,综合类,公办,504,481,487,496,502,542
通化师范学院,吉林,通化市,否,否,师范类,公办,479,479,461,486,471,517
湖南工商大学,湖南,长沙市,否,否,财经类,公办,538,549,515,544,530,567
衡阳师范学院,湖南,衡阳市,否,否,师范类,公办,521,516,496,519,503,548
长春中医药大学,吉林,长春市,否,否,医药类,公办,508,507,483,498,507,537
湘南学院,湖南,郴州市,否,否,综合类,公办,503,491,484,492,488,523
湖南中医药大学,湖南,长沙市,否,否,医药类,公办,582,551,548,547,569,569
中南林业科技大学,湖南,长沙市,否,否,农林类,公办,539,541,517,543,533,575
吉林化工学院,吉林,吉林市,否,否,理工类,公办,478,484,458,494,472,522
湖南工程学院,湖南,湘潭市,否,否,理工类,公办,498,484,475,501,496,532
湖南工业大学,湖南,株洲市,否,否,综合类,公办,531,520,514,527,531,562
湖南理工学院,湖南,岳阳市,否,否,理工类,公办,539,513,464,513,512,546
吉林建筑大学,吉林,长春市,否,否,理工类,公办,492,483,475,496,493,527
长春工程学院,吉林,长春市,否,否,理工类,公办,475,399,450,411,473,521
湖南农业大学,湖南,长沙市,否,否,农林类,公办,527,521,515,522,534,559
南华大学,湖南,衡阳市,否,否,综合类,公办,558,550,531,547,552,577
吉林师范大学,吉林,四平市,否,否,师范类,公办,504,501,487,512,495,544
长沙理工大学,湖南,长沙市,否,否,理工类,公办,585,559,553,557,578,586
湖南科技大学,湖南,湘潭市,否,否,综合类,公办,558,560,539,556,565,584
长春师范大学,吉林,长春市,否,否,师范类,公办,511,493,489,509,500,542
吉首大学,湖南,湘西土家族苗族自治州,否,否,综合类,公办,492,491,473,502,475,525
湘潭大学,湖南,湘潭市,否,否,综合类,公办,589,574,558,568,582,592
西安培华学院,陕西,西安市,否,否,综合类,民办,456,465,439,466,434,487
长春工业大学,吉林,长春市,否,否,理工类,公办,521,505,491,512,511,544
长春理工大学,吉林,长春市,否,否,理工类,公办,544,542,526,546,555,576
长春大学,吉林,长春市,否,否,综合类,公办,509,481,485,509,493,536
西北政法大学,陕西,西安市,否,否,政法类,公办,612,587,580,572,605,600
西安财经大学,陕西,西安市,否,否,财经类,公办,537,550,513,543,525,566
北华大学,吉林,吉林市,否,否,综合类,公办,513,509,493,512,506,541
青海民族大学,青海,西宁市,否,否,民族类,公办,477,488,461,497,474,525
陕西理工大学,陕西,汉中市,否,否,理工类,公办,507,513,483,514,511,543
宝鸡文理学院,陕西,宝鸡市,否,否,师范类,公办,480,472,442,500,480,532
渭南师范学院,陕西,渭南市,否,否,师范类,公办,472,489,412,493,468,525
青海大学,青海,西宁市,否,是,综合类,公办,584,561,542,556,571,583
咸阳师范学院,陕西,咸阳市,否,否,师范类,公办,489,507,470,506,481,537
西藏大学,西藏,拉萨市,否,是,综合类,公办,547,546,518,541,520,558
西安邮电大学,陕西,西安市,否,否,理工类,公办,584,546,546,541,539,565
大理大学,云南,大理白族自治州,否,否,综合类,公办,520,513,483,515,504,544
西安工业大学,陕西,西安市,否,否,理工类,公办,556,557,528,546,541,567
云南警官学院,云南,昆明市,否,否,政法类,公办,524,510,501,507,505,532
陕西科技大学,陕西,西安市,否,否,理工类,公办,559,546,533,548,561,577
云南财经大学,云南,昆明市,否,否,财经类,公办,519,522,496,522,512,547
红河学院,云南,红河哈尼族彝族自治州,否,否,综合类,公办,476,478,457,484,467,518
西安石油大学,陕西,西安市,否,否,理工类,公办,547,542,522,545,541,571
楚雄师范学院,云南,楚雄彝族自治州,否,否,师范类,公办,476,480,454,484,467,518
西安科技大学,陕西,西安市,否,否,理工类,公办,563,561,546,557,575,584
玉溪师范学院,云南,玉溪市,否,否,师范类,公办,480,487,461,495,472,524
西安理工大学,陕西,西安市,否,否,理工类,公办,575,547,543,552,568,582
云南中医药大学,云南,昆明市,否,否,医药类,公办,514,532,472,527,511,553
西南林业大学,云南,昆明市,否,否,农林类,公办,508,512,481,514,501,543
云南民族大学,云南,昆明市,否,否,综合类,公办,534,520,506,524,517,554
云南师范大学,云南,昆明市,否,否,师范类,公办,546,556,529,551,550,572
云南农业大学,云南,昆明市,否,否,农林类,公办,514,498,488,502,502,539
昆明理工大学,云南,昆明市,否,否,理工类,公办,550,553,541,495,553,572
延安大学,陕西,延安市,否,否,综合类,公办,516,525,493,524,503,546
安徽财经大学,安徽,蚌埠市,否,否,财经类,公办,560,556,543,554,573,584
陕西师范大学,陕西,西安市,否,是,师范类,公办,614,593,586,582,606,604
淮南师范学院,安徽,淮南市,否,否,师范类,公办,480,499,461,505,479,533
西北农林科技大学,陕西,咸阳市,是,是,农林类,公办,603,585,573,579,596,604
西安交通大学,陕西,西安市,是,是,综合类,公办,636,613,604,602,633,623
上海杉达学院,上海,上海市,否,否,财经类,民办,463,503,472,496,496,530
淮北师范大学,安徽,淮北市,否,否,综合类,公办,523,546,493,538,509,554
华东政法大学,上海,上海市,否,否,政法类,公办,610,594,592,585,621,613
安徽建筑大学,安徽,合肥市,否,否,理工类,公办,527,535,503,541,517,562
上海立信会计金融学院,上海,上海市,否,否,财经类,公办,577,560,553,559,582,593
上海对外经贸大学,上海,上海市,否,否,财经类,公办,586,571,558,567,588,598
安徽工程大学,安徽,芜湖市,否,否,理工类,公办,524,505,502,511,517,538
上海应用技术大学,上海,上海市,否,否,理工类,公办,565,523,532,530,548,552
安徽师范大学,安徽,芜湖市,否,否,师范类,公办,560,562,537,558,557,581
上海海事大学,上海,上海市,否,否,理工类,公办,574,564,545,558,566,591
上海师范大学,上海,上海市,否,否,综合类,公办,568,559,542,559,581,592
上海海洋大学,上海,上海市,否,否,农林类,公办,587,560,556,555,575,579
广州美术学院,广东,广州市,否,否,艺术类,公办,562,548,555,527,546,552
广东财经大学,广东,广州市,否,否,财经类,公办,578,570,551,566,564,584
嘉应学院,广东,梅州市,否,否,综合类,公办,483,488,459,497,472,530
岭南师范学院,广东,湛江市,否,否,师范类,公办,503,495,468,499,493,533
韶关学院,广东,韶关市,否,否,综合类,公办,477,488,465,499,473,531
广州医科大学,广东,广州市,否,否,医药类,公办,601,567,572,558,586,585
广东医科大学,广东,湛江市,否,否,医药类,公办,593,534,563,536,587,557
广州大学,广东,广州市,否,否,综合类,公办,596,571,566,567,591,594
广东外语外贸大学,广东,广州市,否,否,语言类,公办,569,566,552,561,586,595
广州中医药大学,广东,广州市,否,否,医药类,公办,593,572,557,567,574,597
广东海洋大学,广东,湛江市,否,否,综合类,公办,538,527,501,525,511,569
广东工业大学,广东,广州市,否,否,理工类,公办,595,558,558,550,580,581
五邑大学,广东,江门市,否,否,综合类,公办,523,505,499,521,511,548
深圳大学,广东,深圳市,否,否,综合类,公办,615,589,584,579,619,605
汕头大学,广东,汕头市,否,否,综合类,公办,587,567,559,562,587,592
太原师范学院,山西,晋中市,否,否,师范类,公办,497,502,483,512,495,542
山西大同大学,山西,大同市,否,否,综合类,公办,506,504,481,506,482,540
忻州师范学院,山西,忻州市,否,否,师范类,公办,478,482,458,490,470,518
长治医学院,山西,长治市,否,否,医药类,公办,502,493,476,503,500,527
太原科技大学,山西,太原市,否,否,理工类,公办,526,514,499,511,511,541
川北医学院,四川,南充市,否,否,医药类,公办,524,479,500,457,508,545
山西财经大学,山西,太原市,否,否,财经类,公办,529,537,509,533,522,556
西南医科大学,四川,泸州市,否,否,医药类,公办,550,522,512,514,509,548
四川轻化工大学,四川,自贡市,否,否,理工类,公办,531,520,503,523,517,553
山西师范大学,山西,太原市,否,否,师范类,公办,528,550,499,535,510,551
山西医科大学,山西,太原市,否,否,医药类,公办,548,501,506,506,503,536
成都信息工程大学,四川,成都市,否,否,理工类,公办,586,555,552,554,574,580
山西农业大学,山西,晋中市,否,否,农林类,公办,505,479,482,506,491,542
西南石油大学,四川,成都市,否,否,综合类,公办,588,566,556,559,576,587
中国民用航空飞行学院,四川,德阳市,否,否,理工类,公办,526,506,495,481,509,544
西华师范大学,四川,南充市,否,否,师范类,公办,526,515,495,513,504,545
四川师范大学,四川,成都市,否,否,师范类,公办,574,566,549,563,572,590
西南科技大学,四川,绵阳市,否,否,理工类,公办,539,538,512,534,525,556
山西大学,山西,太原市,否,否,综合类,公办,583,564,548,559,561,583
浙江万里学院,浙江,宁波市,否,否,理工类,公办,498,491,474,497,477,530
浙江财经大学,浙江,杭州市,否,否,财经类,公办,587,566,562,564,589,594
浙江工商大学,浙江,杭州市,否,否,财经类,公办,568,569,547,563,579,594
台州学院,浙江,台州市,否,否,综合类,公办,505,503,483,504,492,537
湖州师范学院,浙江,湖州市,否,否,综合类,公办,516,506,493,511,499,543
浙江中医药大学,浙江,杭州市,否,否,医药类,公办,582,549,553,547,581,563
浙江农林大学,浙江,杭州市,否,否,农林类,公办,557,557,530,548,555,574
中国计量大学,浙江,杭州市,否,否,理工类,公办,590,568,561,562,585,595
浙江科技大学,浙江,杭州市,否,否,理工类,公办,504,524,478,528,508,558
西华大学,四川,成都市,否,否,综合类,公办,555,559,531,554,528,557
嘉兴大学,浙江,嘉兴市,否,否,综合类,公办,520,502,484,499,491,543
浙江理工大学,浙江,杭州市,否,否,理工类,公办,581,563,555,561,583,593
浙江师范大学,浙江,金华市,否,否,综合类,公办,580,577,560,571,588,598
宁波大学,浙江,宁波市,否,否,综合类,公办,577,550,549,546,585,578
新疆财经大学,新疆,乌鲁木齐市,否,否,财经类,公办,479,482,469,485,461,514
喀什大学,新疆,喀什地区,否,否,综合类,公办,472,473,453,486,458,514
新疆师范大学,新疆,乌鲁木齐市,否,否,师范类,公办,488,493,467,499,469,529
新疆农业大学,新疆,乌鲁木齐市,否,否,农林类,公办,474,467,450,479,455,511
成都理工大学,四川,成都市,否,否,理工类,公办,589,562,560,561,586,588
西南民族大学,四川,成都市,否,否,民族类,公办,545,555,523,551,549,580
东北财经大学,辽宁,大连市,否,否,财经类,公办,579,570,559,562,586,598
沈阳药科大学,辽宁,沈阳市,否,否,医药类,公办,548,514,534,498,487,590
辽宁师范大学,辽宁,大连市,否,否,师范类,公办,540,537,517,535,532,565
沈阳大学,辽宁,沈阳市,否,否,综合类,公办,511,520,485,525,516,559
大连交通大学,辽宁,大连市,否,否,理工类,公办,552,535,533,536,551,560
大连大学,辽宁,大连市,否,否,综合类,公办,542,520,513,519,516,548
沈阳理工大学,辽宁,沈阳市,否,否,理工类,公办,528,516,501,527,518,556
大连外国语大学,辽宁,大连市,否,否,语言类,公办,511,540,550,555,581,590
渤海大学,辽宁,锦州市,否,否,综合类,公办,528,510,502,516,515,540
沈阳建筑大学,辽宁,沈阳市,否,否,理工类,公办,542,443,529,528,567,566
大连民族大学,辽宁,大连市,否,否,民族类,公办,502,506,458,511,507,541
鞍山师范学院,辽宁,鞍山市,否,否,师范类,公办,486,482,463,494,474,523
沈阳医学院,辽宁,沈阳市,否,否,医药类,公办,510,489,488,500,501,540
中国刑事警察学院,辽宁,沈阳市,否,否,政法类,公办,602,572,574,556,589,575
石河子大学,新疆,自治区直辖县级行政区划,否,是,综合类,公办,556,554,527,553,551,581
重庆三峡学院,重庆,重庆市,否,否,综合类,公办,508,513,488,514,506,546
井冈山大学,江西,吉安市,否,否,综合类,公办,510,507,485,511,494,542
四川美术学院,重庆,重庆市,否,否,艺术类,公办,570,534,550,530,546,559
九江学院,江西,九江市,否,否,综合类,公办,506,492,478,499,500,532
四川外国语大学,重庆,重庆市,否,否,语言类,公办,561,550,536,553,553,577
宜春学院,江西,宜春市,否,否,综合类,公办,495,489,468,492,478,518
长江师范学院,重庆,重庆市,否,否,师范类,公办,516,497,492,509,508,543
江西科技师范大学,江西,南昌市,否,否,师范类,公办,519,513,495,518,507,549
赣南师范大学,江西,赣州市,否,否,师范类,公办,512,520,490,520,505,548
重庆理工大学,重庆,重庆市,否,否,理工类,公办,562,544,529,544,545,570
上饶师范学院,江西,上饶市,否,否,师范类,公办,485,492,468,495,478,525
江西中医药大学,江西,南昌市,否,否,医药类,公办,522,495,495,514,513,547
重庆邮电大学,重庆,重庆市,否,否,理工类,公办,599,572,566,567,588,596
景德镇陶瓷大学,江西,景德镇市,否,否,艺术类,公办,519,511,490,501,496,525
西南政法大学,重庆,重庆市,否,否,政法类,公办,615,596,584,581,610,609
重庆师范大学,重庆,重庆市,否,否,师范类,公办,577,559,550,560,577,588
重庆医科大学,重庆,重庆市,否,否,医药类,公办,612,544,582,553,607,575
南昌航空大学,江西,南昌市,否,否,理工类,公办,557,545,533,546,552,576
东华理工大学,江西,南昌市,否,否,理工类,公办,542,544,522,545,550,574
江西财经大学,江西,南昌市,否,否,财经类,公办,575,555,551,561,584,595
江西师范大学,江西,南昌市,否,否,师范类,公办,563,561,542,562,570,588
扬州大学,江苏,扬州市,否,否,综合类,公办,587,565,557,561,584,591
江西农业大学,江西,南昌市,否,否,农林类,公办,524,527,494,523,507,548
南京工业大学,江苏,南京市,否,否,理工类,公办,585,557,557,557,586,590
江苏大学,江苏,镇江市,否,否,综合类,公办,584,576,558,565,587,595
南京林业大学,江苏,南京市,否,否,农林类,公办,587,576,557,568,583,596
江苏师范大学,江苏,徐州市,否,否,师范类,公办,541,558,515,553,523,574
江西理工大学,江西,赣州市,否,否,理工类,公办,538,518,498,536,539,563
南京财经大学,江苏,南京市,否,否,财经类,公办,580,573,555,567,580,592
苏州科技大学,江苏,苏州市,否,否,综合类,公办,562,561,533,551,544,572
江苏科技大学,江苏,镇江市,否,否,理工类,公办,562,545,530,547,550,575
杭州电子科技大学,浙江,杭州市,否,否,理工类,公办,605,565,574,561,598,589
华东交通大学,江西,南昌市,否,否,理工类,公办,567,552,545,551,530,579
常州大学,江苏,常州市,否,否,理工类,公办,545,543,517,546,527,568
盐城工学院,江苏,盐城市,否,否,理工类,公办,498,478,484,487,496,520
南京审计大学,江苏,南京市,否,否,财经类,公办,599,576,569,571,594,599
江苏理工学院,江苏,常州市,否,否,理工类,公办,522,495,493,512,521,545
南京晓庄学院,江苏,南京市,否,否,师范类,公办,529,520,503,529,513,555
南京工程学院,江苏,南京市,否,否,理工类,公办,553,521,521,527,533,558
北京科技大学,北京,北京市,否,是,理工类,公办,621,590,590,581,617,612
北京理工大学,北京,北京市,是,是,理工类,公办,637,610,606,598,632,622
东北师范大学,吉林,长春市,否,是,师范类,公办,608,591,578,564,600,604
清华大学,北京,北京市,是,是,综合类,公办,687,662,672,649,683,666
太原理工大学,山西,太原市,否,是,理工类,公办,601,580,567,570,591,597
大连理工大学,辽宁,大连市,是,是,理工类,公办,627,590,598,582,619,612
东北农业大学,黑龙江,哈尔滨市,否,是,农林类,公办,585,573,550,567,583,595
上海外国语大学,上海,上海市,否,是,语言类,公办,603,599,591,594,617,623
东华大学,上海,上海市,否,是,综合类,公办,608,588,574,581,602,606
东北大学,辽宁,沈阳市,是,是,理工类,公办,616,591,583,583,615,608
华东理工大学,上海,上海市,否,是,理工类,公办,617,588,585,577,610,612
复旦大学,上海,上海市,是,是,综合类,公办,682,652,661,640,679,661
华东师范大学,上海,上海市,是,是,师范类,公办,648,612,621,602,642,628
上海财经大学,上海,上海市,否,是,财经类,公办,621,619,597,611,634,645
延边大学,吉林,延边朝鲜族自治州,否,是,综合类,公办,574,567,549,561,575,591
武汉理工大学,湖北,武汉市,否,是,理工类,公办,611,583,577,574,594,602
华中科技大学,湖北,武汉市,是,是,综合类,公办,634,609,605,600,638,623
山东大学,山东,济南市,是,是,综合类,公办,632,607,597,597,620,610
上海交通大学,上海,上海市,是,是,综合类,公办,677,656,655,637,673,658
哈尔滨工程大学,黑龙江,哈尔滨市,否,是,理工类,公办,611,577,571,571,594,598
中南大学,湖南,长沙市,是,是,综合类,公办,630,605,599,594,625,620
吉林大学,吉林,长春市,是,是,综合类,公办,619,604,590,595,613,617
中国地质大学（武汉）,湖北,武汉市,否,是,理工类,公办,603,585,573,578,596,605
重庆大学,重庆,重庆市,是,是,综合类,公办,627,606,600,597,625,622
苏州大学,江苏,苏州市,否,是,综合类,公办,611,594,582,587,608,613
中国药科大学,江苏,南京市,否,是,医药类,公办,601,579,567,573,592,598
河海大学,江苏,南京市,否,是,综合类,公办,605,585,574,576,599,604
南京师范大学,江苏,南京市,否,是,师范类,公办,606,585,576,578,601,605
浙江大学,浙江,杭州市,是,是,综合类,公办,665,646,635,629,663,651
南京农业大学,江苏,南京市,否,是,农林类,公办,596,579,568,572,592,600
南京大学,江苏,南京市,是,是,综合类,公办,665,638,643,628,666,650
中国矿业大学,江苏,徐州市,否,是,综合类,公办,598,579,568,571,592,599
东南大学,江苏,南京市,是,是,综合类,公办,636,616,600,601,627,628
南昌大学,江西,南昌市,否,是,综合类,公办,604,577,573,568,594,599
西北工业大学,陕西,西安市,是,是,理工类,公办,632,603,599,589,622,616
暨南大学,广东,广州市,否,是,综合类,公办,614,590,586,584,612,613
华南理工大学,广东,广州市,是,是,综合类,公办,633,604,602,594,627,620
中山大学,广东,广州市,是,是,综合类,公办,636,620,602,607,629,631
福州大学,福建,福州市,否,是,理工类,公办,599,583,570,574,596,600
厦门大学,福建,厦门市,是,是,综合类,公办,632,612,603,599,625,624
西南财经大学,四川,成都市,否,是,财经类,公办,602,591,576,577,602,607
四川大学,四川,成都市,是,是,综合类,公办,633,609,605,602,624,628
华南师范大学,广东,广州市,否,是,师范类,公办,612,592,582,581,608,607
兰州大学,甘肃,兰州市,是,是,综合类,公办,618,594,587,584,613,610
广西大学,广西,南宁市,否,是,综合类,公办,593,575,561,569,589,596
天津体育学院,天津,天津市,否,否,体育类,公办,490,509,475,502,469,531
天津职业技术师范大学,天津,天津市,否,否,师范类,公办,513,509,494,514,504,541
天津中医药大学,天津,天津市,否,否,医药类,公办,571,563,539,534,577,584
中国民航大学,天津,天津市,否,否,理工类,公办,563,562,526,556,540,559
天津外国语大学,天津,天津市,否,否,语言类,公办,552,556,534,550,549,574
江南大学,江苏,无锡市,否,是,综合类,公办,607,586,572,576,596,602
天津商业大学,天津,天津市,否,否,财经类,公办,532,534,505,526,515,556
天津财经大学,天津,天津市,否,否,财经类,公办,564,556,545,559,581,592
天津科技大学,天津,天津市,否,否,理工类,公办,558,555,532,555,564,580
天津工业大学,天津,天津市,否,否,综合类,公办,594,568,565,563,585,593
天津师范大学,天津,天津市,否,否,师范类,公办,570,572,550,567,578,595
南京航空航天大学,江苏,南京市,否,是,理工类,公办,601,589,573,582,606,607
上海大学,上海,上海市,否,是,综合类,公办,612,601,581,592,612,619
新疆大学,新疆,乌鲁木齐市,否,是,综合类,公办,570,561,536,557,565,587
同济大学,上海,上海市,是,是,综合类,公办,648,628,623,612,656,634
济南大学,山东,济南市,否,否,综合类,公办,558,561,536,554,562,580
安徽农业大学,安徽,合肥市,否,否,农林类,公办,537,521,512,523,545,576
安徽工业大学,安徽,马鞍山市,否,否,理工类,公办,529,525,526,526,551,555
安徽理工大学,安徽,淮南市,否,否,理工类,公办,545,517,515,517,527,545
安徽大学,安徽,合肥市,否,是,综合类,公办,601,582,570,574,594,600
郑州大学,河南,郑州市,否,是,综合类,公办,603,585,575,577,601,604
中国海洋大学,山东,青岛市,是,是,综合类,公办,615,594,585,586,610,613
南开大学,天津,天津市,是,是,综合类,公办,638,619,612,605,637,631
湖南师范大学,湖南,长沙市,否,是,师范类,公办,603,585,575,578,600,604
河北经贸大学,河北,石家庄市,否,否,财经类,公办,536,533,507,532,519,553
河北大学,河北,保定市,否,否,综合类,公办,572,565,545,560,567,587
对外经济贸易大学,北京,北京市,否,是,财经类,公办,620,598,596,593,628,621
北京师范大学,北京,北京市,是,是,师范类,公办,633,614,609,603,644,635
西南交通大学,四川,成都市,否,是,理工类,公办,604,587,574,579,602,603
北京中医药大学,北京,北京市,否,是,医药类,公办,596,581,564,583,594,607
北京邮电大学,北京,北京市,否,是,理工类,公办,631,592,601,583,626,613
北京航空航天大学,北京,北京市,是,是,理工类,公办,640,618,609,606,635,630
中国人民大学,北京,北京市,是,是,综合类,公办,664,648,645,631,666,653
中央民族大学,北京,北京市,是,是,民族类,公办,609,598,580,589,606,615
湖南大学,湖南,长沙市,是,是,综合类,公办,619,605,583,594,619,619
北京林业大学,北京,北京市,否,是,农林类,公办,596,585,567,577,593,606
武汉大学,湖北,武汉市,是,是,综合类,公办,632,609,604,605,633,630
河北工业大学,天津,天津市,否,是,理工类,公办,600,575,568,568,598,597
中央音乐学院,北京,北京市,否,是,艺术类,公办,318,318,307,307,326,326
北京外国语大学,北京,北京市,否,是,语言类,公办,614,601,591,594,617,623
北京交通大学,北京,北京市,否,是,理工类,公办,614,584,584,576,609,617
西北大学,陕西,西安市,否,是,综合类,公办,610,588,576,581,603,606
长安大学,陕西,西安市,否,是,理工类,公办,597,580,569,572,591,598
云南大学,云南,昆明市,否,是,综合类,公办,598,581,568,574,595,599
大连海事大学,辽宁,大连市,否,是,理工类,公办,591,577,563,570,579,598
北京大学,北京,北京市,是,是,综合类,公办,682,655,663,643,683,669
