﻿名称,省,市,985,211,学校类型,学校属性,2023年理科录取分数,2023年文科录取分数,2022年理科录取分数,2022年文科录取分数,2021年理科录取分数,2021年文科录取分数
烟台科技学院,山东,烟台市,否,否,综合类,民办,317,413,365,433,333,424
江苏海洋大学,江苏,连云港市,否,否,理工类,公办,456,489,441,477,432,495
南京审计大学金审学院,江苏,南京市,否,否,财经类,民办,374,436,428,450,407,437
滇西应用技术大学,云南,大理白族自治州,否,否,综合类,公办,345,400,357,438,368,435
中国社会科学院大学,北京,北京市,否,否,综合类,公办,587,543,593,557,600,586
河北中医药大学,河北,石家庄市,否,否,医药类,公办,433,476,450,471,331,500
山东管理学院,山东,济南市,否,否,综合类,公办,365,419,408,445,386,443
张家口学院,河北,张家口市,否,否,综合类,公办,355,452,354,472,366,478
山西传媒学院,山西,晋中市,否,否,艺术类,公办,294,349,428,470,399,476
河北环境工程学院,河北,秦皇岛市,否,否,理工类,公办,349,409,380,438,379,421
华北理工大学冀唐学院,河北,唐山市,否,否,医药类,民办,344,418,397,437,381,426
南昌工学院,江西,南昌市,否,否,理工类,民办,311,394,351,414,316,401
安徽外国语学院,安徽,合肥市,否,否,语言类,民办,295,358,331,398,346,388
福州外语外贸学院,福建,福州市,否,否,财经类,民办,297,379,330,402,328,385
山东协和学院,山东,济南市,否,否,医药类,民办,327,394,372,422,356,410
郑州升达经贸管理学院,河南,郑州市,否,否,财经类,民办,323,403,342,421,336,412
广西外国语学院,广西,南宁市,否,否,语言类,民办,296,368,327,388,316,383
华北理工大学轻工学院,河北,唐山市,否,否,理工类,民办,310,379,358,410,339,389
新疆政法学院,新疆,自治区直辖县级行政区划,否,否,政法类,公办,340,417,372,431,354,429
内蒙古科技大学包头师范学院,内蒙古,包头市,否,否,师范类,公办,408,432,444,424,426,471
北京第二外国语学院,北京,北京市,否,否,语言类,公办,509,508,503,533,534,542
西安交通大学城市学院,陕西,西安市,否,否,理工类,民办,348,399,385,431,361,403
扬州大学广陵学院,江苏,扬州市,否,否,综合类,民办,339,409,356,431,361,427
南京理工大学紫金学院,江苏,南京市,否,否,理工类,民办,393,425,419,435,392,443
黑龙江财经学院,黑龙江,哈尔滨市,否,否,财经类,民办,324,353,344,412,344,403
哈尔滨石油学院,黑龙江,哈尔滨市,否,否,理工类,民办,295,357,351,396,319,383
哈尔滨广厦学院,黑龙江,哈尔滨市,否,否,综合类,民办,325,388,369,414,364,402
哈尔滨剑桥学院,黑龙江,哈尔滨市,否,否,综合类,民办,323,384,380,416,372,408
黑龙江工商学院,黑龙江,哈尔滨市,否,否,综合类,民办,305,389,336,415,348,395
哈尔滨远东理工学院,黑龙江,哈尔滨市,否,否,理工类,民办,307,388,362,415,333,399
昆明理工大学津桥学院,云南,昆明市,否,否,理工类,民办,314,368,328,395,331,386
丽江文化旅游学院,云南,丽江市,否,否,综合类,民办,297,359,337,400,305,383
滇池学院,云南,昆明市,否,否,综合类,民办,303,394,355,414,318,393
齐鲁理工学院,山东,济南市,否,否,综合类,民办,327,388,363,412,349,393
青岛农业大学海都学院,山东,烟台市,否,否,综合类,民办,335,390,358,428,352,420
青岛工学院,山东,青岛市,否,否,综合类,民办,314,353,353,411,336,396
西南财经大学天府学院,四川,绵阳市,否,否,财经类,民办,363,412,397,437,372,424
四川大学锦江学院,四川,眉山市,否,否,综合类,民办,319,398,348,420,345,377
成都锦城学院,四川,成都市,否,否,综合类,民办,326,342,382,430,346,416
成都文理学院,四川,成都市,否,否,综合类,民办,258,219,238,236,209,330
成都银杏酒店管理学院,四川,成都市,否,否,财经类,民办,312,365,355,414,343,393
成都理工大学工程技术学院,四川,乐山市,否,否,理工类,民办,322,398,374,427,351,411
成都大学,四川,成都市,否,否,综合类,公办,440,465,470,479,462,514
新疆科技学院,新疆,巴音郭楞蒙古自治州,否,否,财经类,公办,334,404,371,431,354,426
东莞城市学院,广东,东莞市,否,否,理工类,民办,302,370,335,391,311,377
南华大学船山学院,湖南,衡阳市,否,否,综合类,民办,335,414,366,422,346,422
长沙理工大学城南学院,湖南,长沙市,否,否,理工类,民办,322,408,367,431,356,425
湘潭理工学院,湖南,湘潭市,否,否,理工类,民办,333,365,373,400,334,385
湖南第一师范学院,湖南,长沙市,否,否,师范类,公办,397,426,383,497,457,484
武汉文理学院,湖北,武汉市,否,否,综合类,民办,337,392,367,427,353,410
江西财经大学现代经济管理学院,江西,九江市,否,否,财经类,民办,301,395,363,426,351,420
南昌医学院,江西,南昌市,否,否,医药类,公办,440,469,455,484,438,478
赣东学院,江西,抚州市,否,否,综合类,公办,342,400,377,441,386,435
赣南科技学院,江西,赣州市,否,否,理工类,公办,355,425,394,439,369,439
南昌交通学院,江西,南昌市,否,否,理工类,民办,321,394,360,411,301,358
江西师范大学科学技术学院,江西,九江市,否,否,综合类,民办,334,400,340,413,360,431
江西农业大学南昌商学院,江西,九江市,否,否,综合类,民办,308,351,368,424,328,406
南昌大学科学技术学院,江西,九江市,否,否,综合类,民办,306,376,364,379,329,426
厦门工学院,福建,厦门市,否,否,理工类,民办,316,354,358,402,311,391
皖江工学院,安徽,马鞍山市,否,否,理工类,民办,302,383,359,420,330,388
合肥城市学院,安徽,合肥市,否,否,理工类,民办,313,385,351,408,313,396
上海财经大学浙江学院,浙江,金华市,否,否,财经类,民办,375,419,417,439,405,444
柳州工学院,广西,柳州市,否,否,理工类,民办,292,355,347,409,310,385
桂林学院,广西,桂林市,否,否,综合类,民办,294,380,368,430,332,392
甘肃民族师范学院,甘肃,甘南藏族自治州,否,否,师范类,公办,325,421,409,454,419,464
辽宁财贸学院,辽宁,葫芦岛市,否,否,财经类,民办,344,388,381,414,353,385
大连东软信息学院,辽宁,大连市,否,否,理工类,民办,291,348,361,397,346,376
沈阳科技学院,辽宁,沈阳市,否,否,理工类,民办,292,380,360,412,321,392
辽宁何氏医学院,辽宁,沈阳市,否,否,医药类,民办,297,389,371,408,343,394
辽宁中医药大学杏林学院,辽宁,沈阳市,否,否,医药类,民办,353,393,375,419,359,407
沈阳城市建设学院,辽宁,沈阳市,否,否,理工类,民办,293,364,355,407,319,388
辽宁师范大学海华学院,辽宁,大连市,否,否,综合类,民办,322,388,335,423,352,421
大连科技学院,辽宁,大连市,否,否,理工类,民办,309,373,358,402,313,384
沈阳城市学院,辽宁,沈阳市,否,否,综合类,民办,305,365,328,383,358,415
山西晋中理工学院,山西,晋中市,否,否,理工类,民办,303,389,364,416,324,386
长春大学旅游学院,吉林,长春市,否,否,综合类,民办,289,358,337,385,290,367
长春财经学院,吉林,长春市,否,否,财经类,民办,290,344,354,406,306,393
长春光华学院,吉林,长春市,否,否,综合类,民办,288,359,343,387,307,378
天津天狮学院,天津,天津市,否,否,综合类,民办,322,356,332,412,351,408
天津财经大学珠江学院,天津,天津市,否,否,综合类,民办,340,409,384,430,375,428
天津理工大学中环信息学院,天津,天津市,否,否,综合类,民办,330,387,370,432,355,420
北京科技大学天津学院,天津,天津市,否,否,综合类,民办,335,420,354,436,357,428
天津商业大学宝德学院,天津,天津市,否,否,财经类,民办,313,399,378,369,320,422
民政职业大学,北京,北京市,否,否,政法类,公办,335,351,320,414,281,335
宁夏理工学院,宁夏,石嘴山市,否,否,理工类,民办,302,378,342,398,320,393
西安信息职业大学,陕西,西安市,否,否,理工类,民办,168,171,160,178,257,168
陕西国际商贸学院,陕西,咸阳市,否,否,财经类,民办,321,360,341,415,336,395
无锡太湖学院,江苏,无锡市,否,否,综合类,民办,304,396,375,427,379,419
云南经济管理学院,云南,昆明市,否,否,财经类,民办,297,395,365,408,311,371
昆明文理学院,云南,昆明市,否,否,师范类,民办,301,393,329,377,338,421
普洱学院,云南,普洱市,否,否,综合类,公办,419,417,456,443,437,430
山东现代学院,山东,济南市,否,否,综合类,民办,305,394,370,415,353,403
山东外事职业大学,山东,威海市,否,否,综合类,民办,213,208,211,216,154,245
青岛恒星科技学院,山东,青岛市,否,否,综合类,民办,311,379,346,398,317,385
烟台南山学院,山东,烟台市,否,否,综合类,民办,327,389,354,384,340,413
齐鲁医药学院,山东,淄博市,否,否,医药类,民办,334,408,362,411,370,436
潍坊科技学院,山东,潍坊市,否,否,综合类,民办,294,368,369,429,322,411
山东英才学院,山东,济南市,否,否,综合类,民办,301,369,341,387,319,386
山东石油化工学院,山东,东营市,否,否,理工类,公办,385,436,403,461,372,441
济宁学院,山东,济宁市,否,否,综合类,公办,351,402,383,439,370,429
湖南医药学院,湖南,怀化市,否,否,医药类,公办,408,445,402,459,448,444
湖南财政经济学院,湖南,长沙市,否,否,财经类,公办,424,461,415,490,459,489
武汉生物工程学院,湖北,武汉市,否,否,理工类,民办,331,390,364,425,344,407
郑州工程技术学院,河南,郑州市,否,否,理工类,公办,337,416,398,442,374,430
河南财政金融学院,河南,郑州市,否,否,财经类,公办,386,440,348,459,420,450
新乡学院,河南,新乡市,否,否,综合类,公办,344,399,382,446,345,447
厦门华厦学院,福建,厦门市,否,否,综合类,民办,308,350,358,406,305,385
福州大学至诚学院,福建,福州市,否,否,综合类,民办,335,381,371,431,344,413
闽南科技学院,福建,泉州市,否,否,理工类,民办,300,382,346,374,329,402
厦门大学嘉庚学院,福建,漳州市,否,否,综合类,民办,335,407,347,437,370,437
武夷学院,福建,南平市,否,否,综合类,公办,371,399,391,443,366,435
桂林旅游学院,广西,桂林市,否,否,财经类,公办,335,411,383,436,366,431
广西科技师范学院,广西,来宾市,否,否,师范类,公办,309,438,410,444,391,466
兰州石化职业技术大学,甘肃,兰州市,否,否,理工类,公办,340,396,384,448,221,292
辽宁传媒学院,辽宁,沈阳市,否,否,艺术类,民办,292,358,382,420,339,404
沈阳工学院,辽宁,抚顺市,否,否,理工类,民办,318,386,361,412,323,387
朝阳师范学院,辽宁,朝阳市,否,否,师范类,公办,275,289,311,358,277,340
山西应用科技学院,山西,太原市,否,否,综合类,民办,338,409,377,426,350,405
太原学院,山西,太原市,否,否,综合类,公办,343,406,362,430,367,441
吕梁学院,山西,吕梁市,否,否,综合类,公办,358,431,363,458,375,456
长春人文学院,吉林,长春市,否,否,综合类,民办,292,370,344,396,296,378
吉林建筑科技学院,吉林,长春市,否,否,理工类,民办,280,356,328,388,305,366
吉林警察学院,吉林,长春市,否,否,政法类,公办,402,431,462,453,423,440
天津仁爱学院,天津,天津市,否,否,综合类,民办,292,387,344,388,318,426
河北工程大学科信学院,河北,邯郸市,否,否,理工类,民办,335,407,365,432,357,429
石家庄铁道大学四方学院,河北,石家庄市,否,否,理工类,民办,363,409,390,435,367,428
河北经贸大学经济管理学院,河北,石家庄市,否,否,财经类,民办,387,421,406,442,377,430
河北医科大学临床学院,河北,石家庄市,否,否,医药类,民办,398,427,438,446,407,433
大连财经学院,辽宁,大连市,否,否,财经类,民办,340,398,376,431,362,425
长春汽车职业技术大学,吉林,长春市,否,否,理工类,公办,276,323,288,313,240,329
河北东方学院,河北,廊坊市,否,否,综合类,民办,314,384,379,424,341,417
琼台师范学院,海南,海口市,否,否,师范类,公办,376,450,419,476,427,480
河南城建学院,河南,平顶山市,否,否,理工类,公办,327,419,395,447,314,435
郑州工业应用技术学院,河南,郑州市,否,否,理工类,民办,329,387,362,411,339,407
重庆财经学院,重庆,重庆市,否,否,财经类,民办,380,404,402,438,375,433
重庆外语外事学院,重庆,重庆市,否,否,语言类,民办,309,393,357,423,358,388
重庆对外经贸学院,重庆,重庆市,否,否,财经类,民办,400,436,448,465,420,458
沧州交通学院,河北,沧州市,否,否,理工类,民办,331,388,370,427,331,407
哈尔滨工业大学（威海）,山东,威海市,是,是,理工类,公办,605,518,585,518,590,557
北京第二外国语学院中瑞酒店管理学院,北京,北京市,否,否,综合类,民办,292,344,331,373,285,352
珠海科技学院,广东,珠海市,否,否,综合类,民办,323,382,362,412,328,390
烟台理工学院,山东,烟台市,否,否,综合类,民办,310,395,376,414,318,371
长春工业大学人文信息学院,吉林,长春市,否,否,综合类,民办,308,361,344,389,306,365
西安财经大学行知学院,陕西,西安市,否,否,财经类,民办,318,360,378,417,353,406
长春建筑学院,吉林,长春市,否,否,理工类,民办,281,355,327,386,287,367
无锡学院,江苏,无锡市,否,否,理工类,公办,451,462,468,494,450,486
河北地质大学华信学院,河北,石家庄市,否,否,综合类,民办,306,389,327,367,341,420
北京中医药大学东方学院,河北,廊坊市,否,否,医药类,民办,354,402,379,418,305,389
青岛城市学院,山东,青岛市,否,否,理工类,民办,319,369,358,410,305,396
燕京理工学院,河北,廊坊市,否,否,理工类,民办,341,394,367,433,330,408
海口经济学院,海南,海口市,否,否,综合类,民办,275,351,327,389,292,353
吉林动画学院,吉林,长春市,否,否,艺术类,民办,305,352,351,399,312,383
西交利物浦大学,江苏,苏州市,否,否,综合类,中外合作办学,486,503,500,515,482,525
三亚学院,海南,三亚市,否,否,综合类,民办,286,341,337,381,320,393
河南工程学院,河南,郑州市,否,否,理工类,公办,307,378,371,442,390,444
长春电子科技学院,吉林,长春市,否,否,理工类,民办,295,376,338,400,305,360
广州软件学院,广东,广州市,否,否,理工类,民办,344,360,402,389,366,372
上海外国语大学贤达经济人文学院,上海,上海市,否,否,财经类,民办,283,350,328,365,293,365
北京理工大学珠海学院,广东,珠海市,否,否,理工类,民办,355,388,388,421,346,405
大连工业大学艺术与信息工程学院,辽宁,大连市,否,否,理工类,民办,308,372,348,396,311,378
广州新华学院,广东,广州市,否,否,综合类,民办,288,346,353,401,305,362
武汉体育学院体育科技学院,湖北,武汉市,否,否,体育类,民办,302,343,357,416,343,398
昆明城市学院,云南,昆明市,否,否,综合类,民办,316,351,358,420,308,406
山东政法学院,山东,济南市,否,否,政法类,公办,445,474,463,495,459,504
昆明医科大学海源学院,云南,昆明市,否,否,医药类,民办,341,391,372,401,398,406
吉林师范大学博达学院,吉林,四平市,否,否,师范类,民办,291,360,348,406,304,396
北京师范大学-香港浸会大学联合国际学院,广东,珠海市,否,否,综合类,内地与港澳台地区合作办学,477,488,499,514,485,521
长春科技学院,吉林,长春市,否,否,综合类,民办,311,372,346,399,316,374
西安医学院,陕西,西安市,否,否,医药类,公办,400,372,492,456,466,438
菏泽学院,山东,菏泽市,否,否,综合类,公办,337,463,435,484,371,481
安康学院,陕西,安康市,否,否,综合类,公办,362,425,373,443,376,436
商洛学院,陕西,商洛市,否,否,综合类,公办,338,448,384,476,364,475
三明学院,福建,三明市,否,否,综合类,公办,350,403,337,437,381,442
贺州学院,广西,贺州市,否,否,综合类,公办,312,406,387,421,358,434
长治学院,山西,长治市,否,否,综合类,公办,347,423,343,392,409,457
百色学院,广西,百色市,否,否,综合类,公办,363,410,364,433,381,451
梧州学院,广西,梧州市,否,否,综合类,公办,333,424,388,432,390,451
海南热带海洋学院,海南,三亚市,否,否,综合类,公办,359,417,361,413,382,454
青岛滨海学院,山东,青岛市,否,否,综合类,民办,320,378,367,396,343,396
辽宁对外经贸学院,辽宁,大连市,否,否,财经类,民办,281,347,343,391,295,365
呼伦贝尔学院,内蒙古,呼伦贝尔市,否,否,综合类,公办,340,444,458,434,432,348
山东大学（威海）,山东,威海市,是,是,综合类,公办,476,540,553,556,562,568
东北大学秦皇岛分校,河北,秦皇岛市,是,是,理工类,公办,500,512,527,514,545,553
宁波诺丁汉大学,浙江,宁波市,否,否,综合类,中外合作办学,484,488,509,518,483,519
集美大学诚毅学院,福建,厦门市,否,否,综合类,民办,347,403,381,438,318,432
山东航空学院,山东,滨州市,否,否,综合类,公办,384,457,395,477,366,475
湖南涉外经济学院,湖南,长沙市,否,否,财经类,民办,308,370,338,392,314,368
西安翻译学院,陕西,西安市,否,否,语言类,民办,304,358,352,405,311,363
三江学院,江苏,南京市,否,否,综合类,民办,293,372,371,421,330,378
洛阳理工学院,河南,洛阳市,否,否,理工类,公办,427,408,441,441,429,455
武汉学院,湖北,武汉市,否,否,综合类,民办,322,401,377,429,305,416
保定理工学院,河北,保定市,否,否,理工类,民办,317,379,347,408,338,415
辽宁理工学院,辽宁,锦州市,否,否,理工类,民办,305,382,335,403,336,399
武昌理工学院,湖北,武汉市,否,否,综合类,民办,306,342,358,435,306,419
郑州师范学院,河南,郑州市,否,否,师范类,公办,445,467,479,501,473,502
东南大学成贤学院,江苏,南京市,否,否,综合类,民办,368,404,388,431,371,427
南京特殊教育师范学院,江苏,南京市,否,否,师范类,公办,388,460,349,477,446,472
电子科技大学成都学院,四川,成都市,否,否,理工类,民办,384,404,413,426,400,403
中国矿业大学徐海学院,江苏,徐州市,否,否,综合类,民办,354,404,363,441,347,426
郑州财经学院,河南,郑州市,否,否,财经类,民办,327,389,377,428,330,422
三峡大学科技学院,湖北,宜昌市,否,否,综合类,民办,336,402,382,430,334,413
北京邮电大学世纪学院,北京,北京市,否,否,综合类,民办,409,399,446,443,370,356
北京工业大学耿丹学院,北京,北京市,否,否,综合类,民办,313,366,352,386,299,360
汉口学院,湖北,武汉市,否,否,综合类,民办,291,374,348,368,338,413
广州南方学院,广东,广州市,否,否,综合类,民办,303,356,344,387,305,336
天水师范学院,甘肃,天水市,否,否,师范类,公办,342,430,396,441,367,462
陇东学院,甘肃,庆阳市,否,否,综合类,公办,344,428,359,452,381,450
塔里木大学,新疆,自治区直辖县级行政区划,否,否,综合类,公办,330,396,379,462,345,425
榆林学院,陕西,榆林市,否,否,综合类,公办,348,437,373,449,361,456
内江师范学院,四川,内江市,否,否,师范类,公办,374,465,408,478,386,470
绵阳师范学院,四川,绵阳市,否,否,师范类,公办,305,461,422,487,411,491
重庆工商大学,重庆,重庆市,否,否,财经类,公办,469,477,488,505,474,509
浙江传媒学院,浙江,杭州市,否,否,艺术类,公办,449,486,492,509,476,529
绥化学院,黑龙江,绥化市,否,否,综合类,公办,353,408,374,433,372,442
哈尔滨师范大学,黑龙江,哈尔滨市,否,否,师范类,公办,362,415,329,405,421,474
厦门理工学院,福建,厦门市,否,否,理工类,公办,453,478,474,505,469,509
徐州工程学院,江苏,徐州市,否,否,综合类,公办,406,418,421,383,404,442
金陵科技学院,江苏,南京市,否,否,理工类,公办,435,444,457,459,457,411
吉林医药学院,吉林,吉林市,否,否,医药类,公办,381,408,451,439,371,433
广西财经学院,广西,南宁市,否,否,财经类,公办,405,454,415,480,428,469
黑河学院,黑龙江,黑河市,否,否,综合类,公办,365,410,370,426,375,451
西安文理学院,陕西,西安市,否,否,综合类,公办,430,404,454,465,439,455
伊犁师范大学,新疆,伊犁哈萨克自治州,否,否,师范类,公办,336,417,375,434,359,418
广东金融学院,广东,广州市,否,否,财经类,公办,459,482,484,508,475,512
长沙学院,湖南,长沙市,否,否,综合类,公办,384,432,441,470,422,476
湖北理工学院,湖北,黄石市,否,否,理工类,公办,427,342,452,450,433,455
安庆师范大学,安徽,安庆市,否,否,师范类,公办,430,434,458,457,439,448
吉林农业科技学院,吉林,吉林市,否,否,农林类,公办,347,408,383,437,370,432
大庆师范学院,黑龙江,大庆市,否,否,师范类,公办,346,413,327,429,369,454
上海政法学院,上海,上海市,否,否,政法类,公办,519,525,532,529,531,551
上海商学院,上海,上海市,否,否,财经类,公办,388,461,455,495,454,497
中国矿业大学（北京）,北京,北京市,否,是,理工类,公办,463,506,528,538,512,549
南方医科大学,广东,广州市,否,否,医药类,公办,473,485,519,524,521,528
贵州大学,贵州,贵阳市,否,是,综合类,公办,465,498,511,532,496,541
西南大学,重庆,重庆市,否,是,综合类,公办,505,531,579,551,546,556
攀枝花学院,四川,攀枝花市,否,否,综合类,公办,417,419,429,440,404,389
晋中学院,山西,晋中市,否,否,综合类,公办,306,413,385,432,367,431
运城学院,山西,运城市,否,否,综合类,公办,309,425,384,424,370,463
山西中医药大学,山西,晋中市,否,否,医药类,公办,377,468,407,457,369,436
江西职业技术大学,江西,九江市,否,否,综合类,公办,262,298,281,283,226,226
新余学院,江西,新余市,否,否,综合类,公办,364,422,389,430,369,444
萍乡学院,江西,萍乡市,否,否,综合类,公办,346,431,398,456,352,444
黄淮学院,河南,驻马店市,否,否,综合类,公办,327,376,370,481,380,476
河南科技学院,河南,新乡市,否,否,综合类,公办,329,429,392,464,363,386
平顶山学院,河南,平顶山市,否,否,综合类,公办,355,410,385,442,362,425
安阳师范学院,河南,安阳市,否,否,师范类,公办,407,460,419,479,369,478
信阳师范大学,河南,信阳市,否,否,师范类,公办,366,418,392,423,334,471
首都经济贸易大学,北京,北京市,否,否,财经类,公办,477,518,516,517,501,560
河南中医药大学,河南,郑州市,否,否,医药类,公办,436,463,441,482,445,482
江西科技学院,江西,南昌市,否,否,综合类,民办,293,372,356,408,315,387
南昌理工学院,江西,南昌市,否,否,综合类,民办,308,384,361,409,312,388
南昌工程学院,江西,南昌市,否,否,理工类,公办,399,427,455,444,428,446
北京体育大学,北京,北京市,否,是,体育类,公办,496,513,502,529,523,540
西安思源学院,陕西,西安市,否,否,综合类,民办,345,401,381,435,340,418
西安外事学院,陕西,西安市,否,否,综合类,民办,304,374,367,404,357,388
天津中德应用技术大学,天津,天津市,否,否,理工类,公办,408,404,426,452,417,459
南阳理工学院,河南,南阳市,否,否,理工类,公办,356,424,330,442,376,442
安阳工学院,河南,安阳市,否,否,理工类,公办,348,374,382,439,369,429
河南师范大学,河南,新乡市,否,否,师范类,公办,341,435,479,370,462,501
中国石油大学（北京）,北京,北京市,否,是,理工类,公办,539,527,533,541,527,549
中国地质大学（北京）,北京,北京市,否,是,理工类,公办,488,515,528,536,519,555
吉利学院,四川,成都市,否,否,理工类,民办,320,374,363,401,322,391
南通大学,江苏,南通市,否,否,综合类,公办,447,475,473,502,457,505
四川旅游学院,四川,成都市,否,否,综合类,公办,366,423,381,444,371,432
成都东软学院,四川,成都市,否,否,理工类,民办,390,394,415,422,383,429
齐齐哈尔工程学院,黑龙江,齐齐哈尔市,否,否,综合类,民办,291,370,336,396,305,373
黑龙江工业学院,黑龙江,鸡西市,否,否,综合类,公办,343,408,371,438,373,435
哈尔滨信息工程学院,黑龙江,哈尔滨市,否,否,理工类,民办,311,380,369,402,332,380
河北外国语学院,河北,石家庄市,否,否,语言类,民办,296,353,334,394,321,357
河北工程技术学院,河北,石家庄市,否,否,理工类,民办,302,379,363,415,305,372
唐山工业职业技术大学,河北,唐山市,否,否,理工类,公办,249,301,297,310,228,287
哈尔滨职业技术大学,黑龙江,哈尔滨市,否,否,综合类,公办,256,296,278,309,259,251
哈尔滨金融学院,黑龙江,哈尔滨市,否,否,财经类,公办,424,441,446,473,433,477
河北科技工程职业技术大学,河北,邢台市,否,否,理工类,公办,355,404,388,435,208,242
河北金融学院,河北,保定市,否,否,财经类,公办,351,392,446,467,437,479
邢台医学院,河北,邢台市,否,否,医药类,公办,278,305,308,367,299,371
河北石油职业技术大学,河北,承德市,否,否,理工类,公办,358,409,381,432,209,329
北华航天工业学院,河北,廊坊市,否,否,理工类,公办,418,422,453,454,425,459
上海立达学院,上海,上海市,否,否,财经类,民办,282,348,330,382,306,365
上海建桥学院,上海,上海市,否,否,财经类,民办,318,358,347,379,343,386
电子科技大学,四川,成都市,是,是,理工类,公办,626,535,611,550,618,564
防灾科技学院,河北,廊坊市,否,否,综合类,公办,415,445,443,466,418,470
沧州师范学院,河北,沧州市,否,否,师范类,公办,400,440,331,365,455,471
保定学院,河北,保定市,否,否,综合类,公办,324,440,375,465,419,464
广东东软学院,广东,佛山市,否,否,理工类,民办,293,355,350,391,316,371
广州工商学院,广东,广州市,否,否,财经类,民办,274,357,319,374,309,358
邯郸学院,河北,邯郸市,否,否,师范类,公办,366,421,400,419,368,446
衡水学院,河北,衡水市,否,否,综合类,公办,345,427,391,453,371,413
廊坊师范学院,河北,廊坊市,否,否,师范类,公办,399,429,420,468,459,470
唐山师范学院,河北,唐山市,否,否,师范类,公办,432,389,462,458,464,464
山东师范大学,山东,济南市,否,否,师范类,公办,530,524,546,539,552,551
邢台学院,河北,邢台市,否,否,综合类,公办,383,425,418,450,416,458
河北地质大学,河北,石家庄市,否,否,理工类,公办,379,422,407,376,371,469
华北科技学院,河北,廊坊市,否,否,理工类,公办,413,427,433,446,420,467
河北工程大学,河北,邯郸市,否,否,理工类,公办,395,456,405,465,395,466
燕山大学,河北,秦皇岛市,否,否,综合类,公办,488,502,488,511,489,529
华北理工大学,河北,唐山市,否,否,综合类,公办,447,466,526,492,531,504
河北师范大学,河北,石家庄市,否,否,师范类,公办,530,417,548,494,545,518
北京语言大学,北京,北京市,否,否,语言类,公办,480,503,530,542,537,551
北京印刷学院,北京,北京市,否,否,理工类,公办,472,501,505,532,483,535
首都师范大学,北京,北京市,否,否,师范类,公办,499,514,540,528,547,542
北京物资学院,北京,北京市,否,否,财经类,公办,447,489,485,504,479,507
中国劳动关系学院,北京,北京市,否,否,政法类,公办,400,441,442,481,428,487
北京联合大学,北京,北京市,否,否,综合类,公办,463,491,470,505,461,519
北京工商大学,北京,北京市,否,否,财经类,公办,496,519,527,535,510,546
中国政法大学,北京,北京市,否,是,政法类,公办,551,584,574,566,589,594
中央财经大学,北京,北京市,否,是,财经类,公办,558,551,597,579,597,582
北京城市学院,北京,北京市,否,否,综合类,民办,296,408,375,436,345,427
中国传媒大学,北京,北京市,否,是,综合类,公办,469,534,560,547,575,590
北京化工大学,北京,北京市,否,是,理工类,公办,536,520,540,540,532,549
鲁东大学,山东,烟台市,否,否,综合类,公办,348,473,381,488,436,500
烟台大学,山东,烟台市,否,否,综合类,公办,438,445,464,484,450,500
山东第二医科大学,山东,潍坊市,否,否,医药类,公办,454,360,415,455,462,438
潍坊学院,山东,潍坊市,否,否,综合类,公办,375,447,411,476,365,461
山东第一医科大学,山东,济南市,否,否,医药类,公办,427,401,437,439,398,438
齐鲁工业大学,山东,济南市,否,否,理工类,公办,463,467,442,500,305,495
北方民族大学,宁夏,银川市,否,否,综合类,公办,340,433,404,445,350,435
宁夏大学,宁夏,银川市,否,是,综合类,公办,472,507,509,516,536,532
广西民族大学,广西,南宁市,否,否,民族类,公办,393,438,364,388,422,490
山东农业大学,山东,泰安市,否,否,农林类,公办,348,445,430,469,414,460
南宁师范大学,广西,南宁市,否,否,师范类,公办,393,410,352,490,406,494
山东理工大学,山东,淄博市,否,否,理工类,公办,463,399,472,463,464,449
山东科技大学,山东,青岛市,否,否,理工类,公办,463,488,491,511,490,522
广西科技大学,广西,柳州市,否,否,理工类,公办,379,440,401,453,333,463
山东财经大学,山东,济南市,否,否,财经类,公办,449,483,486,512,478,515
广西师范大学,广西,桂林市,否,否,师范类,公办,425,482,354,504,469,521
内蒙古财经大学,内蒙古,呼和浩特市,否,否,财经类,公办,438,415,474,443,455,456
山东建筑大学,山东,济南市,否,否,理工类,公办,439,468,459,475,445,491
山东工商学院,山东,烟台市,否,否,财经类,公办,375,440,347,446,413,482
内蒙古师范大学,内蒙古,呼和浩特市,否,否,师范类,公办,386,433,386,370,305,456
海南师范大学,海南,海口市,否,否,师范类,公办,507,514,524,525,478,505
曲阜师范大学,山东,济宁市,否,否,师范类,公办,420,453,375,489,445,485
青岛理工大学,山东,青岛市,否,否,理工类,公办,463,484,489,514,482,528
内蒙古科技大学,内蒙古,包头市,否,否,综合类,公办,294,417,393,455,363,454
海南大学,海南,海口市,否,是,综合类,公办,463,501,492,525,512,539
河西学院,甘肃,张掖市,否,否,综合类,公办,325,402,384,451,362,449
甘肃政法大学,甘肃,兰州市,否,否,政法类,公办,464,445,484,477,471,476
兰州财经大学,甘肃,兰州市,否,否,财经类,公办,376,445,336,454,431,482
青岛大学,山东,青岛市,否,否,综合类,公办,463,495,509,522,497,541
临沂大学,山东,临沂市,否,否,综合类,公办,379,476,378,498,398,510
西北师范大学,甘肃,兰州市,否,否,师范类,公办,410,454,327,418,448,469
聊城大学,山东,聊城市,否,否,综合类,公办,393,474,431,493,385,485
青岛农业大学,山东,青岛市,否,否,农林类,公办,385,456,421,477,361,490
商丘师范学院,河南,商丘市,否,否,师范类,公办,380,425,327,372,366,458
兰州交通大学,甘肃,兰州市,否,否,理工类,公办,421,478,471,493,466,491
南阳师范学院,河南,南阳市,否,否,师范类,公办,366,458,400,476,367,485
周口师范学院,河南,周口市,否,否,师范类,公办,332,416,374,365,373,467
洛阳师范学院,河南,洛阳市,否,否,综合类,公办,371,420,366,458,391,461
兰州理工大学,甘肃,兰州市,否,否,理工类,公办,353,394,454,446,437,346
中原工学院,河南,郑州市,否,否,理工类,公办,295,450,417,479,404,478
西北民族大学,甘肃,兰州市,否,否,综合类,公办,488,393,500,458,492,447
郑州航空工业管理学院,河南,郑州市,否,否,综合类,公办,411,439,410,457,338,447
闽江学院,福建,福州市,否,否,综合类,公办,438,477,456,497,442,498
仰恩大学,福建,泉州市,否,否,综合类,民办,296,355,361,409,308,373
集美大学,福建,厦门市,否,否,综合类,公办,447,480,480,510,467,516
黄河科技学院,河南,郑州市,否,否,理工类,民办,328,387,356,414,327,379
河南工业大学,河南,郑州市,否,否,理工类,公办,397,464,430,477,373,505
华侨大学,福建,泉州市,否,否,综合类,公办,463,507,492,519,482,533
湖北文理学院,湖北,襄阳市,否,否,综合类,公办,423,407,451,460,432,457
河南大学,河南,开封市,否,否,综合类,公办,464,494,523,511,510,540
郑州轻工业大学,河南,郑州市,否,否,理工类,公办,436,415,457,421,437,467
湖北科技学院,湖北,咸宁市,否,否,综合类,公办,388,434,402,460,396,472
黑龙江东方学院,黑龙江,哈尔滨市,否,否,综合类,民办,296,354,353,395,325,375
齐齐哈尔医学院,黑龙江,齐齐哈尔市,否,否,医药类,公办,398,428,463,444,373,436
湖北民族大学,湖北,恩施土家族苗族自治州,否,否,综合类,公办,431,450,451,457,430,476
黑龙江科技大学,黑龙江,哈尔滨市,否,否,理工类,公办,338,419,386,448,418,444
黑龙江工程学院,黑龙江,哈尔滨市,否,否,理工类,公办,371,414,412,441,395,445
武汉体育学院,湖北,武汉市,否,否,体育类,公办,377,387,423,433,395,489
哈尔滨学院,黑龙江,哈尔滨市,否,否,综合类,公办,369,426,389,405,423,466
东北石油大学,黑龙江,大庆市,否,否,理工类,公办,463,485,488,447,482,519
湖北经济学院,湖北,武汉市,否,否,财经类,公办,440,379,435,493,457,503
哈尔滨商业大学,黑龙江,哈尔滨市,否,否,财经类,公办,464,495,495,518,495,525
牡丹江师范学院,黑龙江,牡丹江市,否,否,师范类,公办,393,440,374,457,392,467
黑龙江中医药大学,黑龙江,哈尔滨市,否,否,医药类,公办,527,452,516,543,518,545
湖北师范大学,湖北,黄石市,否,否,师范类,公办,454,492,480,512,482,518
湖北中医药大学,湖北,武汉市,否,否,医药类,公办,404,426,346,433,444,484
武汉纺织大学,湖北,武汉市,否,否,理工类,公办,436,448,454,470,445,477
黑龙江八一农垦大学,黑龙江,大庆市,否,否,农林类,公办,339,440,404,452,379,437
齐齐哈尔大学,黑龙江,齐齐哈尔市,否,否,综合类,公办,361,413,416,443,386,442
中南民族大学,湖北,武汉市,否,否,综合类,公办,441,489,468,508,462,519
黑龙江大学,黑龙江,哈尔滨市,否,否,综合类,公办,465,488,488,516,482,524
华中师范大学,湖北,武汉市,否,是,师范类,公办,533,525,567,556,495,563
东北林业大学,黑龙江,哈尔滨市,否,是,农林类,公办,487,508,512,518,499,535
邵阳学院,湖南,邵阳市,否,否,综合类,公办,344,421,327,446,395,432
怀化学院,湖南,怀化市,否,否,综合类,公办,384,421,411,438,388,443
湖南文理学院,湖南,常德市,否,否,综合类,公办,358,407,389,468,330,465
中南财经政法大学,湖北,武汉市,否,是,财经类,公办,508,524,543,523,581,569
吉林体育学院,吉林,长春市,否,否,体育类,公办,330,401,390,438,367,432
吉林财经大学,吉林,长春市,否,否,财经类,公办,356,441,457,480,427,469
吉林外国语大学,吉林,长春市,否,否,语言类,民办,288,342,361,403,305,397
白城师范学院,吉林,白城市,否,否,师范类,公办,421,438,509,474,460,484
湖南科技学院,湖南,永州市,否,否,综合类,公办,360,418,387,423,357,436
通化师范学院,吉林,通化市,否,否,师范类,公办,422,450,505,483,456,483
湖南工商大学,湖南,长沙市,否,否,财经类,公办,435,476,472,503,465,510
衡阳师范学院,湖南,衡阳市,否,否,师范类,公办,366,413,353,388,417,473
吉林工程技术师范学院,吉林,长春市,否,否,师范类,公办,375,434,504,493,408,475
长春中医药大学,吉林,长春市,否,否,医药类,公办,454,409,472,494,462,520
湘南学院,湖南,郴州市,否,否,综合类,公办,376,420,385,447,348,444
中南林业科技大学,湖南,长沙市,否,否,农林类,公办,463,486,480,498,468,519
吉林化工学院,吉林,吉林市,否,否,理工类,公办,347,420,372,439,374,437
湖南工程学院,湖南,湘潭市,否,否,理工类,公办,356,428,389,444,316,433
湖南城市学院,湖南,益阳市,否,否,综合类,公办,299,418,386,466,386,445
湖南理工学院,湖南,岳阳市,否,否,理工类,公办,398,421,416,451,348,347
吉林建筑大学,吉林,长春市,否,否,理工类,公办,356,407,375,437,381,429
长春工程学院,吉林,长春市,否,否,理工类,公办,349,409,376,435,376,436
东北电力大学,吉林,吉林市,否,否,理工类,公办,469,421,496,467,498,472
湖南农业大学,湖南,长沙市,否,否,农林类,公办,401,448,411,475,428,474
长沙理工大学,湖南,长沙市,否,否,理工类,公办,463,504,488,514,491,526
长春师范大学,吉林,长春市,否,否,师范类,公办,412,409,525,481,461,479
吉首大学,湖南,湘西土家族苗族自治州,否,否,综合类,公办,512,421,513,456,511,453
湘潭大学,湖南,湘潭市,否,否,综合类,公办,467,505,499,529,482,533
吉林农业大学,吉林,长春市,否,否,农林类,公办,358,402,388,458,383,449
长春工业大学,吉林,长春市,否,否,理工类,公办,450,405,470,434,469,447
长春理工大学,吉林,长春市,否,否,理工类,公办,477,473,493,504,491,505
长春大学,吉林,长春市,否,否,综合类,公办,291,341,372,434,399,437
西北政法大学,陕西,西安市,否,否,政法类,公办,508,540,540,545,525,559
西安财经大学,陕西,西安市,否,否,财经类,公办,453,478,484,503,479,509
西安外国语大学,陕西,西安市,否,否,语言类,公办,461,506,522,524,515,533
青海民族大学,青海,西宁市,否,否,民族类,公办,345,447,348,466,373,339
陕西理工大学,陕西,汉中市,否,否,理工类,公办,416,443,442,463,432,461
青海师范大学,青海,西宁市,否,否,师范类,公办,391,447,397,456,371,428
宝鸡文理学院,陕西,宝鸡市,否,否,师范类,公办,340,411,405,427,366,471
咸阳师范学院,陕西,咸阳市,否,否,师范类,公办,423,409,475,452,471,415
西安邮电大学,陕西,西安市,否,否,理工类,公办,517,486,498,494,480,506
大理大学,云南,大理白族自治州,否,否,综合类,公办,377,426,391,462,315,451
西安工业大学,陕西,西安市,否,否,理工类,公办,475,490,493,505,468,507
云南警官学院,云南,昆明市,否,否,政法类,公办,435,456,444,478,434,473
云南财经大学,云南,昆明市,否,否,财经类,公办,338,390,347,474,442,491
红河学院,云南,红河哈尼族彝族自治州,否,否,综合类,公办,371,438,403,442,370,474
西安石油大学,陕西,西安市,否,否,理工类,公办,483,493,497,511,483,519
玉溪师范学院,云南,玉溪市,否,否,师范类,公办,405,442,420,466,405,477
云南民族大学,云南,昆明市,否,否,综合类,公办,417,368,441,463,429,481
云南师范大学,云南,昆明市,否,否,师范类,公办,411,466,348,450,480,424
昆明理工大学,云南,昆明市,否,否,理工类,公办,435,471,462,488,448,481
铜陵学院,安徽,铜陵市,否,否,财经类,公办,398,438,415,456,375,449
延安大学,陕西,延安市,否,否,综合类,公办,378,360,420,481,397,479
安徽财经大学,安徽,蚌埠市,否,否,财经类,公办,476,493,489,511,483,528
陕西师范大学,陕西,西安市,否,是,师范类,公办,501,504,557,532,560,561
西北农林科技大学,陕西,咸阳市,是,是,农林类,公办,504,492,534,533,527,544
西安交通大学,陕西,西安市,是,是,综合类,公办,634,557,613,562,617,582
淮北师范大学,安徽,淮北市,否,否,综合类,公办,338,466,443,491,453,470
华东政法大学,上海,上海市,否,否,政法类,公办,566,520,540,555,556,588
安徽建筑大学,安徽,合肥市,否,否,理工类,公办,467,393,468,456,407,472
上海立信会计金融学院,上海,上海市,否,否,财经类,公办,509,518,535,544,542,552
上海海事大学,上海,上海市,否,否,理工类,公办,495,502,515,530,514,542
上海第二工业大学,上海,上海市,否,否,理工类,公办,450,474,473,489,462,510
上海师范大学,上海,上海市,否,否,综合类,公办,499,509,525,530,523,533
广东外语外贸大学,广东,广州市,否,否,语言类,公办,475,488,512,528,522,539
广州中医药大学,广东,广州市,否,否,医药类,公办,475,492,499,545,499,549
五邑大学,广东,江门市,否,否,综合类,公办,425,481,452,501,439,501
深圳大学,广东,深圳市,否,否,综合类,公办,538,530,491,541,549,546
太原师范学院,山西,晋中市,否,否,师范类,公办,436,463,476,488,471,485
山西大同大学,山西,大同市,否,否,综合类,公办,431,408,462,367,462,491
太原科技大学,山西,太原市,否,否,理工类,公办,363,438,446,463,402,461
中北大学,山西,太原市,否,否,综合类,公办,463,490,496,513,485,526
山西财经大学,山西,太原市,否,否,财经类,公办,464,508,491,519,495,543
山西师范大学,山西,太原市,否,否,师范类,公办,375,385,412,478,389,466
成都信息工程大学,四川,成都市,否,否,理工类,公办,469,482,490,503,478,492
山西农业大学,山西,晋中市,否,否,农林类,公办,345,417,396,419,350,441
中国民用航空飞行学院,四川,德阳市,否,否,理工类,公办,422,422,451,451,407,430
西南科技大学,四川,绵阳市,否,否,理工类,公办,463,485,477,495,484,519
山西大学,山西,太原市,否,否,综合类,公办,494,515,515,527,482,536
浙江万里学院,浙江,宁波市,否,否,理工类,公办,422,417,433,439,402,442
浙江财经大学,浙江,杭州市,否,否,财经类,公办,476,511,497,515,485,524
浙江工商大学,浙江,杭州市,否,否,财经类,公办,486,506,502,523,485,536
温州大学,浙江,温州市,否,否,综合类,公办,451,495,480,512,463,517
湖州师范学院,浙江,湖州市,否,否,综合类,公办,401,432,390,430,404,476
浙江农林大学,浙江,杭州市,否,否,农林类,公办,461,495,486,517,465,527
中国计量大学,浙江,杭州市,否,否,理工类,公办,491,485,518,528,506,545
西华大学,四川,成都市,否,否,综合类,公办,430,439,469,484,443,484
浙江理工大学,浙江,杭州市,否,否,理工类,公办,465,507,516,523,515,543
浙江师范大学,浙江,金华市,否,否,综合类,公办,500,490,507,528,506,539
宁波大学,浙江,宁波市,否,否,综合类,公办,502,525,504,540,513,557
新疆财经大学,新疆,乌鲁木齐市,否,否,财经类,公办,319,414,387,449,379,424
喀什大学,新疆,喀什地区,否,否,综合类,公办,344,412,328,428,409,450
新疆师范大学,新疆,乌鲁木齐市,否,否,师范类,公办,369,364,375,456,325,465
新疆农业大学,新疆,乌鲁木齐市,否,否,农林类,公办,341,355,327,435,354,416
成都理工大学,四川,成都市,否,否,理工类,公办,463,493,498,514,494,533
西南民族大学,四川,成都市,否,否,民族类,公办,443,476,481,498,475,526
东北财经大学,辽宁,大连市,否,否,财经类,公办,468,504,493,540,529,532
辽宁师范大学,辽宁,大连市,否,否,师范类,公办,443,485,449,514,483,514
辽宁科技大学,辽宁,鞍山市,否,否,理工类,公办,464,446,482,456,471,465
沈阳师范大学,辽宁,沈阳市,否,否,师范类,公办,384,390,376,428,434,436
大连交通大学,辽宁,大连市,否,否,理工类,公办,506,443,489,469,497,492
大连大学,辽宁,大连市,否,否,综合类,公办,392,435,447,403,443,484
沈阳理工大学,辽宁,沈阳市,否,否,理工类,公办,477,459,500,481,488,499
大连外国语大学,辽宁,大连市,否,否,语言类,公办,473,491,496,523,511,536
渤海大学,辽宁,锦州市,否,否,综合类,公办,425,466,437,499,447,503
大连工业大学,辽宁,大连市,否,否,理工类,公办,463,443,481,467,478,486
大连海洋大学,辽宁,大连市,否,否,农林类,公办,383,446,430,463,432,507
沈阳航空航天大学,辽宁,沈阳市,否,否,理工类,公办,519,472,524,502,514,509
大连民族大学,辽宁,大连市,否,否,民族类,公办,443,467,488,511,484,524
沈阳音乐学院,辽宁,沈阳市,否,否,艺术类,公办,373,433,428,453,372,467
鞍山师范学院,辽宁,鞍山市,否,否,师范类,公办,439,454,468,481,466,484
重庆三峡学院,重庆,重庆市,否,否,综合类,公办,426,462,458,475,436,483
井冈山大学,江西,吉安市,否,否,综合类,公办,373,457,419,475,391,477
九江学院,江西,九江市,否,否,综合类,公办,345,424,460,420,435,450
四川外国语大学,重庆,重庆市,否,否,语言类,公办,463,497,507,520,511,537
宜春学院,江西,宜春市,否,否,综合类,公办,371,434,419,447,413,439
长江师范学院,重庆,重庆市,否,否,师范类,公办,377,448,407,461,330,415
江西科技师范大学,江西,南昌市,否,否,师范类,公办,366,426,400,445,386,466
赣南师范大学,江西,赣州市,否,否,师范类,公办,346,387,358,444,409,495
上饶师范学院,江西,上饶市,否,否,师范类,公办,341,447,341,467,432,480
江西中医药大学,江西,南昌市,否,否,医药类,公办,471,493,490,516,484,522
西南政法大学,重庆,重庆市,否,否,政法类,公办,498,557,556,547,569,580
重庆师范大学,重庆,重庆市,否,否,师范类,公办,520,519,503,521,503,541
江西财经大学,江西,南昌市,否,否,财经类,公办,463,500,511,513,521,542
扬州大学,江苏,扬州市,否,否,综合类,公办,468,520,491,526,504,546
江苏大学,江苏,镇江市,否,否,综合类,公办,504,513,497,518,491,542
江西理工大学,江西,赣州市,否,否,理工类,公办,464,486,491,516,483,519
苏州科技大学,江苏,苏州市,否,否,综合类,公办,471,494,479,502,465,511
江苏科技大学,江苏,镇江市,否,否,理工类,公办,467,489,488,511,488,525
华东交通大学,江西,南昌市,否,否,理工类,公办,477,493,491,517,493,532
常州大学,江苏,常州市,否,否,理工类,公办,464,485,494,511,482,520
盐城师范学院,江苏,盐城市,否,否,师范类,公办,426,363,459,458,449,451
淮阴工学院,江苏,淮安市,否,否,理工类,公办,376,418,399,373,376,471
南京审计大学,江苏,南京市,否,否,财经类,公办,528,536,544,548,545,544
江苏理工学院,江苏,常州市,否,否,理工类,公办,372,404,330,501,445,498
南京工程学院,江苏,南京市,否,否,理工类,公办,450,467,477,494,469,497
北京科技大学,北京,北京市,否,是,理工类,公办,563,523,555,544,552,550
北京理工大学,北京,北京市,是,是,理工类,公办,633,560,603,515,623,588
东北师范大学,吉林,长春市,否,是,师范类,公办,535,538,582,559,539,566
清华大学,北京,北京市,是,是,综合类,公办,676,626,675,636,679,653
大连理工大学,辽宁,大连市,是,是,理工类,公办,516,516,544,544,573,562
东北农业大学,黑龙江,哈尔滨市,否,是,农林类,公办,465,511,504,528,491,541
上海外国语大学,上海,上海市,否,是,语言类,公办,538,529,581,567,589,591
东北大学,辽宁,沈阳市,是,是,理工类,公办,576,524,553,544,546,564
复旦大学,上海,上海市,是,是,综合类,公办,661,600,666,605,671,634
华东师范大学,上海,上海市,是,是,师范类,公办,583,555,602,562,600,596
上海财经大学,上海,上海市,否,是,财经类,公办,588,560,587,562,617,598
延边大学,吉林,延边朝鲜族自治州,否,是,综合类,公办,447,484,488,520,484,506
武汉理工大学,湖北,武汉市,否,是,理工类,公办,470,522,553,541,546,554
华中科技大学,湖北,武汉市,是,是,综合类,公办,599,568,614,570,620,587
山东大学,山东,济南市,是,是,综合类,公办,555,551,574,557,570,581
哈尔滨工程大学,黑龙江,哈尔滨市,否,是,理工类,公办,561,522,551,532,547,545
中南大学,湖南,长沙市,是,是,综合类,公办,553,544,561,556,558,572
吉林大学,吉林,长春市,是,是,综合类,公办,503,537,546,541,539,571
中国地质大学（武汉）,湖北,武汉市,否,是,理工类,公办,517,516,529,536,521,521
中国石油大学（华东）,山东,青岛市,否,是,理工类,公办,510,513,495,532,530,531
重庆大学,重庆,重庆市,是,是,综合类,公办,563,551,573,556,578,576
苏州大学,江苏,苏州市,否,是,综合类,公办,532,542,530,530,545,560
中国药科大学,江苏,南京市,否,是,医药类,公办,539,519,542,537,540,553
河海大学,江苏,南京市,否,是,综合类,公办,508,531,554,541,535,556
南京师范大学,江苏,南京市,否,是,师范类,公办,473,508,525,549,548,564
浙江大学,浙江,杭州市,是,是,综合类,公办,655,591,649,591,652,620
南京大学,江苏,南京市,是,是,综合类,公办,645,593,642,593,650,622
中国矿业大学,江苏,徐州市,否,是,综合类,公办,506,504,523,535,491,546
南昌大学,江西,南昌市,否,是,综合类,公办,519,494,512,536,535,547
西北工业大学,陕西,西安市,是,是,理工类,公办,614,530,602,550,598,562
暨南大学,广东,广州市,否,是,综合类,公办,469,492,548,546,529,550
华南理工大学,广东,广州市,是,是,综合类,公办,587,535,584,544,588,541
中山大学,广东,广州市,是,是,综合类,公办,609,567,594,569,595,579
福州大学,福建,福州市,否,是,理工类,公办,495,527,533,535,526,544
厦门大学,福建,厦门市,是,是,综合类,公办,605,569,595,573,602,603
西南财经大学,四川,成都市,否,是,财经类,公办,478,518,557,533,580,569
四川大学,四川,成都市,是,是,综合类,公办,581,519,555,564,590,569
华南师范大学,广东,广州市,否,是,师范类,公办,522,533,540,546,566,563
兰州大学,甘肃,兰州市,是,是,综合类,公办,520,532,525,522,537,559
天津职业技术师范大学,天津,天津市,否,否,师范类,公办,408,418,453,453,440,492
中国民航大学,天津,天津市,否,否,理工类,公办,484,507,505,524,496,544
江南大学,江苏,无锡市,否,是,综合类,公办,539,532,541,539,531,550
天津商业大学,天津,天津市,否,否,财经类,公办,429,476,465,501,455,509
天津财经大学,天津,天津市,否,否,财经类,公办,475,485,491,516,509,534
天津科技大学,天津,天津市,否,否,理工类,公办,465,477,480,504,469,515
天津师范大学,天津,天津市,否,否,师范类,公办,482,492,488,512,531,545
上海大学,上海,上海市,否,是,综合类,公办,555,532,549,521,559,571
新疆大学,新疆,乌鲁木齐市,否,是,综合类,公办,468,503,493,511,483,527
同济大学,上海,上海市,是,是,综合类,公办,617,583,612,578,631,607
济南大学,山东,济南市,否,否,综合类,公办,467,474,490,504,476,508
安徽农业大学,安徽,合肥市,否,否,农林类,公办,403,475,420,479,316,405
安徽工业大学,安徽,马鞍山市,否,否,理工类,公办,447,435,471,420,463,477
安徽大学,安徽,合肥市,否,是,综合类,公办,501,503,518,533,530,535
德州学院,山东,德州市,否,否,综合类,公办,364,449,398,477,366,477
郑州大学,河南,郑州市,否,是,综合类,公办,463,506,534,511,520,559
中国海洋大学,山东,青岛市,是,是,综合类,公办,537,537,546,545,562,555
天津大学,天津,天津市,是,是,综合类,公办,611,555,599,563,596,583
南开大学,天津,天津市,是,是,综合类,公办,612,576,611,580,624,605
湖南师范大学,湖南,长沙市,否,是,师范类,公办,465,497,537,511,520,553
河北大学,河北,保定市,否,否,综合类,公办,463,497,490,511,491,536
对外经济贸易大学,北京,北京市,否,是,财经类,公办,578,569,601,571,610,593
西南交通大学,四川,成都市,否,是,理工类,公办,541,523,491,543,554,557
辽宁大学,辽宁,沈阳市,否,是,综合类,公办,533,486,540,536,527,550
北京中医药大学,北京,北京市,否,是,医药类,公办,525,515,493,522,536,591
北京航空航天大学,北京,北京市,是,是,理工类,公办,635,573,621,573,636,603
中国人民大学,北京,北京市,是,是,综合类,公办,643,599,641,599,644,626
中央民族大学,北京,北京市,是,是,民族类,公办,472,536,542,551,557,560
北京林业大学,北京,北京市,否,是,农林类,公办,499,524,532,538,517,546
武汉大学,湖北,武汉市,是,是,综合类,公办,624,574,613,587,621,615
中央音乐学院,北京,北京市,否,是,艺术类,公办,219,256,245,273,228,251
北京外国语大学,北京,北京市,否,是,语言类,公办,506,550,560,555,595,524
北京交通大学,北京,北京市,否,是,理工类,公办,574,532,561,512,553,572
西北大学,陕西,西安市,否,是,综合类,公办,514,513,527,543,490,556
长安大学,陕西,西安市,否,是,理工类,公办,496,517,533,536,535,542
大连海事大学,辽宁,大连市,否,是,理工类,公办,500,533,536,529,532,541
内蒙古大学,内蒙古,呼和浩特市,否,是,综合类,公办,469,500,493,528,495,533
北京大学,北京,北京市,是,是,综合类,公办,674,619,672,609,676,644
