﻿名称,省,市,985,211,学校类型,学校属性,2023年理科录取分数,2023年文科录取分数,2022年理科录取分数,2022年文科录取分数,2021年理科录取分数,2021年文科录取分数
烟台科技学院,山东,烟台市,否,否,综合类,民办,337,344,357,414,328,409
江苏海洋大学,江苏,连云港市,否,否,理工类,公办,408,446,429,481,415,489
复旦大学上海医学院,上海,上海市,是,是,医药类,公办,661,520,649,542,664,551
西藏农牧学院,西藏,林芝市,否,否,农林类,公办,332,386,354,408,328,388
南京审计大学金审学院,江苏,南京市,否,否,财经类,民办,383,404,400,438,385,441
中国石油大学（北京）克拉玛依校区,新疆,克拉玛依市,否,是,理工类,公办,484,463,479,495,459,510
深圳技术大学,广东,深圳市,否,否,理工类,公办,521,477,513,513,514,533
滇西应用技术大学,云南,大理白族自治州,否,否,综合类,公办,347,365,324,422,367,393
中国社会科学院大学,北京,北京市,否,否,综合类,公办,575,531,570,558,599,598
温州肯恩大学,浙江,温州市,否,否,综合类,中外合作办学,425,440,433,470,418,480
合肥工业大学宣城校区,安徽,宣城市,否,是,综合类,公办,534,485,515,531,524,553
中国人民大学（苏州校区）,江苏,苏州市,是,是,综合类,公办,601,548,584,574,602,598
营口理工学院,辽宁,营口市,否,否,理工类,公办,369,386,382,421,359,421
河北中医药大学,河北,石家庄市,否,否,医药类,公办,420,432,425,460,392,464
山东农业工程学院,山东,济南市,否,否,农林类,公办,367,390,382,419,357,425
山东管理学院,山东,济南市,否,否,综合类,公办,390,416,421,451,408,460
张家口学院,河北,张家口市,否,否,综合类,公办,369,398,387,426,366,421
山西传媒学院,山西,晋中市,否,否,艺术类,公办,366,350,414,444,404,445
河北环境工程学院,河北,秦皇岛市,否,否,理工类,公办,355,387,378,414,350,356
南昌工学院,江西,南昌市,否,否,理工类,民办,320,363,342,400,309,381
河北科技学院,河北,唐山市,否,否,理工类,民办,318,357,339,380,310,372
山西工商学院,山西,太原市,否,否,财经类,民办,332,371,347,404,335,402
福州外语外贸学院,福建,福州市,否,否,财经类,民办,306,347,321,370,303,383
山东协和学院,山东,济南市,否,否,医药类,民办,351,377,368,404,343,396
郑州升达经贸管理学院,河南,郑州市,否,否,财经类,民办,329,371,350,402,326,395
广西外国语学院,广西,南宁市,否,否,语言类,民办,293,343,308,375,303,364
华北理工大学轻工学院,河北,唐山市,否,否,理工类,民办,320,355,346,383,317,372
天津外国语大学滨海外事学院,天津,天津市,否,否,语言类,民办,298,362,353,403,332,412
新疆政法学院,新疆,自治区直辖县级行政区划,否,否,政法类,公办,334,383,358,412,328,401
内蒙古科技大学包头师范学院,内蒙古,包头市,否,否,师范类,公办,347,400,402,453,402,460
银川科技学院,宁夏,银川市,否,否,综合类,民办,300,366,339,395,309,382
北京第二外国语学院,北京,北京市,否,否,语言类,公办,487,496,513,528,529,557
贵州黔南经济学院,贵州,黔南布依族苗族自治州,否,否,财经类,民办,325,364,318,379,319,362
西安明德理工学院,陕西,西安市,否,否,综合类,民办,329,361,348,391,319,380
江苏科技大学苏州理工学院,江苏,苏州市,否,否,理工类,民办,353,387,375,415,351,408
扬州大学广陵学院,江苏,扬州市,否,否,综合类,民办,356,388,362,412,350,408
南京工业大学浦江学院,江苏,南京市,否,否,理工类,民办,348,373,360,407,350,397
南京传媒学院,江苏,南京市,否,否,艺术类,民办,361,382,399,429,377,426
南京理工大学紫金学院,江苏,南京市,否,否,理工类,民办,388,406,406,430,388,423
黑龙江财经学院,黑龙江,哈尔滨市,否,否,财经类,民办,310,350,343,381,312,365
黑龙江工程学院昆仑旅游学院,黑龙江,哈尔滨市,否,否,理工类,民办,287,341,308,365,280,354
哈尔滨石油学院,黑龙江,哈尔滨市,否,否,理工类,民办,287,341,315,365,281,354
哈尔滨广厦学院,黑龙江,哈尔滨市,否,否,综合类,民办,314,351,327,368,290,354
哈尔滨剑桥学院,黑龙江,哈尔滨市,否,否,综合类,民办,287,341,310,365,295,362
黑龙江工商学院,黑龙江,哈尔滨市,否,否,综合类,民办,287,341,312,365,280,354
哈尔滨华德学院,黑龙江,哈尔滨市,否,否,理工类,民办,305,341,320,365,293,354
哈尔滨远东理工学院,黑龙江,哈尔滨市,否,否,理工类,民办,287,344,314,365,284,354
昆明理工大学津桥学院,云南,昆明市,否,否,理工类,民办,316,358,336,392,319,386
丽江文化旅游学院,云南,丽江市,否,否,综合类,民办,302,344,314,371,302,361
滇池学院,云南,昆明市,否,否,综合类,民办,287,369,338,389,311,375
潍坊理工学院,山东,潍坊市,否,否,综合类,民办,237,253,236,196,174,290
齐鲁理工学院,山东,济南市,否,否,综合类,民办,340,371,356,400,328,385
青岛农业大学海都学院,山东,烟台市,否,否,综合类,民办,341,367,357,402,335,398
青岛工学院,山东,青岛市,否,否,综合类,民办,322,365,352,398,323,388
西南交通大学希望学院,四川,成都市,否,否,综合类,民办,330,375,367,395,339,396
西南财经大学天府学院,四川,绵阳市,否,否,财经类,民办,341,371,353,399,348,404
四川大学锦江学院,四川,眉山市,否,否,综合类,民办,329,372,350,401,326,403
绵阳城市学院,四川,绵阳市,否,否,理工类,民办,327,351,351,394,323,382
成都外国语学院,四川,成都市,否,否,语言类,民办,346,366,357,409,347,406
成都银杏酒店管理学院,四川,成都市,否,否,财经类,民办,291,341,335,387,330,378
成都理工大学工程技术学院,四川,乐山市,否,否,理工类,民办,338,379,358,404,332,397
成都大学,四川,成都市,否,否,综合类,公办,439,434,437,470,420,502
新疆科技学院,新疆,巴音郭楞蒙古自治州,否,否,财经类,公办,335,381,357,407,331,405
东莞城市学院,广东,东莞市,否,否,理工类,民办,329,349,330,370,318,385
南华大学船山学院,湖南,衡阳市,否,否,综合类,民办,362,370,366,403,342,395
湖南工业大学科技学院,湖南,株洲市,否,否,综合类,民办,342,379,355,406,334,403
长沙理工大学城南学院,湖南,长沙市,否,否,理工类,民办,304,368,362,408,343,406
湖南第一师范学院,湖南,长沙市,否,否,师范类,公办,384,449,428,462,424,471
湖北恩施学院,湖北,恩施土家族苗族自治州,否,否,综合类,民办,383,313,386,314,348,248
武汉文理学院,湖北,武汉市,否,否,综合类,民办,332,378,358,405,334,404
景德镇艺术职业大学,江西,景德镇市,否,否,艺术类,民办,320,369,331,381,280,378
江西财经大学现代经济管理学院,江西,九江市,否,否,财经类,民办,324,366,355,404,333,397
南昌医学院,江西,南昌市,否,否,医药类,公办,372,423,420,448,406,460
南昌航空大学科技学院,江西,九江市,否,否,理工类,民办,334,367,352,404,332,393
赣东学院,江西,抚州市,否,否,综合类,公办,359,384,379,412,351,410
赣南科技学院,江西,赣州市,否,否,理工类,公办,356,390,377,409,361,416
南昌交通学院,江西,南昌市,否,否,理工类,民办,329,368,352,396,319,373
江西师范大学科学技术学院,江西,九江市,否,否,综合类,民办,335,383,362,412,356,409
江西农业大学南昌商学院,江西,九江市,否,否,综合类,民办,332,371,351,400,321,392
南昌大学科学技术学院,江西,九江市,否,否,综合类,民办,335,358,356,365,329,397
厦门工学院,福建,厦门市,否,否,理工类,民办,331,352,352,396,328,390
合肥城市学院,安徽,合肥市,否,否,理工类,民办,327,351,349,397,320,389
浙江越秀外国语学院,浙江,绍兴市,否,否,语言类,民办,298,341,308,371,299,384
上海财经大学浙江学院,浙江,金华市,否,否,财经类,民办,353,383,382,423,360,418
嘉兴南湖学院,浙江,嘉兴市,否,否,财经类,公办,385,379,410,454,381,456
广西中医药大学赛恩斯新医药学院,广西,南宁市,否,否,医药类,民办,354,405,360,408,342,404
柳州工学院,广西,柳州市,否,否,理工类,民办,308,346,337,377,308,388
桂林信息科技学院,广西,桂林市,否,否,理工类,民办,324,341,343,370,336,356
兰州工商学院,甘肃,兰州市,否,否,财经类,民办,309,342,341,396,311,383
甘肃民族师范学院,甘肃,甘南藏族自治州,否,否,师范类,公办,307,400,411,426,378,421
大连艺术学院,辽宁,大连市,否,否,艺术类,民办,287,341,312,365,291,356
大连东软信息学院,辽宁,大连市,否,否,理工类,民办,324,341,355,385,324,373
沈阳科技学院,辽宁,沈阳市,否,否,理工类,民办,329,366,349,394,320,381
大连医科大学中山学院,辽宁,大连市,否,否,医药类,民办,333,365,394,403,334,393
辽宁何氏医学院,辽宁,沈阳市,否,否,医药类,民办,361,364,369,394,348,381
辽宁中医药大学杏林学院,辽宁,沈阳市,否,否,医药类,民办,370,389,377,412,359,405
沈阳城市建设学院,辽宁,沈阳市,否,否,理工类,民办,316,346,341,386,306,375
辽宁师范大学海华学院,辽宁,大连市,否,否,综合类,民办,322,379,352,406,329,399
大连科技学院,辽宁,大连市,否,否,理工类,民办,327,342,348,382,316,376
沈阳城市学院,辽宁,沈阳市,否,否,综合类,民办,289,352,351,381,326,398
山西晋中理工学院,山西,晋中市,否,否,理工类,民办,331,362,320,393,338,384
晋中信息学院,山西,晋中市,否,否,理工类,民办,354,373,378,404,367,391
呼和浩特民族学院,内蒙古,呼和浩特市,否,否,民族类,公办,348,404,371,417,345,429
长春大学旅游学院,吉林,长春市,否,否,综合类,民办,298,341,314,365,282,355
长春财经学院,吉林,长春市,否,否,财经类,民办,323,361,341,396,293,383
长春光华学院,吉林,长春市,否,否,综合类,民办,307,355,324,381,281,361
天津天狮学院,天津,天津市,否,否,综合类,民办,331,361,352,397,337,404
天津财经大学珠江学院,天津,天津市,否,否,综合类,民办,336,378,373,412,363,409
天津理工大学中环信息学院,天津,天津市,否,否,综合类,民办,341,376,362,406,339,400
天津商业大学宝德学院,天津,天津市,否,否,财经类,民办,327,349,314,409,345,402
民政职业大学,北京,北京市,否,否,政法类,公办,300,352,307,347,270,329
宁夏理工学院,宁夏,石嘴山市,否,否,理工类,民办,309,341,336,386,319,377
西安信息职业大学,陕西,西安市,否,否,理工类,民办,343,370,363,383,335,286
西安欧亚学院,陕西,西安市,否,否,财经类,民办,300,358,343,392,316,375
陕西国际商贸学院,陕西,咸阳市,否,否,财经类,民办,335,371,356,398,334,391
无锡太湖学院,江苏,无锡市,否,否,综合类,民办,335,379,360,402,349,404
哈尔滨体育学院,黑龙江,哈尔滨市,否,否,体育类,公办,349,390,371,424,349,419
云南工商学院,云南,昆明市,否,否,理工类,民办,324,358,345,387,317,379
云南经济管理学院,云南,昆明市,否,否,财经类,民办,323,353,340,384,322,373
昆明文理学院,云南,昆明市,否,否,师范类,民办,327,376,346,402,314,394
普洱学院,云南,普洱市,否,否,综合类,公办,347,386,365,416,344,414
青岛黄海学院,山东,青岛市,否,否,综合类,民办,330,364,351,393,326,391
山东现代学院,山东,济南市,否,否,综合类,民办,331,362,349,392,305,377
山东外事职业大学,山东,威海市,否,否,综合类,民办,255,309,270,317,230,317
山东工程职业技术大学,山东,济南市,否,否,理工类,民办,332,371,354,392,325,380
青岛恒星科技学院,山东,青岛市,否,否,综合类,民办,322,360,336,384,318,370
烟台南山学院,山东,烟台市,否,否,综合类,民办,327,346,352,395,327,400
潍坊科技学院,山东,潍坊市,否,否,综合类,民办,333,371,354,410,329,402
山东英才学院,山东,济南市,否,否,综合类,民办,317,353,335,376,307,361
山东石油化工学院,山东,东营市,否,否,理工类,公办,376,414,385,430,353,433
济宁学院,山东,济宁市,否,否,综合类,公办,393,403,404,433,383,430
广州城市理工学院,广东,广州市,否,否,理工类,民办,316,345,331,387,280,378
广州华立学院,广东,广州市,否,否,理工类,民办,323,359,329,384,319,360
广州商学院,广东,广州市,否,否,财经类,民办,315,348,339,376,280,354
湖南汽车工程职业大学,湖南,株洲市,否,否,理工类,公办,249,291,247,261,179,218
湖南医药学院,湖南,怀化市,否,否,医药类,公办,397,420,402,443,404,447
湖南财政经济学院,湖南,长沙市,否,否,财经类,公办,408,419,425,461,418,470
武汉生物工程学院,湖北,武汉市,否,否,理工类,民办,347,380,364,406,339,398
湖北商贸学院,湖北,武汉市,否,否,财经类,民办,349,350,363,369,329,400
湖北工业大学工程技术学院,湖北,武汉市,否,否,综合类,民办,338,363,352,401,334,383
郑州工程技术学院,河南,郑州市,否,否,理工类,公办,367,394,387,428,362,426
河南财政金融学院,河南,郑州市,否,否,财经类,公办,384,414,396,446,378,457
厦门华厦学院,福建,厦门市,否,否,综合类,民办,330,373,359,404,339,397
福州大学至诚学院,福建,福州市,否,否,综合类,民办,338,372,355,407,326,395
厦门大学嘉庚学院,福建,漳州市,否,否,综合类,民办,343,401,384,430,362,431
武夷学院,福建,南平市,否,否,综合类,公办,363,381,383,411,364,410
桂林旅游学院,广西,桂林市,否,否,财经类,公办,346,377,363,413,342,402
广西科技师范学院,广西,来宾市,否,否,师范类,公办,305,359,398,424,384,428
兰州资源环境职业技术大学,甘肃,兰州市,否,否,理工类,公办,356,265,372,292,186,241
兰州石化职业技术大学,甘肃,兰州市,否,否,理工类,公办,352,392,370,289,203,304
辽宁理工职业大学,辽宁,锦州市,否,否,理工类,民办,320,275,333,369,178,246
辽宁传媒学院,辽宁,沈阳市,否,否,艺术类,民办,331,355,358,391,325,375
沈阳工学院,辽宁,抚顺市,否,否,理工类,民办,327,348,344,390,310,379
山西应用科技学院,山西,太原市,否,否,综合类,民办,322,359,342,391,322,383
太原学院,山西,太原市,否,否,综合类,公办,369,389,382,417,348,419
吕梁学院,山西,吕梁市,否,否,综合类,公办,350,394,375,424,367,423
长春人文学院,吉林,长春市,否,否,综合类,民办,324,368,335,387,282,358
吉林建筑科技学院,吉林,长春市,否,否,理工类,民办,306,341,325,365,286,363
吉林警察学院,吉林,长春市,否,否,政法类,公办,403,420,416,436,411,448
吉林工商学院,吉林,长春市,否,否,财经类,公办,368,376,400,425,376,432
天津仁爱学院,天津,天津市,否,否,综合类,民办,320,372,339,405,281,408
石家庄铁道大学四方学院,河北,石家庄市,否,否,理工类,民办,363,375,373,411,344,406
河北医科大学临床学院,河北,石家庄市,否,否,医药类,民办,407,398,419,421,417,417
常州大学怀德学院,江苏,泰州市,否,否,理工类,民办,324,360,352,402,327,392
大连财经学院,辽宁,大连市,否,否,财经类,民办,343,385,368,412,326,406
山东财经大学东方学院,山东,泰安市,否,否,综合类,民办,334,348,355,405,340,400
河北东方学院,河北,廊坊市,否,否,综合类,民办,334,361,353,401,332,394
琼台师范学院,海南,海口市,否,否,师范类,公办,389,426,415,458,410,470
河南城建学院,河南,平顶山市,否,否,理工类,公办,345,390,363,411,288,415
郑州工业应用技术学院,河南,郑州市,否,否,理工类,民办,328,368,341,394,325,390
重庆财经学院,重庆,重庆市,否,否,财经类,民办,377,400,396,429,383,426
重庆外语外事学院,重庆,重庆市,否,否,语言类,民办,341,370,348,402,346,408
重庆对外经贸学院,重庆,重庆市,否,否,财经类,民办,361,386,381,419,361,412
沧州交通学院,河北,沧州市,否,否,理工类,民办,334,348,354,403,325,396
哈尔滨工业大学（威海）,山东,威海市,是,是,理工类,公办,605,509,581,537,596,575
北京第二外国语学院中瑞酒店管理学院,北京,北京市,否,否,综合类,民办,288,342,310,365,281,357
珠海科技学院,广东,珠海市,否,否,综合类,民办,343,378,369,407,356,387
烟台理工学院,山东,烟台市,否,否,综合类,民办,345,380,370,406,347,406
江苏大学京江学院,江苏,镇江市,否,否,综合类,民办,323,372,361,407,335,397
长春工业大学人文信息学院,吉林,长春市,否,否,综合类,民办,309,346,325,372,287,356
长春建筑学院,吉林,长春市,否,否,理工类,民办,306,343,324,373,284,360
河北地质大学华信学院,河北,石家庄市,否,否,综合类,民办,317,364,334,387,306,391
北京中医药大学东方学院,河北,廊坊市,否,否,医药类,民办,366,385,366,406,322,402
青岛城市学院,山东,青岛市,否,否,理工类,民办,329,369,350,406,325,400
燕京理工学院,河北,廊坊市,否,否,理工类,民办,349,378,361,410,337,401
四川工商学院,四川,成都市,否,否,综合类,民办,329,370,357,398,339,397
海口经济学院,海南,海口市,否,否,综合类,民办,292,341,316,365,299,361
吉林动画学院,吉林,长春市,否,否,艺术类,民办,305,343,346,387,317,379
西交利物浦大学,江苏,苏州市,否,否,综合类,中外合作办学,476,451,466,471,468,498
三亚学院,海南,三亚市,否,否,综合类,民办,290,343,325,371,320,381
黑龙江外国语学院,黑龙江,哈尔滨市,否,否,语言类,民办,287,341,328,376,295,361
河南工程学院,河南,郑州市,否,否,理工类,公办,370,395,401,415,384,436
长春电子科技学院,吉林,长春市,否,否,理工类,民办,309,350,324,373,280,354
广州软件学院,广东,广州市,否,否,理工类,民办,350,346,367,381,346,384
大连理工大学城市学院,辽宁,大连市,否,否,理工类,民办,335,355,358,406,334,397
上海外国语大学贤达经济人文学院,上海,上海市,否,否,财经类,民办,290,342,308,365,328,356
北京理工大学珠海学院,广东,珠海市,否,否,理工类,民办,367,376,382,403,357,388
大连工业大学艺术与信息工程学院,辽宁,大连市,否,否,理工类,民办,316,352,335,382,305,366
广州新华学院,广东,广州市,否,否,综合类,民办,325,366,343,393,305,364
武汉体育学院体育科技学院,湖北,武汉市,否,否,体育类,民办,307,373,347,405,316,394
昆明城市学院,云南,昆明市,否,否,综合类,民办,329,380,351,403,327,399
山东政法学院,山东,济南市,否,否,政法类,公办,399,429,428,464,411,476
昆明医科大学海源学院,云南,昆明市,否,否,医药类,民办,399,367,378,402,365,398
吉林师范大学博达学院,吉林,四平市,否,否,师范类,民办,326,358,348,398,282,361
北京师范大学-香港浸会大学联合国际学院,广东,珠海市,否,否,综合类,内地与港澳台地区合作办学,449,440,444,470,423,472
长春科技学院,吉林,长春市,否,否,综合类,民办,333,362,343,384,314,355
安顺学院,贵州,安顺市,否,否,综合类,公办,342,384,371,416,351,407
西安医学院,陕西,西安市,否,否,医药类,公办,513,413,488,439,430,434
菏泽学院,山东,菏泽市,否,否,综合类,公办,350,400,365,438,358,448
安康学院,陕西,安康市,否,否,综合类,公办,344,403,362,421,363,447
商洛学院,陕西,商洛市,否,否,综合类,公办,358,421,371,444,354,446
三明学院,福建,三明市,否,否,综合类,公办,376,377,390,417,380,411
河北科技师范学院,河北,秦皇岛市,否,否,师范类,公办,299,429,387,460,374,472
长治学院,山西,长治市,否,否,综合类,公办,346,376,321,410,383,423
百色学院,广西,百色市,否,否,综合类,公办,328,391,364,415,348,414
梧州学院,广西,梧州市,否,否,综合类,公办,340,397,351,417,373,412
海南热带海洋学院,海南,三亚市,否,否,综合类,公办,362,402,363,431,374,453
青岛滨海学院,山东,青岛市,否,否,综合类,民办,339,347,350,389,326,381
辽宁对外经贸学院,辽宁,大连市,否,否,财经类,民办,298,341,325,371,284,357
长沙医学院,湖南,长沙市,否,否,医药类,民办,373,379,360,401,375,411
呼伦贝尔学院,内蒙古,呼伦贝尔市,否,否,综合类,公办,338,388,367,411,343,411
山东大学（威海）,山东,威海市,是,是,综合类,公办,585,530,555,561,579,587
东北大学秦皇岛分校,河北,秦皇岛市,是,是,理工类,公办,562,492,540,539,558,569
宁波诺丁汉大学,浙江,宁波市,否,否,综合类,中外合作办学,442,441,432,463,416,473
集美大学诚毅学院,福建,厦门市,否,否,综合类,民办,357,395,377,420,360,417
山东航空学院,山东,滨州市,否,否,综合类,公办,397,428,403,457,379,458
安徽中医药大学,安徽,合肥市,否,否,医药类,公办,398,430,415,453,408,455
湖南涉外经济学院,湖南,长沙市,否,否,财经类,民办,310,351,316,388,310,384
西京学院,陕西,西安市,否,否,理工类,民办,346,384,360,408,339,401
三江学院,江苏,南京市,否,否,综合类,民办,334,368,359,407,337,382
洛阳理工学院,河南,洛阳市,否,否,理工类,公办,393,344,410,435,394,441
武汉城市学院,湖北,武汉市,否,否,理工类,民办,327,378,347,392,331,404
武汉学院,湖北,武汉市,否,否,综合类,民办,321,385,366,410,349,406
保定理工学院,河北,保定市,否,否,理工类,民办,317,355,338,384,313,377
辽宁理工学院,辽宁,锦州市,否,否,理工类,民办,312,351,338,383,311,371
郑州师范学院,河南,郑州市,否,否,师范类,公办,387,430,403,468,410,480
东南大学成贤学院,江苏,南京市,否,否,综合类,民办,380,380,386,416,364,407
武汉工程科技学院,湖北,武汉市,否,否,理工类,民办,323,371,351,396,332,383
山东中医药大学,山东,济南市,否,否,医药类,公办,411,418,430,458,388,476
南京特殊教育师范学院,江苏,南京市,否,否,师范类,公办,390,421,423,461,429,464
电子科技大学成都学院,四川,成都市,否,否,理工类,民办,372,381,388,410,371,402
中国矿业大学徐海学院,江苏,徐州市,否,否,综合类,民办,333,386,364,417,343,412
北京邮电大学世纪学院,北京,北京市,否,否,综合类,民办,335,384,350,404,313,404
郑州经贸学院,河南,郑州市,否,否,财经类,民办,326,382,346,410,318,400
北京工业大学耿丹学院,北京,北京市,否,否,综合类,民办,306,341,329,368,303,366
北京金融科技学院,北京,北京市,否,否,财经类,民办,311,346,329,372,297,364
广州南方学院,广东,广州市,否,否,综合类,民办,320,343,337,382,282,395
天水师范学院,甘肃,天水市,否,否,师范类,公办,348,392,365,415,343,404
陇东学院,甘肃,庆阳市,否,否,综合类,公办,337,396,364,419,338,405
塔里木大学,新疆,自治区直辖县级行政区划,否,否,综合类,公办,336,388,360,416,334,409
榆林学院,陕西,榆林市,否,否,综合类,公办,347,408,373,433,351,417
曲靖师范学院,云南,曲靖市,否,否,师范类,公办,345,372,364,411,353,408
绵阳师范学院,四川,绵阳市,否,否,师范类,公办,405,430,433,457,431,468
文华学院,湖北,武汉市,否,否,综合类,民办,294,373,359,405,337,400
重庆工商大学,重庆,重庆市,否,否,财经类,公办,393,429,427,483,411,504
湖南人文科技学院,湖南,娄底市,否,否,综合类,公办,388,421,376,417,351,400
浙江传媒学院,浙江,杭州市,否,否,艺术类,公办,503,494,537,531,547,556
淮阴师范学院,江苏,淮安市,否,否,师范类,公办,362,419,378,447,332,461
绥化学院,黑龙江,绥化市,否,否,综合类,公办,408,430,437,463,341,412
哈尔滨师范大学,黑龙江,哈尔滨市,否,否,师范类,公办,510,469,522,501,447,492
厦门理工学院,福建,厦门市,否,否,理工类,公办,412,426,433,461,426,467
徐州工程学院,江苏,徐州市,否,否,综合类,公办,391,397,393,424,400,429
金陵科技学院,江苏,南京市,否,否,理工类,公办,394,415,417,446,405,451
吉林医药学院,吉林,吉林市,否,否,医药类,公办,405,391,411,421,373,418
广西财经学院,广西,南宁市,否,否,财经类,公办,373,406,396,442,366,438
黑河学院,黑龙江,黑河市,否,否,综合类,公办,335,392,365,419,341,414
西安文理学院,陕西,西安市,否,否,综合类,公办,379,407,406,439,371,454
重庆文理学院,重庆,重庆市,否,否,综合类,公办,394,372,418,440,402,461
伊犁师范大学,新疆,伊犁哈萨克自治州,否,否,师范类,公办,341,391,363,419,336,392
广西中医药大学,广西,南宁市,否,否,医药类,公办,397,431,399,452,381,465
广东金融学院,广东,广州市,否,否,财经类,公办,424,440,436,476,420,470
长沙学院,湖南,长沙市,否,否,综合类,公办,355,431,407,455,391,458
安庆师范大学,安徽,安庆市,否,否,师范类,公办,399,431,419,470,402,482
吉林农业科技学院,吉林,吉林市,否,否,农林类,公办,354,394,374,416,352,410
大庆师范学院,黑龙江,大庆市,否,否,师范类,公办,420,381,363,418,355,422
上海政法学院,上海,上海市,否,否,政法类,公办,517,515,513,520,535,546
上海商学院,上海,上海市,否,否,财经类,公办,378,366,426,452,417,472
广东理工学院,广东,肇庆市,否,否,理工类,民办,315,344,335,374,319,368
广东培正学院,广东,广州市,否,否,财经类,民办,313,368,326,381,321,379
南方医科大学,广东,广州市,否,否,医药类,公办,519,430,525,499,480,531
中国人民解放军国防科技大学,湖南,长沙市,是,是,军事类,公办,591,547,610,515,627,596
贵州大学,贵州,贵阳市,否,是,综合类,公办,465,469,457,515,520,547
西南大学,重庆,重庆市,否,是,综合类,公办,520,461,519,546,539,546
运城学院,山西,运城市,否,否,综合类,公办,357,399,374,439,347,432
山西中医药大学,山西,晋中市,否,否,医药类,公办,514,504,503,517,510,543
南昌职业大学,江西,南昌市,否,否,综合类,民办,310,345,335,372,309,370
新余学院,江西,新余市,否,否,综合类,公办,361,409,337,441,381,447
黄淮学院,河南,驻马店市,否,否,综合类,公办,353,401,373,425,344,420
河南科技学院,河南,新乡市,否,否,综合类,公办,350,391,371,424,346,415
平顶山学院,河南,平顶山市,否,否,综合类,公办,354,392,391,428,366,419
安阳师范学院,河南,安阳市,否,否,师范类,公办,385,429,409,461,413,462
首都经济贸易大学,北京,北京市,否,否,财经类,公办,510,477,532,534,545,561
河南中医药大学,河南,郑州市,否,否,医药类,公办,398,436,424,448,402,463
江西科技学院,江西,南昌市,否,否,综合类,民办,326,363,346,387,316,370
南昌理工学院,江西,南昌市,否,否,综合类,民办,333,374,353,398,325,390
南昌工程学院,江西,南昌市,否,否,理工类,公办,381,398,410,422,400,456
北京体育大学,北京,北京市,否,是,体育类,公办,518,490,524,515,518,550
西安外事学院,陕西,西安市,否,否,综合类,民办,311,351,346,404,335,396
南阳理工学院,河南,南阳市,否,否,理工类,公办,367,403,388,423,371,415
安阳工学院,河南,安阳市,否,否,理工类,公办,356,393,380,418,356,412
河南师范大学,河南,新乡市,否,否,师范类,公办,422,461,449,496,467,511
中国石油大学（北京）,北京,北京市,否,是,理工类,公办,541,509,524,541,536,564
华北电力大学,北京,北京市,否,是,理工类,公办,589,504,575,549,563,571
中国地质大学（北京）,北京,北京市,否,是,理工类,公办,515,499,526,541,529,567
吉利学院,四川,成都市,否,否,理工类,民办,322,348,358,382,334,405
四川工业科技学院,四川,德阳市,否,否,综合类,民办,329,347,352,396,322,378
四川工程职业技术大学,四川,德阳市,否,否,理工类,公办,249,328,298,325,252,329
南通大学,江苏,南通市,否,否,综合类,公办,468,479,448,496,482,536
辽宁工程技术大学,辽宁,阜新市,否,否,理工类,公办,419,432,442,467,436,484
四川旅游学院,四川,成都市,否,否,综合类,公办,372,418,387,428,380,417
成都东软学院,四川,成都市,否,否,理工类,民办,357,366,367,404,360,403
齐齐哈尔工程学院,黑龙江,齐齐哈尔市,否,否,综合类,民办,287,341,308,365,280,354
黑龙江工业学院,黑龙江,鸡西市,否,否,综合类,公办,338,379,360,413,337,407
哈尔滨信息工程学院,黑龙江,哈尔滨市,否,否,理工类,民办,297,341,327,365,300,354
河北外国语学院,河北,石家庄市,否,否,语言类,民办,321,347,345,394,296,391
河北工程技术学院,河北,石家庄市,否,否,理工类,民办,315,342,347,396,313,372
哈尔滨职业技术大学,黑龙江,哈尔滨市,否,否,综合类,公办,277,324,311,360,272,346
哈尔滨金融学院,黑龙江,哈尔滨市,否,否,财经类,公办,339,390,390,421,365,422
上海中侨职业技术大学,上海,上海市,否,否,财经类,民办,323,341,333,373,300,354
河北工业职业技术大学,河北,石家庄市,否,否,理工类,公办,343,379,271,338,164,301
河北科技工程职业技术大学,河北,邢台市,否,否,理工类,公办,356,380,372,398,252,271
河北金融学院,河北,保定市,否,否,财经类,公办,370,409,415,454,405,459
河北民族师范学院,河北,承德市,否,否,民族类,公办,385,429,394,450,344,445
邢台医学院,河北,邢台市,否,否,医药类,公办,315,337,303,361,283,350
河北石油职业技术大学,河北,承德市,否,否,理工类,公办,351,381,369,410,347,285
北华航天工业学院,河北,廊坊市,否,否,理工类,公办,397,389,418,367,397,448
上海建桥学院,上海,上海市,否,否,财经类,民办,328,372,353,402,338,401
电子科技大学,四川,成都市,是,是,理工类,公办,620,529,606,552,613,576
上海海关学院,上海,上海市,否,否,财经类,公办,519,499,521,522,571,581
防灾科技学院,河北,廊坊市,否,否,综合类,公办,386,413,413,450,399,461
沧州师范学院,河北,沧州市,否,否,师范类,公办,364,377,342,421,410,465
保定学院,河北,保定市,否,否,综合类,公办,352,394,322,452,393,461
广州工商学院,广东,广州市,否,否,财经类,民办,292,343,321,366,302,356
衡水学院,河北,衡水市,否,否,综合类,公办,355,402,379,435,352,449
廊坊师范学院,河北,廊坊市,否,否,师范类,公办,383,407,404,445,411,461
唐山师范学院,河北,唐山市,否,否,师范类,公办,392,386,416,416,405,412
山东师范大学,山东,济南市,否,否,师范类,公办,504,498,496,523,514,549
邢台学院,河北,邢台市,否,否,综合类,公办,342,396,388,419,370,418
石家庄铁道大学,河北,石家庄市,否,否,理工类,公办,449,458,463,492,463,513
河北地质大学,河北,石家庄市,否,否,理工类,公办,378,345,408,445,388,455
华北科技学院,河北,廊坊市,否,否,理工类,公办,445,414,459,446,388,453
河北工程大学,河北,邯郸市,否,否,理工类,公办,391,428,408,456,391,464
燕山大学,河北,秦皇岛市,否,否,综合类,公办,446,449,483,495,494,521
华北理工大学,河北,唐山市,否,否,综合类,公办,444,442,443,476,460,499
河北医科大学,河北,石家庄市,否,否,医药类,公办,455,432,540,453,548,467
河北师范大学,河北,石家庄市,否,否,师范类,公办,470,484,446,518,510,548
北京语言大学,北京,北京市,否,否,语言类,公办,508,486,513,544,541,574
华北电力大学保定校区,河北,保定市,否,是,理工类,公办,582,496,567,534,547,556
北京印刷学院,北京,北京市,否,否,理工类,公办,455,470,466,513,465,528
首都师范大学,北京,北京市,否,否,师范类,公办,519,478,525,540,527,569
北京物资学院,北京,北京市,否,否,财经类,公办,445,464,500,503,510,532
中国劳动关系学院,北京,北京市,否,否,政法类,公办,406,434,423,461,409,472
北京联合大学,北京,北京市,否,否,综合类,公办,403,427,431,461,422,460
中国政法大学,北京,北京市,否,是,政法类,公办,546,559,573,571,594,612
中央财经大学,北京,北京市,否,是,财经类,公办,481,540,590,572,607,606
北方工业大学,北京,北京市,否,否,理工类,公办,501,473,507,510,508,531
北京城市学院,北京,北京市,否,否,综合类,民办,333,377,359,413,329,426
中国传媒大学,北京,北京市,否,是,综合类,公办,470,477,555,572,568,596
北京化工大学,北京,北京市,否,是,理工类,公办,551,510,537,538,542,562
鲁东大学,山东,烟台市,否,否,综合类,公办,376,433,410,477,419,489
烟台大学,山东,烟台市,否,否,综合类,公办,400,430,423,459,412,478
潍坊学院,山东,潍坊市,否,否,综合类,公办,298,425,410,456,383,457
山东第一医科大学,山东,济南市,否,否,医药类,公办,502,442,422,429,407,441
北方民族大学,宁夏,银川市,否,否,综合类,公办,411,420,432,444,420,450
宁夏大学,宁夏,银川市,否,是,综合类,公办,421,468,482,503,493,529
广西民族大学,广西,南宁市,否,否,民族类,公办,378,416,413,462,405,468
南宁师范大学,广西,南宁市,否,否,师范类,公办,359,372,371,443,376,459
山东理工大学,山东,淄博市,否,否,理工类,公办,390,408,420,448,409,446
广西科技大学,广西,柳州市,否,否,理工类,公办,380,407,406,444,385,437
山东财经大学,山东,济南市,否,否,财经类,公办,400,448,458,485,427,486
山东交通学院,山东,济南市,否,否,理工类,公办,386,394,409,424,390,429
桂林理工大学,广西,桂林市,否,否,理工类,公办,408,347,435,444,433,452
桂林电子科技大学,广西,桂林市,否,否,理工类,公办,511,445,501,478,484,476
广西师范大学,广西,桂林市,否,否,师范类,公办,411,474,463,495,407,494
广西医科大学,广西,南宁市,否,否,医药类,公办,570,399,561,427,574,438
内蒙古财经大学,内蒙古,呼和浩特市,否,否,财经类,公办,391,417,411,450,394,449
山东建筑大学,山东,济南市,否,否,理工类,公办,383,433,420,460,406,469
山东工商学院,山东,烟台市,否,否,财经类,公办,380,417,408,453,396,461
黔南民族师范学院,贵州,黔南布依族苗族自治州,否,否,师范类,公办,354,360,371,415,376,413
贵州财经大学,贵州,贵阳市,否,否,财经类,公办,336,387,370,404,288,403
内蒙古师范大学,内蒙古,呼和浩特市,否,否,师范类,公办,380,398,411,377,404,474
内蒙古农业大学,内蒙古,呼和浩特市,否,否,农林类,公办,354,330,391,355,366,344
贵州师范大学,贵州,贵阳市,否,否,师范类,公办,376,394,366,447,397,459
海南师范大学,海南,海口市,否,否,师范类,公办,489,466,502,500,501,518
曲阜师范大学,山东,济宁市,否,否,师范类,公办,480,489,494,514,500,530
青岛理工大学,山东,青岛市,否,否,理工类,公办,475,465,471,504,482,522
内蒙古民族大学,内蒙古,通辽市,否,否,综合类,公办,357,380,372,430,370,433
内蒙古科技大学,内蒙古,包头市,否,否,综合类,公办,353,413,372,436,359,449
海南大学,海南,海口市,否,是,综合类,公办,485,493,479,519,529,547
河西学院,甘肃,张掖市,否,否,综合类,公办,343,405,364,413,342,407
甘肃政法大学,甘肃,兰州市,否,否,政法类,公办,444,480,479,506,488,518
兰州财经大学,甘肃,兰州市,否,否,财经类,公办,292,421,408,449,405,451
青岛大学,山东,青岛市,否,否,综合类,公办,454,464,497,507,486,535
西北师范大学,甘肃,兰州市,否,否,师范类,公办,404,425,428,460,426,487
聊城大学,山东,聊城市,否,否,综合类,公办,370,448,427,474,418,483
许昌学院,河南,许昌市,否,否,理工类,公办,367,389,392,417,371,412
青岛农业大学,山东,青岛市,否,否,农林类,公办,372,445,414,461,395,475
河南财经政法大学,河南,郑州市,否,否,财经类,公办,419,480,488,502,483,511
商丘师范学院,河南,商丘市,否,否,师范类,公办,371,347,391,443,374,452
南阳师范学院,河南,南阳市,否,否,师范类,公办,342,413,326,443,385,449
周口师范学院,河南,周口市,否,否,师范类,公办,363,375,376,424,396,452
洛阳师范学院,河南,洛阳市,否,否,综合类,公办,386,390,408,365,389,455
兰州理工大学,甘肃,兰州市,否,否,理工类,公办,425,430,458,440,454,440
中原工学院,河南,郑州市,否,否,理工类,公办,376,379,396,374,386,443
西北民族大学,甘肃,兰州市,否,否,综合类,公办,369,409,387,441,361,453
郑州航空工业管理学院,河南,郑州市,否,否,综合类,公办,387,416,405,439,377,399
闽江学院,福建,福州市,否,否,综合类,公办,372,425,352,455,395,471
福建师范大学,福建,福州市,否,否,师范类,公办,428,484,484,505,499,548
仰恩大学,福建,泉州市,否,否,综合类,民办,325,362,313,398,340,395
集美大学,福建,厦门市,否,否,综合类,公办,453,425,478,474,440,471
福建农林大学,福建,福州市,否,否,农林类,公办,417,440,458,494,451,509
河南工业大学,河南,郑州市,否,否,理工类,公办,434,429,451,473,459,476
华侨大学,福建,泉州市,否,否,综合类,公办,412,462,480,481,488,533
河南农业大学,河南,郑州市,否,否,农林类,公办,405,413,420,457,401,464
湖北文理学院,湖北,襄阳市,否,否,综合类,公办,401,345,417,441,401,446
河南科技大学,河南,洛阳市,否,否,综合类,公办,388,420,423,458,405,468
河南大学,河南,开封市,否,否,综合类,公办,422,445,472,520,507,539
郑州轻工业大学,河南,郑州市,否,否,理工类,公办,467,342,460,448,413,451
黑龙江东方学院,黑龙江,哈尔滨市,否,否,综合类,民办,306,341,339,379,298,363
齐齐哈尔医学院,黑龙江,齐齐哈尔市,否,否,医药类,公办,447,395,459,425,449,422
牡丹江医科大学,黑龙江,牡丹江市,否,否,医药类,公办,454,377,460,411,452,406
湖北民族大学,湖北,恩施土家族苗族自治州,否,否,综合类,公办,398,354,399,430,373,434
黑龙江科技大学,黑龙江,哈尔滨市,否,否,理工类,公办,408,432,429,463,417,473
黑龙江工程学院,黑龙江,哈尔滨市,否,否,理工类,公办,408,393,429,422,415,419
武汉体育学院,湖北,武汉市,否,否,体育类,公办,401,403,421,456,402,468
哈尔滨学院,黑龙江,哈尔滨市,否,否,综合类,公办,367,398,373,429,364,429
东北石油大学,黑龙江,大庆市,否,否,理工类,公办,432,430,450,463,418,472
湖北经济学院,湖北,武汉市,否,否,财经类,公办,406,352,424,449,389,473
哈尔滨商业大学,黑龙江,哈尔滨市,否,否,财经类,公办,435,446,464,476,420,482
牡丹江师范学院,黑龙江,牡丹江市,否,否,师范类,公办,408,430,440,463,455,474
黑龙江中医药大学,黑龙江,哈尔滨市,否,否,医药类,公办,460,449,478,478,431,489
湖北师范大学,湖北,黄石市,否,否,师范类,公办,388,428,410,474,301,482
湖北中医药大学,湖北,武汉市,否,否,医药类,公办,401,414,417,423,404,470
武汉纺织大学,湖北,武汉市,否,否,理工类,公办,403,411,424,460,413,471
哈尔滨医科大学,黑龙江,哈尔滨市,否,否,医药类,公办,527,434,534,463,468,472
长江大学,湖北,荆州市,否,否,综合类,公办,421,471,484,496,488,511
黑龙江八一农垦大学,黑龙江,大庆市,否,否,农林类,公办,416,438,429,464,423,423
哈尔滨理工大学,黑龙江,哈尔滨市,否,否,理工类,公办,453,430,468,463,439,472
湖北大学,湖北,武汉市,否,否,综合类,公办,502,479,508,517,496,533
齐齐哈尔大学,黑龙江,齐齐哈尔市,否,否,综合类,公办,437,447,473,477,418,474
中南民族大学,湖北,武汉市,否,否,综合类,公办,447,483,456,517,479,547
佳木斯大学,黑龙江,佳木斯市,否,否,综合类,公办,408,430,429,469,415,472
黑龙江大学,黑龙江,哈尔滨市,否,否,综合类,公办,472,443,483,479,440,478
华中师范大学,湖北,武汉市,否,是,师范类,公办,569,552,553,562,591,603
东北林业大学,黑龙江,哈尔滨市,否,是,农林类,公办,541,470,535,517,510,539
邵阳学院,湖南,邵阳市,否,否,综合类,公办,382,392,389,422,374,417
华中农业大学,湖北,武汉市,否,是,农林类,公办,526,500,526,533,536,558
怀化学院,湖南,怀化市,否,否,综合类,公办,370,404,389,432,369,432
湖南文理学院,湖南,常德市,否,否,综合类,公办,360,387,350,399,384,453
中南财经政法大学,湖北,武汉市,否,是,财经类,公办,578,539,570,554,566,583
吉林体育学院,吉林,长春市,否,否,体育类,公办,238,307,234,286,200,279
吉林财经大学,吉林,长春市,否,否,财经类,公办,401,433,437,461,407,471
吉林外国语大学,吉林,长春市,否,否,语言类,民办,304,362,349,400,287,355
白城师范学院,吉林,白城市,否,否,师范类,公办,342,374,360,443,361,438
通化师范学院,吉林,通化市,否,否,师范类,公办,338,426,359,459,317,438
湖南工商大学,湖南,长沙市,否,否,财经类,公办,448,468,482,503,485,513
衡阳师范学院,湖南,衡阳市,否,否,师范类,公办,321,426,396,452,394,471
吉林工程技术师范学院,吉林,长春市,否,否,师范类,公办,382,416,401,451,369,440
长春中医药大学,吉林,长春市,否,否,医药类,公办,502,449,469,482,480,488
湘南学院,湖南,郴州市,否,否,综合类,公办,386,405,412,419,287,411
中南林业科技大学,湖南,长沙市,否,否,农林类,公办,421,457,451,491,451,520
湖南工程学院,湖南,湘潭市,否,否,理工类,公办,368,389,397,423,387,444
湖南工业大学,湖南,株洲市,否,否,综合类,公办,458,455,470,485,469,518
湖南城市学院,湖南,益阳市,否,否,综合类,公办,296,378,398,429,383,437
湖南理工学院,湖南,岳阳市,否,否,理工类,公办,299,389,403,417,389,385
吉林建筑大学,吉林,长春市,否,否,理工类,公办,354,382,403,435,390,429
长春工程学院,吉林,长春市,否,否,理工类,公办,387,370,401,417,388,425
东北电力大学,吉林,吉林市,否,否,理工类,公办,514,427,517,461,506,468
湖南农业大学,湖南,长沙市,否,否,农林类,公办,413,447,458,458,456,465
南华大学,湖南,衡阳市,否,否,综合类,公办,462,465,456,491,453,512
吉林师范大学,吉林,四平市,否,否,师范类,公办,377,417,412,454,425,474
长沙理工大学,湖南,长沙市,否,否,理工类,公办,443,468,492,501,507,530
湖南科技大学,湖南,湘潭市,否,否,综合类,公办,424,446,451,483,461,512
长春师范大学,吉林,长春市,否,否,师范类,公办,405,408,421,454,421,468
吉首大学,湖南,湘西土家族苗族自治州,否,否,综合类,公办,321,401,410,451,397,461
湘潭大学,湖南,湘潭市,否,否,综合类,公办,436,483,497,517,497,533
吉林农业大学,吉林,长春市,否,否,农林类,公办,425,404,430,449,374,444
长春工业大学,吉林,长春市,否,否,理工类,公办,388,395,419,456,407,458
长春理工大学,吉林,长春市,否,否,理工类,公办,508,447,499,473,472,500
长春大学,吉林,长春市,否,否,综合类,公办,388,349,418,448,400,453
西北政法大学,陕西,西安市,否,否,政法类,公办,520,527,563,539,578,565
西安财经大学,陕西,西安市,否,否,财经类,公办,427,484,479,510,480,528
北华大学,吉林,吉林市,否,否,综合类,公办,368,361,425,452,395,450
西安外国语大学,陕西,西安市,否,否,语言类,公办,417,437,469,507,528,547
青海民族大学,青海,西宁市,否,否,民族类,公办,327,385,372,418,361,401
陕西理工大学,陕西,汉中市,否,否,理工类,公办,387,418,412,459,401,460
青海师范大学,青海,西宁市,否,否,师范类,公办,359,417,391,457,375,461
宝鸡文理学院,陕西,宝鸡市,否,否,师范类,公办,382,358,389,460,379,463
咸阳师范学院,陕西,咸阳市,否,否,师范类,公办,407,384,444,383,436,464
大理大学,云南,大理白族自治州,否,否,综合类,公办,393,415,411,454,395,456
西安工业大学,陕西,西安市,否,否,理工类,公办,505,472,502,497,480,510
云南财经大学,云南,昆明市,否,否,财经类,公办,376,358,420,465,406,466
红河学院,云南,红河哈尼族彝族自治州,否,否,综合类,公办,327,389,361,415,344,414
西安石油大学,陕西,西安市,否,否,理工类,公办,438,456,457,487,463,491
玉溪师范学院,云南,玉溪市,否,否,师范类,公办,340,413,350,430,374,419
云南中医药大学,云南,昆明市,否,否,医药类,公办,414,430,413,463,405,465
云南民族大学,云南,昆明市,否,否,综合类,公办,404,431,423,454,414,468
云南师范大学,云南,昆明市,否,否,师范类,公办,428,446,400,421,423,482
合肥大学,安徽,合肥市,否,否,综合类,公办,379,407,387,442,387,457
延安大学,陕西,延安市,否,否,综合类,公办,407,399,408,388,388,466
安徽财经大学,安徽,蚌埠市,否,否,财经类,公办,437,433,470,492,485,522
陕西师范大学,陕西,西安市,否,是,师范类,公办,555,527,547,554,562,566
西北农林科技大学,陕西,咸阳市,是,是,农林类,公办,525,514,531,535,546,565
西安交通大学,陕西,西安市,是,是,综合类,公办,637,542,614,572,622,601
上海杉达学院,上海,上海市,否,否,财经类,民办,360,368,373,408,348,400
淮北师范大学,安徽,淮北市,否,否,综合类,公办,406,416,421,459,440,470
华东政法大学,上海,上海市,否,否,政法类,公办,542,560,564,567,600,603
安徽建筑大学,安徽,合肥市,否,否,理工类,公办,419,418,430,455,477,465
上海立信会计金融学院,上海,上海市,否,否,财经类,公办,449,462,508,523,525,544
上海对外经贸大学,上海,上海市,否,否,财经类,公办,460,443,523,530,554,571
安徽师范大学,安徽,芜湖市,否,否,师范类,公办,415,435,463,495,475,516
上海海事大学,上海,上海市,否,否,理工类,公办,499,494,506,520,518,544
上海师范大学,上海,上海市,否,否,综合类,公办,509,502,510,520,527,556
广东财经大学,广东,广州市,否,否,财经类,公办,497,475,509,514,501,524
岭南师范学院,广东,湛江市,否,否,师范类,公办,371,403,405,430,389,391
广东外语外贸大学,广东,广州市,否,否,语言类,公办,464,484,492,522,525,519
广州中医药大学,广东,广州市,否,否,医药类,公办,487,492,483,494,522,553
广东工业大学,广东,广州市,否,否,理工类,公办,410,469,501,491,510,531
深圳大学,广东,深圳市,否,否,综合类,公办,553,516,540,540,543,564
太原师范学院,山西,晋中市,否,否,师范类,公办,408,433,447,465,443,472
山西大同大学,山西,大同市,否,否,综合类,公办,397,376,413,424,396,469
太原科技大学,山西,太原市,否,否,理工类,公办,391,422,414,455,384,445
中北大学,山西,太原市,否,否,综合类,公办,471,436,476,493,456,512
山西财经大学,山西,太原市,否,否,财经类,公办,432,471,490,507,505,530
山西师范大学,山西,太原市,否,否,师范类,公办,376,392,405,464,399,480
山西医科大学,山西,太原市,否,否,医药类,公办,432,432,515,472,482,437
成都信息工程大学,四川,成都市,否,否,理工类,公办,517,472,519,501,518,526
山西农业大学,山西,晋中市,否,否,农林类,公办,349,358,398,448,412,455
西南石油大学,四川,成都市,否,否,综合类,公办,486,486,492,515,489,532
中国民用航空飞行学院,四川,德阳市,否,否,理工类,公办,497,393,501,426,478,428
西华师范大学,四川,南充市,否,否,师范类,公办,442,434,483,490,467,498
成都中医药大学,四川,成都市,否,否,医药类,公办,464,501,482,481,484,543
西南科技大学,四川,绵阳市,否,否,理工类,公办,394,345,416,458,414,465
山西大学,山西,太原市,否,否,综合类,公办,409,484,500,519,480,531
浙江万里学院,浙江,宁波市,否,否,理工类,公办,397,414,413,443,389,441
浙江财经大学,浙江,杭州市,否,否,财经类,公办,498,487,521,519,530,538
浙江工商大学,浙江,杭州市,否,否,财经类,公办,413,443,483,489,464,503
温州大学,浙江,温州市,否,否,综合类,公办,295,469,442,495,426,505
湖州师范学院,浙江,湖州市,否,否,综合类,公办,479,462,494,496,478,512
杭州师范大学,浙江,杭州市,否,否,综合类,公办,442,457,477,521,508,554
浙江农林大学,浙江,杭州市,否,否,农林类,公办,451,485,465,511,478,527
中国计量大学,浙江,杭州市,否,否,理工类,公办,508,486,510,519,500,542
西华大学,四川,成都市,否,否,综合类,公办,496,483,494,508,492,530
浙江理工大学,浙江,杭州市,否,否,理工类,公办,410,486,508,513,510,546
浙江师范大学,浙江,金华市,否,否,综合类,公办,429,496,476,511,507,549
宁波大学,浙江,宁波市,否,否,综合类,公办,512,511,506,516,516,517
新疆财经大学,新疆,乌鲁木齐市,否,否,财经类,公办,301,375,392,437,366,444
喀什大学,新疆,喀什地区,否,否,综合类,公办,294,374,388,421,359,418
新疆师范大学,新疆,乌鲁木齐市,否,否,师范类,公办,287,396,387,461,323,454
新疆农业大学,新疆,乌鲁木齐市,否,否,农林类,公办,346,384,370,413,340,368
成都理工大学,四川,成都市,否,否,理工类,公办,456,441,492,505,510,528
西南民族大学,四川,成都市,否,否,民族类,公办,467,477,488,507,509,536
东北财经大学,辽宁,大连市,否,否,财经类,公办,520,497,542,522,544,574
辽宁师范大学,辽宁,大连市,否,否,师范类,公办,408,428,440,478,429,501
沈阳大学,辽宁,沈阳市,否,否,综合类,公办,313,360,417,457,411,471
辽宁科技大学,辽宁,鞍山市,否,否,理工类,公办,430,423,461,456,444,466
沈阳师范大学,辽宁,沈阳市,否,否,师范类,公办,406,431,408,470,414,484
大连交通大学,辽宁,大连市,否,否,理工类,公办,506,427,510,465,483,478
大连大学,辽宁,大连市,否,否,综合类,公办,392,411,424,456,415,467
沈阳理工大学,辽宁,沈阳市,否,否,理工类,公办,483,433,485,458,484,465
大连外国语大学,辽宁,大连市,否,否,语言类,公办,408,432,486,503,498,534
沈阳化工大学,辽宁,沈阳市,否,否,理工类,公办,379,406,418,451,397,450
渤海大学,辽宁,锦州市,否,否,综合类,公办,398,416,425,458,406,472
沈阳建筑大学,辽宁,沈阳市,否,否,理工类,公办,453,447,476,483,466,505
大连工业大学,辽宁,大连市,否,否,理工类,公办,459,406,470,456,458,471
大连海洋大学,辽宁,大连市,否,否,农林类,公办,330,429,414,458,409,481
大连民族大学,辽宁,大连市,否,否,民族类,公办,435,439,460,477,458,505
鞍山师范学院,辽宁,鞍山市,否,否,师范类,公办,413,408,440,451,437,449
沈阳体育学院,辽宁,沈阳市,否,否,体育类,公办,344,404,391,441,369,448
重庆三峡学院,重庆,重庆市,否,否,综合类,公办,373,407,392,439,396,465
赣南医科大学,江西,赣州市,否,否,医药类,公办,513,388,508,424,500,417
九江学院,江西,九江市,否,否,综合类,公办,346,397,379,432,357,435
四川外国语大学,重庆,重庆市,否,否,语言类,公办,416,445,478,488,524,551
宜春学院,江西,宜春市,否,否,综合类,公办,394,395,359,415,374,434
江西科技师范大学,江西,南昌市,否,否,师范类,公办,467,463,490,493,484,504
赣南师范大学,江西,赣州市,否,否,师范类,公办,476,397,492,434,491,480
辽东学院,辽宁,丹东市,否,否,综合类,公办,333,361,355,415,340,405
上饶师范学院,江西,上饶市,否,否,师范类,公办,378,399,375,429,411,431
江西中医药大学,江西,南昌市,否,否,医药类,公办,452,485,454,489,471,509
西南政法大学,重庆,重庆市,否,否,政法类,公办,544,542,566,554,571,588
重庆师范大学,重庆,重庆市,否,否,师范类,公办,541,510,534,537,541,560
南昌航空大学,江西,南昌市,否,否,理工类,公办,472,412,468,458,472,466
江西财经大学,江西,南昌市,否,否,财经类,公办,475,432,516,525,518,539
江西师范大学,江西,南昌市,否,否,师范类,公办,413,452,467,522,495,532
扬州大学,江苏,扬州市,否,否,综合类,公办,484,473,488,508,492,548
江苏大学,江苏,镇江市,否,否,综合类,公办,502,481,497,518,512,541
江西理工大学,江西,赣州市,否,否,理工类,公办,436,445,448,483,457,509
南京财经大学,江苏,南京市,否,否,财经类,公办,503,504,493,525,528,554
苏州科技大学,江苏,苏州市,否,否,综合类,公办,445,463,484,505,500,530
江苏科技大学,江苏,镇江市,否,否,理工类,公办,441,461,460,486,479,523
常州大学,江苏,常州市,否,否,理工类,公办,499,452,498,492,495,514
盐城师范学院,江苏,盐城市,否,否,师范类,公办,392,383,377,414,338,433
淮阴工学院,江苏,淮安市,否,否,理工类,公办,357,400,381,403,380,451
南京审计大学,江苏,南京市,否,否,财经类,公办,532,520,525,545,537,580
江苏理工学院,江苏,常州市,否,否,理工类,公办,382,409,401,433,410,457
南京工程学院,江苏,南京市,否,否,理工类,公办,406,454,435,464,434,483
北京科技大学,北京,北京市,否,是,理工类,公办,570,520,557,549,569,573
东北师范大学,吉林,长春市,否,是,师范类,公办,536,528,570,558,566,575
清华大学,北京,北京市,是,是,综合类,公办,675,620,665,633,682,661
太原理工大学,山西,太原市,否,是,理工类,公办,507,480,514,525,522,546
大连理工大学,辽宁,大连市,是,是,理工类,公办,596,478,568,550,574,571
东北农业大学,黑龙江,哈尔滨市,否,是,农林类,公办,491,475,509,507,455,514
上海外国语大学,上海,上海市,否,是,语言类,公办,499,474,574,571,596,601
东北大学,辽宁,沈阳市,是,是,理工类,公办,575,506,565,549,563,572
复旦大学,上海,上海市,是,是,综合类,公办,667,583,654,615,674,644
华东师范大学,上海,上海市,是,是,师范类,公办,600,551,591,577,624,615
上海财经大学,上海,上海市,否,是,财经类,公办,614,572,609,600,624,629
延边大学,吉林,延边朝鲜族自治州,否,是,综合类,公办,405,430,441,463,412,476
武汉理工大学,湖北,武汉市,否,是,理工类,公办,555,509,547,541,553,563
华中科技大学,湖北,武汉市,是,是,综合类,公办,616,546,588,567,616,602
山东大学,山东,济南市,是,是,综合类,公办,586,532,573,568,592,599
上海交通大学,上海,上海市,是,是,综合类,公办,669,604,654,614,671,645
哈尔滨工程大学,黑龙江,哈尔滨市,否,是,理工类,公办,570,503,551,532,557,553
中南大学,湖南,长沙市,是,是,综合类,公办,578,539,565,559,589,593
吉林大学,吉林,长春市,是,是,综合类,公办,588,484,574,554,555,579
中国地质大学（武汉）,湖北,武汉市,否,是,理工类,公办,530,513,534,538,516,559
中国石油大学（华东）,山东,青岛市,否,是,理工类,公办,559,511,551,533,531,554
重庆大学,重庆,重庆市,是,是,综合类,公办,575,527,574,563,590,594
苏州大学,江苏,苏州市,否,是,综合类,公办,552,532,539,546,555,585
中国药科大学,江苏,南京市,否,是,医药类,公办,545,518,549,536,537,567
河海大学,江苏,南京市,否,是,综合类,公办,560,521,542,541,555,576
南京师范大学,江苏,南京市,否,是,师范类,公办,529,519,532,552,576,579
浙江大学,浙江,杭州市,是,是,综合类,公办,662,584,645,603,663,633
南京农业大学,江苏,南京市,否,是,农林类,公办,539,505,530,537,532,563
南京大学,江苏,南京市,是,是,综合类,公办,643,583,640,604,659,638
中国矿业大学,江苏,徐州市,否,是,综合类,公办,514,512,501,533,540,554
南昌大学,江西,南昌市,否,是,综合类,公办,527,486,522,499,536,556
西北工业大学,陕西,西安市,是,是,理工类,公办,617,528,586,549,595,578
暨南大学,广东,广州市,否,是,综合类,公办,455,511,546,543,546,570
中山大学,广东,广州市,是,是,综合类,公办,604,559,581,577,600,603
福州大学,福建,福州市,否,是,理工类,公办,528,472,529,549,518,568
厦门大学,福建,厦门市,是,是,综合类,公办,600,554,583,586,602,620
西南财经大学,四川,成都市,否,是,财经类,公办,547,506,567,559,582,590
四川大学,四川,成都市,是,是,综合类,公办,570,526,570,569,594,604
华南师范大学,广东,广州市,否,是,师范类,公办,475,502,526,540,548,577
兰州大学,甘肃,兰州市,是,是,综合类,公办,558,526,545,549,548,574
天津体育学院,天津,天津市,否,否,体育类,公办,369,420,403,450,403,465
天津职业技术师范大学,天津,天津市,否,否,师范类,公办,378,412,416,452,406,466
天津中医药大学,天津,天津市,否,否,医药类,公办,498,456,461,494,472,502
中国民航大学,天津,天津市,否,否,理工类,公办,501,486,507,516,480,541
天津外国语大学,天津,天津市,否,否,语言类,公办,415,464,474,480,509,543
江南大学,江苏,无锡市,否,是,综合类,公办,557,522,542,545,539,561
天津商业大学,天津,天津市,否,否,财经类,公办,446,482,477,517,484,538
天津财经大学,天津,天津市,否,否,财经类,公办,482,467,502,511,522,528
天津科技大学,天津,天津市,否,否,理工类,公办,474,414,487,473,497,473
天津理工大学,天津,天津市,否,否,理工类,公办,507,424,522,457,527,476
天津工业大学,天津,天津市,否,否,综合类,公办,515,495,526,522,521,535
天津师范大学,天津,天津市,否,否,师范类,公办,451,444,452,515,503,550
上海大学,上海,上海市,否,是,综合类,公办,568,521,560,521,570,589
新疆大学,新疆,乌鲁木齐市,否,是,综合类,公办,444,461,442,509,465,520
济南大学,山东,济南市,否,否,综合类,公办,464,434,483,478,472,482
安徽农业大学,安徽,合肥市,否,否,农林类,公办,401,364,411,461,378,465
安徽工业大学,安徽,马鞍山市,否,否,理工类,公办,447,442,450,471,403,455
安徽大学,安徽,合肥市,否,是,综合类,公办,546,508,527,530,536,554
滨州医学院,山东,烟台市,否,否,医药类,公办,399,424,393,450,383,458
郑州大学,河南,郑州市,否,是,综合类,公办,520,510,519,539,527,566
中国海洋大学,山东,青岛市,是,是,综合类,公办,579,435,567,547,569,577
天津大学,天津,天津市,是,是,综合类,公办,602,554,580,576,598,605
南开大学,天津,天津市,是,是,综合类,公办,615,567,606,591,627,619
湖南师范大学,湖南,长沙市,否,是,师范类,公办,521,510,487,531,543,557
河北大学,河北,保定市,否,否,综合类,公办,415,460,495,464,494,527
对外经济贸易大学,北京,北京市,否,是,财经类,公办,561,557,584,575,612,610
北京师范大学,北京,北京市,是,是,师范类,公办,592,575,594,588,605,624
西南交通大学,四川,成都市,否,是,理工类,公办,561,514,548,546,560,569
辽宁大学,辽宁,沈阳市,否,是,综合类,公办,534,520,524,545,549,547
北京中医药大学,北京,北京市,否,是,医药类,公办,533,479,540,558,507,568
北京邮电大学,北京,北京市,否,是,理工类,公办,612,525,592,555,597,582
北京航空航天大学,北京,北京市,是,是,理工类,公办,633,560,625,579,645,607
中国人民大学,北京,北京市,是,是,综合类,公办,652,587,634,610,659,642
中央民族大学,北京,北京市,是,是,民族类,公办,542,515,545,554,563,579
湖南大学,湖南,长沙市,是,是,综合类,公办,575,542,568,563,582,595
北京林业大学,北京,北京市,否,是,农林类,公办,541,507,539,537,536,564
武汉大学,湖北,武汉市,是,是,综合类,公办,609,565,609,590,612,625
河北工业大学,天津,天津市,否,是,理工类,公办,534,441,532,530,542,554
中央音乐学院,北京,北京市,否,是,艺术类,公办,215,255,231,273,210,265
北京外国语大学,北京,北京市,否,是,语言类,公办,558,544,577,562,580,601
北京交通大学,北京,北京市,否,是,理工类,公办,583,473,559,554,568,581
西北大学,陕西,西安市,否,是,综合类,公办,505,479,536,538,531,560
长安大学,陕西,西安市,否,是,理工类,公办,545,500,537,538,544,557
云南大学,云南,昆明市,否,是,综合类,公办,520,489,487,470,530,561
哈尔滨工业大学,黑龙江,哈尔滨市,是,是,理工类,公办,623,529,591,553,604,581
大连海事大学,辽宁,大连市,否,是,理工类,公办,538,523,535,538,552,567
内蒙古大学,内蒙古,呼和浩特市,否,是,综合类,公办,416,508,488,523,495,541
北京大学,北京,北京市,是,是,综合类,公办,675,610,662,625,680,655
