﻿名称,省,市,985,211,学校类型,学校属性,2023年物理类录取分数,2023年历史类录取分数,2022年物理类录取分数,2022年历史类录取分数,2021年物理类录取分数,2021年历史类录取分数
烟台科技学院,山东,烟台市,否,否,综合类,民办,480,477,468,479,456,485
江苏海洋大学,江苏,连云港市,否,否,理工类,公办,509,534,493,518,478,524
郑州西亚斯学院,河南,郑州市,否,否,综合类,民办,457,476,450,475,438,489
南京审计大学金审学院,江苏,南京市,否,否,财经类,民办,488,502,476,495,464,496
深圳技术大学,广东,深圳市,否,否,理工类,公办,586,555,558,532,534,535
哈尔滨工业大学（深圳）,广东,深圳市,是,是,理工类,公办,661,625,631,600,619,606
香港中文大学（深圳）,广东,深圳市,否,否,综合类,内地与港澳台地区合作办学,654,627,623,599,615,609
温州肯恩大学,浙江,温州市,否,否,综合类,中外合作办学,545,541,518,517,501,518
合肥工业大学宣城校区,安徽,宣城市,否,是,综合类,公办,598,587,579,565,564,575
中国人民大学（苏州校区）,江苏,苏州市,是,是,综合类,公办,649,623,619,594,604,602
江苏第二师范学院,江苏,南京市,否,否,师范类,公办,574,560,535,533,522,543
大连理工大学盘锦校区,辽宁,盘锦市,是,是,理工类,公办,627,598,595,574,582,588
泰州学院,江苏,泰州市,否,否,综合类,公办,552,555,482,507,486,513
张家口学院,河北,张家口市,否,否,综合类,公办,479,509,490,504,492,515
南昌师范学院,江西,南昌市,否,否,师范类,公办,499,519,516,509,497,516
成都师范学院,四川,成都市,否,否,师范类,公办,521,532,508,521,488,530
山西传媒学院,山西,晋中市,否,否,艺术类,公办,470,502,477,499,465,503
河北环境工程学院,河北,秦皇岛市,否,否,理工类,公办,486,503,477,498,464,506
南昌工学院,江西,南昌市,否,否,理工类,民办,458,477,442,476,426,476
山西工商学院,山西,太原市,否,否,财经类,民办,461,477,447,476,435,486
福州外语外贸学院,福建,福州市,否,否,财经类,民办,456,478,440,475,431,478
山东协和学院,山东,济南市,否,否,医药类,民办,462,478,448,476,435,480
华北理工大学轻工学院,河北,唐山市,否,否,理工类,民办,458,474,442,473,429,478
陕西学前师范学院,陕西,西安市,否,否,师范类,公办,495,504,482,487,485,524
浙江外国语学院,浙江,杭州市,否,否,语言类,公办,521,534,530,529,514,535
北京第二外国语学院,北京,北京市,否,否,语言类,公办,573,571,564,561,552,572
山东女子学院,山东,济南市,否,否,综合类,公办,494,506,486,498,463,506
齐鲁师范学院,山东,济南市,否,否,师范类,公办,519,531,515,520,494,527
宁夏大学新华学院,宁夏,银川市,否,否,综合类,民办,462,477,445,475,432,485
西安科技大学高新学院,陕西,西安市,否,否,理工类,民办,467,475,443,472,430,483
西安工商学院,陕西,西安市,否,否,综合类,民办,460,475,442,476,426,480
西安交通大学城市学院,陕西,西安市,否,否,理工类,民办,461,477,451,477,439,479
南通大学杏林学院,江苏,南通市,否,否,综合类,民办,490,483,470,479,444,480
江苏科技大学苏州理工学院,江苏,苏州市,否,否,理工类,民办,479,487,464,484,443,485
南京邮电大学通达学院,江苏,扬州市,否,否,综合类,民办,485,484,467,482,450,487
江苏师范大学科文学院,江苏,徐州市,否,否,综合类,民办,472,487,452,485,442,490
扬州大学广陵学院,江苏,扬州市,否,否,综合类,民办,478,501,463,492,449,496
苏州科技大学天平学院,江苏,苏州市,否,否,综合类,民办,477,500,460,492,446,492
苏州大学应用技术学院,江苏,苏州市,否,否,综合类,民办,471,484,450,476,433,481
苏州城市学院,江苏,苏州市,否,否,综合类,公办,506,505,486,498,464,503
南京医科大学康达学院,江苏,连云港市,否,否,医药类,民办,552,490,476,486,458,489
南京师范大学中北学院,江苏,镇江市,否,否,综合类,民办,473,489,458,482,449,490
南京工业大学浦江学院,江苏,南京市,否,否,理工类,民办,480,483,462,479,448,486
南京传媒学院,江苏,南京市,否,否,艺术类,民办,462,486,459,488,439,488
南京航空航天大学金城学院,江苏,南京市,否,否,理工类,民办,479,494,465,488,454,495
南京理工大学紫金学院,江苏,南京市,否,否,理工类,民办,498,504,480,494,469,499
文山学院,云南,文山壮族苗族自治州,否,否,综合类,公办,479,507,474,504,463,511
齐鲁理工学院,山东,济南市,否,否,综合类,民办,454,476,442,475,427,477
青岛农业大学海都学院,山东,烟台市,否,否,综合类,民办,469,479,447,477,437,480
青岛工学院,山东,青岛市,否,否,综合类,民办,460,478,444,476,429,479
泰山科技学院,山东,泰安市,否,否,理工类,民办,459,475,443,475,435,478
西南交通大学希望学院,四川,成都市,否,否,综合类,民办,466,478,444,479,433,482
西南财经大学天府学院,四川,绵阳市,否,否,财经类,民办,460,478,448,477,434,481
四川大学锦江学院,四川,眉山市,否,否,综合类,民办,462,478,452,479,440,481
成都锦城学院,四川,成都市,否,否,综合类,民办,468,493,460,490,448,496
成都外国语学院,四川,成都市,否,否,语言类,民办,458,478,452,481,445,487
成都理工大学工程技术学院,四川,乐山市,否,否,理工类,民办,466,477,452,478,438,480
成都大学,四川,成都市,否,否,综合类,公办,550,533,525,521,506,535
新疆科技学院,新疆,巴音郭楞蒙古自治州,否,否,财经类,公办,469,495,462,491,447,497
新疆理工学院,新疆,阿克苏地区,否,否,理工类,公办,473,483,460,494,446,496
湖南理工学院南湖学院,湖南,岳阳市,否,否,理工类,民办,466,486,450,476,437,479
湖南文理学院芙蓉学院,湖南,常德市,否,否,综合类,民办,476,479,455,477,439,485
南华大学船山学院,湖南,衡阳市,否,否,综合类,民办,472,479,453,479,442,483
湘潭大学兴湘学院,湖南,湘潭市,否,否,综合类,民办,477,497,457,489,440,493
湖南工业大学科技学院,湖南,株洲市,否,否,综合类,民办,469,478,451,479,430,487
湖南科技大学潇湘学院,湖南,湘潭市,否,否,综合类,民办,479,485,465,486,451,490
长沙理工大学城南学院,湖南,长沙市,否,否,理工类,民办,473,482,456,481,443,488
湘潭理工学院,湖南,湘潭市,否,否,理工类,民办,461,476,445,473,451,488
湖南第一师范学院,湖南,长沙市,否,否,师范类,公办,528,541,519,528,507,535
郑州商学院,河南,郑州市,否,否,财经类,民办,469,479,453,477,446,480
南昌大学共青学院,江西,九江市,否,否,综合类,民办,457,481,450,478,436,479
南昌应用技术师范学院,江西,南昌市,否,否,师范类,民办,460,474,452,476,421,476
景德镇艺术职业大学,江西,景德镇市,否,否,艺术类,民办,459,476,442,474,425,478
江西财经大学现代经济管理学院,江西,九江市,否,否,财经类,民办,460,478,447,477,433,479
南昌医学院,江西,南昌市,否,否,医药类,公办,562,553,536,531,506,529
南昌航空大学科技学院,江西,九江市,否,否,理工类,民办,466,479,450,478,437,482
赣东学院,江西,抚州市,否,否,综合类,公办,491,504,481,499,467,507
赣南科技学院,江西,赣州市,否,否,理工类,公办,486,505,477,499,464,506
南昌交通学院,江西,南昌市,否,否,理工类,民办,462,476,442,475,425,478
江西师范大学科学技术学院,江西,九江市,否,否,综合类,民办,465,479,451,479,438,481
江西农业大学南昌商学院,江西,九江市,否,否,综合类,民办,460,477,448,477,434,480
南昌大学科学技术学院,江西,九江市,否,否,综合类,民办,467,482,452,479,443,480
厦门工学院,福建,厦门市,否,否,理工类,民办,458,475,446,475,431,479
皖江工学院,安徽,马鞍山市,否,否,理工类,民办,463,479,445,477,428,478
合肥城市学院,安徽,合肥市,否,否,理工类,民办,464,480,450,478,437,480
蚌埠工商学院,安徽,蚌埠市,否,否,财经类,民办,467,481,457,481,448,489
马鞍山学院,安徽,马鞍山市,否,否,理工类,民办,475,483,461,479,446,484
浙江越秀外国语学院,浙江,绍兴市,否,否,语言类,民办,456,476,440,477,425,480
宁波财经学院,浙江,宁波市,否,否,财经类,民办,459,477,447,478,435,483
上海财经大学浙江学院,浙江,金华市,否,否,财经类,民办,471,486,456,485,441,489
温州商学院,浙江,温州市,否,否,财经类,民办,460,477,444,476,436,482
浙江财经大学东方学院,浙江,嘉兴市,否,否,财经类,民办,461,480,448,480,434,484
浙江工商大学杭州商学院,浙江,杭州市,否,否,财经类,民办,465,481,454,481,444,485
绍兴文理学院元培学院,浙江,绍兴市,否,否,综合类,民办,461,481,448,478,435,483
湖州学院,浙江,湖州市,否,否,综合类,公办,515,516,493,511,478,514
浙江农林大学暨阳学院,浙江,绍兴市,否,否,农林类,民办,461,484,444,478,428,480
宁波大学科学技术学院,浙江,宁波市,否,否,综合类,民办,467,481,457,480,439,484
浙江师范大学行知学院,浙江,金华市,否,否,综合类,民办,473,481,459,479,439,481
浙江工业大学之江学院,浙江,绍兴市,否,否,理工类,民办,465,481,451,479,438,483
浙大城市学院,浙江,杭州市,否,否,综合类,公办,542,544,526,526,486,524
广西中医药大学赛恩斯新医药学院,广西,南宁市,否,否,医药类,民办,456,475,443,473,426,478
广西民族师范学院,广西,崇左市,否,否,师范类,公办,490,495,484,495,470,499
大连东软信息学院,辽宁,大连市,否,否,理工类,民办,456,329,440,471,424,480
山西晋中理工学院,山西,晋中市,否,否,理工类,民办,465,474,447,474,433,480
晋中信息学院,山西,晋中市,否,否,理工类,民办,474,475,454,477,435,488
天津天狮学院,天津,天津市,否,否,综合类,民办,459,361,444,476,433,480
天津财经大学珠江学院,天津,天津市,否,否,综合类,民办,459,477,446,476,432,479
天津理工大学中环信息学院,天津,天津市,否,否,综合类,民办,462,474,444,475,429,477
北京科技大学天津学院,天津,天津市,否,否,综合类,民办,460,478,445,476,431,478
天津医科大学临床医学院,天津,天津市,否,否,医药类,民办,459,475,450,476,436,481
天津商业大学宝德学院,天津,天津市,否,否,财经类,民办,457,475,445,475,430,478
贵州警察学院,贵州,贵阳市,否,否,政法类,公办,517,530,494,512,492,519
西安信息职业大学,陕西,西安市,否,否,理工类,民办,357,279,287,279,220,362
西安建筑科技大学华清学院,陕西,西安市,否,否,理工类,民办,462,479,448,478,432,484
西北大学现代学院,陕西,西安市,否,否,综合类,民办,469,551,445,475,423,479
无锡太湖学院,江苏,无锡市,否,否,综合类,民办,469,485,450,481,437,488
昆明文理学院,云南,昆明市,否,否,师范类,民办,456,474,442,475,425,480
普洱学院,云南,普洱市,否,否,综合类,公办,507,501,497,498,465,507
青岛黄海学院,山东,青岛市,否,否,综合类,民办,460,476,443,474,428,479
山东现代学院,山东,济南市,否,否,综合类,民办,460,475,442,473,424,476
山东工程职业技术大学,山东,济南市,否,否,理工类,民办,463,248,457,471,452,490
青岛恒星科技学院,山东,青岛市,否,否,综合类,民办,459,474,441,474,425,476
烟台南山学院,山东,烟台市,否,否,综合类,民办,462,476,448,474,444,480
齐鲁医药学院,山东,淄博市,否,否,医药类,民办,467,479,449,481,437,487
潍坊科技学院,山东,潍坊市,否,否,综合类,民办,469,479,450,478,438,481
山东石油化工学院,山东,东营市,否,否,理工类,公办,502,517,485,505,468,509
济宁学院,山东,济宁市,否,否,综合类,公办,511,510,487,505,470,512
长沙师范学院,湖南,长沙市,否,否,师范类,公办,492,521,485,514,472,521
湖南财政经济学院,湖南,长沙市,否,否,财经类,公办,520,523,512,515,496,524
湖南工学院,湖南,衡阳市,否,否,理工类,公办,486,504,483,501,471,502
武汉生物工程学院,湖北,武汉市,否,否,理工类,民办,469,479,456,477,437,481
武汉晴川学院,湖北,武汉市,否,否,综合类,民办,459,475,443,475,429,477
长江大学文理学院,湖北,荆州市,否,否,综合类,民办,468,482,450,480,437,487
湖北文理学院理工学院,湖北,襄阳市,否,否,理工类,民办,462,475,449,474,437,481
武昌工学院,湖北,武汉市,否,否,综合类,民办,467,475,449,474,430,477
湖北工业大学工程技术学院,湖北,武汉市,否,否,综合类,民办,460,474,449,475,430,477
武汉工商学院,湖北,武汉市,否,否,综合类,民办,460,475,442,475,426,478
湖北大学知行学院,湖北,武汉市,否,否,理工类,民办,468,480,459,478,444,480
新乡学院,河南,新乡市,否,否,综合类,公办,481,504,478,497,464,504
厦门华厦学院,福建,厦门市,否,否,综合类,民办,459,477,445,475,431,480
闽南理工学院,福建,泉州市,否,否,理工类,民办,458,475,442,475,427,484
福州大学至诚学院,福建,福州市,否,否,综合类,民办,459,480,443,479,426,483
厦门大学嘉庚学院,福建,漳州市,否,否,综合类,民办,465,493,456,491,449,496
武夷学院,福建,南平市,否,否,综合类,公办,501,506,488,500,474,504
安徽文达信息工程学院,安徽,合肥市,否,否,理工类,民办,461,478,446,477,435,481
安徽新华学院,安徽,合肥市,否,否,综合类,民办,460,477,443,475,426,476
安徽三联学院,安徽,合肥市,否,否,理工类,民办,465,477,447,476,436,483
浙江广厦建设职业技术大学,浙江,金华市,否,否,理工类,民办,459,475,443,475,430,481
浙江树人学院,浙江,杭州市,否,否,综合类,民办,460,478,444,477,427,480
桂林旅游学院,广西,桂林市,否,否,财经类,公办,475,495,465,491,449,494
桂林航天工业学院,广西,桂林市,否,否,理工类,公办,559,517,543,504,525,510
广西科技师范学院,广西,来宾市,否,否,师范类,公办,488,510,487,503,476,510
兰州文理学院,甘肃,兰州市,否,否,综合类,公办,498,505,477,499,465,501
山西应用科技学院,山西,太原市,否,否,综合类,民办,459,474,446,474,425,480
山西工程技术学院,山西,阳泉市,否,否,理工类,公办,492,504,480,500,467,504
吕梁学院,山西,吕梁市,否,否,综合类,公办,490,510,488,503,472,508
吉林警察学院,吉林,长春市,否,否,政法类,公办,503,525,485,507,436,516
吉林工商学院,吉林,长春市,否,否,财经类,公办,484,504,477,500,465,502
六盘水师范学院,贵州,六盘水市,否,否,师范类,公办,491,504,483,498,465,506
石家庄铁道大学四方学院,河北,石家庄市,否,否,理工类,民办,477,498,462,494,446,496
河北经贸大学经济管理学院,河北,石家庄市,否,否,财经类,民办,458,477,448,479,434,485
贵州商学院,贵州,贵阳市,否,否,财经类,公办,475,489,468,495,449,496
常州大学怀德学院,江苏,泰州市,否,否,理工类,民办,468,481,451,479,435,482
大连财经学院,辽宁,大连市,否,否,财经类,民办,457,474,441,474,427,480
南通理工学院,江苏,南通市,否,否,综合类,民办,460,480,441,474,429,481
山东财经大学东方学院,山东,泰安市,否,否,综合类,民办,465,479,452,478,436,482
河北东方学院,河北,廊坊市,否,否,综合类,民办,464,486,449,487,433,490
琼台师范学院,海南,海口市,否,否,师范类,公办,487,508,481,509,454,516
河南城建学院,河南,平顶山市,否,否,理工类,公办,488,505,478,499,466,509
重庆工商大学派斯学院,重庆,重庆市,否,否,财经类,民办,463,481,446,476,434,479
重庆移通学院,重庆,重庆市,否,否,理工类,民办,461,474,442,475,426,477
重庆财经学院,重庆,重庆市,否,否,财经类,民办,482,482,472,481,455,486
重庆外语外事学院,重庆,重庆市,否,否,语言类,民办,458,490,448,487,436,493
重庆对外经贸学院,重庆,重庆市,否,否,财经类,民办,466,480,452,479,438,483
上海视觉艺术学院,上海,上海市,否,否,艺术类,民办,501,498,453,500,435,507
沧州交通学院,河北,沧州市,否,否,理工类,民办,460,475,445,475,429,478
珠海科技学院,广东,珠海市,否,否,综合类,民办,475,479,464,479,454,485
烟台理工学院,山东,烟台市,否,否,综合类,民办,472,478,451,478,430,480
南京师范大学泰州学院,江苏,泰州市,否,否,师范类,民办,472,503,478,500,461,500
江苏大学京江学院,江苏,镇江市,否,否,综合类,民办,477,486,459,481,440,480
西安财经大学行知学院,陕西,西安市,否,否,财经类,民办,459,475,446,475,430,478
无锡学院,江苏,无锡市,否,否,理工类,公办,524,530,504,512,486,522
北京中医药大学东方学院,河北,廊坊市,否,否,医药类,民办,459,474,443,475,426,476
青岛城市学院,山东,青岛市,否,否,理工类,民办,459,476,444,476,430,480
海口经济学院,海南,海口市,否,否,综合类,民办,452,269,437,471,422,476
湖北第二师范学院,湖北,武汉市,否,否,师范类,公办,504,511,494,510,475,519
西交利物浦大学,江苏,苏州市,否,否,综合类,中外合作办学,559,556,530,533,519,533
河南工程学院,河南,郑州市,否,否,理工类,公办,496,509,486,500,467,506
武汉纺织大学外经贸学院,湖北,武汉市,否,否,综合类,民办,458,474,442,474,425,479
上海外国语大学贤达经济人文学院,上海,上海市,否,否,财经类,民办,458,474,446,475,431,482
北京理工大学珠海学院,广东,珠海市,否,否,理工类,民办,476,503,475,497,460,497
北京师范大学-香港浸会大学联合国际学院,广东,珠海市,否,否,综合类,内地与港澳台地区合作办学,551,550,527,539,510,553
兰州城市学院,甘肃,兰州市,否,否,综合类,公办,484,504,480,494,468,510
安顺学院,贵州,安顺市,否,否,综合类,公办,492,507,482,501,465,508
西安医学院,陕西,西安市,否,否,医药类,公办,592,528,570,513,534,525
菏泽学院,山东,菏泽市,否,否,综合类,公办,512,513,499,506,483,512
三明学院,福建,三明市,否,否,综合类,公办,495,507,484,500,470,506
贺州学院,广西,贺州市,否,否,综合类,公办,477,498,477,496,443,500
河北科技师范学院,河北,秦皇岛市,否,否,师范类,公办,486,521,477,503,473,510
北部湾大学,广西,钦州市,否,否,综合类,公办,493,508,470,504,454,514
丽水学院,浙江,丽水市,否,否,综合类,公办,514,524,504,515,484,522
梧州学院,广西,梧州市,否,否,综合类,公办,479,504,476,499,465,504
海南热带海洋学院,海南,三亚市,否,否,综合类,公办,482,497,469,495,459,504
青岛滨海学院,山东,青岛市,否,否,综合类,民办,460,474,443,474,427,478
长沙医学院,湖南,长沙市,否,否,医药类,民办,460,476,447,477,439,486
贵州工程应用技术学院,贵州,毕节市,否,否,师范类,公办,480,503,475,498,463,502
重庆人文科技学院,重庆,重庆市,否,否,综合类,民办,476,477,456,478,444,483
香港城市大学,香港,九龙半岛,否,否,综合类,公办,641,626,615,590,592,601
香港中文大学,香港,新界,否,否,综合类,公办,667,641,637,605,624,608
山东大学（威海）,山东,威海市,是,是,综合类,公办,639,619,609,590,594,594
东北大学秦皇岛分校,河北,秦皇岛市,是,是,理工类,公办,626,597,592,574,573,583
北京大学医学部,北京,北京市,是,是,医药类,公办,684,652,663,629,647,630
宁波诺丁汉大学,浙江,宁波市,否,否,综合类,中外合作办学,601,578,559,547,521,541
上海师范大学天华学院,上海,上海市,否,否,综合类,民办,456,474,449,480,449,486
集美大学诚毅学院,福建,厦门市,否,否,综合类,民办,465,489,452,488,437,491
山东航空学院,山东,滨州市,否,否,综合类,公办,513,520,482,503,470,505
安徽中医药大学,安徽,合肥市,否,否,医药类,公办,556,556,542,530,519,540
南京财经大学红山学院,江苏,镇江市,否,否,综合类,民办,473,486,461,482,451,486
西京学院,陕西,西安市,否,否,理工类,民办,475,479,452,477,434,480
常熟理工学院,江苏,苏州市,否,否,理工类,公办,500,519,477,512,463,510
宿州学院,安徽,宿州市,否,否,综合类,公办,500,526,481,513,468,522
三江学院,江苏,南京市,否,否,综合类,民办,466,482,448,485,444,489
洛阳理工学院,河南,洛阳市,否,否,理工类,公办,490,510,482,502,464,505
武汉城市学院,湖北,武汉市,否,否,理工类,民办,460,475,451,475,428,479
宿迁学院,江苏,宿迁市,否,否,综合类,公办,500,518,487,508,477,513
武汉东湖学院,湖北,武汉市,否,否,综合类,民办,460,475,443,475,425,477
武昌理工学院,湖北,武汉市,否,否,综合类,民办,459,477,444,476,426,476
郑州工商学院,河南,郑州市,否,否,财经类,民办,465,477,450,476,435,480
东南大学成贤学院,江苏,南京市,否,否,综合类,民办,494,504,476,489,467,493
武汉工程科技学院,湖北,武汉市,否,否,理工类,民办,461,475,446,474,435,476
南京理工大学泰州科技学院,江苏,泰州市,否,否,理工类,民办,487,486,473,484,461,487
南京特殊教育师范学院,江苏,南京市,否,否,师范类,公办,514,557,508,516,496,519
南京警察学院,江苏,南京市,否,否,政法类,公办,605,580,575,555,559,543
太原工业学院,山西,太原市,否,否,理工类,公办,487,503,479,499,458,503
电子科技大学成都学院,四川,成都市,否,否,理工类,民办,478,480,468,480,456,484
中国矿业大学徐海学院,江苏,徐州市,否,否,综合类,民办,472,487,453,482,441,488
郑州财经学院,河南,郑州市,否,否,财经类,民办,470,496,466,490,446,488
三峡大学科技学院,湖北,宜昌市,否,否,综合类,民办,468,477,447,477,428,479
江苏警官学院,江苏,南京市,否,否,政法类,公办,614,581,581,548,560,550
北京邮电大学世纪学院,北京,北京市,否,否,综合类,民办,456,474,439,474,423,478
武昌首义学院,湖北,武汉市,否,否,理工类,民办,460,478,452,478,433,478
武汉华夏理工学院,湖北,武汉市,否,否,理工类,民办,459,474,443,474,426,476
天水师范学院,甘肃,天水市,否,否,师范类,公办,494,508,483,508,462,512
上海电机学院,上海,上海市,否,否,理工类,公办,572,533,552,519,540,534
曲靖师范学院,云南,曲靖市,否,否,师范类,公办,485,519,477,513,478,511
成都体育学院,四川,成都市,否,否,体育类,公办,529,508,499,490,488,505
乐山师范学院,四川,乐山市,否,否,师范类,公办,485,505,485,502,477,505
宜宾学院,四川,宜宾市,否,否,综合类,公办,498,508,485,502,467,503
绵阳师范学院,四川,绵阳市,否,否,师范类,公办,506,510,489,503,481,513
文华学院,湖北,武汉市,否,否,综合类,民办,459,478,446,477,431,478
重庆工商大学,重庆,重庆市,否,否,财经类,公办,532,542,531,531,509,541
湖南人文科技学院,湖南,娄底市,否,否,综合类,公办,484,492,477,496,464,506
浙江传媒学院,浙江,杭州市,否,否,艺术类,公办,550,550,537,538,514,547
南京工业职业技术大学,江苏,南京市,否,否,理工类,公办,502,507,482,498,471,508
淮阴师范学院,江苏,淮安市,否,否,师范类,公办,577,572,502,520,494,526
哈尔滨师范大学,黑龙江,哈尔滨市,否,否,师范类,公办,525,516,515,507,497,502
厦门理工学院,福建,厦门市,否,否,理工类,公办,544,534,528,522,508,531
湖北经济学院法商学院,湖北,武汉市,否,否,财经类,民办,458,477,444,475,430,476
徐州工程学院,江苏,徐州市,否,否,综合类,公办,488,515,482,507,464,504
金陵科技学院,江苏,南京市,否,否,理工类,公办,511,528,498,517,480,527
吉林医药学院,吉林,吉林市,否,否,医药类,公办,481,501,499,501,481,508
昆明学院,云南,昆明市,否,否,综合类,公办,506,516,497,506,478,503
西安文理学院,陕西,西安市,否,否,综合类,公办,514,517,493,502,477,505
重庆文理学院,重庆,重庆市,否,否,综合类,公办,514,517,502,509,486,515
伊犁师范大学,新疆,伊犁哈萨克自治州,否,否,师范类,公办,472,501,469,498,463,502
广西中医药大学,广西,南宁市,否,否,医药类,公办,555,549,535,527,513,535
右江民族医学院,广西,百色市,否,否,医药类,公办,519,519,500,506,485,515
广东金融学院,广东,广州市,否,否,财经类,公办,546,541,533,527,512,532
长沙学院,湖南,长沙市,否,否,综合类,公办,512,517,494,507,481,514
湖北警官学院,湖北,武汉市,否,否,政法类,公办,523,537,503,521,483,529
湖北理工学院,湖北,黄石市,否,否,理工类,公办,504,516,467,507,472,518
阜阳师范大学,安徽,阜阳市,否,否,师范类,公办,523,518,505,510,488,519
重庆交通大学,重庆,重庆市,否,否,理工类,公办,548,545,538,532,528,542
吉林农业科技学院,吉林,吉林市,否,否,农林类,公办,500,502,483,497,466,502
上海政法学院,上海,上海市,否,否,政法类,公办,592,591,575,565,567,578
上海商学院,上海,上海市,否,否,财经类,公办,524,529,524,517,502,521
重庆科技大学,重庆,重庆市,否,否,理工类,公办,517,516,504,509,484,517
中国矿业大学（北京）,北京,北京市,否,是,理工类,公办,599,585,579,567,566,579
南方医科大学,广东,广州市,否,否,医药类,公办,612,557,592,538,583,551
中国人民解放军国防科技大学,湖南,长沙市,是,是,军事类,公办,639,629,605,610,587,597
贵州大学,贵州,贵阳市,否,是,综合类,公办,577,588,574,562,561,573
西南大学,重庆,重庆市,否,是,综合类,公办,599,594,582,565,577,587
攀枝花学院,四川,攀枝花市,否,否,综合类,公办,500,516,482,504,466,509
西昌学院,四川,凉山彝族自治州,否,否,综合类,公办,489,500,465,496,465,503
江西应用科技学院,江西,南昌市,否,否,综合类,民办,457,477,439,472,220,260
晋中学院,山西,晋中市,否,否,综合类,公办,480,500,475,497,465,505
运城学院,山西,运城市,否,否,综合类,公办,482,513,477,506,458,514
新余学院,江西,新余市,否,否,综合类,公办,493,509,482,498,469,502
景德镇学院,江西,景德镇市,否,否,综合类,公办,509,513,495,508,478,515
萍乡学院,江西,萍乡市,否,否,综合类,公办,492,512,481,500,466,508
郑州警察学院,河南,郑州市,否,否,政法类,公办,588,578,581,554,559,554
黄淮学院,河南,驻马店市,否,否,综合类,公办,488,510,474,500,461,504
平顶山学院,河南,平顶山市,否,否,综合类,公办,490,502,483,498,433,503
安阳师范学院,河南,安阳市,否,否,师范类,公办,506,510,494,502,479,503
信阳师范大学,河南,信阳市,否,否,师范类,公办,493,506,458,496,457,509
首都经济贸易大学,北京,北京市,否,否,财经类,公办,578,584,574,566,559,580
江西警察学院,江西,南昌市,否,否,政法类,公办,522,534,512,517,494,527
河南中医药大学,河南,郑州市,否,否,医药类,公办,552,557,531,531,511,534
江西科技学院,江西,南昌市,否,否,综合类,民办,457,475,441,474,426,476
南昌理工学院,江西,南昌市,否,否,综合类,民办,463,478,450,476,437,479
南昌工程学院,江西,南昌市,否,否,理工类,公办,517,509,498,501,479,505
北京体育大学,北京,北京市,否,是,体育类,公办,585,575,576,565,562,573
西安思源学院,陕西,西安市,否,否,综合类,民办,458,474,444,474,430,481
西安外事学院,陕西,西安市,否,否,综合类,民办,455,475,445,477,433,480
南阳理工学院,河南,南阳市,否,否,理工类,公办,498,508,483,503,467,512
安阳工学院,河南,安阳市,否,否,理工类,公办,481,506,469,495,477,503
河南师范大学,河南,新乡市,否,否,师范类,公办,547,545,537,534,508,537
中国石油大学（北京）,北京,北京市,否,是,理工类,公办,608,594,580,570,566,579
华北电力大学,北京,北京市,否,是,理工类,公办,623,589,596,569,590,578
吉利学院,四川,成都市,否,否,理工类,民办,459,477,443,476,430,482
汉江师范学院,湖北,十堰市,否,否,师范类,公办,523,523,523,428,499,435
四川工程职业技术大学,四川,德阳市,否,否,理工类,公办,435,377,423,361,375,452
南通大学,江苏,南通市,否,否,综合类,公办,570,560,538,525,516,530
辽宁工程技术大学,辽宁,阜新市,否,否,理工类,公办,533,510,521,504,505,515
成都东软学院,四川,成都市,否,否,理工类,民办,464,476,454,476,440,485
哈尔滨金融学院,黑龙江,哈尔滨市,否,否,财经类,公办,497,511,495,505,479,512
上海中侨职业技术大学,上海,上海市,否,否,财经类,民办,461,474,458,473,435,481
河北工业职业技术大学,河北,石家庄市,否,否,理工类,公办,497,410,475,386,220,397
河北科技工程职业技术大学,河北,邢台市,否,否,理工类,公办,502,287,483,485,220,375
河北金融学院,河北,保定市,否,否,财经类,公办,507,513,494,504,477,509
北华航天工业学院,河北,廊坊市,否,否,理工类,公办,512,508,496,502,482,503
上海立达学院,上海,上海市,否,否,财经类,民办,459,477,443,474,434,480
上海建桥学院,上海,上海市,否,否,财经类,民办,468,478,460,477,464,480
上海海关学院,上海,上海市,否,否,财经类,公办,645,619,614,589,600,594
防灾科技学院,河北,廊坊市,否,否,综合类,公办,519,511,503,509,489,521
沧州师范学院,河北,沧州市,否,否,师范类,公办,505,508,492,507,482,516
衡水学院,河北,衡水市,否,否,综合类,公办,481,506,471,501,473,505
山东师范大学,山东,济南市,否,否,师范类,公办,565,555,550,541,537,569
中央司法警官学院,河北,保定市,否,否,政法类,公办,590,567,578,546,550,554
邢台学院,河北,邢台市,否,否,综合类,公办,488,503,480,498,467,503
石家庄铁道大学,河北,石家庄市,否,否,理工类,公办,552,533,537,520,517,526
河北地质大学,河北,石家庄市,否,否,理工类,公办,537,521,523,508,505,512
华北科技学院,河北,廊坊市,否,否,理工类,公办,505,509,476,505,481,510
燕山大学,河北,秦皇岛市,否,否,综合类,公办,557,548,540,534,532,549
华北理工大学,河北,唐山市,否,否,综合类,公办,545,521,530,512,522,531
河北师范大学,河北,石家庄市,否,否,师范类,公办,508,555,530,537,502,546
国际关系学院,北京,北京市,否,否,政法类,公办,627,604,598,571,585,594
北京语言大学,北京,北京市,否,否,语言类,公办,591,584,576,569,567,579
华北电力大学保定校区,河北,保定市,否,是,理工类,公办,604,580,583,564,572,574
北京印刷学院,北京,北京市,否,否,理工类,公办,518,559,515,529,490,527
首都师范大学,北京,北京市,否,否,师范类,公办,595,579,577,569,571,580
北京物资学院,北京,北京市,否,否,财经类,公办,553,542,530,531,513,536
外交学院,北京,北京市,否,否,语言类,公办,637,619,609,595,605,603
中国劳动关系学院,北京,北京市,否,否,政法类,公办,531,539,520,525,503,531
中国人民公安大学,北京,北京市,否,否,政法类,公办,642,626,609,595,587,594
北京联合大学,北京,北京市,否,否,综合类,公办,557,545,536,533,511,538
北京工商大学,北京,北京市,否,否,财经类,公办,555,553,540,546,533,562
中国政法大学,北京,北京市,否,是,政法类,公办,640,625,608,596,605,606
中央财经大学,北京,北京市,否,是,财经类,公办,638,621,616,595,609,606
北京电子科技学院,北京,北京市,否,否,理工类,公办,654,635,621,611,611,622
北京电影学院,北京,北京市,否,否,艺术类,公办,628,598,598,578,603,595
北京城市学院,北京,北京市,否,否,综合类,民办,467,485,453,490,439,491
中国传媒大学,北京,北京市,否,是,综合类,公办,612,614,591,588,589,598
中国农业大学,北京,北京市,是,是,农林类,公办,640,609,608,583,591,591
北京化工大学,北京,北京市,否,是,理工类,公办,616,586,585,565,571,540
鲁东大学,山东,烟台市,否,否,综合类,公办,539,530,522,520,503,529
烟台大学,山东,烟台市,否,否,综合类,公办,537,536,523,526,504,535
潍坊学院,山东,潍坊市,否,否,综合类,公办,503,522,498,510,487,514
齐鲁工业大学,山东,济南市,否,否,理工类,公办,545,528,520,518,502,529
北方民族大学,宁夏,银川市,否,否,综合类,公办,514,513,491,506,479,514
宁夏大学,宁夏,银川市,否,是,综合类,公办,583,579,569,560,553,565
广西民族大学,广西,南宁市,否,否,民族类,公办,501,519,487,508,475,515
山东农业大学,山东,泰安市,否,否,农林类,公办,540,545,524,522,503,528
南宁师范大学,广西,南宁市,否,否,师范类,公办,510,525,502,517,483,526
山东理工大学,山东,淄博市,否,否,理工类,公办,546,539,528,524,510,530
玉林师范学院,广西,玉林市,否,否,师范类,公办,483,504,473,498,461,502
桂林医学院,广西,桂林市,否,否,医药类,公办,555,534,533,515,515,521
广西科技大学,广西,柳州市,否,否,理工类,公办,512,507,493,497,467,515
山东财经大学,山东,济南市,否,否,财经类,公办,548,557,544,542,524,543
桂林理工大学,广西,桂林市,否,否,理工类,公办,527,508,498,503,481,511
广西师范大学,广西,桂林市,否,否,师范类,公办,539,531,528,530,507,534
内蒙古财经大学,内蒙古,呼和浩特市,否,否,财经类,公办,519,506,500,495,468,514
山东工艺美术学院,山东,济南市,否,否,艺术类,公办,487,500,481,499,467,503
山东工商学院,山东,烟台市,否,否,财经类,公办,513,519,497,510,485,516
黔南民族师范学院,贵州,黔南布依族苗族自治州,否,否,师范类,公办,490,500,469,487,477,508
贵州中医药大学,贵州,贵阳市,否,否,医药类,公办,542,520,521,506,499,529
贵州财经大学,贵州,贵阳市,否,否,财经类,公办,518,521,499,508,484,509
海南医科大学,海南,海口市,否,否,医药类,公办,525,517,497,489,506,510
海南师范大学,海南,海口市,否,否,师范类,公办,526,528,485,515,505,525
曲阜师范大学,山东,济宁市,否,否,师范类,公办,557,540,545,529,526,542
青岛理工大学,山东,青岛市,否,否,理工类,公办,553,542,532,526,510,534
内蒙古民族大学,内蒙古,通辽市,否,否,综合类,公办,487,503,482,497,462,504
内蒙古科技大学,内蒙古,包头市,否,否,综合类,公办,493,513,471,506,466,509
海南大学,海南,海口市,否,是,综合类,公办,592,569,572,551,556,577
甘肃政法大学,甘肃,兰州市,否,否,政法类,公办,539,544,523,526,507,535
兰州财经大学,甘肃,兰州市,否,否,财经类,公办,519,520,499,511,493,522
青岛大学,山东,青岛市,否,否,综合类,公办,563,554,561,531,551,535
临沂大学,山东,临沂市,否,否,综合类,公办,516,533,496,521,489,529
西北师范大学,甘肃,兰州市,否,否,师范类,公办,535,550,507,527,509,534
聊城大学,山东,聊城市,否,否,综合类,公办,518,538,518,515,497,524
许昌学院,河南,许昌市,否,否,理工类,公办,510,509,496,504,480,503
青岛农业大学,山东,青岛市,否,否,农林类,公办,537,537,517,520,495,525
河南财经政法大学,河南,郑州市,否,否,财经类,公办,531,536,518,522,498,526
商丘师范学院,河南,商丘市,否,否,师范类,公办,487,522,491,512,480,518
兰州交通大学,甘肃,兰州市,否,否,理工类,公办,541,530,524,517,508,528
南阳师范学院,河南,南阳市,否,否,师范类,公办,488,511,483,505,466,510
周口师范学院,河南,周口市,否,否,师范类,公办,498,513,494,505,485,513
洛阳师范学院,河南,洛阳市,否,否,综合类,公办,528,518,519,509,504,508
兰州理工大学,甘肃,兰州市,否,否,理工类,公办,533,537,515,515,501,522
中原工学院,河南,郑州市,否,否,理工类,公办,492,505,477,501,452,501
西北民族大学,甘肃,兰州市,否,否,综合类,公办,508,515,488,504,471,511
郑州航空工业管理学院,河南,郑州市,否,否,综合类,公办,496,518,479,504,459,505
仰恩大学,福建,泉州市,否,否,综合类,民办,471,482,450,481,431,490
集美大学,福建,厦门市,否,否,综合类,公办,558,551,536,535,514,550
黄河科技学院,河南,郑州市,否,否,理工类,民办,460,476,445,475,430,479
福建农林大学,福建,福州市,否,否,农林类,公办,545,542,533,531,514,538
河南工业大学,河南,郑州市,否,否,理工类,公办,525,536,501,520,485,529
华侨大学,福建,泉州市,否,否,综合类,公办,554,556,543,536,526,548
河南理工大学,河南,焦作市,否,否,理工类,公办,537,539,520,520,502,526
河南农业大学,河南,郑州市,否,否,农林类,公办,539,528,513,517,491,524
湖北文理学院,湖北,襄阳市,否,否,综合类,公办,515,523,495,507,478,514
河南科技大学,河南,洛阳市,否,否,综合类,公办,540,534,525,524,508,533
河南大学,河南,开封市,否,否,综合类,公办,587,575,567,564,547,570
郑州轻工业大学,河南,郑州市,否,否,理工类,公办,533,527,512,512,488,518
湖北科技学院,湖北,咸宁市,否,否,综合类,公办,542,506,521,502,506,507
黑龙江科技大学,黑龙江,哈尔滨市,否,否,理工类,公办,527,509,491,506,484,506
黑龙江工程学院,黑龙江,哈尔滨市,否,否,理工类,公办,492,506,483,508,464,507
武汉体育学院,湖北,武汉市,否,否,体育类,公办,508,507,492,503,470,507
哈尔滨学院,黑龙江,哈尔滨市,否,否,综合类,公办,493,506,481,503,479,510
湖北经济学院,湖北,武汉市,否,否,财经类,公办,526,529,515,518,498,528
哈尔滨商业大学,黑龙江,哈尔滨市,否,否,财经类,公办,509,521,481,506,457,519
湖北工程学院,湖北,孝感市,否,否,理工类,公办,499,507,489,502,479,506
牡丹江师范学院,黑龙江,牡丹江市,否,否,师范类,公办,482,506,475,501,469,507
湖北师范大学,湖北,黄石市,否,否,师范类,公办,532,543,513,531,492,533
湖北中医药大学,湖北,武汉市,否,否,医药类,公办,555,544,530,527,528,533
武汉轻工大学,湖北,武汉市,否,否,理工类,公办,550,533,526,519,506,528
武汉工程大学,湖北,武汉市,否,否,理工类,公办,563,545,538,533,516,545
武汉纺织大学,湖北,武汉市,否,否,理工类,公办,531,538,507,522,487,530
三峡大学,湖北,宜昌市,否,否,综合类,公办,567,532,544,520,523,534
哈尔滨医科大学,黑龙江,哈尔滨市,否,否,医药类,公办,562,545,546,510,532,526
长江大学,湖北,荆州市,否,否,综合类,公办,551,541,524,526,501,536
湖北大学,湖北,武汉市,否,否,综合类,公办,570,552,551,540,540,551
齐齐哈尔大学,黑龙江,齐齐哈尔市,否,否,综合类,公办,506,511,497,510,474,516
中南民族大学,湖北,武汉市,否,否,综合类,公办,548,554,533,536,518,547
黑龙江大学,黑龙江,哈尔滨市,否,否,综合类,公办,537,544,524,532,513,540
华中师范大学,湖北,武汉市,否,是,师范类,公办,615,599,595,580,584,588
东北林业大学,黑龙江,哈尔滨市,否,是,农林类,公办,588,580,567,562,552,573
邵阳学院,湖南,邵阳市,否,否,综合类,公办,498,508,492,502,475,504
华中农业大学,湖北,武汉市,否,是,农林类,公办,597,583,579,565,566,576
怀化学院,湖南,怀化市,否,否,综合类,公办,503,513,497,500,480,513
湖南文理学院,湖南,常德市,否,否,综合类,公办,501,507,484,508,473,515
中南财经政法大学,湖北,武汉市,否,是,财经类,公办,611,609,586,579,571,584
吉林财经大学,吉林,长春市,否,否,财经类,公办,538,535,517,516,498,525
白城师范学院,吉林,白城市,否,否,师范类,公办,486,509,482,502,472,511
湖南科技学院,湖南,永州市,否,否,综合类,公办,508,513,491,505,479,511
通化师范学院,吉林,通化市,否,否,师范类,公办,490,504,484,500,475,502
湖南工商大学,湖南,长沙市,否,否,财经类,公办,530,532,517,519,506,527
衡阳师范学院,湖南,衡阳市,否,否,师范类,公办,504,527,493,516,483,523
吉林工程技术师范学院,吉林,长春市,否,否,师范类,公办,479,505,464,499,450,502
湘南学院,湖南,郴州市,否,否,综合类,公办,511,509,490,492,464,498
中南林业科技大学,湖南,长沙市,否,否,农林类,公办,537,531,518,518,509,534
吉林化工学院,吉林,吉林市,否,否,理工类,公办,491,508,476,501,466,504
湖南工程学院,湖南,湘潭市,否,否,理工类,公办,495,504,483,500,467,498
湖南工业大学,湖南,株洲市,否,否,综合类,公办,529,533,511,516,480,524
湖南城市学院,湖南,益阳市,否,否,综合类,公办,488,507,481,506,468,512
湖南理工学院,湖南,岳阳市,否,否,理工类,公办,501,506,483,506,468,511
吉林建筑大学,吉林,长春市,否,否,理工类,公办,506,511,491,502,471,509
东北电力大学,吉林,吉林市,否,否,理工类,公办,550,515,521,506,490,503
湖南农业大学,湖南,长沙市,否,否,农林类,公办,537,535,520,521,509,528
南华大学,湖南,衡阳市,否,否,综合类,公办,541,542,525,520,509,533
吉林师范大学,吉林,四平市,否,否,师范类,公办,517,531,504,523,484,531
长沙理工大学,湖南,长沙市,否,否,理工类,公办,575,544,560,536,533,539
湖南科技大学,湖南,湘潭市,否,否,综合类,公办,547,548,531,527,514,539
长春师范大学,吉林,长春市,否,否,师范类,公办,528,511,521,507,501,509
吉首大学,湖南,湘西土家族苗族自治州,否,否,综合类,公办,532,522,513,513,490,520
湘潭大学,湖南,湘潭市,否,否,综合类,公办,592,568,567,552,539,560
吉林农业大学,吉林,长春市,否,否,农林类,公办,509,520,487,508,468,508
西安培华学院,陕西,西安市,否,否,综合类,民办,470,479,450,477,441,479
长春大学,吉林,长春市,否,否,综合类,公办,518,507,483,507,476,517
西安财经大学,陕西,西安市,否,否,财经类,公办,551,540,530,528,507,534
北华大学,吉林,吉林市,否,否,综合类,公办,535,531,510,519,491,523
青海民族大学,青海,西宁市,否,否,民族类,公办,496,512,475,498,468,510
陕西理工大学,陕西,汉中市,否,否,理工类,公办,522,526,494,514,491,520
青海师范大学,青海,西宁市,否,否,师范类,公办,504,477,475,508,460,515
宝鸡文理学院,陕西,宝鸡市,否,否,师范类,公办,488,514,478,499,466,500
渭南师范学院,陕西,渭南市,否,否,师范类,公办,515,495,502,504,483,516
西安邮电大学,陕西,西安市,否,否,理工类,公办,595,541,557,528,528,535
大理大学,云南,大理白族自治州,否,否,综合类,公办,519,525,511,509,487,519
西安工业大学,陕西,西安市,否,否,理工类,公办,574,539,557,528,546,534
云南警官学院,云南,昆明市,否,否,政法类,公办,537,570,507,517,494,527
西安工程大学,陕西,西安市,否,否,理工类,公办,531,539,514,495,480,509
陕西科技大学,陕西,西安市,否,否,理工类,公办,552,534,533,521,519,518
云南财经大学,云南,昆明市,否,否,财经类,公办,511,528,507,514,491,523
红河学院,云南,红河哈尼族彝族自治州,否,否,综合类,公办,482,501,473,497,463,503
西安石油大学,陕西,西安市,否,否,理工类,公办,541,533,523,523,504,530
楚雄师范学院,云南,楚雄彝族自治州,否,否,师范类,公办,470,503,476,502,466,505
玉溪师范学院,云南,玉溪市,否,否,师范类,公办,498,508,489,504,477,517
云南民族大学,云南,昆明市,否,否,综合类,公办,526,520,507,510,493,517
云南师范大学,云南,昆明市,否,否,师范类,公办,548,545,528,535,512,542
云南农业大学,云南,昆明市,否,否,农林类,公办,519,518,503,506,483,512
昆明理工大学,云南,昆明市,否,否,理工类,公办,555,539,531,520,521,529
黄山学院,安徽,黄山市,否,否,综合类,公办,485,497,473,491,446,502
合肥大学,安徽,合肥市,否,否,综合类,公办,529,522,513,512,492,522
延安大学,陕西,延安市,否,否,综合类,公办,525,536,507,521,485,523
安徽财经大学,安徽,蚌埠市,否,否,财经类,公办,549,551,532,532,511,539
陕西师范大学,陕西,西安市,否,是,师范类,公办,611,596,591,575,579,584
淮南师范学院,安徽,淮南市,否,否,师范类,公办,516,532,510,522,491,531
西北农林科技大学,陕西,咸阳市,是,是,农林类,公办,609,598,584,575,569,581
西安交通大学,陕西,西安市,是,是,综合类,公办,648,627,623,600,615,606
上海杉达学院,上海,上海市,否,否,财经类,民办,466,481,449,481,444,484
淮北师范大学,安徽,淮北市,否,否,综合类,公办,538,543,517,530,503,537
上海体育大学,上海,上海市,否,否,体育类,公办,571,564,540,540,511,548
华东政法大学,上海,上海市,否,否,政法类,公办,636,626,612,592,607,606
安徽建筑大学,安徽,合肥市,否,否,理工类,公办,540,541,526,522,509,532
上海立信会计金融学院,上海,上海市,否,否,财经类,公办,577,570,563,557,552,572
上海对外经贸大学,上海,上海市,否,否,财经类,公办,597,582,578,561,578,580
上海电力大学,上海,上海市,否,否,理工类,公办,613,567,583,550,565,562
安徽师范大学,安徽,芜湖市,否,否,师范类,公办,565,564,553,550,539,560
上海海事大学,上海,上海市,否,否,理工类,公办,586,581,560,562,542,574
上海第二工业大学,上海,上海市,否,否,理工类,公办,562,542,538,526,468,534
上海师范大学,上海,上海市,否,否,综合类,公办,588,577,564,546,548,557
上海海洋大学,上海,上海市,否,否,农林类,公办,586,578,561,558,539,566
上海工程技术大学,上海,上海市,否,否,理工类,公办,559,547,537,529,510,535
上海理工大学,上海,上海市,否,否,理工类,公办,598,564,572,553,557,566
广州美术学院,广东,广州市,否,否,艺术类,公办,588,549,562,529,523,522
广东财经大学,广东,广州市,否,否,财经类,公办,572,573,553,551,533,555
韶关学院,广东,韶关市,否,否,综合类,公办,507,505,491,505,469,513
广东外语外贸大学,广东,广州市,否,否,语言类,公办,543,571,549,559,546,572
广州中医药大学,广东,广州市,否,否,医药类,公办,605,579,578,551,564,557
深圳大学,广东,深圳市,否,否,综合类,公办,629,592,598,570,586,580
汕头大学,广东,汕头市,否,否,综合类,公办,562,562,561,549,536,565
太原师范学院,山西,晋中市,否,否,师范类,公办,506,521,519,517,500,526
山西大同大学,山西,大同市,否,否,综合类,公办,562,518,527,506,489,507
太原科技大学,山西,太原市,否,否,理工类,公办,541,530,521,513,499,518
中北大学,山西,太原市,否,否,综合类,公办,543,536,527,524,511,534
川北医学院,四川,南充市,否,否,医药类,公办,555,525,548,508,520,518
山西财经大学,山西,太原市,否,否,财经类,公办,530,538,528,516,521,535
四川轻化工大学,四川,自贡市,否,否,理工类,公办,540,521,518,489,499,528
山西师范大学,山西,太原市,否,否,师范类,公办,533,544,519,528,499,535
成都信息工程大学,四川,成都市,否,否,理工类,公办,583,538,559,523,536,530
山西农业大学,山西,晋中市,否,否,农林类,公办,524,520,502,498,482,509
中国民用航空飞行学院,四川,德阳市,否,否,理工类,公办,509,534,498,525,476,532
四川师范大学,四川,成都市,否,否,师范类,公办,576,569,557,561,546,567
西南科技大学,四川,绵阳市,否,否,理工类,公办,544,532,524,518,502,530
山西大学,山西,太原市,否,否,综合类,公办,580,576,558,555,530,551
浙江万里学院,浙江,宁波市,否,否,理工类,公办,474,493,476,492,460,494
浙江财经大学,浙江,杭州市,否,否,财经类,公办,558,553,548,540,534,553
浙江工商大学,浙江,杭州市,否,否,财经类,公办,526,563,552,559,552,571
温州大学,浙江,温州市,否,否,综合类,公办,545,551,537,533,515,537
绍兴文理学院,浙江,绍兴市,否,否,综合类,公办,496,487,480,509,467,518
湖州师范学院,浙江,湖州市,否,否,综合类,公办,543,535,525,521,505,530
杭州师范大学,浙江,杭州市,否,否,综合类,公办,548,561,556,540,535,570
浙江中医药大学,浙江,杭州市,否,否,医药类,公办,580,558,558,537,543,558
浙江农林大学,浙江,杭州市,否,否,农林类,公办,546,550,532,532,516,551
浙江海洋大学,浙江,舟山市,否,否,农林类,公办,539,537,521,522,502,531
中国计量大学,浙江,杭州市,否,否,理工类,公办,581,569,558,556,541,569
浙江科技大学,浙江,杭州市,否,否,理工类,公办,528,531,509,524,491,532
西华大学,四川,成都市,否,否,综合类,公办,538,538,524,526,503,533
嘉兴大学,浙江,嘉兴市,否,否,综合类,公办,529,532,509,520,486,528
浙江理工大学,浙江,杭州市,否,否,理工类,公办,568,560,529,542,548,557
浙江工业大学,浙江,杭州市,否,否,理工类,公办,594,586,572,563,560,567
浙江师范大学,浙江,金华市,否,否,综合类,公办,585,565,584,571,572,579
昌吉学院,新疆,昌吉回族自治州,否,否,综合类,公办,472,474,467,496,459,500
新疆财经大学,新疆,乌鲁木齐市,否,否,财经类,公办,479,499,477,499,465,503
新疆师范大学,新疆,乌鲁木齐市,否,否,师范类,公办,498,518,485,507,473,520
新疆农业大学,新疆,乌鲁木齐市,否,否,农林类,公办,484,490,467,493,436,494
成都理工大学,四川,成都市,否,否,理工类,公办,588,556,567,549,549,556
西南民族大学,四川,成都市,否,否,民族类,公办,537,551,532,534,515,546
东北财经大学,辽宁,大连市,否,否,财经类,公办,585,577,571,559,557,569
沈阳工业大学,辽宁,沈阳市,否,否,理工类,公办,536,532,517,512,505,506
沈阳药科大学,辽宁,沈阳市,否,否,医药类,公办,572,530,540,513,530,499
辽宁师范大学,辽宁,大连市,否,否,师范类,公办,523,521,510,515,473,512
沈阳师范大学,辽宁,沈阳市,否,否,师范类,公办,524,520,512,513,502,519
大连交通大学,辽宁,大连市,否,否,理工类,公办,547,535,527,525,506,529
大连大学,辽宁,大连市,否,否,综合类,公办,532,529,521,519,502,530
沈阳理工大学,辽宁,沈阳市,否,否,理工类,公办,524,528,500,512,486,512
大连外国语大学,辽宁,大连市,否,否,语言类,公办,552,550,535,545,541,561
渤海大学,辽宁,锦州市,否,否,综合类,公办,515,522,514,514,493,520
大连民族大学,辽宁,大连市,否,否,民族类,公办,530,507,511,503,495,511
辽宁中医药大学,辽宁,沈阳市,否,否,医药类,公办,537,540,502,514,499,531
鞍山师范学院,辽宁,鞍山市,否,否,师范类,公办,480,498,471,497,464,503
沈阳医学院,辽宁,沈阳市,否,否,医药类,公办,558,541,523,512,501,524
中国刑事警察学院,辽宁,沈阳市,否,否,政法类,公办,633,605,602,580,584,592
重庆三峡学院,重庆,重庆市,否,否,综合类,公办,520,512,504,509,476,517
井冈山大学,江西,吉安市,否,否,综合类,公办,525,519,509,490,487,514
四川美术学院,重庆,重庆市,否,否,艺术类,公办,585,549,554,527,514,526
赣南医科大学,江西,赣州市,否,否,医药类,公办,519,511,506,504,506,509
九江学院,江西,九江市,否,否,综合类,公办,510,505,490,500,476,503
四川外国语大学,重庆,重庆市,否,否,语言类,公办,545,550,548,547,534,555
宜春学院,江西,宜春市,否,否,综合类,公办,503,513,483,503,476,509
长江师范学院,重庆,重庆市,否,否,师范类,公办,458,517,489,510,476,518
江西科技师范大学,江西,南昌市,否,否,师范类,公办,517,534,502,522,478,528
赣南师范大学,江西,赣州市,否,否,师范类,公办,516,529,502,515,484,521
重庆理工大学,重庆,重庆市,否,否,理工类,公办,555,538,535,525,511,530
上饶师范学院,江西,上饶市,否,否,师范类,公办,497,520,506,511,490,517
江西中医药大学,江西,南昌市,否,否,医药类,公办,549,534,522,522,496,538
重庆邮电大学,重庆,重庆市,否,否,理工类,公办,600,550,576,543,560,554
景德镇陶瓷大学,江西,景德镇市,否,否,艺术类,公办,525,532,490,508,470,518
南京体育学院,江苏,南京市,否,否,体育类,公办,496,499,480,494,457,499
西南政法大学,重庆,重庆市,否,否,政法类,公办,624,615,601,585,589,595
重庆师范大学,重庆,重庆市,否,否,师范类,公办,560,562,548,549,527,546
重庆医科大学,重庆,重庆市,否,否,医药类,公办,609,565,586,542,564,542
南昌航空大学,江西,南昌市,否,否,理工类,公办,545,536,522,521,499,529
东华理工大学,江西,南昌市,否,否,理工类,公办,533,529,518,509,508,476
江西财经大学,江西,南昌市,否,否,财经类,公办,571,569,561,559,553,571
江西师范大学,江西,南昌市,否,否,师范类,公办,560,562,550,546,540,554
扬州大学,江苏,扬州市,否,否,综合类,公办,574,569,551,549,534,557
江西农业大学,江西,南昌市,否,否,农林类,公办,531,531,513,519,501,528
南京工业大学,江苏,南京市,否,否,理工类,公办,575,555,548,532,525,543
江苏大学,江苏,镇江市,否,否,综合类,公办,578,548,531,527,503,525
南京林业大学,江苏,南京市,否,否,农林类,公办,580,570,555,548,532,554
南京医科大学,江苏,南京市,否,否,医药类,公办,606,562,584,542,567,545
江苏师范大学,江苏,徐州市,否,否,师范类,公办,576,577,532,540,525,546
南京信息工程大学,江苏,南京市,否,否,综合类,公办,599,575,570,548,545,554
江西理工大学,江西,赣州市,否,否,理工类,公办,537,529,521,514,497,511
南京财经大学,江苏,南京市,否,否,财经类,公办,554,550,538,532,526,548
苏州科技大学,江苏,苏州市,否,否,综合类,公办,577,545,533,528,518,534
南京中医药大学,江苏,南京市,否,否,医药类,公办,579,554,531,541,515,536
江苏科技大学,江苏,镇江市,否,否,理工类,公办,522,526,502,509,493,522
南京邮电大学,江苏,南京市,否,否,理工类,公办,609,569,581,551,563,556
徐州医科大学,江苏,徐州市,否,否,医药类,公办,593,533,524,515,506,517
华东交通大学,江西,南昌市,否,否,理工类,公办,535,543,506,526,516,533
常州大学,江苏,常州市,否,否,理工类,公办,538,547,515,526,489,536
盐城工学院,江苏,盐城市,否,否,理工类,公办,486,514,475,505,456,506
盐城师范学院,江苏,盐城市,否,否,师范类,公办,557,564,494,514,492,520
淮阴工学院,江苏,淮安市,否,否,理工类,公办,493,512,477,502,462,507
南京审计大学,江苏,南京市,否,否,财经类,公办,566,570,551,549,537,560
江苏理工学院,江苏,常州市,否,否,理工类,公办,504,521,491,512,470,517
南京艺术学院,江苏,南京市,否,否,艺术类,公办,517,509,516,502,500,502
常州工学院,江苏,常州市,否,否,理工类,公办,496,504,483,494,477,501
南京晓庄学院,江苏,南京市,否,否,师范类,公办,572,560,536,534,524,541
南京工程学院,江苏,南京市,否,否,理工类,公办,542,526,525,513,503,519
北京科技大学,北京,北京市,否,是,理工类,公办,635,597,605,575,593,584
北京理工大学,北京,北京市,是,是,理工类,公办,646,623,616,596,605,603
东北师范大学,吉林,长春市,否,是,师范类,公办,595,589,569,568,560,573
清华大学,北京,北京市,是,是,综合类,公办,688,673,670,636,661,646
太原理工大学,山西,太原市,否,是,理工类,公办,598,583,578,567,563,574
大连理工大学,辽宁,大连市,是,是,理工类,公办,640,600,610,580,598,593
东北农业大学,黑龙江,哈尔滨市,否,是,农林类,公办,588,582,571,561,556,571
上海外国语大学,上海,上海市,否,是,语言类,公办,625,616,602,594,602,603
东华大学,上海,上海市,否,是,综合类,公办,614,591,592,573,585,586
东北大学,辽宁,沈阳市,是,是,理工类,公办,636,599,605,576,596,588
华东理工大学,上海,上海市,否,是,理工类,公办,628,591,601,570,587,583
复旦大学,上海,上海市,是,是,综合类,公办,677,650,658,623,651,629
华东师范大学,上海,上海市,是,是,师范类,公办,654,630,626,604,618,612
上海财经大学,上海,上海市,否,是,财经类,公办,640,626,620,597,612,610
延边大学,吉林,延边朝鲜族自治州,否,是,综合类,公办,591,575,568,555,556,565
武汉理工大学,湖北,武汉市,否,是,理工类,公办,614,585,590,567,562,576
华中科技大学,湖北,武汉市,是,是,综合类,公办,657,622,632,596,616,604
山东大学,山东,济南市,是,是,综合类,公办,638,617,617,596,606,603
上海交通大学,上海,上海市,是,是,综合类,公办,678,660,657,633,645,631
中南大学,湖南,长沙市,是,是,综合类,公办,644,618,616,592,610,601
吉林大学,吉林,长春市,是,是,综合类,公办,631,619,601,592,589,601
中国地质大学（武汉）,湖北,武汉市,否,是,理工类,公办,595,593,569,571,568,580
重庆大学,重庆,重庆市,是,是,综合类,公办,638,620,609,594,596,602
苏州大学,江苏,苏州市,否,是,综合类,公办,612,588,590,569,569,574
中国药科大学,江苏,南京市,否,是,医药类,公办,624,587,593,566,567,575
河海大学,江苏,南京市,否,是,综合类,公办,619,598,594,573,580,582
南京师范大学,江苏,南京市,否,是,师范类,公办,614,599,588,577,572,581
浙江大学,浙江,杭州市,是,是,综合类,公办,677,639,654,610,632,618
南京农业大学,江苏,南京市,否,是,农林类,公办,606,588,582,569,570,581
南京理工大学,江苏,南京市,否,是,理工类,公办,631,601,598,577,579,584
南京大学,江苏,南京市,是,是,综合类,公办,659,636,635,608,624,612
中国矿业大学,江苏,徐州市,否,是,综合类,公办,600,589,578,567,569,576
东南大学,江苏,南京市,是,是,综合类,公办,654,629,624,602,612,608
南昌大学,江西,南昌市,否,是,综合类,公办,603,587,580,566,564,577
西北工业大学,陕西,西安市,是,是,理工类,公办,644,609,611,582,599,591
暨南大学,广东,广州市,否,是,综合类,公办,614,594,591,577,579,586
华南理工大学,广东,广州市,是,是,综合类,公办,646,615,618,593,609,601
中山大学,广东,广州市,是,是,综合类,公办,649,630,623,603,613,609
福州大学,福建,福州市,否,是,理工类,公办,602,592,579,567,569,578
厦门大学,福建,厦门市,是,是,综合类,公办,639,624,609,594,592,601
西南财经大学,四川,成都市,否,是,财经类,公办,608,603,589,584,582,587
四川大学,四川,成都市,是,是,综合类,公办,646,615,617,587,605,605
兰州大学,甘肃,兰州市,是,是,综合类,公办,632,605,603,583,589,592
天津农学院,天津,天津市,否,否,农林类,公办,510,509,492,503,478,508
天津体育学院,天津,天津市,否,否,体育类,公办,495,508,485,502,468,507
天津职业技术师范大学,天津,天津市,否,否,师范类,公办,528,522,517,516,501,526
天津中医药大学,天津,天津市,否,否,医药类,公办,580,568,554,536,535,542
中国民航大学,天津,天津市,否,否,理工类,公办,569,564,541,528,529,537
天津外国语大学,天津,天津市,否,否,语言类,公办,537,549,531,538,514,540
江南大学,江苏,无锡市,否,是,综合类,公办,602,591,578,569,560,572
天津商业大学,天津,天津市,否,否,财经类,公办,537,543,521,513,503,521
天津财经大学,天津,天津市,否,否,财经类,公办,558,560,546,550,543,564
天津科技大学,天津,天津市,否,否,理工类,公办,549,541,534,527,517,537
天津工业大学,天津,天津市,否,否,综合类,公办,585,574,564,552,552,560
天津师范大学,天津,天津市,否,否,师范类,公办,551,570,546,555,525,557
南京航空航天大学,江苏,南京市,否,是,理工类,公办,640,612,593,579,574,589
上海大学,上海,上海市,否,是,综合类,公办,624,601,593,584,588,600
新疆大学,新疆,乌鲁木齐市,否,是,综合类,公办,568,577,549,550,538,547
同济大学,上海,上海市,是,是,综合类,公办,658,637,633,607,623,613
济南大学,山东,济南市,否,否,综合类,公办,562,555,521,548,551,560
安徽农业大学,安徽,合肥市,否,否,农林类,公办,545,544,530,526,504,523
安徽工业大学,安徽,马鞍山市,否,否,理工类,公办,550,543,534,523,513,535
安徽大学,安徽,合肥市,否,是,综合类,公办,599,590,570,567,554,579
德州学院,山东,德州市,否,否,综合类,公办,505,530,487,515,474,521
合肥工业大学,安徽,合肥市,否,是,理工类,公办,616,592,582,568,572,576
郑州大学,河南,郑州市,否,是,综合类,公办,598,585,577,573,573,582
中国海洋大学,山东,青岛市,是,是,综合类,公办,630,606,600,586,586,598
南开大学,天津,天津市,是,是,综合类,公办,654,630,625,601,614,610
湖南师范大学,湖南,长沙市,否,是,师范类,公办,596,593,581,575,567,581
河北大学,河北,保定市,否,否,综合类,公办,570,558,546,541,528,550
对外经济贸易大学,北京,北京市,否,是,财经类,公办,636,621,614,595,608,605
北京师范大学,北京,北京市,是,是,师范类,公办,649,628,624,603,615,607
西南交通大学,四川,成都市,否,是,理工类,公办,597,590,578,569,567,579
辽宁大学,辽宁,沈阳市,否,是,综合类,公办,590,571,566,557,557,568
北京中医药大学,北京,北京市,否,是,医药类,公办,607,589,579,570,570,589
北京航空航天大学,北京,北京市,是,是,理工类,公办,654,629,631,602,622,607
中国人民大学,北京,北京市,是,是,综合类,公办,667,650,647,622,638,626
中央民族大学,北京,北京市,是,是,民族类,公办,619,610,596,586,576,597
湖南大学,湖南,长沙市,是,是,综合类,公办,624,580,596,574,600,601
北京林业大学,北京,北京市,否,是,农林类,公办,605,587,582,568,570,580
武汉大学,湖北,武汉市,是,是,综合类,公办,649,634,622,607,612,613
河北工业大学,天津,天津市,否,是,理工类,公办,599,585,573,566,551,576
中央音乐学院,北京,北京市,否,是,艺术类,公办,336,336,308,308,260,260
北京外国语大学,北京,北京市,否,是,语言类,公办,628,619,609,594,592,604
北京交通大学,北京,北京市,否,是,理工类,公办,632,594,603,573,580,599
西北大学,陕西,西安市,否,是,综合类,公办,600,599,581,577,564,583
长安大学,陕西,西安市,否,是,理工类,公办,602,588,579,567,564,578
云南大学,云南,昆明市,否,是,综合类,公办,601,588,583,564,564,577
大连海事大学,辽宁,大连市,否,是,理工类,公办,599,591,565,569,554,578
北京大学,北京,北京市,是,是,综合类,公办,684,661,669,632,659,641
