﻿名称,省,市,985,211,学校类型,学校属性,2023年理科录取分数,2023年文科录取分数,2022年理科录取分数,2022年文科录取分数,2021年理科录取分数,2021年文科录取分数
江西软件职业技术大学,江西,南昌市,否,否,理工类,民办,172,210,161,261,152,212
南京审计大学金审学院,江苏,南京市,否,否,财经类,民办,329,409,343,411,340,405
合肥工业大学宣城校区,安徽,宣城市,否,是,综合类,公办,375,476,442,483,426,493
山西传媒学院,山西,晋中市,否,否,艺术类,公办,330,407,351,421,334,414
陕西服装工程学院,陕西,咸阳市,否,否,综合类,民办,309,386,324,373,318,378
南昌工学院,江西,南昌市,否,否,理工类,民办,314,397,321,394,313,365
山东协和学院,山东,济南市,否,否,医药类,民办,316,389,327,385,319,383
陕西学前师范学院,陕西,西安市,否,否,师范类,公办,343,413,371,420,378,423
新疆政法学院,新疆,自治区直辖县级行政区划,否,否,政法类,公办,344,417,346,419,342,405
南宁理工学院,广西,南宁市,否,否,理工类,民办,309,385,319,375,310,369
银川科技学院,宁夏,银川市,否,否,综合类,民办,319,395,316,398,319,381
西安科技大学高新学院,陕西,西安市,否,否,理工类,民办,311,386,325,388,325,387
西安明德理工学院,陕西,西安市,否,否,综合类,民办,309,387,321,386,311,366
西安工商学院,陕西,西安市,否,否,综合类,民办,313,389,320,387,313,385
西安交通大学城市学院,陕西,西安市,否,否,理工类,民办,316,382,324,397,321,366
哈尔滨石油学院,黑龙江,哈尔滨市,否,否,理工类,民办,310,380,321,371,320,361
昆明理工大学津桥学院,云南,昆明市,否,否,理工类,民办,315,384,310,382,326,375
丽江文化旅游学院,云南,丽江市,否,否,综合类,民办,313,390,317,370,322,379
滇池学院,云南,昆明市,否,否,综合类,民办,311,396,320,392,316,370
齐鲁理工学院,山东,济南市,否,否,综合类,民办,311,389,323,385,317,375
青岛工学院,山东,青岛市,否,否,综合类,民办,312,388,314,372,319,375
西南财经大学天府学院,四川,绵阳市,否,否,财经类,民办,326,401,339,407,330,398
四川大学锦江学院,四川,眉山市,否,否,综合类,民办,318,405,328,405,334,403
绵阳城市学院,四川,绵阳市,否,否,理工类,民办,311,387,329,394,315,366
成都外国语学院,四川,成都市,否,否,语言类,民办,328,401,335,405,328,390
成都银杏酒店管理学院,四川,成都市,否,否,财经类,民办,316,380,318,387,311,363
成都理工大学工程技术学院,四川,乐山市,否,否,理工类,民办,317,400,330,401,323,378
成都大学,四川,成都市,否,否,综合类,公办,394,451,399,448,400,458
新疆科技学院,新疆,巴音郭楞蒙古自治州,否,否,财经类,公办,334,410,343,413,344,409
南华大学船山学院,湖南,衡阳市,否,否,综合类,民办,310,402,332,402,325,388
长沙理工大学城南学院,湖南,长沙市,否,否,理工类,民办,323,389,334,378,333,397
南昌大学共青学院,江西,九江市,否,否,综合类,民办,312,402,329,403,327,386
南昌医学院,江西,南昌市,否,否,医药类,公办,402,440,394,442,375,417
赣东学院,江西,抚州市,否,否,综合类,公办,330,414,347,420,338,407
赣南科技学院,江西,赣州市,否,否,理工类,公办,334,408,343,422,336,405
南昌交通学院,江西,南昌市,否,否,理工类,民办,316,391,319,386,311,375
江西师范大学科学技术学院,江西,九江市,否,否,综合类,民办,326,406,333,413,342,405
厦门工学院,福建,厦门市,否,否,理工类,民办,315,393,312,386,324,361
温州商学院,浙江,温州市,否,否,财经类,民办,235,267,329,316,287,286
柳州工学院,广西,柳州市,否,否,理工类,民办,312,381,315,378,310,375
兰州工商学院,甘肃,兰州市,否,否,财经类,民办,310,389,334,401,328,382
甘肃民族师范学院,甘肃,甘南藏族自治州,否,否,师范类,公办,332,411,345,425,373,417
辽宁中医药大学杏林学院,辽宁,沈阳市,否,否,医药类,民办,316,389,328,393,318,372
晋中信息学院,山西,晋中市,否,否,理工类,民办,325,388,333,401,322,375
长春财经学院,吉林,长春市,否,否,财经类,民办,311,379,325,388,313,366
天津财经大学珠江学院,天津,天津市,否,否,综合类,民办,317,391,331,393,326,366
天津理工大学中环信息学院,天津,天津市,否,否,综合类,民办,310,391,329,397,327,367
北京科技大学天津学院,天津,天津市,否,否,综合类,民办,311,393,327,403,322,380
天津商业大学宝德学院,天津,天津市,否,否,财经类,民办,309,383,323,391,324,374
民政职业大学,北京,北京市,否,否,政法类,公办,271,348,191,342,191,293
银川能源学院,宁夏,银川市,否,否,理工类,民办,312,386,324,376,317,383
宁夏理工学院,宁夏,石嘴山市,否,否,理工类,民办,312,390,322,388,322,381
西安交通工程学院,陕西,西安市,否,否,理工类,民办,312,382,326,386,325,382
西安信息职业大学,陕西,西安市,否,否,理工类,民办,311,387,320,378,318,193
西安汽车职业大学,陕西,西安市,否,否,理工类,民办,309,381,318,376,312,361
西安欧亚学院,陕西,西安市,否,否,财经类,民办,310,380,317,391,328,383
陕西国际商贸学院,陕西,咸阳市,否,否,财经类,民办,309,388,325,389,320,383
西安建筑科技大学华清学院,陕西,西安市,否,否,理工类,民办,309,399,326,397,316,385
无锡太湖学院,江苏,无锡市,否,否,综合类,民办,312,382,308,390,326,376
云南经济管理学院,云南,昆明市,否,否,财经类,民办,319,388,326,392,311,367
昆明文理学院,云南,昆明市,否,否,师范类,民办,310,393,321,394,310,373
青岛黄海学院,山东,青岛市,否,否,综合类,民办,311,383,310,382,321,379
山东现代学院,山东,济南市,否,否,综合类,民办,309,380,327,387,319,375
青岛恒星科技学院,山东,青岛市,否,否,综合类,民办,310,384,312,381,316,378
齐鲁医药学院,山东,淄博市,否,否,医药类,民办,327,400,336,407,335,389
山东英才学院,山东,济南市,否,否,综合类,民办,309,379,308,370,313,376
山东石油化工学院,山东,东营市,否,否,理工类,公办,342,428,347,432,336,420
新疆天山职业技术大学,新疆,乌鲁木齐市,否,否,综合类,民办,316,380,328,400,321,382
湖南财政经济学院,湖南,长沙市,否,否,财经类,公办,372,435,380,431,395,431
武汉生物工程学院,湖北,武汉市,否,否,理工类,民办,310,396,326,389,320,391
长江大学文理学院,湖北,荆州市,否,否,综合类,民办,309,404,318,411,328,398
湖北文理学院理工学院,湖北,襄阳市,否,否,理工类,民办,309,400,324,401,327,399
河南财政金融学院,河南,郑州市,否,否,财经类,公办,333,407,345,420,338,409
厦门大学嘉庚学院,福建,漳州市,否,否,综合类,民办,319,402,331,408,332,403
武夷学院,福建,南平市,否,否,综合类,公办,344,411,349,420,339,411
广西城市职业大学,广西,崇左市,否,否,综合类,民办,309,378,314,376,310,364
桂林旅游学院,广西,桂林市,否,否,财经类,公办,348,418,346,415,340,408
兰州资源环境职业技术大学,甘肃,兰州市,否,否,理工类,公办,335,406,335,235,206,191
甘肃警察学院,甘肃,兰州市,否,否,政法类,公办,297,376,303,372,299,353
兰州文理学院,甘肃,兰州市,否,否,综合类,公办,332,419,356,423,345,409
兰州石化职业技术大学,甘肃,兰州市,否,否,理工类,公办,333,412,335,410,254,244
陇南师范学院,甘肃,陇南市,否,否,师范类,公办,299,378,328,390,332,391
朝阳师范学院,辽宁,朝阳市,否,否,师范类,公办,285,360,314,383,287,252
太原学院,山西,太原市,否,否,综合类,公办,338,436,345,432,345,412
吕梁学院,山西,吕梁市,否,否,综合类,公办,342,413,354,418,362,417
吉林工商学院,吉林,长春市,否,否,财经类,公办,341,409,344,416,365,420
天津仁爱学院,天津,天津市,否,否,综合类,民办,311,382,308,389,322,362
石家庄铁道大学四方学院,河北,石家庄市,否,否,理工类,民办,328,405,337,408,336,400
青海职业技术大学,青海,西宁市,否,否,理工类,公办,262,304,243,289,256,298
延安大学西安创新学院,陕西,西安市,否,否,综合类,民办,313,391,323,390,316,386
青海大学昆仑学院,青海,西宁市,否,否,理工类,公办,320,395,331,402,329,390
大连财经学院,辽宁,大连市,否,否,财经类,民办,318,390,327,389,311,383
南通理工学院,江苏,南通市,否,否,综合类,民办,311,378,321,380,312,364
琼台师范学院,海南,海口市,否,否,师范类,公办,331,424,358,413,360,420
亳州学院,安徽,亳州市,否,否,综合类,公办,330,408,343,415,337,408
河南城建学院,河南,平顶山市,否,否,理工类,公办,332,423,343,422,340,416
郑州工业应用技术学院,河南,郑州市,否,否,理工类,民办,309,390,327,389,324,378
重庆工商大学派斯学院,重庆,重庆市,否,否,财经类,民办,318,397,328,402,327,390
重庆移通学院,重庆,重庆市,否,否,理工类,民办,321,384,326,390,325,363
重庆财经学院,重庆,重庆市,否,否,财经类,民办,328,400,338,408,335,395
重庆外语外事学院,重庆,重庆市,否,否,语言类,民办,314,384,319,395,327,371
重庆对外经贸学院,重庆,重庆市,否,否,财经类,民办,325,403,338,408,335,400
珠海科技学院,广东,珠海市,否,否,综合类,民办,312,378,317,400,317,389
烟台理工学院,山东,烟台市,否,否,综合类,民办,317,395,324,397,312,372
西安财经大学行知学院,陕西,西安市,否,否,财经类,民办,317,390,334,395,332,382
北京中医药大学东方学院,河北,廊坊市,否,否,医药类,民办,324,404,340,408,326,390
青岛城市学院,山东,青岛市,否,否,理工类,民办,311,384,316,384,314,361
燕京理工学院,河北,廊坊市,否,否,理工类,民办,309,388,325,370,320,382
四川工商学院,四川,成都市,否,否,综合类,民办,315,381,331,401,331,388
海口经济学院,海南,海口市,否,否,综合类,民办,300,374,308,370,310,365
浙江水利水电学院,浙江,杭州市,否,否,理工类,公办,354,406,365,420,361,406
西交利物浦大学,江苏,苏州市,否,否,综合类,中外合作办学,375,430,342,410,386,452
三亚学院,海南,三亚市,否,否,综合类,民办,309,378,317,383,311,366
河南开封科技传媒学院,河南,开封市,否,否,综合类,民办,310,379,322,386,310,372
河南工程学院,河南,郑州市,否,否,理工类,公办,336,413,350,412,330,415
长春电子科技学院,吉林,长春市,否,否,理工类,民办,313,387,319,389,311,370
昆明城市学院,云南,昆明市,否,否,综合类,民办,313,383,322,390,312,361
昆明医科大学海源学院,云南,昆明市,否,否,医药类,民办,323,391,334,376,327,388
长春科技学院,吉林,长春市,否,否,综合类,民办,310,387,318,376,314,380
兰州城市学院,甘肃,兰州市,否,否,综合类,公办,330,410,344,416,332,405
西安医学院,陕西,西安市,否,否,医药类,公办,397,419,398,412,425,427
长治学院,山西,长治市,否,否,综合类,公办,333,423,355,424,346,420
北部湾大学,广西,钦州市,否,否,综合类,公办,342,408,347,418,340,413
海南热带海洋学院,海南,三亚市,否,否,综合类,公办,338,410,335,418,348,420
辽宁对外经贸学院,辽宁,大连市,否,否,财经类,民办,309,378,314,371,311,365
长沙医学院,湖南,长沙市,否,否,医药类,民办,312,385,310,371,329,384
香港中文大学,香港,新界,否,否,综合类,公办,540,557,537,554,544,483
山东大学（威海）,山东,威海市,是,是,综合类,公办,474,506,484,521,494,526
武警工程大学,陕西,西安市,否,否,军事类,公办,531,505,470,471,526,458
山东航空学院,山东,滨州市,否,否,综合类,公办,348,438,348,431,338,429
宁波工程学院,浙江,宁波市,否,否,理工类,公办,334,412,337,415,357,420
湖南涉外经济学院,湖南,长沙市,否,否,财经类,民办,314,388,308,390,318,379
西京学院,陕西,西安市,否,否,理工类,民办,318,385,324,398,329,385
西安翻译学院,陕西,西安市,否,否,语言类,民办,316,389,323,394,322,373
洛阳理工学院,河南,洛阳市,否,否,理工类,公办,351,445,355,437,344,437
武汉城市学院,湖北,武汉市,否,否,理工类,民办,316,384,317,388,318,363
保定理工学院,河北,保定市,否,否,理工类,民办,309,387,322,390,321,361
武汉东湖学院,湖北,武汉市,否,否,综合类,民办,314,391,320,385,316,367
武昌理工学院,湖北,武汉市,否,否,综合类,民办,310,400,320,404,314,391
郑州师范学院,河南,郑州市,否,否,师范类,公办,368,437,379,438,386,418
山东中医药大学,山东,济南市,否,否,医药类,公办,377,411,369,432,334,409
南京特殊教育师范学院,江苏,南京市,否,否,师范类,公办,345,411,343,422,387,408
南京警察学院,江苏,南京市,否,否,政法类,公办,493,514,497,517,501,518
太原工业学院,山西,太原市,否,否,理工类,公办,330,408,349,417,342,405
电子科技大学成都学院,四川,成都市,否,否,理工类,民办,325,400,336,403,335,388
陕西警察学院,陕西,西安市,否,否,政法类,公办,300,374,303,369,292,336
三峡大学科技学院,湖北,宜昌市,否,否,综合类,民办,325,401,331,402,331,388
北京工业大学耿丹学院,北京,北京市,否,否,综合类,民办,309,379,310,373,316,365
武昌首义学院,湖北,武汉市,否,否,理工类,民办,318,400,330,398,312,375
武汉华夏理工学院,湖北,武汉市,否,否,理工类,民办,310,398,320,396,316,365
陇东学院,甘肃,庆阳市,否,否,综合类,公办,344,422,347,428,344,417
上海电机学院,上海,上海市,否,否,理工类,公办,356,420,357,412,363,453
塔里木大学,新疆,自治区直辖县级行政区划,否,否,综合类,公办,330,407,384,417,381,405
榆林学院,陕西,榆林市,否,否,综合类,公办,332,426,341,424,343,410
内江师范学院,四川,内江市,否,否,师范类,公办,364,416,356,455,331,424
文华学院,湖北,武汉市,否,否,综合类,民办,318,394,324,396,321,377
重庆工商大学,重庆,重庆市,否,否,财经类,公办,355,441,336,437,408,474
湖南人文科技学院,湖南,娄底市,否,否,综合类,公办,332,436,352,433,337,408
南京工业职业技术大学,江苏,南京市,否,否,理工类,公办,350,440,339,426,220,299
哈尔滨师范大学,黑龙江,哈尔滨市,否,否,师范类,公办,345,407,354,421,365,431
厦门理工学院,福建,厦门市,否,否,理工类,公办,380,444,385,446,392,422
金陵科技学院,江苏,南京市,否,否,理工类,公办,333,410,362,427,379,447
昆明学院,云南,昆明市,否,否,综合类,公办,382,445,412,421,407,408
西安文理学院,陕西,西安市,否,否,综合类,公办,377,432,382,453,358,442
广东金融学院,广东,广州市,否,否,财经类,公办,384,447,336,430,388,414
湖北理工学院,湖北,黄石市,否,否,理工类,公办,346,413,357,415,345,414
吉林农业科技学院,吉林,吉林市,否,否,农林类,公办,334,414,335,413,344,412
上海商学院,上海,上海市,否,否,财经类,公办,344,409,345,418,372,407
广东技术师范大学,广东,广州市,否,否,师范类,公办,350,410,363,409,370,418
肇庆学院,广东,肇庆市,否,否,师范类,公办,331,423,342,422,340,417
贵州大学,贵州,贵阳市,否,是,综合类,公办,397,441,406,485,413,490
西南大学,重庆,重庆市,否,是,综合类,公办,416,526,468,504,487,526
攀枝花学院,四川,攀枝花市,否,否,综合类,公办,336,429,345,440,341,427
运城学院,山西,运城市,否,否,综合类,公办,337,414,349,424,339,412
山西中医药大学,山西,晋中市,否,否,医药类,公办,343,441,345,452,394,447
南昌职业大学,江西,南昌市,否,否,综合类,民办,192,216,183,242,179,182
江西职业技术大学,江西,九江市,否,否,综合类,公办,274,339,249,257,212,286
新余学院,江西,新余市,否,否,综合类,公办,341,406,351,420,343,413
萍乡学院,江西,萍乡市,否,否,综合类,公办,332,421,344,416,357,432
郑州警察学院,河南,郑州市,否,否,政法类,公办,462,464,488,516,494,507
黄淮学院,河南,驻马店市,否,否,综合类,公办,350,408,342,422,354,421
河南科技学院,河南,新乡市,否,否,综合类,公办,332,414,338,419,346,406
平顶山学院,河南,平顶山市,否,否,综合类,公办,332,406,346,416,340,406
首都经济贸易大学,北京,北京市,否,否,财经类,公办,367,460,417,476,479,491
河南中医药大学,河南,郑州市,否,否,医药类,公办,344,430,365,438,398,469
江西科技学院,江西,南昌市,否,否,综合类,民办,315,387,326,379,314,379
南昌理工学院,江西,南昌市,否,否,综合类,民办,318,394,325,389,316,374
北京体育大学,北京,北京市,否,是,体育类,公办,421,466,441,470,439,459
西安思源学院,陕西,西安市,否,否,综合类,民办,320,393,333,404,328,390
西安外事学院,陕西,西安市,否,否,综合类,民办,320,388,319,391,322,381
南阳理工学院,河南,南阳市,否,否,理工类,公办,331,416,344,411,341,412
安阳工学院,河南,安阳市,否,否,理工类,公办,334,416,345,427,339,408
河南师范大学,河南,新乡市,否,否,师范类,公办,337,449,367,452,344,460
华北电力大学,北京,北京市,否,是,理工类,公办,486,472,479,496,490,519
吉利学院,四川,成都市,否,否,理工类,民办,310,384,319,386,311,376
四川工业科技学院,四川,德阳市,否,否,综合类,民办,317,392,327,387,320,376
四川文理学院,四川,达州市,否,否,综合类,公办,333,406,345,416,349,408
四川工程职业技术大学,四川,德阳市,否,否,理工类,公办,299,349,291,256,271,294
四川民族学院,四川,甘孜藏族自治州,否,否,民族类,公办,361,412,363,418,362,405
成都东软学院,四川,成都市,否,否,理工类,民办,324,386,310,381,337,389
河北外国语学院,河北,石家庄市,否,否,语言类,民办,319,389,323,390,319,368
唐山工业职业技术大学,河北,唐山市,否,否,理工类,公办,235,318,261,233,224,265
哈尔滨职业技术大学,黑龙江,哈尔滨市,否,否,综合类,公办,238,277,166,235,187,192
哈尔滨金融学院,黑龙江,哈尔滨市,否,否,财经类,公办,347,410,350,423,345,416
上海中侨职业技术大学,上海,上海市,否,否,财经类,民办,313,399,311,394,277,255
河北金融学院,河北,保定市,否,否,财经类,公办,356,406,370,417,374,426
邢台医学院,河北,邢台市,否,否,医药类,公办,281,376,302,366,291,348
上海建桥学院,上海,上海市,否,否,财经类,民办,310,378,312,371,313,361
邯郸学院,河北,邯郸市,否,否,师范类,公办,336,411,351,415,344,405
衡水学院,河北,衡水市,否,否,综合类,公办,334,413,335,423,354,414
廊坊师范学院,河北,廊坊市,否,否,师范类,公办,341,409,352,414,345,407
山东师范大学,山东,济南市,否,否,师范类,公办,391,447,435,483,466,491
中央司法警官学院,河北,保定市,否,否,政法类,公办,463,514,467,508,463,510
中国人民警察大学,河北,廊坊市,否,否,政法类,公办,374,503,361,432,535,520
邢台学院,河北,邢台市,否,否,综合类,公办,365,408,373,425,372,410
河北地质大学,河北,石家庄市,否,否,理工类,公办,359,434,362,435,360,448
河北师范大学,河北,石家庄市,否,否,师范类,公办,398,479,436,465,444,501
华北电力大学保定校区,河北,保定市,否,是,理工类,公办,346,464,495,489,510,489
北京印刷学院,北京,北京市,否,否,理工类,公办,358,444,359,465,358,479
首都师范大学,北京,北京市,否,否,师范类,公办,425,455,468,507,487,520
中国劳动关系学院,北京,北京市,否,否,政法类,公办,378,455,377,444,363,439
中国人民公安大学,北京,北京市,否,否,政法类,公办,493,517,543,538,546,553
北京联合大学,北京,北京市,否,否,综合类,公办,345,409,398,460,394,465
中国政法大学,北京,北京市,否,是,政法类,公办,521,550,560,545,575,578
中央财经大学,北京,北京市,否,是,财经类,公办,498,525,508,534,534,555
北京电子科技学院,北京,北京市,否,否,理工类,公办,549,544,546,533,536,560
中国传媒大学,北京,北京市,否,是,综合类,公办,468,514,487,511,502,558
鲁东大学,山东,烟台市,否,否,综合类,公办,346,446,344,455,426,480
烟台大学,山东,烟台市,否,否,综合类,公办,363,475,373,468,375,475
北方民族大学,宁夏,银川市,否,否,综合类,公办,345,433,408,422,341,445
宁夏大学,宁夏,银川市,否,是,综合类,公办,349,447,378,475,354,463
广西民族大学,广西,南宁市,否,否,民族类,公办,345,443,339,440,356,453
山东农业大学,山东,泰安市,否,否,农林类,公办,330,427,361,415,377,437
山东科技大学,山东,青岛市,否,否,理工类,公办,373,476,391,473,393,467
山东财经大学,山东,济南市,否,否,财经类,公办,406,454,402,410,409,480
山东交通学院,山东,济南市,否,否,理工类,公办,347,413,352,423,334,421
桂林理工大学,广西,桂林市,否,否,理工类,公办,340,418,336,426,368,419
广西师范大学,广西,桂林市,否,否,师范类,公办,337,430,416,434,405,466
山东建筑大学,山东,济南市,否,否,理工类,公办,337,432,357,428,371,437
山东工商学院,山东,烟台市,否,否,财经类,公办,353,423,347,430,339,434
贵州财经大学,贵州,贵阳市,否,否,财经类,公办,341,441,350,443,388,442
内蒙古师范大学,内蒙古,呼和浩特市,否,否,师范类,公办,357,412,352,411,333,427
海南医科大学,海南,海口市,否,否,医药类,公办,331,435,395,426,393,407
海南师范大学,海南,海口市,否,否,师范类,公办,331,408,393,458,417,459
曲阜师范大学,山东,济宁市,否,否,师范类,公办,409,475,441,481,425,481
海南大学,海南,海口市,否,是,综合类,公办,405,480,398,473,443,499
甘肃政法大学,甘肃,兰州市,否,否,政法类,公办,369,446,391,461,394,465
兰州财经大学,甘肃,兰州市,否,否,财经类,公办,354,407,356,434,381,416
青岛大学,山东,青岛市,否,否,综合类,公办,355,486,414,484,396,481
甘肃中医药大学,甘肃,兰州市,否,否,医药类,公办,340,420,399,427,342,409
西北师范大学,甘肃,兰州市,否,否,师范类,公办,405,493,447,480,458,479
南阳师范学院,河南,南阳市,否,否,师范类,公办,340,426,326,399,343,411
洛阳师范学院,河南,洛阳市,否,否,综合类,公办,333,421,343,439,340,424
中原工学院,河南,郑州市,否,否,理工类,公办,330,406,343,416,340,410
西北民族大学,甘肃,兰州市,否,否,综合类,公办,345,421,463,488,450,496
闽江学院,福建,福州市,否,否,综合类,公办,370,413,360,413,331,450
集美大学,福建,厦门市,否,否,综合类,公办,396,478,411,478,417,493
河南工业大学,河南,郑州市,否,否,理工类,公办,330,428,357,416,343,447
华侨大学,福建,泉州市,否,否,综合类,公办,345,469,396,462,392,447
河南农业大学,河南,郑州市,否,否,农林类,公办,350,425,374,431,379,425
河南大学,河南,开封市,否,否,综合类,公办,408,407,403,481,427,495
郑州轻工业大学,河南,郑州市,否,否,理工类,公办,356,410,367,422,362,406
黑龙江工程学院,黑龙江,哈尔滨市,否,否,理工类,公办,338,416,339,424,351,418
哈尔滨学院,黑龙江,哈尔滨市,否,否,综合类,公办,331,423,358,423,361,424
湖北经济学院,湖北,武汉市,否,否,财经类,公办,340,433,397,448,391,451
哈尔滨商业大学,黑龙江,哈尔滨市,否,否,财经类,公办,332,428,350,438,349,421
湖北中医药大学,湖北,武汉市,否,否,医药类,公办,356,435,395,438,331,466
湖北工业大学,湖北,武汉市,否,否,理工类,公办,360,425,373,412,382,453
三峡大学,湖北,宜昌市,否,否,综合类,公办,433,422,428,459,422,436
齐齐哈尔大学,黑龙江,齐齐哈尔市,否,否,综合类,公办,335,418,350,433,336,432
中南民族大学,湖北,武汉市,否,否,综合类,公办,331,455,395,460,389,465
华中师范大学,湖北,武汉市,否,是,师范类,公办,525,530,496,545,520,557
东北林业大学,黑龙江,哈尔滨市,否,是,农林类,公办,388,463,429,413,430,484
邵阳学院,湖南,邵阳市,否,否,综合类,公办,339,407,335,418,350,413
怀化学院,湖南,怀化市,否,否,综合类,公办,338,436,354,425,338,422
湖南文理学院,湖南,常德市,否,否,综合类,公办,333,428,355,424,346,416
中南财经政法大学,湖北,武汉市,否,是,财经类,公办,482,475,495,512,495,516
吉林财经大学,吉林,长春市,否,否,财经类,公办,335,423,347,417,394,402
白城师范学院,吉林,白城市,否,否,师范类,公办,330,426,350,428,350,422
湖南工商大学,湖南,长沙市,否,否,财经类,公办,347,410,392,442,410,456
吉林工程技术师范学院,吉林,长春市,否,否,师范类,公办,336,411,336,414,346,407
中南林业科技大学,湖南,长沙市,否,否,农林类,公办,330,435,360,435,330,409
湖南工业大学,湖南,株洲市,否,否,综合类,公办,351,453,342,456,399,462
湖南城市学院,湖南,益阳市,否,否,综合类,公办,342,419,336,411,351,418
长春工程学院,吉林,长春市,否,否,理工类,公办,336,413,342,411,343,418
湖南农业大学,湖南,长沙市,否,否,农林类,公办,332,409,376,434,332,432
南华大学,湖南,衡阳市,否,否,综合类,公办,380,477,376,497,372,486
吉林师范大学,吉林,四平市,否,否,师范类,公办,335,409,347,447,357,448
长沙理工大学,湖南,长沙市,否,否,理工类,公办,390,474,424,473,422,485
湖南科技大学,湖南,湘潭市,否,否,综合类,公办,330,452,383,457,383,464
长春师范大学,吉林,长春市,否,否,师范类,公办,332,408,373,446,370,436
吉首大学,湖南,湘西土家族苗族自治州,否,否,综合类,公办,362,441,362,453,352,449
湘潭大学,湖南,湘潭市,否,否,综合类,公办,347,450,427,484,432,486
西安培华学院,陕西,西安市,否,否,综合类,民办,311,394,324,406,321,393
长春理工大学,吉林,长春市,否,否,理工类,公办,371,441,426,443,432,429
长春大学,吉林,长春市,否,否,综合类,公办,339,423,349,412,348,434
西北政法大学,陕西,西安市,否,否,政法类,公办,466,486,418,477,511,512
西安财经大学,陕西,西安市,否,否,财经类,公办,352,456,403,450,430,473
西安外国语大学,陕西,西安市,否,否,语言类,公办,374,409,390,455,427,481
青海民族大学,青海,西宁市,否,否,民族类,公办,332,417,352,427,346,410
陕西理工大学,陕西,汉中市,否,否,理工类,公办,376,461,371,477,396,474
青海师范大学,青海,西宁市,否,否,师范类,公办,337,420,365,437,372,426
渭南师范学院,陕西,渭南市,否,否,师范类,公办,358,439,370,444,372,447
青海大学,青海,西宁市,否,是,综合类,公办,348,423,409,453,412,462
咸阳师范学院,陕西,咸阳市,否,否,师范类,公办,358,432,335,437,385,435
西藏大学,西藏,拉萨市,否,是,综合类,公办,335,453,381,445,437,456
西安邮电大学,陕西,西安市,否,否,理工类,公办,426,453,444,448,449,446
西安工业大学,陕西,西安市,否,否,理工类,公办,375,442,379,453,392,447
云南警官学院,云南,昆明市,否,否,政法类,公办,398,450,402,442,393,461
云南财经大学,云南,昆明市,否,否,财经类,公办,405,454,411,449,420,455
西安石油大学,陕西,西安市,否,否,理工类,公办,383,438,382,428,387,460
西安建筑科技大学,陕西,西安市,否,否,理工类,公办,346,424,404,452,405,449
云南中医药大学,云南,昆明市,否,否,医药类,公办,368,447,336,447,383,452
延安大学,陕西,延安市,否,否,综合类,公办,360,438,361,448,365,454
安徽财经大学,安徽,蚌埠市,否,否,财经类,公办,366,447,357,413,401,466
陕西师范大学,陕西,西安市,否,是,师范类,公办,517,537,506,518,522,536
西北农林科技大学,陕西,咸阳市,是,是,农林类,公办,383,485,464,476,468,520
西安交通大学,陕西,西安市,是,是,综合类,公办,582,532,564,540,579,557
淮北师范大学,安徽,淮北市,否,否,综合类,公办,368,458,356,453,425,461
华东政法大学,上海,上海市,否,否,政法类,公办,494,511,490,517,486,520
上海立信会计金融学院,上海,上海市,否,否,财经类,公办,383,454,340,430,437,481
上海师范大学,上海,上海市,否,否,综合类,公办,411,408,397,471,437,488
广州医科大学,广东,广州市,否,否,医药类,公办,465,466,416,454,512,420
东莞理工学院,广东,东莞市,否,否,理工类,公办,363,420,372,421,381,407
深圳大学,广东,深圳市,否,否,综合类,公办,466,474,444,496,502,509
太原师范学院,山西,晋中市,否,否,师范类,公办,369,418,389,443,390,437
山西大同大学,山西,大同市,否,否,综合类,公办,375,446,390,427,398,451
中北大学,山西,太原市,否,否,综合类,公办,375,438,391,426,391,477
川北医学院,四川,南充市,否,否,医药类,公办,371,419,446,418,435,411
山西财经大学,山西,太原市,否,否,财经类,公办,336,441,396,446,385,405
四川轻化工大学,四川,自贡市,否,否,理工类,公办,368,437,374,440,373,442
山西医科大学,山西,太原市,否,否,医药类,公办,379,415,337,429,435,406
成都信息工程大学,四川,成都市,否,否,理工类,公办,410,430,439,451,441,458
山西农业大学,山西,晋中市,否,否,农林类,公办,352,427,350,419,478,439
中国民用航空飞行学院,四川,德阳市,否,否,理工类,公办,452,418,461,416,454,481
四川师范大学,四川,成都市,否,否,师范类,公办,382,468,352,475,459,510
西南科技大学,四川,绵阳市,否,否,理工类,公办,371,455,385,429,376,475
浙江财经大学,浙江,杭州市,否,否,财经类,公办,390,463,397,463,454,480
浙江工商大学,浙江,杭州市,否,否,财经类,公办,392,473,406,472,434,481
温州大学,浙江,温州市,否,否,综合类,公办,351,463,396,465,390,463
湖州师范学院,浙江,湖州市,否,否,综合类,公办,337,409,340,410,355,440
浙江农林大学,浙江,杭州市,否,否,农林类,公办,372,439,404,458,397,465
浙江师范大学,浙江,金华市,否,否,综合类,公办,423,489,447,477,445,476
新疆财经大学,新疆,乌鲁木齐市,否,否,财经类,公办,331,417,349,422,361,428
新疆师范大学,新疆,乌鲁木齐市,否,否,师范类,公办,333,435,361,436,355,430
西南民族大学,四川,成都市,否,否,民族类,公办,351,460,415,457,424,453
东北财经大学,辽宁,大连市,否,否,财经类,公办,400,458,457,469,489,512
大连外国语大学,辽宁,大连市,否,否,语言类,公办,333,412,421,457,433,476
大连民族大学,辽宁,大连市,否,否,民族类,公办,351,442,340,420,348,421
中国刑事警察学院,辽宁,沈阳市,否,否,政法类,公办,474,520,503,535,523,519
重庆三峡学院,重庆,重庆市,否,否,综合类,公办,363,421,335,411,358,421
井冈山大学,江西,吉安市,否,否,综合类,公办,348,435,368,444,358,439
九江学院,江西,九江市,否,否,综合类,公办,337,412,342,422,356,416
四川外国语大学,重庆,重庆市,否,否,语言类,公办,333,420,414,447,346,489
长江师范学院,重庆,重庆市,否,否,师范类,公办,334,452,356,451,334,465
江西科技师范大学,江西,南昌市,否,否,师范类,公办,333,439,361,443,359,431
上饶师范学院,江西,上饶市,否,否,师范类,公办,340,424,365,420,368,428
西南政法大学,重庆,重庆市,否,否,政法类,公办,457,504,493,472,496,545
重庆师范大学,重庆,重庆市,否,否,师范类,公办,434,486,480,488,486,512
东华理工大学,江西,南昌市,否,否,理工类,公办,331,424,368,426,372,449
江西财经大学,江西,南昌市,否,否,财经类,公办,333,474,439,411,427,488
江西师范大学,江西,南昌市,否,否,师范类,公办,366,513,335,513,449,516
江苏大学,江苏,镇江市,否,否,综合类,公办,407,466,419,477,429,476
南京财经大学,江苏,南京市,否,否,财经类,公办,422,469,432,464,464,490
南京中医药大学,江苏,南京市,否,否,医药类,公办,426,496,456,490,479,489
江苏科技大学,江苏,镇江市,否,否,理工类,公办,395,444,406,453,419,456
杭州电子科技大学,浙江,杭州市,否,否,理工类,公办,480,463,488,478,495,481
常州大学,江苏,常州市,否,否,理工类,公办,362,459,336,442,388,475
盐城工学院,江苏,盐城市,否,否,理工类,公办,335,444,345,432,352,439
盐城师范学院,江苏,盐城市,否,否,师范类,公办,335,449,347,455,336,453
淮阴工学院,江苏,淮安市,否,否,理工类,公办,332,410,341,410,345,416
南京审计大学,江苏,南京市,否,否,财经类,公办,384,481,470,483,477,507
江苏理工学院,江苏,常州市,否,否,理工类,公办,332,410,357,422,358,435
东北师范大学,吉林,长春市,否,是,师范类,公办,408,418,471,503,495,526
清华大学,北京,北京市,是,是,综合类,公办,635,621,622,615,632,642
东北农业大学,黑龙江,哈尔滨市,否,是,农林类,公办,414,457,419,470,437,473
上海外国语大学,上海,上海市,否,是,语言类,公办,416,525,511,534,536,548
华东理工大学,上海,上海市,否,是,理工类,公办,485,509,486,506,507,513
复旦大学,上海,上海市,是,是,综合类,公办,615,592,615,592,621,616
华东师范大学,上海,上海市,是,是,师范类,公办,549,520,561,539,572,550
延边大学,吉林,延边朝鲜族自治州,否,是,综合类,公办,376,460,394,471,390,507
武汉理工大学,湖北,武汉市,否,是,理工类,公办,448,494,469,481,483,506
山东大学,山东,济南市,是,是,综合类,公办,493,492,495,505,509,541
中南大学,湖南,长沙市,是,是,综合类,公办,419,516,511,511,511,538
吉林大学,吉林,长春市,是,是,综合类,公办,466,524,474,505,505,531
中国地质大学（武汉）,湖北,武汉市,否,是,理工类,公办,396,486,474,417,499,505
重庆大学,重庆,重庆市,是,是,综合类,公办,493,457,510,519,510,539
苏州大学,江苏,苏州市,否,是,综合类,公办,446,504,476,513,498,529
中国药科大学,江苏,南京市,否,是,医药类,公办,441,472,453,483,465,494
河海大学,江苏,南京市,否,是,综合类,公办,447,490,464,515,468,514
浙江大学,浙江,杭州市,是,是,综合类,公办,619,590,593,583,617,611
南京大学,江苏,南京市,是,是,综合类,公办,603,582,594,577,600,601
中国矿业大学,江苏,徐州市,否,是,综合类,公办,419,495,431,503,435,510
南昌大学,江西,南昌市,否,是,综合类,公办,444,465,340,478,486,507
暨南大学,广东,广州市,否,是,综合类,公办,345,490,449,506,491,515
华南理工大学,广东,广州市,是,是,综合类,公办,515,506,527,508,534,530
中山大学,广东,广州市,是,是,综合类,公办,532,541,538,541,565,569
厦门大学,福建,厦门市,是,是,综合类,公办,516,542,525,543,552,573
西南财经大学,四川,成都市,否,是,财经类,公办,340,492,482,500,520,522
四川大学,四川,成都市,是,是,综合类,公办,390,512,532,526,532,524
兰州大学,甘肃,兰州市,是,是,综合类,公办,439,459,481,505,492,542
天津职业技术师范大学,天津,天津市,否,否,师范类,公办,330,413,365,433,348,431
中国民航大学,天津,天津市,否,否,理工类,公办,410,459,443,458,443,491
天津商业大学,天津,天津市,否,否,财经类,公办,343,441,426,469,451,484
天津财经大学,天津,天津市,否,否,财经类,公办,419,437,415,460,436,473
天津科技大学,天津,天津市,否,否,理工类,公办,356,454,372,420,401,482
天津师范大学,天津,天津市,否,否,师范类,公办,486,459,505,503,506,519
上海大学,上海,上海市,否,是,综合类,公办,487,498,486,483,510,539
新疆大学,新疆,乌鲁木齐市,否,是,综合类,公办,332,461,371,450,368,481
同济大学,上海,上海市,是,是,综合类,公办,566,573,564,557,597,594
济南大学,山东,济南市,否,否,综合类,公办,366,457,379,462,389,441
郑州大学,河南,郑州市,否,是,综合类,公办,436,425,456,494,464,515
中国海洋大学,山东,青岛市,是,是,综合类,公办,459,498,481,497,482,530
南开大学,天津,天津市,是,是,综合类,公办,550,565,511,564,590,597
湖南师范大学,湖南,长沙市,否,是,师范类,公办,396,480,452,491,457,517
河北大学,河北,保定市,否,否,综合类,公办,427,422,429,488,433,503
对外经济贸易大学,北京,北京市,否,是,财经类,公办,481,515,361,512,527,543
北京师范大学,北京,北京市,是,是,师范类,公办,520,563,493,564,575,585
西南交通大学,四川,成都市,否,是,理工类,公办,446,486,476,504,491,516
辽宁大学,辽宁,沈阳市,否,是,综合类,公办,386,493,456,493,456,507
北京中医药大学,北京,北京市,否,是,医药类,公办,444,493,450,505,492,521
北京航空航天大学,北京,北京市,是,是,理工类,公办,584,555,596,541,601,582
中国人民大学,北京,北京市,是,是,综合类,公办,600,590,606,585,614,615
中央民族大学,北京,北京市,是,是,民族类,公办,435,498,476,515,474,527
湖南大学,湖南,长沙市,是,是,综合类,公办,496,509,494,514,505,541
武汉大学,湖北,武汉市,是,是,综合类,公办,562,558,546,562,574,590
北京外国语大学,北京,北京市,否,是,语言类,公办,435,475,528,517,497,544
西北大学,陕西,西安市,否,是,综合类,公办,332,479,454,488,463,405
长安大学,陕西,西安市,否,是,理工类,公办,444,466,463,493,467,504
云南大学,云南,昆明市,否,是,综合类,公办,411,493,440,445,460,513
大连海事大学,辽宁,大连市,否,是,理工类,公办,425,445,445,491,468,499
北京大学,北京,北京市,是,是,综合类,公办,634,605,621,598,627,623
