﻿名称,省,市,985,211,学校类型,学校属性,2023年理科录取分数,2023年文科录取分数,2022年理科录取分数,2022年文科录取分数,2021年理科录取分数,2021年文科录取分数
烟台科技学院,山东,烟台市,否,否,综合类,民办,440,461,445,497,430,536
江苏海洋大学,江苏,连云港市,否,否,理工类,公办,528,534,526,544,513,580
江西软件职业技术大学,江西,南昌市,否,否,理工类,民办,213,239,211,322,230,268
安徽艺术学院,安徽,合肥市,否,否,艺术类,公办,452,472,459,504,441,538
复旦大学上海医学院,上海,上海市,是,是,医药类,公办,655,576,636,573,676,622
郑州西亚斯学院,河南,郑州市,否,否,综合类,民办,450,468,458,501,433,535
西藏农牧学院,西藏,林芝市,否,否,农林类,公办,446,463,451,503,434,528
南京审计大学金审学院,江苏,南京市,否,否,财经类,民办,466,477,479,514,473,556
中国石油大学（北京）克拉玛依校区,新疆,克拉玛依市,否,是,理工类,公办,557,541,546,549,547,585
深圳技术大学,广东,深圳市,否,否,理工类,公办,571,542,560,550,565,588
中国社会科学院大学,北京,北京市,否,否,综合类,公办,626,590,618,586,634,631
温州肯恩大学,浙江,温州市,否,否,综合类,中外合作办学,516,512,510,530,501,569
合肥工业大学宣城校区,安徽,宣城市,否,是,综合类,公办,595,567,593,565,589,606
中国人民大学（苏州校区）,江苏,苏州市,是,是,综合类,公办,636,604,625,592,636,630
江苏第二师范学院,江苏,南京市,否,否,师范类,公办,486,499,495,529,490,570
河北中医药大学,河北,石家庄市,否,否,医药类,公办,466,510,435,525,476,562
山东农业工程学院,山东,济南市,否,否,农林类,公办,459,481,462,509,444,544
山东管理学院,山东,济南市,否,否,综合类,公办,475,476,483,517,471,553
四川电影电视学院,四川,成都市,否,否,艺术类,民办,432,458,440,494,422,524
张家口学院,河北,张家口市,否,否,综合类,公办,447,481,467,507,454,543
南昌师范学院,江西,南昌市,否,否,师范类,公办,472,494,491,521,487,558
江西服装学院,江西,南昌市,否,否,艺术类,民办,427,440,436,480,415,519
成都师范学院,四川,成都市,否,否,师范类,公办,462,497,492,524,488,561
山西传媒学院,山西,晋中市,否,否,艺术类,公办,433,469,470,501,460,543
河北环境工程学院,河北,秦皇岛市,否,否,理工类,公办,427,468,466,503,452,540
华北理工大学冀唐学院,河北,唐山市,否,否,医药类,民办,455,470,446,501,472,537
南昌工学院,江西,南昌市,否,否,理工类,民办,431,462,435,492,433,526
河北科技学院,河北,唐山市,否,否,理工类,民办,432,451,437,482,432,520
山西工商学院,山西,太原市,否,否,财经类,民办,433,460,435,494,433,531
安徽外国语学院,安徽,合肥市,否,否,语言类,民办,427,440,435,484,415,524
福州外语外贸学院,福建,福州市,否,否,财经类,民办,427,440,435,480,419,528
山东协和学院,山东,济南市,否,否,医药类,民办,436,459,435,492,435,528
郑州升达经贸管理学院,河南,郑州市,否,否,财经类,民办,444,467,444,497,419,533
广东科技学院,广东,东莞市,否,否,综合类,民办,442,443,448,484,430,522
广西外国语学院,广西,南宁市,否,否,语言类,民办,428,440,443,484,423,524
华北理工大学轻工学院,河北,唐山市,否,否,理工类,民办,436,450,436,493,429,530
陕西学前师范学院,陕西,西安市,否,否,师范类,公办,469,491,461,516,477,553
天津外国语大学滨海外事学院,天津,天津市,否,否,语言类,民办,444,456,442,487,416,538
浙江外国语学院,浙江,杭州市,否,否,语言类,公办,483,493,496,527,491,567
新疆政法学院,新疆,自治区直辖县级行政区划,否,否,政法类,公办,448,472,456,502,428,532
内蒙古科技大学包头师范学院,内蒙古,包头市,否,否,师范类,公办,446,477,458,506,442,543
北京第二外国语学院,北京,北京市,否,否,语言类,公办,553,505,559,570,572,612
山东青年政治学院,山东,济南市,否,否,综合类,公办,463,492,474,518,464,554
齐鲁师范学院,山东,济南市,否,否,师范类,公办,479,491,481,513,483,559
福建江夏学院,福建,福州市,否,否,财经类,公办,469,490,484,522,476,557
宁夏大学新华学院,宁夏,银川市,否,否,综合类,民办,428,453,449,491,429,527
兴义民族师范学院,贵州,黔西南布依族苗族自治州,否,否,师范类,公办,449,474,462,504,446,539
西安科技大学高新学院,陕西,西安市,否,否,理工类,民办,436,452,439,487,418,523
西安明德理工学院,陕西,西安市,否,否,综合类,民办,434,442,437,483,419,521
南通大学杏林学院,江苏,南通市,否,否,综合类,民办,450,470,453,501,430,537
江苏科技大学苏州理工学院,江苏,苏州市,否,否,理工类,民办,456,470,466,502,454,540
南京邮电大学通达学院,江苏,扬州市,否,否,综合类,民办,472,467,480,505,470,542
江苏师范大学科文学院,江苏,徐州市,否,否,综合类,民办,451,471,457,504,433,538
扬州大学广陵学院,江苏,扬州市,否,否,综合类,民办,456,477,462,503,459,549
苏州科技大学天平学院,江苏,苏州市,否,否,综合类,民办,436,461,470,504,461,543
苏州大学应用技术学院,江苏,苏州市,否,否,综合类,民办,470,469,479,499,470,541
苏州城市学院,江苏,苏州市,否,否,综合类,公办,496,503,499,525,490,561
南京师范大学中北学院,江苏,镇江市,否,否,综合类,民办,453,448,458,514,449,556
南京工业大学浦江学院,江苏,南京市,否,否,理工类,民办,455,468,463,502,452,541
南京传媒学院,江苏,南京市,否,否,艺术类,民办,456,441,483,516,429,561
南京航空航天大学金城学院,江苏,南京市,否,否,理工类,民办,456,471,461,500,447,524
南京理工大学紫金学院,江苏,南京市,否,否,理工类,民办,472,485,485,512,477,550
哈尔滨石油学院,黑龙江,哈尔滨市,否,否,理工类,民办,428,442,439,480,416,519
哈尔滨剑桥学院,黑龙江,哈尔滨市,否,否,综合类,民办,427,440,435,480,415,519
昆明理工大学津桥学院,云南,昆明市,否,否,理工类,民办,427,450,442,495,435,531
丽江文化旅游学院,云南,丽江市,否,否,综合类,民办,427,440,435,481,415,521
滇池学院,云南,昆明市,否,否,综合类,民办,433,464,438,493,432,525
聊城大学东昌学院,山东,聊城市,否,否,综合类,民办,445,464,448,494,420,533
齐鲁理工学院,山东,济南市,否,否,综合类,民办,434,443,438,483,423,520
青岛农业大学海都学院,山东,烟台市,否,否,综合类,民办,445,460,443,495,436,531
青岛工学院,山东,青岛市,否,否,综合类,民办,446,457,452,491,438,525
泰山科技学院,山东,泰安市,否,否,理工类,民办,428,448,437,484,422,520
西南交通大学希望学院,四川,成都市,否,否,综合类,民办,447,464,452,496,426,530
西南财经大学天府学院,四川,绵阳市,否,否,财经类,民办,447,467,437,499,437,534
四川大学锦江学院,四川,眉山市,否,否,综合类,民办,447,462,450,494,433,538
四川文化艺术学院,四川,绵阳市,否,否,艺术类,民办,427,457,435,493,430,529
绵阳城市学院,四川,绵阳市,否,否,理工类,民办,443,459,444,492,416,528
成都锦城学院,四川,成都市,否,否,综合类,民办,449,470,457,502,429,539
成都外国语学院,四川,成都市,否,否,语言类,民办,448,459,451,496,429,539
成都银杏酒店管理学院,四川,成都市,否,否,财经类,民办,435,451,439,490,430,530
成都理工大学工程技术学院,四川,乐山市,否,否,理工类,民办,447,465,449,497,422,535
成都大学,四川,成都市,否,否,综合类,公办,496,497,500,531,503,570
新疆科技学院,新疆,巴音郭楞蒙古自治州,否,否,财经类,公办,445,468,454,498,436,535
电子科技大学中山学院,广东,中山市,否,否,理工类,民办,444,441,450,490,431,526
衡阳师范学院南岳学院,湖南,衡阳市,否,否,师范类,民办,448,465,456,497,445,533
湖南中医药大学湘杏学院,湖南,岳阳市,否,否,医药类,民办,462,482,464,506,465,544
湖南理工学院南湖学院,湖南,岳阳市,否,否,理工类,民办,449,474,453,501,417,539
南华大学船山学院,湖南,衡阳市,否,否,综合类,民办,444,471,448,500,443,538
湘潭大学兴湘学院,湖南,湘潭市,否,否,综合类,民办,450,470,455,500,431,537
湖南科技大学潇湘学院,湖南,湘潭市,否,否,综合类,民办,447,456,457,501,456,539
长沙理工大学城南学院,湖南,长沙市,否,否,理工类,民办,450,471,451,502,449,539
湖南农业大学东方科技学院,湖南,长沙市,否,否,综合类,民办,447,468,450,500,428,536
湘潭理工学院,湖南,湘潭市,否,否,理工类,民办,432,455,437,489,430,531
湖南第一师范学院,湖南,长沙市,否,否,师范类,公办,481,508,493,525,490,562
武汉传媒学院,湖北,武汉市,否,否,艺术类,民办,348,360,458,482,276,452
湖北恩施学院,湖北,恩施土家族苗族自治州,否,否,综合类,民办,454,465,459,495,443,528
湖北工程学院新技术学院,湖北,孝感市,否,否,综合类,民办,445,466,436,488,436,536
武汉文理学院,湖北,武汉市,否,否,综合类,民办,448,468,458,499,443,538
郑州商学院,河南,郑州市,否,否,财经类,民办,444,465,449,497,425,533
南昌应用技术师范学院,江西,南昌市,否,否,师范类,民办,445,468,451,499,415,532
景德镇艺术职业大学,江西,景德镇市,否,否,艺术类,民办,435,452,437,485,283,522
赣南师范大学科技学院,江西,赣州市,否,否,师范类,民办,447,471,441,501,441,537
江西财经大学现代经济管理学院,江西,九江市,否,否,财经类,民办,447,468,448,498,440,533
南昌医学院,江西,南昌市,否,否,医药类,公办,475,490,495,523,480,559
南昌航空大学科技学院,江西,九江市,否,否,理工类,民办,448,470,436,499,444,532
赣东学院,江西,抚州市,否,否,综合类,公办,460,474,465,505,449,540
赣南科技学院,江西,赣州市,否,否,理工类,公办,464,478,468,505,450,542
南昌交通学院,江西,南昌市,否,否,理工类,民办,444,460,441,490,415,522
江西师范大学科学技术学院,江西,九江市,否,否,综合类,民办,447,471,446,502,442,539
江西农业大学南昌商学院,江西,九江市,否,否,综合类,民办,447,468,451,498,429,534
南昌大学科学技术学院,江西,九江市,否,否,综合类,民办,448,467,453,501,428,537
厦门工学院,福建,厦门市,否,否,理工类,民办,442,457,444,498,441,537
皖江工学院,安徽,马鞍山市,否,否,理工类,民办,428,447,435,485,415,520
阜阳理工学院,安徽,阜阳市,否,否,综合类,民办,448,470,452,500,438,535
安徽信息工程学院,安徽,芜湖市,否,否,理工类,民办,429,453,435,492,420,529
合肥城市学院,安徽,合肥市,否,否,理工类,民办,427,462,435,496,422,531
淮北理工学院,安徽,淮北市,否,否,理工类,民办,436,461,439,492,423,526
蚌埠工商学院,安徽,蚌埠市,否,否,财经类,民办,437,457,443,494,426,529
马鞍山学院,安徽,马鞍山市,否,否,理工类,民办,441,454,442,493,428,531
安徽医科大学临床医学院,安徽,合肥市,否,否,医药类,独立学院,451,469,449,500,452,534
合肥经济学院,安徽,合肥市,否,否,财经类,民办,445,466,449,498,432,534
芜湖学院,安徽,芜湖市,否,否,综合类,民办,449,472,455,502,441,538
浙江越秀外国语学院,浙江,绍兴市,否,否,语言类,民办,428,440,435,484,415,527
宁波财经学院,浙江,宁波市,否,否,财经类,民办,442,452,453,498,442,535
上海财经大学浙江学院,浙江,金华市,否,否,财经类,民办,440,466,462,492,465,549
温州商学院,浙江,温州市,否,否,财经类,民办,435,455,450,495,438,532
浙江财经大学东方学院,浙江,嘉兴市,否,否,财经类,民办,444,471,447,500,415,542
浙江工商大学杭州商学院,浙江,杭州市,否,否,财经类,民办,450,463,464,483,449,550
温州理工学院,浙江,温州市,否,否,理工类,公办,486,496,492,521,474,554
绍兴文理学院元培学院,浙江,绍兴市,否,否,综合类,民办,436,465,435,497,435,533
湖州学院,浙江,湖州市,否,否,综合类,公办,482,491,485,520,462,549
宁波大学科学技术学院,浙江,宁波市,否,否,综合类,民办,450,469,456,504,450,540
浙江师范大学行知学院,浙江,金华市,否,否,综合类,民办,449,471,451,503,418,537
浙江工业大学之江学院,浙江,绍兴市,否,否,理工类,民办,451,463,454,480,439,545
浙大城市学院,浙江,杭州市,否,否,综合类,公办,525,497,545,550,544,589
广西中医药大学赛恩斯新医药学院,广西,南宁市,否,否,医药类,民办,448,467,449,497,440,533
广西民族大学相思湖学院,广西,南宁市,否,否,民族类,民办,442,464,438,495,433,532
柳州工学院,广西,柳州市,否,否,理工类,民办,427,440,435,488,422,524
桂林信息科技学院,广西,桂林市,否,否,理工类,民办,427,440,435,483,419,526
桂林学院,广西,桂林市,否,否,综合类,民办,439,464,441,498,432,534
兰州工商学院,甘肃,兰州市,否,否,财经类,民办,432,459,445,493,415,528
辽宁财贸学院,辽宁,葫芦岛市,否,否,财经类,民办,427,440,435,480,415,519
大连东软信息学院,辽宁,大连市,否,否,理工类,民办,430,440,436,480,421,519
沈阳科技学院,辽宁,沈阳市,否,否,理工类,民办,428,440,436,482,419,520
大连医科大学中山学院,辽宁,大连市,否,否,医药类,民办,455,454,471,493,415,530
辽宁中医药大学杏林学院,辽宁,沈阳市,否,否,医药类,民办,448,466,438,496,446,532
辽宁师范大学海华学院,辽宁,大连市,否,否,综合类,民办,427,457,438,488,424,523
大连科技学院,辽宁,大连市,否,否,理工类,民办,438,251,439,233,420,253
沈阳城市学院,辽宁,沈阳市,否,否,综合类,民办,427,442,435,483,416,525
山西晋中理工学院,山西,晋中市,否,否,理工类,民办,446,461,450,494,429,529
晋中信息学院,山西,晋中市,否,否,理工类,民办,449,464,453,496,416,531
长春财经学院,吉林,长春市,否,否,财经类,民办,427,446,435,485,415,519
天津天狮学院,天津,天津市,否,否,综合类,民办,427,444,435,485,428,530
天津财经大学珠江学院,天津,天津市,否,否,综合类,民办,438,460,437,499,436,536
天津理工大学中环信息学院,天津,天津市,否,否,综合类,民办,444,464,445,497,427,532
北京科技大学天津学院,天津,天津市,否,否,综合类,民办,445,453,448,498,440,538
天津医科大学临床医学院,天津,天津市,否,否,医药类,民办,451,466,457,497,426,533
天津商业大学宝德学院,天津,天津市,否,否,财经类,民办,439,457,437,495,422,531
民政职业大学,北京,北京市,否,否,政法类,公办,387,384,410,438,376,446
宁夏理工学院,宁夏,石嘴山市,否,否,理工类,民办,427,449,435,487,422,524
西安交通工程学院,陕西,西安市,否,否,理工类,民办,449,459,452,494,441,530
西安信息职业大学,陕西,西安市,否,否,理工类,民办,433,447,445,486,427,412
西安汽车职业大学,陕西,西安市,否,否,理工类,民办,427,440,435,481,421,519
西安欧亚学院,陕西,西安市,否,否,财经类,民办,427,447,435,488,417,524
陕西国际商贸学院,陕西,咸阳市,否,否,财经类,民办,428,449,435,487,418,524
陕西科技大学镐京学院,陕西,咸阳市,否,否,理工类,民办,429,440,436,483,417,519
无锡太湖学院,江苏,无锡市,否,否,综合类,民办,436,448,448,497,439,533
云南经济管理学院,云南,昆明市,否,否,财经类,民办,431,452,440,483,416,519
昆明文理学院,云南,昆明市,否,否,师范类,民办,435,464,438,497,420,532
昭通学院,云南,昭通市,否,否,综合类,公办,447,475,466,504,449,539
青岛黄海学院,山东,青岛市,否,否,综合类,民办,438,446,443,482,424,524
山东华宇工学院,山东,德州市,否,否,理工类,民办,427,441,435,482,417,519
山东现代学院,山东,济南市,否,否,综合类,民办,438,457,440,489,416,524
山东外事职业大学,山东,威海市,否,否,综合类,民办,248,218,223,246,214,241
山东工程职业技术大学,山东,济南市,否,否,理工类,民办,427,442,437,482,423,523
山东外国语职业技术大学,山东,日照市,否,否,语言类,民办,427,440,435,482,417,519
青岛恒星科技学院,山东,青岛市,否,否,综合类,民办,427,441,435,481,416,519
烟台南山学院,山东,烟台市,否,否,综合类,民办,438,453,435,491,428,531
齐鲁医药学院,山东,淄博市,否,否,医药类,民办,453,467,455,505,429,537
潍坊科技学院,山东,潍坊市,否,否,综合类,民办,443,461,435,495,436,531
山东英才学院,山东,济南市,否,否,综合类,民办,427,440,435,480,416,520
济宁学院,山东,济宁市,否,否,综合类,公办,453,441,461,508,430,545
新疆天山职业技术大学,新疆,乌鲁木齐市,否,否,综合类,民办,431,444,436,486,422,523
新疆工程学院,新疆,乌鲁木齐市,否,否,理工类,公办,448,466,453,501,438,535
广东外语外贸大学南国商学院,广东,广州市,否,否,综合类,民办,454,448,449,483,431,531
广州城市理工学院,广东,广州市,否,否,理工类,民办,429,441,435,487,420,522
广州华立学院,广东,广州市,否,否,理工类,民办,434,473,443,481,429,522
广州商学院,广东,广州市,否,否,财经类,民办,437,450,435,481,425,533
广东轻工职业技术大学,广东,广州市,否,否,理工类,公办,424,430,421,475,358,496
湖南软件职业技术大学,湖南,湘潭市,否,否,理工类,民办,276,219,279,257,251,245
湖南应用技术学院,湖南,常德市,否,否,综合类,民办,431,452,438,480,418,530
湖南医药学院,湖南,怀化市,否,否,医药类,公办,492,486,479,508,501,554
湖南财政经济学院,湖南,长沙市,否,否,财经类,公办,467,446,493,523,487,560
湖南工学院,湖南,衡阳市,否,否,理工类,公办,470,481,487,510,479,551
武汉生物工程学院,湖北,武汉市,否,否,理工类,民办,447,468,454,500,451,536
武汉晴川学院,湖北,武汉市,否,否,综合类,民办,427,457,461,494,444,537
长江大学文理学院,湖北,荆州市,否,否,综合类,民办,445,460,439,485,437,538
湖北文理学院理工学院,湖北,襄阳市,否,否,理工类,民办,453,464,458,495,439,525
湖北师范大学文理学院,湖北,黄石市,否,否,师范类,民办,444,469,450,502,438,539
武昌工学院,湖北,武汉市,否,否,综合类,民办,443,459,442,495,440,531
湖北商贸学院,湖北,武汉市,否,否,财经类,民办,428,456,449,485,436,532
湖北工业大学工程技术学院,湖北,武汉市,否,否,综合类,民办,448,461,451,492,432,537
武汉工商学院,湖北,武汉市,否,否,综合类,民办,444,465,449,495,439,540
湖北大学知行学院,湖北,武汉市,否,否,理工类,民办,446,473,454,503,416,539
郑州工程技术学院,河南,郑州市,否,否,理工类,公办,471,469,482,508,471,547
河南财政金融学院,河南,郑州市,否,否,财经类,公办,454,451,485,514,476,553
泉州信息工程学院,福建,泉州市,否,否,理工类,民办,427,441,435,485,420,524
厦门华厦学院,福建,厦门市,否,否,综合类,民办,433,449,437,495,435,538
闽南理工学院,福建,泉州市,否,否,理工类,民办,427,441,435,486,419,523
福建农林大学金山学院,福建,福州市,否,否,综合类,民办,435,458,435,493,431,530
福州大学至诚学院,福建,福州市,否,否,综合类,民办,444,468,440,500,432,537
闽南科技学院,福建,泉州市,否,否,理工类,民办,427,445,436,485,425,527
福州工商学院,福建,福州市,否,否,财经类,民办,427,450,435,487,419,524
福建师范大学协和学院,福建,福州市,否,否,综合类,民办,439,469,435,500,435,536
阳光学院,福建,福州市,否,否,综合类,民办,427,443,436,491,415,527
厦门大学嘉庚学院,福建,漳州市,否,否,综合类,民办,451,470,456,500,416,550
福建警察学院,福建,福州市,否,否,政法类,公办,472,497,484,519,476,557
武夷学院,福建,南平市,否,否,综合类,公办,466,441,471,511,454,551
安徽文达信息工程学院,安徽,合肥市,否,否,理工类,民办,428,444,435,484,420,521
安徽新华学院,安徽,合肥市,否,否,综合类,民办,433,447,437,483,417,519
安徽三联学院,安徽,合肥市,否,否,理工类,民办,428,440,435,480,415,519
合肥师范学院,安徽,合肥市,否,否,师范类,公办,495,506,499,530,497,567
池州学院,安徽,池州市,否,否,综合类,公办,457,475,464,507,450,542
蚌埠学院,安徽,蚌埠市,否,否,理工类,公办,482,481,463,509,449,544
浙江广厦建设职业技术大学,浙江,金华市,否,否,理工类,民办,428,440,435,480,217,203
浙江树人学院,浙江,杭州市,否,否,综合类,民办,442,460,443,495,439,532
金华职业技术大学,浙江,金华市,否,否,综合类,公办,425,436,432,479,401,514
南宁学院,广西,南宁市,否,否,理工类,民办,427,451,447,490,438,529
桂林旅游学院,广西,桂林市,否,否,财经类,公办,451,472,458,491,438,543
桂林航天工业学院,广西,桂林市,否,否,理工类,公办,472,463,484,508,476,546
兰州文理学院,甘肃,兰州市,否,否,综合类,公办,437,470,472,505,459,542
辽宁传媒学院,辽宁,沈阳市,否,否,艺术类,民办,430,440,435,480,415,519
沈阳工学院,辽宁,抚顺市,否,否,理工类,民办,430,440,435,482,418,519
朝阳师范学院,辽宁,朝阳市,否,否,师范类,公办,368,336,343,414,232,450
太原学院,山西,太原市,否,否,综合类,公办,427,471,465,503,461,544
吕梁学院,山西,吕梁市,否,否,综合类,公办,451,476,461,505,444,541
长春人文学院,吉林,长春市,否,否,综合类,民办,427,467,435,496,416,531
吉林警察学院,吉林,长春市,否,否,政法类,公办,469,489,480,513,474,551
吉林工商学院,吉林,长春市,否,否,财经类,公办,453,442,459,507,421,544
天津仁爱学院,天津,天津市,否,否,综合类,民办,431,457,438,494,415,529
六盘水师范学院,贵州,六盘水市,否,否,师范类,公办,441,473,461,504,449,539
河北工程大学科信学院,河北,邯郸市,否,否,理工类,民办,448,470,448,500,436,531
石家庄铁道大学四方学院,河北,石家庄市,否,否,理工类,民办,456,467,466,497,456,526
贵州师范学院,贵州,贵阳市,否,否,师范类,公办,456,484,464,514,437,551
贵州商学院,贵州,贵阳市,否,否,财经类,公办,444,455,460,505,433,540
延安大学西安创新学院,陕西,西安市,否,否,综合类,民办,427,457,437,488,425,526
常州大学怀德学院,江苏,泰州市,否,否,理工类,民办,453,468,457,500,441,537
大连财经学院,辽宁,大连市,否,否,财经类,民办,440,456,438,493,431,528
南通理工学院,江苏,南通市,否,否,综合类,民办,428,440,452,494,441,531
山东财经大学东方学院,山东,泰安市,否,否,综合类,民办,443,463,443,496,435,535
河北东方学院,河北,廊坊市,否,否,综合类,民办,436,457,441,491,429,530
信阳学院,河南,信阳市,否,否,综合类,民办,445,473,456,504,440,539
琼台师范学院,海南,海口市,否,否,师范类,公办,431,478,473,508,455,543
亳州学院,安徽,亳州市,否,否,综合类,公办,454,476,461,505,445,540
河南城建学院,河南,平顶山市,否,否,理工类,公办,455,464,461,505,422,541
郑州工业应用技术学院,河南,郑州市,否,否,理工类,民办,441,461,443,494,434,530
荆楚理工学院,湖北,荆门市,否,否,理工类,公办,445,477,481,505,470,537
重庆第二师范学院,重庆,重庆市,否,否,师范类,公办,474,501,493,524,484,561
重庆电子科技职业大学,重庆,重庆市,否,否,理工类,公办,419,385,419,395,363,502
重庆工商大学派斯学院,重庆,重庆市,否,否,财经类,民办,441,463,450,497,442,535
重庆财经学院,重庆,重庆市,否,否,财经类,民办,471,471,479,506,465,544
重庆外语外事学院,重庆,重庆市,否,否,语言类,民办,445,467,449,498,448,540
重庆对外经贸学院,重庆,重庆市,否,否,财经类,民办,441,468,448,501,443,537
上海视觉艺术学院,上海,上海市,否,否,艺术类,民办,461,477,474,496,456,563
珠海科技学院,广东,珠海市,否,否,综合类,民办,448,457,453,500,417,538
烟台理工学院,山东,烟台市,否,否,综合类,民办,448,465,450,493,424,521
南京师范大学泰州学院,江苏,泰州市,否,否,师范类,民办,448,479,462,510,447,548
江苏大学京江学院,江苏,镇江市,否,否,综合类,民办,454,479,456,503,420,539
长春工业大学人文信息学院,吉林,长春市,否,否,综合类,民办,427,440,435,481,416,519
西安财经大学行知学院,陕西,西安市,否,否,财经类,民办,439,448,438,495,435,531
长春建筑学院,吉林,长春市,否,否,理工类,民办,427,441,435,481,416,524
无锡学院,江苏,无锡市,否,否,理工类,公办,499,511,500,526,492,563
北京中医药大学东方学院,河北,廊坊市,否,否,医药类,民办,450,470,456,501,416,536
青岛城市学院,山东,青岛市,否,否,理工类,民办,438,450,439,487,415,524
四川工商学院,四川,成都市,否,否,综合类,民办,445,468,451,500,419,536
海口经济学院,海南,海口市,否,否,综合类,民办,424,420,435,480,415,519
广西艺术学院,广西,南宁市,否,否,艺术类,公办,445,466,453,499,460,535
吉林动画学院,吉林,长春市,否,否,艺术类,民办,427,442,435,482,415,523
湖北第二师范学院,湖北,武汉市,否,否,师范类,公办,476,488,489,522,486,560
浙江机电职业技术大学,浙江,杭州市,否,否,理工类,公办,420,325,419,448,298,484
西交利物浦大学,江苏,苏州市,否,否,综合类,中外合作办学,541,528,530,542,531,578
三亚学院,海南,三亚市,否,否,综合类,民办,432,448,447,493,432,530
河南开封科技传媒学院,河南,开封市,否,否,综合类,民办,439,463,436,494,419,534
河南工程学院,河南,郑州市,否,否,理工类,公办,457,461,481,510,472,555
武汉纺织大学外经贸学院,湖北,武汉市,否,否,综合类,民办,442,459,442,490,420,522
大连理工大学城市学院,辽宁,大连市,否,否,理工类,民办,427,449,435,489,422,527
上海外国语大学贤达经济人文学院,上海,上海市,否,否,财经类,民办,427,440,436,480,415,520
北京理工大学珠海学院,广东,珠海市,否,否,理工类,民办,471,478,478,509,470,547
广州应用科技学院,广东,广州市,否,否,综合类,民办,431,448,438,482,415,519
大连工业大学艺术与信息工程学院,辽宁,大连市,否,否,理工类,民办,428,440,439,480,417,519
广州新华学院,广东,广州市,否,否,综合类,民办,436,455,441,492,418,528
武汉体育学院体育科技学院,湖北,武汉市,否,否,体育类,民办,430,456,441,495,425,532
山东政法学院,山东,济南市,否,否,政法类,公办,484,501,495,530,487,565
昆明医科大学海源学院,云南,昆明市,否,否,医药类,民办,461,467,469,497,445,532
吉林师范大学博达学院,吉林,四平市,否,否,师范类,民办,430,442,440,484,415,521
北京师范大学-香港浸会大学联合国际学院,广东,珠海市,否,否,综合类,内地与港澳台地区合作办学,531,522,522,535,523,573
长春科技学院,吉林,长春市,否,否,综合类,民办,428,440,435,481,416,519
兰州城市学院,甘肃,兰州市,否,否,综合类,公办,452,472,457,504,447,540
西安医学院,陕西,西安市,否,否,医药类,公办,559,485,549,513,544,551
菏泽学院,山东,菏泽市,否,否,综合类,公办,453,480,461,509,436,544
安康学院,陕西,安康市,否,否,综合类,公办,433,477,484,505,462,542
三明学院,福建,三明市,否,否,综合类,公办,460,472,474,505,457,535
长治学院,山西,长治市,否,否,综合类,公办,438,475,467,506,455,540
北部湾大学,广西,钦州市,否,否,综合类,公办,462,488,473,513,466,552
丽水学院,浙江,丽水市,否,否,综合类,公办,437,494,491,522,483,559
梧州学院,广西,梧州市,否,否,综合类,公办,453,472,456,494,448,543
龙岩学院,福建,龙岩市,否,否,综合类,公办,456,470,476,507,468,545
海南热带海洋学院,海南,三亚市,否,否,综合类,公办,455,472,469,496,460,550
滁州学院,安徽,滁州市,否,否,综合类,公办,486,502,491,524,464,553
青岛滨海学院,山东,青岛市,否,否,综合类,民办,436,450,438,489,431,526
辽宁对外经贸学院,辽宁,大连市,否,否,财经类,民办,427,441,435,480,415,519
长沙医学院,湖南,长沙市,否,否,医药类,民办,498,487,502,520,497,559
贵州工程应用技术学院,贵州,毕节市,否,否,师范类,公办,453,470,458,502,448,538
重庆人文科技学院,重庆,重庆市,否,否,综合类,民办,428,471,457,497,447,537
山东大学（威海）,山东,威海市,是,是,综合类,公办,629,598,613,588,620,630
宁波诺丁汉大学,浙江,宁波市,否,否,综合类,中外合作办学,550,532,538,536,538,576
上海师范大学天华学院,上海,上海市,否,否,综合类,民办,427,440,435,480,416,523
集美大学诚毅学院,福建,厦门市,否,否,综合类,民办,450,469,453,496,415,551
山东航空学院,山东,滨州市,否,否,综合类,公办,462,459,457,518,455,557
信阳农林学院,河南,信阳市,否,否,农林类,公办,453,452,458,505,447,543
安徽中医药大学,安徽,合肥市,否,否,医药类,公办,516,516,517,529,517,570
南京财经大学红山学院,江苏,镇江市,否,否,综合类,民办,453,473,456,503,418,541
宁波工程学院,浙江,宁波市,否,否,理工类,公办,483,495,495,522,486,556
湖南涉外经济学院,湖南,长沙市,否,否,财经类,民办,427,441,435,484,415,527
西京学院,陕西,西安市,否,否,理工类,民办,440,456,445,493,437,529
西安翻译学院,陕西,西安市,否,否,语言类,民办,431,461,438,493,438,530
常熟理工学院,江苏,苏州市,否,否,理工类,公办,485,495,492,523,487,561
宿州学院,安徽,宿州市,否,否,综合类,公办,483,495,463,507,446,540
三江学院,江苏,南京市,否,否,综合类,民办,430,443,459,503,441,542
洛阳理工学院,河南,洛阳市,否,否,理工类,公办,476,465,488,517,478,554
武汉城市学院,湖北,武汉市,否,否,理工类,民办,446,459,449,496,426,535
武汉学院,湖北,武汉市,否,否,综合类,民办,449,467,451,505,422,545
辽宁理工学院,辽宁,锦州市,否,否,理工类,民办,428,447,439,486,418,523
武汉东湖学院,湖北,武汉市,否,否,综合类,民办,448,463,446,494,423,521
武昌理工学院,湖北,武汉市,否,否,综合类,民办,445,457,449,491,415,531
郑州工商学院,河南,郑州市,否,否,财经类,民办,447,469,452,499,439,534
东南大学成贤学院,江苏,南京市,否,否,综合类,民办,467,471,459,486,428,549
武汉工程科技学院,湖北,武汉市,否,否,理工类,民办,445,458,444,491,415,521
山东中医药大学,山东,济南市,否,否,医药类,公办,486,492,491,520,485,558
南京特殊教育师范学院,江苏,南京市,否,否,师范类,公办,455,492,484,522,480,558
电子科技大学成都学院,四川,成都市,否,否,理工类,民办,469,467,483,498,477,535
陕西警察学院,陕西,西安市,否,否,政法类,公办,402,357,368,376,279,401
中国矿业大学徐海学院,江苏,徐州市,否,否,综合类,民办,452,472,457,502,434,538
郑州财经学院,河南,郑州市,否,否,财经类,民办,443,468,447,500,441,535
三峡大学科技学院,湖北,宜昌市,否,否,综合类,民办,453,468,451,499,438,535
郑州经贸学院,河南,郑州市,否,否,财经类,民办,450,465,452,496,430,530
汉口学院,湖北,武汉市,否,否,综合类,民办,442,472,447,501,416,537
武昌首义学院,湖北,武汉市,否,否,理工类,民办,449,468,455,497,424,523
西安航空学院,陕西,西安市,否,否,理工类,公办,466,475,484,495,474,555
武汉华夏理工学院,湖北,武汉市,否,否,理工类,民办,442,452,442,497,438,533
广州南方学院,广东,广州市,否,否,综合类,民办,432,454,438,489,420,528
天水师范学院,甘肃,天水市,否,否,师范类,公办,444,478,459,505,442,541
陇东学院,甘肃,庆阳市,否,否,综合类,公办,451,470,458,503,443,542
上海电机学院,上海,上海市,否,否,理工类,公办,546,509,543,531,555,569
塔里木大学,新疆,自治区直辖县级行政区划,否,否,综合类,公办,456,465,460,503,445,536
榆林学院,陕西,榆林市,否,否,综合类,公办,447,477,462,505,452,540
曲靖师范学院,云南,曲靖市,否,否,师范类,公办,453,459,452,503,458,537
乐山师范学院,四川,乐山市,否,否,师范类,公办,453,475,462,505,418,537
宜宾学院,四川,宜宾市,否,否,综合类,公办,469,468,478,506,466,543
内江师范学院,四川,内江市,否,否,师范类,公办,465,486,482,519,460,544
绵阳师范学院,四川,绵阳市,否,否,师范类,公办,450,489,478,517,470,554
文华学院,湖北,武汉市,否,否,综合类,民办,448,469,451,500,418,535
重庆工商大学,重庆,重庆市,否,否,财经类,公办,513,496,501,549,557,595
湖南人文科技学院,湖南,娄底市,否,否,综合类,公办,461,486,465,513,450,549
浙江传媒学院,浙江,杭州市,否,否,艺术类,公办,480,492,501,528,498,576
南京工业职业技术大学,江苏,南京市,否,否,理工类,公办,482,487,484,510,390,512
淮阴师范学院,江苏,淮安市,否,否,师范类,公办,470,498,481,523,467,559
绥化学院,黑龙江,绥化市,否,否,综合类,公办,451,471,458,503,444,539
哈尔滨师范大学,黑龙江,哈尔滨市,否,否,师范类,公办,452,444,484,521,478,559
厦门理工学院,福建,厦门市,否,否,理工类,公办,493,456,500,525,495,561
湖北经济学院法商学院,湖北,武汉市,否,否,财经类,民办,442,453,441,495,434,533
徐州工程学院,江苏,徐州市,否,否,综合类,公办,481,484,492,522,485,557
金陵科技学院,江苏,南京市,否,否,理工类,公办,499,497,499,523,495,561
吉林医药学院,吉林,吉林市,否,否,医药类,公办,471,471,486,503,453,537
广西财经学院,广西,南宁市,否,否,财经类,公办,446,490,483,515,475,554
黑河学院,黑龙江,黑河市,否,否,综合类,公办,452,472,459,504,444,538
昆明学院,云南,昆明市,否,否,综合类,公办,457,457,449,519,473,555
西安文理学院,陕西,西安市,否,否,综合类,公办,460,485,486,518,479,556
重庆文理学院,重庆,重庆市,否,否,综合类,公办,474,447,488,522,480,557
河池学院,广西,河池市,否,否,综合类,公办,445,471,460,503,445,539
广西中医药大学,广西,南宁市,否,否,医药类,公办,475,503,489,521,483,559
广东金融学院,广东,广州市,否,否,财经类,公办,491,508,496,523,488,557
长沙学院,湖南,长沙市,否,否,综合类,公办,477,499,490,524,489,560
湖北警官学院,湖北,武汉市,否,否,政法类,公办,481,495,489,523,484,563
湖北理工学院,湖北,黄石市,否,否,理工类,公办,477,477,490,497,484,555
安庆师范大学,安徽,安庆市,否,否,师范类,公办,506,513,507,530,504,569
阜阳师范大学,安徽,阜阳市,否,否,师范类,公办,489,503,494,525,492,561
蚌埠医科大学,安徽,蚌埠市,否,否,医药类,公办,563,532,559,543,558,581
福建中医药大学,福建,福州市,否,否,医药类,公办,483,509,488,522,488,558
重庆交通大学,重庆,重庆市,否,否,理工类,公办,554,503,542,545,538,583
吉林农业科技学院,吉林,吉林市,否,否,农林类,公办,450,473,461,502,450,539
大庆师范学院,黑龙江,大庆市,否,否,师范类,公办,451,472,458,504,443,539
上海政法学院,上海,上海市,否,否,政法类,公办,546,556,547,558,565,602
上海商学院,上海,上海市,否,否,财经类,公办,530,529,530,544,519,578
武汉科技大学,湖北,武汉市,否,否,综合类,公办,576,495,568,554,565,600
中国矿业大学（北京）,北京,北京市,否,是,理工类,公办,582,574,578,574,591,619
广州科技职业技术大学,广东,广州市,否,否,综合类,民办,294,254,256,238,236,238
广东白云学院,广东,广州市,否,否,综合类,民办,427,449,435,487,424,523
广东培正学院,广东,广州市,否,否,财经类,民办,431,453,436,488,424,525
广东技术师范大学,广东,广州市,否,否,师范类,公办,477,503,489,521,486,559
肇庆学院,广东,肇庆市,否,否,师范类,公办,469,477,473,507,468,538
南方医科大学,广东,广州市,否,否,医药类,公办,597,544,600,550,575,595
贵州大学,贵州,贵阳市,否,是,综合类,公办,576,559,568,561,566,605
西南大学,重庆,重庆市,否,是,综合类,公办,588,587,585,585,599,626
攀枝花学院,四川,攀枝花市,否,否,综合类,公办,470,483,504,509,501,538
西昌学院,四川,凉山彝族自治州,否,否,综合类,公办,432,456,466,506,448,542
江西应用科技学院,江西,南昌市,否,否,综合类,民办,427,440,438,481,430,519
晋中学院,山西,晋中市,否,否,综合类,公办,451,485,460,508,450,541
山西中医药大学,山西,晋中市,否,否,医药类,公办,462,493,457,519,479,555
南昌职业大学,江西,南昌市,否,否,综合类,民办,433,444,435,483,210,519
江西职业技术大学,江西,九江市,否,否,综合类,公办,406,348,388,348,222,342
新余学院,江西,新余市,否,否,综合类,公办,459,483,469,512,463,547
景德镇学院,江西,景德镇市,否,否,综合类,公办,475,493,472,514,453,551
萍乡学院,江西,萍乡市,否,否,综合类,公办,450,475,464,505,447,540
黄淮学院,河南,驻马店市,否,否,综合类,公办,454,480,463,508,448,544
河南科技学院,河南,新乡市,否,否,综合类,公办,461,490,469,511,455,545
平顶山学院,河南,平顶山市,否,否,综合类,公办,453,470,462,505,442,540
北京信息科技大学,北京,北京市,否,否,理工类,公办,570,549,553,557,543,601
安阳师范学院,河南,安阳市,否,否,师范类,公办,477,492,484,521,473,556
信阳师范大学,河南,信阳市,否,否,师范类,公办,468,466,468,518,451,559
首都经济贸易大学,北京,北京市,否,否,财经类,公办,567,551,572,573,587,616
江西警察学院,江西,南昌市,否,否,政法类,公办,474,497,488,522,478,560
河南中医药大学,河南,郑州市,否,否,医药类,公办,479,502,487,522,488,559
豫章师范学院,江西,南昌市,否,否,师范类,公办,458,487,468,507,453,515
江西科技学院,江西,南昌市,否,否,综合类,民办,443,455,447,490,419,519
南昌理工学院,江西,南昌市,否,否,综合类,民办,445,461,447,492,416,522
南昌工程学院,江西,南昌市,否,否,理工类,公办,513,512,510,528,491,561
北京体育大学,北京,北京市,否,是,体育类,公办,567,560,559,564,570,608
西安思源学院,陕西,西安市,否,否,综合类,民办,428,464,441,497,435,533
西安外事学院,陕西,西安市,否,否,综合类,民办,438,455,441,493,430,528
天津中德应用技术大学,天津,天津市,否,否,理工类,公办,474,492,483,517,473,554
南阳理工学院,河南,南阳市,否,否,理工类,公办,464,475,466,506,445,542
安阳工学院,河南,安阳市,否,否,理工类,公办,465,473,466,504,453,540
河南师范大学,河南,新乡市,否,否,师范类,公办,538,531,537,547,523,579
中国石油大学（北京）,北京,北京市,否,是,理工类,公办,599,575,581,573,591,617
华北电力大学,北京,北京市,否,是,理工类,公办,619,583,606,581,616,623
中国地质大学（北京）,北京,北京市,否,是,理工类,公办,601,570,590,574,598,620
吉利学院,四川,成都市,否,否,理工类,民办,443,446,450,493,429,525
汉江师范学院,湖北,十堰市,否,否,师范类,公办,480,490,487,511,474,546
四川工业科技学院,四川,德阳市,否,否,综合类,民办,442,460,448,491,434,524
四川文理学院,四川,达州市,否,否,综合类,公办,452,470,460,508,421,546
四川工程职业技术大学,四川,德阳市,否,否,理工类,公办,412,359,397,416,262,426
南通大学,江苏,南通市,否,否,综合类,公办,569,557,562,559,563,602
辽宁工程技术大学,辽宁,阜新市,否,否,理工类,公办,504,504,501,527,516,569
四川旅游学院,四川,成都市,否,否,综合类,公办,458,445,468,513,468,552
成都东软学院,四川,成都市,否,否,理工类,民办,443,461,451,495,445,533
黑龙江工业学院,黑龙江,鸡西市,否,否,综合类,公办,446,470,459,502,443,537
河北外国语学院,河北,石家庄市,否,否,语言类,民办,431,453,437,489,416,526
河北工程技术学院,河北,石家庄市,否,否,理工类,民办,434,456,440,486,415,519
哈尔滨职业技术大学,黑龙江,哈尔滨市,否,否,综合类,公办,321,208,213,224,224,296
哈尔滨金融学院,黑龙江,哈尔滨市,否,否,财经类,公办,439,442,469,508,459,549
上海中侨职业技术大学,上海,上海市,否,否,财经类,民办,428,440,435,481,417,519
河北金融学院,河北,保定市,否,否,财经类,公办,431,463,488,517,480,554
邢台医学院,河北,邢台市,否,否,医药类,公办,388,309,366,435,300,466
北华航天工业学院,河北,廊坊市,否,否,理工类,公办,477,469,487,510,478,550
上海立达学院,上海,上海市,否,否,财经类,民办,428,440,436,480,416,519
上海建桥学院,上海,上海市,否,否,财经类,民办,432,448,435,488,431,528
电子科技大学,四川,成都市,是,是,理工类,公办,647,594,634,591,643,631
上海海关学院,上海,上海市,否,否,财经类,公办,603,569,584,566,540,586
防灾科技学院,河北,廊坊市,否,否,综合类,公办,476,446,488,517,479,556
沧州师范学院,河北,沧州市,否,否,师范类,公办,459,486,471,510,461,545
保定学院,河北,保定市,否,否,综合类,公办,459,448,464,514,441,555
深圳职业技术大学,广东,深圳市,否,否,综合类,公办,429,438,434,483,410,517
广东东软学院,广东,佛山市,否,否,理工类,民办,428,442,436,480,421,519
广州工商学院,广东,广州市,否,否,财经类,民办,427,441,435,481,415,520
邯郸学院,河北,邯郸市,否,否,师范类,公办,452,487,463,509,452,542
石家庄学院,河北,石家庄市,否,否,综合类,公办,432,487,479,516,466,555
衡水学院,河北,衡水市,否,否,综合类,公办,453,473,449,505,456,534
廊坊师范学院,河北,廊坊市,否,否,师范类,公办,454,463,435,507,464,544
唐山师范学院,河北,唐山市,否,否,师范类,公办,446,471,472,508,462,545
山东师范大学,山东,济南市,否,否,师范类,公办,560,550,557,557,559,601
邢台学院,河北,邢台市,否,否,综合类,公办,434,474,469,506,458,541
唐山学院,河北,唐山市,否,否,理工类,公办,447,481,468,507,468,544
石家庄铁道大学,河北,石家庄市,否,否,理工类,公办,497,533,536,544,543,583
河北地质大学,河北,石家庄市,否,否,理工类,公办,472,443,485,519,467,556
华北科技学院,河北,廊坊市,否,否,理工类,公办,476,455,486,516,483,555
河北建筑工程学院,河北,张家口市,否,否,理工类,公办,452,468,462,505,431,542
承德医学院,河北,承德市,否,否,医药类,公办,507,504,470,522,486,560
燕山大学,河北,秦皇岛市,否,否,综合类,公办,570,529,523,529,566,599
华北理工大学,河北,唐山市,否,否,综合类,公办,482,496,521,538,525,580
河北师范大学,河北,石家庄市,否,否,师范类,公办,482,504,536,549,539,590
北京语言大学,北京,北京市,否,否,语言类,公办,574,568,569,569,584,614
华北电力大学保定校区,河北,保定市,否,是,理工类,公办,613,571,597,573,604,612
北京印刷学院,北京,北京市,否,否,理工类,公办,516,526,518,542,544,579
首都师范大学,北京,北京市,否,否,师范类,公办,597,585,587,577,594,620
北京物资学院,北京,北京市,否,否,财经类,公办,522,518,521,526,545,591
首钢工学院,北京,北京市,否,否,理工类,公办,385,356,352,420,287,450
外交学院,北京,北京市,否,否,语言类,公办,627,593,616,597,619,627
北京石油化工学院,北京,北京市,否,否,综合类,公办,483,488,493,520,488,557
中国劳动关系学院,北京,北京市,否,否,政法类,公办,549,544,544,548,532,581
北京农学院,北京,北京市,否,否,农林类,公办,480,449,488,522,478,560
北京联合大学,北京,北京市,否,否,综合类,公办,485,495,499,527,491,567
北京工商大学,北京,北京市,否,否,财经类,公办,558,553,544,557,489,589
中国政法大学,北京,北京市,否,是,政法类,公办,632,613,620,595,630,639
中华女子学院,北京,北京市,否,否,语言类,公办,520,532,535,546,533,579
北京服装学院,北京,北京市,否,否,艺术类,公办,430,449,489,522,489,559
中央财经大学,北京,北京市,否,是,财经类,公办,624,603,619,592,629,635
北京城市学院,北京,北京市,否,否,综合类,民办,455,481,463,498,447,554
中国传媒大学,北京,北京市,否,是,综合类,公办,609,590,601,589,612,639
中国农业大学,北京,北京市,是,是,农林类,公办,627,600,610,592,619,634
北京化工大学,北京,北京市,否,是,理工类,公办,601,578,595,572,604,618
鲁东大学,山东,烟台市,否,否,综合类,公办,466,499,492,524,488,560
烟台大学,山东,烟台市,否,否,综合类,公办,505,524,496,530,572,601
潍坊学院,山东,潍坊市,否,否,综合类,公办,467,491,483,519,472,555
山东第一医科大学,山东,济南市,否,否,医药类,公办,526,483,486,514,456,549
泰山学院,山东,泰安市,否,否,综合类,公办,460,473,467,504,464,523
齐鲁工业大学,山东,济南市,否,否,理工类,公办,534,520,524,534,508,571
北方民族大学,宁夏,银川市,否,否,综合类,公办,483,491,487,517,485,552
宁夏大学,宁夏,银川市,否,是,综合类,公办,523,555,557,559,565,601
广西民族大学,广西,南宁市,否,否,民族类,公办,463,486,478,519,476,555
山东农业大学,山东,泰安市,否,否,农林类,公办,485,489,491,535,484,574
南宁师范大学,广西,南宁市,否,否,师范类,公办,429,491,487,521,478,558
山东理工大学,山东,淄博市,否,否,理工类,公办,483,460,501,524,493,561
桂林医学院,广西,桂林市,否,否,医药类,公办,469,492,526,511,490,552
山东科技大学,山东,青岛市,否,否,理工类,公办,558,535,554,540,564,562
广西科技大学,广西,柳州市,否,否,理工类,公办,466,480,479,501,476,551
山东财经大学,山东,济南市,否,否,财经类,公办,535,540,528,546,493,586
山东交通学院,山东,济南市,否,否,理工类,公办,477,490,489,518,483,556
桂林理工大学,广西,桂林市,否,否,理工类,公办,510,504,511,529,506,569
桂林电子科技大学,广西,桂林市,否,否,理工类,公办,568,509,557,526,559,558
广西师范大学,广西,桂林市,否,否,师范类,公办,523,533,518,543,488,561
内蒙古财经大学,内蒙古,呼和浩特市,否,否,财经类,公办,456,485,458,509,462,550
山东建筑大学,山东,济南市,否,否,理工类,公办,482,531,536,542,541,568
山东工艺美术学院,山东,济南市,否,否,艺术类,公办,446,468,452,500,445,532
山东工商学院,山东,烟台市,否,否,财经类,公办,469,466,480,519,480,556
贵州中医药大学,贵州,贵阳市,否,否,医药类,公办,485,516,483,525,485,561
贵州财经大学,贵州,贵阳市,否,否,财经类,公办,482,494,495,522,486,558
内蒙古师范大学,内蒙古,呼和浩特市,否,否,师范类,公办,428,487,483,515,477,555
海南医科大学,海南,海口市,否,否,医药类,公办,559,445,552,513,560,555
海南师范大学,海南,海口市,否,否,师范类,公办,512,530,502,540,489,570
曲阜师范大学,山东,济宁市,否,否,师范类,公办,482,540,535,549,535,589
青岛理工大学,山东,青岛市,否,否,理工类,公办,550,507,539,542,552,580
内蒙古民族大学,内蒙古,通辽市,否,否,综合类,公办,437,483,464,506,456,544
内蒙古科技大学,内蒙古,包头市,否,否,综合类,公办,456,470,460,506,417,526
海南大学,海南,海口市,否,是,综合类,公办,568,561,569,548,547,606
河西学院,甘肃,张掖市,否,否,综合类,公办,453,472,460,503,444,538
甘肃政法大学,甘肃,兰州市,否,否,政法类,公办,528,532,494,542,493,580
兰州财经大学,甘肃,兰州市,否,否,财经类,公办,427,458,488,521,483,556
青岛大学,山东,青岛市,否,否,综合类,公办,566,500,554,556,551,601
临沂大学,山东,临沂市,否,否,综合类,公办,483,502,488,524,480,560
西北师范大学,甘肃,兰州市,否,否,师范类,公办,462,494,503,524,489,574
聊城大学,山东,聊城市,否,否,综合类,公办,475,498,486,525,485,561
许昌学院,河南,许昌市,否,否,理工类,公办,477,471,473,506,421,540
青岛农业大学,山东,青岛市,否,否,农林类,公办,476,497,486,522,480,558
河南财经政法大学,河南,郑州市,否,否,财经类,公办,491,538,539,549,537,587
商丘师范学院,河南,商丘市,否,否,师范类,公办,427,483,482,520,476,557
兰州交通大学,甘肃,兰州市,否,否,理工类,公办,521,489,539,521,544,558
南阳师范学院,河南,南阳市,否,否,师范类,公办,456,485,463,505,464,554
周口师范学院,河南,周口市,否,否,师范类,公办,442,469,476,514,461,547
洛阳师范学院,河南,洛阳市,否,否,综合类,公办,473,440,477,519,465,554
兰州理工大学,甘肃,兰州市,否,否,理工类,公办,509,494,536,520,535,558
中原工学院,河南,郑州市,否,否,理工类,公办,478,486,481,514,455,553
西北民族大学,甘肃,兰州市,否,否,综合类,公办,502,498,497,520,490,558
郑州航空工业管理学院,河南,郑州市,否,否,综合类,公办,471,442,484,520,473,557
莆田学院,福建,莆田市,否,否,综合类,公办,467,485,466,512,441,547
闽江学院,福建,福州市,否,否,综合类,公办,499,514,510,541,531,582
闽南师范大学,福建,漳州市,否,否,师范类,公办,476,504,488,523,485,563
泉州师范学院,福建,泉州市,否,否,师范类,公办,437,494,483,523,477,560
福建师范大学,福建,福州市,否,否,师范类,公办,548,563,549,560,561,605
集美大学,福建,厦门市,否,否,综合类,公办,567,559,561,561,569,602
黄河科技学院,河南,郑州市,否,否,理工类,民办,442,465,441,494,422,527
福建农林大学,福建,福州市,否,否,农林类,公办,501,507,503,545,497,584
河南工业大学,河南,郑州市,否,否,理工类,公办,510,496,505,542,488,582
华侨大学,福建,泉州市,否,否,综合类,公办,553,545,547,551,556,593
河南理工大学,河南,焦作市,否,否,理工类,公办,483,505,529,537,529,576
河南农业大学,河南,郑州市,否,否,农林类,公办,498,448,496,522,490,558
湖北文理学院,湖北,襄阳市,否,否,综合类,公办,470,479,485,517,480,554
河南科技大学,河南,洛阳市,否,否,综合类,公办,547,497,546,542,545,581
河南大学,河南,开封市,否,否,综合类,公办,534,557,557,561,567,603
郑州轻工业大学,河南,郑州市,否,否,理工类,公办,541,490,540,523,535,560
湖北科技学院,湖北,咸宁市,否,否,综合类,公办,443,489,488,515,483,553
黑龙江东方学院,黑龙江,哈尔滨市,否,否,综合类,民办,427,441,436,482,415,520
齐齐哈尔医学院,黑龙江,齐齐哈尔市,否,否,医药类,公办,479,472,476,503,442,538
湖北民族大学,湖北,恩施土家族苗族自治州,否,否,综合类,公办,472,489,482,520,465,554
黑龙江科技大学,黑龙江,哈尔滨市,否,否,理工类,公办,476,477,482,511,474,549
黑龙江工程学院,黑龙江,哈尔滨市,否,否,理工类,公办,454,447,460,506,417,549
武汉体育学院,湖北,武汉市,否,否,体育类,公办,462,462,468,520,471,557
哈尔滨学院,黑龙江,哈尔滨市,否,否,综合类,公办,445,478,468,509,456,548
东北石油大学,黑龙江,大庆市,否,否,理工类,公办,499,522,512,535,509,572
湖北经济学院,湖北,武汉市,否,否,财经类,公办,480,491,495,524,491,558
哈尔滨商业大学,黑龙江,哈尔滨市,否,否,财经类,公办,515,512,520,542,503,581
湖北工程学院,湖北,孝感市,否,否,理工类,公办,427,488,488,521,483,558
牡丹江师范学院,黑龙江,牡丹江市,否,否,师范类,公办,432,475,462,505,446,538
黑龙江中医药大学,黑龙江,哈尔滨市,否,否,医药类,公办,522,517,529,542,528,590
黄冈师范学院,湖北,黄冈市,否,否,师范类,公办,480,491,492,523,482,559
湖北师范大学,湖北,黄石市,否,否,师范类,公办,481,502,494,525,489,562
湖北医药学院,湖北,十堰市,否,否,医药类,公办,481,484,438,506,515,552
湖北中医药大学,湖北,武汉市,否,否,医药类,公办,479,504,491,523,486,560
武汉轻工大学,湖北,武汉市,否,否,理工类,公办,498,496,503,525,494,561
武汉工程大学,湖北,武汉市,否,否,理工类,公办,554,515,545,551,563,599
湖北工业大学,湖北,武汉市,否,否,理工类,公办,571,507,558,551,562,592
武汉纺织大学,湖北,武汉市,否,否,理工类,公办,525,529,518,526,540,584
三峡大学,湖北,宜昌市,否,否,综合类,公办,542,525,511,541,492,579
江汉大学,湖北,武汉市,否,否,综合类,公办,526,536,508,539,479,566
哈尔滨医科大学,黑龙江,哈尔滨市,否,否,医药类,公办,561,519,500,528,571,579
长江大学,湖北,荆州市,否,否,综合类,公办,519,533,500,545,489,583
黑龙江八一农垦大学,黑龙江,大庆市,否,否,农林类,公办,454,476,462,511,448,548
湖北大学,湖北,武汉市,否,否,综合类,公办,567,546,560,559,561,603
齐齐哈尔大学,黑龙江,齐齐哈尔市,否,否,综合类,公办,460,474,465,510,416,552
中南民族大学,湖北,武汉市,否,否,综合类,公办,545,550,559,553,558,601
黑龙江大学,黑龙江,哈尔滨市,否,否,综合类,公办,522,548,533,551,548,593
华中师范大学,湖北,武汉市,否,是,师范类,公办,609,590,598,586,612,629
东北林业大学,黑龙江,哈尔滨市,否,是,农林类,公办,574,559,564,561,572,604
邵阳学院,湖南,邵阳市,否,否,综合类,公办,463,472,464,504,415,539
华中农业大学,湖北,武汉市,否,是,农林类,公办,589,546,577,572,585,618
怀化学院,湖南,怀化市,否,否,综合类,公办,468,491,480,512,470,547
湖南文理学院,湖南,常德市,否,否,综合类,公办,472,443,483,520,484,558
中南财经政法大学,湖北,武汉市,否,是,财经类,公办,612,598,603,589,614,630
吉林财经大学,吉林,长春市,否,否,财经类,公办,476,445,488,521,487,555
吉林外国语大学,吉林,长春市,否,否,语言类,民办,436,449,438,492,438,537
白城师范学院,吉林,白城市,否,否,师范类,公办,451,473,458,505,445,540
湖南科技学院,湖南,永州市,否,否,综合类,公办,461,487,481,518,473,554
通化师范学院,吉林,通化市,否,否,师范类,公办,452,473,456,504,443,537
湖南工商大学,湖南,长沙市,否,否,财经类,公办,484,519,537,547,535,587
衡阳师范学院,湖南,衡阳市,否,否,师范类,公办,451,494,484,523,474,559
吉林工程技术师范学院,吉林,长春市,否,否,师范类,公办,455,469,449,503,432,535
湘南学院,湖南,郴州市,否,否,综合类,公办,482,493,476,515,457,552
湖南中医药大学,湖南,长沙市,否,否,医药类,公办,512,544,525,553,555,595
中南林业科技大学,湖南,长沙市,否,否,农林类,公办,512,518,507,535,491,561
湖南工程学院,湖南,湘潭市,否,否,理工类,公办,476,477,483,510,465,537
湖南工业大学,湖南,株洲市,否,否,综合类,公办,514,507,514,546,488,585
湖南城市学院,湖南,益阳市,否,否,综合类,公办,455,441,450,519,477,555
湖南理工学院,湖南,岳阳市,否,否,理工类,公办,483,460,487,519,470,556
吉林建筑大学,吉林,长春市,否,否,理工类,公办,464,441,481,510,474,548
东北电力大学,吉林,吉林市,否,否,理工类,公办,578,491,569,519,573,550
湖南农业大学,湖南,长沙市,否,否,农林类,公办,476,449,494,524,490,561
南华大学,湖南,衡阳市,否,否,综合类,公办,547,533,545,544,543,582
吉林师范大学,吉林,四平市,否,否,师范类,公办,453,470,491,523,483,560
长沙理工大学,湖南,长沙市,否,否,理工类,公办,570,540,558,547,563,598
湖南科技大学,湖南,湘潭市,否,否,综合类,公办,538,512,536,548,539,589
长春师范大学,吉林,长春市,否,否,师范类,公办,460,478,484,517,484,557
吉首大学,湖南,湘西土家族苗族自治州,否,否,综合类,公办,478,491,491,521,486,556
湘潭大学,湖南,湘潭市,否,否,综合类,公办,571,557,568,561,566,602
吉林农业大学,吉林,长春市,否,否,农林类,公办,468,468,483,516,479,551
西安培华学院,陕西,西安市,否,否,综合类,民办,436,461,446,495,435,531
长春工业大学,吉林,长春市,否,否,理工类,公办,494,480,494,517,496,553
长春理工大学,吉林,长春市,否,否,理工类,公办,560,509,560,525,562,579
长春大学,吉林,长春市,否,否,综合类,公办,480,492,491,519,481,557
西北政法大学,陕西,西安市,否,否,政法类,公办,567,582,589,577,598,618
西安财经大学,陕西,西安市,否,否,财经类,公办,532,534,540,547,538,586
北华大学,吉林,吉林市,否,否,综合类,公办,459,464,484,519,474,555
西安外国语大学,陕西,西安市,否,否,语言类,公办,519,537,543,552,495,582
青海民族大学,青海,西宁市,否,否,民族类,公办,456,475,474,508,466,546
陕西理工大学,陕西,汉中市,否,否,理工类,公办,475,449,491,519,479,556
青海师范大学,青海,西宁市,否,否,师范类,公办,482,482,486,516,473,554
宝鸡文理学院,陕西,宝鸡市,否,否,师范类,公办,453,475,443,503,467,552
咸阳师范学院,陕西,咸阳市,否,否,师范类,公办,476,464,488,513,479,555
西安邮电大学,陕西,西安市,否,否,理工类,公办,575,499,564,548,569,597
大理大学,云南,大理白族自治州,否,否,综合类,公办,520,493,523,523,511,560
西安工业大学,陕西,西安市,否,否,理工类,公办,563,531,551,543,556,578
西安工程大学,陕西,西安市,否,否,理工类,公办,519,523,504,531,490,582
云南财经大学,云南,昆明市,否,否,财经类,公办,472,448,492,526,468,560
红河学院,云南,红河哈尼族彝族自治州,否,否,综合类,公办,452,473,450,504,446,540
西安石油大学,陕西,西安市,否,否,理工类,公办,496,522,507,543,548,582
楚雄师范学院,云南,楚雄彝族自治州,否,否,师范类,公办,432,472,462,501,441,538
西安科技大学,陕西,西安市,否,否,理工类,公办,533,499,521,540,557,587
西安建筑科技大学,陕西,西安市,否,否,理工类,公办,521,536,503,546,557,591
玉溪师范学院,云南,玉溪市,否,否,师范类,公办,446,442,470,512,457,546
西安理工大学,陕西,西安市,否,否,理工类,公办,532,522,564,528,569,589
云南中医药大学,云南,昆明市,否,否,医药类,公办,467,497,480,518,435,554
云南民族大学,云南,昆明市,否,否,综合类,公办,477,489,481,522,446,558
云南师范大学,云南,昆明市,否,否,师范类,公办,486,498,493,530,416,563
黄山学院,安徽,黄山市,否,否,综合类,公办,482,495,466,509,450,544
铜陵学院,安徽,铜陵市,否,否,财经类,公办,482,495,471,514,467,551
巢湖学院,安徽,合肥市,否,否,综合类,公办,482,497,470,510,456,545
合肥大学,安徽,合肥市,否,否,综合类,公办,513,514,515,533,520,574
皖西学院,安徽,六安市,否,否,综合类,公办,488,500,496,516,463,549
延安大学,陕西,延安市,否,否,综合类,公办,450,493,490,522,483,559
安徽财经大学,安徽,蚌埠市,否,否,财经类,公办,541,540,540,548,546,589
陕西师范大学,陕西,西安市,否,是,师范类,公办,598,584,587,581,597,621
淮南师范学院,安徽,淮南市,否,否,师范类,公办,488,501,494,524,488,560
西北农林科技大学,陕西,咸阳市,是,是,农林类,公办,598,580,588,577,592,621
安徽科技学院,安徽,滁州市,否,否,综合类,公办,490,497,492,524,488,560
西安交通大学,陕西,西安市,是,是,综合类,公办,659,614,645,600,652,640
上海杉达学院,上海,上海市,否,否,财经类,民办,429,443,435,493,418,532
淮北师范大学,安徽,淮北市,否,否,综合类,公办,503,512,505,527,502,566
皖南医学院,安徽,芜湖市,否,否,医药类,公办,558,486,550,511,551,547
上海体育大学,上海,上海市,否,否,体育类,公办,485,500,494,533,487,564
华东政法大学,上海,上海市,否,否,政法类,公办,602,596,591,584,605,626
安徽建筑大学,安徽,合肥市,否,否,理工类,公办,521,531,532,543,535,581
上海立信会计金融学院,上海,上海市,否,否,财经类,公办,549,549,556,557,552,600
上海对外经贸大学,上海,上海市,否,否,财经类,公办,602,565,587,568,607,618
上海电力大学,上海,上海市,否,否,理工类,公办,578,504,569,554,573,599
安徽工程大学,安徽,芜湖市,否,否,理工类,公办,520,512,512,531,509,569
上海应用技术大学,上海,上海市,否,否,理工类,公办,542,513,532,541,547,572
安徽师范大学,安徽,芜湖市,否,否,师范类,公办,557,549,554,555,552,594
上海海事大学,上海,上海市,否,否,理工类,公办,572,554,559,554,561,602
上海第二工业大学,上海,上海市,否,否,理工类,公办,525,521,546,528,557,590
上海师范大学,上海,上海市,否,否,综合类,公办,543,553,536,559,573,606
上海海洋大学,上海,上海市,否,否,农林类,公办,568,541,563,560,570,602
上海工程技术大学,上海,上海市,否,否,理工类,公办,557,502,554,547,560,590
上海理工大学,上海,上海市,否,否,理工类,公办,578,544,572,558,589,603
广东财经大学,广东,广州市,否,否,财经类,公办,544,552,546,554,539,587
嘉应学院,广东,梅州市,否,否,综合类,公办,459,476,469,507,456,544
岭南师范学院,广东,湛江市,否,否,师范类,公办,455,472,448,519,472,551
韶关学院,广东,韶关市,否,否,综合类,公办,427,459,485,505,479,522
广州医科大学,广东,广州市,否,否,医药类,公办,566,549,564,554,575,593
广州大学,广东,广州市,否,否,综合类,公办,561,559,564,559,568,602
广东石油化工学院,广东,茂名市,否,否,理工类,公办,467,479,482,499,472,553
广东外语外贸大学,广东,广州市,否,否,语言类,公办,487,552,551,558,571,577
广州中医药大学,广东,广州市,否,否,医药类,公办,489,548,557,550,562,598
广东工业大学,广东,广州市,否,否,理工类,公办,561,536,562,546,570,594
五邑大学,广东,江门市,否,否,综合类,公办,480,501,483,526,485,559
深圳大学,广东,深圳市,否,否,综合类,公办,597,579,592,576,602,619
汕头大学,广东,汕头市,否,否,综合类,公办,567,553,556,557,554,602
太原师范学院,山西,晋中市,否,否,师范类,公办,439,460,491,522,484,558
山西大同大学,山西,大同市,否,否,综合类,公办,465,471,468,515,416,556
太原科技大学,山西,太原市,否,否,理工类,公办,484,451,495,522,482,558
中北大学,山西,太原市,否,否,综合类,公办,527,501,516,539,489,578
川北医学院,四川,南充市,否,否,医药类,公办,527,454,534,510,514,545
山西财经大学,山西,太原市,否,否,财经类,公办,487,523,531,540,530,570
四川轻化工大学,四川,自贡市,否,否,理工类,公办,477,492,490,520,492,558
山西师范大学,山西,太原市,否,否,师范类,公办,479,447,490,525,482,560
山西医科大学,山西,太原市,否,否,医药类,公办,522,487,546,515,498,549
成都信息工程大学,四川,成都市,否,否,理工类,公办,566,506,561,542,563,580
山西农业大学,山西,晋中市,否,否,农林类,公办,469,490,488,517,455,554
西南石油大学,四川,成都市,否,否,综合类,公办,564,554,557,558,559,598
中国民用航空飞行学院,四川,德阳市,否,否,理工类,公办,486,534,492,517,493,542
西华师范大学,四川,南充市,否,否,师范类,公办,429,483,482,509,473,557
四川师范大学,四川,成都市,否,否,师范类,公办,516,536,510,554,553,597
成都中医药大学,四川,成都市,否,否,医药类,公办,543,541,532,536,502,601
西南科技大学,四川,绵阳市,否,否,理工类,公办,515,500,501,541,492,583
山西大学,山西,太原市,否,否,综合类,公办,571,554,556,557,489,596
浙江万里学院,浙江,宁波市,否,否,理工类,公办,458,470,475,507,462,544
浙江财经大学,浙江,杭州市,否,否,财经类,公办,560,554,553,559,531,602
浙江工商大学,浙江,杭州市,否,否,财经类,公办,562,558,560,561,573,600
温州大学,浙江,温州市,否,否,综合类,公办,528,538,503,539,499,567
绍兴文理学院,浙江,绍兴市,否,否,综合类,公办,473,445,489,524,486,562
台州学院,浙江,台州市,否,否,综合类,公办,478,495,487,524,480,560
湖州师范学院,浙江,湖州市,否,否,综合类,公办,527,535,528,543,507,572
杭州师范大学,浙江,杭州市,否,否,综合类,公办,553,553,541,560,567,602
浙江农林大学,浙江,杭州市,否,否,农林类,公办,550,547,548,552,548,593
浙江海洋大学,浙江,舟山市,否,否,农林类,公办,537,497,539,525,544,562
中国计量大学,浙江,杭州市,否,否,理工类,公办,573,545,569,542,577,604
西华大学,四川,成都市,否,否,综合类,公办,486,526,545,543,549,588
嘉兴大学,浙江,嘉兴市,否,否,综合类,公办,494,501,492,525,488,562
浙江理工大学,浙江,杭州市,否,否,理工类,公办,574,551,560,556,497,601
浙江工业大学,浙江,杭州市,否,否,理工类,公办,584,558,573,532,575,605
浙江师范大学,浙江,金华市,否,否,综合类,公办,515,553,567,561,569,603
宁波大学,浙江,宁波市,否,否,综合类,公办,579,563,573,568,584,612
新疆财经大学,新疆,乌鲁木齐市,否,否,财经类,公办,427,472,467,506,461,544
喀什大学,新疆,喀什地区,否,否,综合类,公办,445,471,458,504,443,538
新疆师范大学,新疆,乌鲁木齐市,否,否,师范类,公办,452,488,462,521,468,549
新疆农业大学,新疆,乌鲁木齐市,否,否,农林类,公办,450,466,449,504,448,538
成都理工大学,四川,成都市,否,否,理工类,公办,554,554,523,560,563,598
西南民族大学,四川,成都市,否,否,民族类,公办,509,548,550,554,550,596
东北财经大学,辽宁,大连市,否,否,财经类,公办,564,556,574,563,596,616
辽宁师范大学,辽宁,大连市,否,否,师范类,公办,463,508,495,525,489,562
沈阳大学,辽宁,沈阳市,否,否,综合类,公办,451,450,489,521,484,558
辽宁科技大学,辽宁,鞍山市,否,否,理工类,公办,528,444,531,516,544,547
沈阳师范大学,辽宁,沈阳市,否,否,师范类,公办,431,481,486,522,481,557
大连交通大学,辽宁,大连市,否,否,理工类,公办,561,494,554,521,561,548
大连大学,辽宁,大连市,否,否,综合类,公办,559,518,555,532,559,561
沈阳理工大学,辽宁,沈阳市,否,否,理工类,公办,548,454,548,519,558,555
大连外国语大学,辽宁,大连市,否,否,语言类,公办,482,521,523,524,540,596
沈阳化工大学,辽宁,沈阳市,否,否,理工类,公办,475,466,484,512,470,533
渤海大学,辽宁,锦州市,否,否,综合类,公办,466,490,491,519,485,554
辽宁工业大学,辽宁,锦州市,否,否,理工类,公办,467,488,489,515,479,546
大连海洋大学,辽宁,大连市,否,否,农林类,公办,464,467,481,517,481,557
沈阳航空航天大学,辽宁,沈阳市,否,否,理工类,公办,554,468,552,523,558,564
大连民族大学,辽宁,大连市,否,否,民族类,公办,484,493,489,520,487,558
鞍山师范学院,辽宁,鞍山市,否,否,师范类,公办,443,468,471,507,457,543
石河子大学,新疆,自治区直辖县级行政区划,否,是,综合类,公办,547,534,539,544,538,582
重庆三峡学院,重庆,重庆市,否,否,综合类,公办,474,493,482,521,484,558
井冈山大学,江西,吉安市,否,否,综合类,公办,432,458,489,519,480,559
四川美术学院,重庆,重庆市,否,否,艺术类,公办,482,497,504,523,503,564
九江学院,江西,九江市,否,否,综合类,公办,467,440,484,515,478,555
四川外国语大学,重庆,重庆市,否,否,语言类,公办,514,509,535,555,558,598
宜春学院,江西,宜春市,否,否,综合类,公办,463,469,465,514,418,552
长江师范学院,重庆,重庆市,否,否,师范类,公办,427,493,485,523,475,560
江西科技师范大学,江西,南昌市,否,否,师范类,公办,427,480,489,519,481,556
赣南师范大学,江西,赣州市,否,否,师范类,公办,463,443,439,520,485,559
辽东学院,辽宁,丹东市,否,否,综合类,公办,451,474,458,505,443,539
重庆理工大学,重庆,重庆市,否,否,理工类,公办,570,494,562,524,568,561
上饶师范学院,江西,上饶市,否,否,师范类,公办,469,483,475,519,473,555
江西中医药大学,江西,南昌市,否,否,医药类,公办,528,486,529,521,523,583
重庆邮电大学,重庆,重庆市,否,否,理工类,公办,579,546,563,556,555,602
景德镇陶瓷大学,江西,景德镇市,否,否,艺术类,公办,484,493,486,519,472,555
西南政法大学,重庆,重庆市,否,否,政法类,公办,575,591,565,583,606,626
重庆师范大学,重庆,重庆市,否,否,师范类,公办,531,544,547,553,551,594
南昌航空大学,江西,南昌市,否,否,理工类,公办,558,520,553,540,553,581
东华理工大学,江西,南昌市,否,否,理工类,公办,539,512,540,523,540,581
江西财经大学,江西,南昌市,否,否,财经类,公办,484,544,551,559,564,599
江西师范大学,江西,南昌市,否,否,师范类,公办,482,538,541,559,544,591
扬州大学,江苏,扬州市,否,否,综合类,公办,578,566,571,564,579,605
江西农业大学,江西,南昌市,否,否,农林类,公办,518,530,514,540,493,575
南京工业大学,江苏,南京市,否,否,理工类,公办,577,496,565,561,580,603
江苏大学,江苏,镇江市,否,否,综合类,公办,579,560,574,559,585,602
南京林业大学,江苏,南京市,否,否,农林类,公办,570,562,567,559,572,604
南京医科大学,江苏,南京市,否,否,医药类,公办,585,561,593,558,627,600
江苏师范大学,江苏,徐州市,否,否,师范类,公办,505,526,524,539,517,588
南京信息工程大学,江苏,南京市,否,否,综合类,公办,589,563,577,563,579,604
江西理工大学,江西,赣州市,否,否,理工类,公办,521,505,524,538,542,580
南京财经大学,江苏,南京市,否,否,财经类,公办,578,553,571,546,584,609
苏州科技大学,江苏,苏州市,否,否,综合类,公办,556,548,554,555,559,597
南京中医药大学,江苏,南京市,否,否,医药类,公办,535,562,569,563,571,602
江苏科技大学,江苏,镇江市,否,否,理工类,公办,569,500,571,549,573,591
南京邮电大学,江苏,南京市,否,否,理工类,公办,607,562,591,564,597,607
华东交通大学,江西,南昌市,否,否,理工类,公办,536,530,554,537,557,571
常州大学,江苏,常州市,否,否,理工类,公办,553,531,532,544,488,571
盐城师范学院,江苏,盐城市,否,否,师范类,公办,466,495,476,521,478,558
淮阴工学院,江苏,淮安市,否,否,理工类,公办,476,492,488,516,484,550
南京审计大学,江苏,南京市,否,否,财经类,公办,602,573,591,575,603,620
江苏理工学院,江苏,常州市,否,否,理工类,公办,485,485,496,524,491,562
常州工学院,江苏,常州市,否,否,理工类,公办,481,444,491,521,489,558
南京晓庄学院,江苏,南京市,否,否,师范类,公办,537,540,539,549,537,587
南京工程学院,江苏,南京市,否,否,理工类,公办,568,533,553,544,553,583
北京科技大学,北京,北京市,否,是,理工类,公办,624,590,609,583,616,626
北京理工大学,北京,北京市,是,是,理工类,公办,660,607,648,595,654,636
东北师范大学,吉林,长春市,否,是,师范类,公办,589,580,587,579,592,623
清华大学,北京,北京市,是,是,综合类,公办,689,655,687,642,692,680
太原理工大学,山西,太原市,否,是,理工类,公办,574,563,572,563,581,604
东北农业大学,黑龙江,哈尔滨市,否,是,农林类,公办,571,561,565,562,569,604
上海外国语大学,上海,上海市,否,是,语言类,公办,601,592,612,594,621,634
东华大学,上海,上海市,否,是,综合类,公办,609,513,599,585,609,627
东北大学,辽宁,沈阳市,是,是,理工类,公办,624,588,607,583,621,627
华东理工大学,上海,上海市,否,是,理工类,公办,620,582,605,578,615,623
复旦大学,上海,上海市,是,是,综合类,公办,678,633,677,630,682,665
华东师范大学,上海,上海市,是,是,师范类,公办,636,615,633,604,647,646
上海财经大学,上海,上海市,否,是,财经类,公办,631,599,625,603,639,649
延边大学,吉林,延边朝鲜族自治州,否,是,综合类,公办,558,548,553,553,559,596
武汉理工大学,湖北,武汉市,否,是,理工类,公办,615,576,602,576,610,618
华中科技大学,湖北,武汉市,是,是,综合类,公办,651,611,643,599,653,641
山东大学,山东,济南市,是,是,综合类,公办,638,607,624,597,630,638
上海交通大学,上海,上海市,是,是,综合类,公办,673,638,672,610,680,663
哈尔滨工程大学,黑龙江,哈尔滨市,否,是,理工类,公办,614,566,596,563,602,605
中南大学,湖南,长沙市,是,是,综合类,公办,621,607,603,594,629,637
吉林大学,吉林,长春市,是,是,综合类,公办,622,609,611,593,623,635
中国地质大学（武汉）,湖北,武汉市,否,是,理工类,公办,589,570,587,579,597,621
重庆大学,重庆,重庆市,是,是,综合类,公办,627,606,616,594,627,638
苏州大学,江苏,苏州市,否,是,综合类,公办,624,600,610,590,618,632
中国药科大学,江苏,南京市,否,是,医药类,公办,604,576,591,574,600,616
河海大学,江苏,南京市,否,是,综合类,公办,614,585,599,582,606,625
南京师范大学,江苏,南京市,否,是,师范类,公办,609,594,604,590,614,631
浙江大学,浙江,杭州市,是,是,综合类,公办,667,630,672,620,677,658
南京农业大学,江苏,南京市,否,是,农林类,公办,584,574,577,571,589,620
南京理工大学,江苏,南京市,否,是,理工类,公办,625,576,611,578,617,620
南京大学,江苏,南京市,是,是,综合类,公办,668,630,660,618,669,658
中国矿业大学,江苏,徐州市,否,是,综合类,公办,598,577,581,573,588,612
东南大学,江苏,南京市,是,是,综合类,公办,655,617,639,603,647,644
南昌大学,江西,南昌市,否,是,综合类,公办,587,570,577,570,593,611
西北工业大学,陕西,西安市,是,是,理工类,公办,643,596,627,586,634,628
暨南大学,广东,广州市,否,是,综合类,公办,610,588,597,584,601,624
华南理工大学,广东,广州市,是,是,综合类,公办,640,598,625,588,638,633
中山大学,广东,广州市,是,是,综合类,公办,647,614,630,600,636,641
福州大学,福建,福州市,否,是,理工类,公办,590,584,587,581,599,623
厦门大学,福建,厦门市,是,是,综合类,公办,641,622,630,603,642,645
西南财经大学,四川,成都市,否,是,财经类,公办,604,590,601,586,611,628
四川大学,四川,成都市,是,是,综合类,公办,630,607,620,598,631,641
华南师范大学,广东,广州市,否,是,师范类,公办,589,578,580,580,602,621
兰州大学,甘肃,兰州市,是,是,综合类,公办,617,587,605,584,616,628
天津农学院,天津,天津市,否,否,农林类,公办,467,483,481,507,470,555
天津城建大学,天津,天津市,否,否,综合类,公办,477,452,490,520,477,558
天津职业技术师范大学,天津,天津市,否,否,师范类,公办,479,489,488,520,483,555
天津中医药大学,天津,天津市,否,否,医药类,公办,498,536,527,546,519,584
中国民航大学,天津,天津市,否,否,理工类,公办,560,550,557,557,562,598
天津外国语大学,天津,天津市,否,否,语言类,公办,552,528,555,548,563,577
江南大学,江苏,无锡市,否,是,综合类,公办,606,586,594,577,602,620
天津商业大学,天津,天津市,否,否,财经类,公办,536,543,542,549,555,598
天津财经大学,天津,天津市,否,否,财经类,公办,543,551,532,557,564,596
天津科技大学,天津,天津市,否,否,理工类,公办,495,526,536,540,561,565
天津理工大学,天津,天津市,否,否,理工类,公办,582,495,572,526,579,560
天津工业大学,天津,天津市,否,否,综合类,公办,576,554,565,559,572,599
天津师范大学,天津,天津市,否,否,师范类,公办,526,495,512,559,561,602
南京航空航天大学,江苏,南京市,否,是,理工类,公办,627,587,614,582,621,627
上海大学,上海,上海市,否,是,综合类,公办,615,583,600,588,613,631
新疆大学,新疆,乌鲁木齐市,否,是,综合类,公办,544,552,491,553,559,597
同济大学,上海,上海市,是,是,综合类,公办,651,623,639,607,660,651
安徽医科大学,安徽,合肥市,否,否,医药类,公办,579,519,571,531,573,575
济南大学,山东,济南市,否,否,综合类,公办,568,553,563,558,570,602
安徽农业大学,安徽,合肥市,否,否,农林类,公办,531,536,528,547,526,585
安徽工业大学,安徽,马鞍山市,否,否,理工类,公办,531,529,528,538,528,580
安徽理工大学,安徽,淮南市,否,否,理工类,公办,530,533,520,539,513,577
安徽大学,安徽,合肥市,否,是,综合类,公办,594,569,582,566,587,608
德州学院,山东,德州市,否,否,综合类,公办,452,492,465,513,456,550
滨州医学院,山东,烟台市,否,否,医药类,公办,486,496,481,512,484,557
合肥工业大学,安徽,合肥市,否,是,理工类,公办,610,573,605,568,611,609
郑州大学,河南,郑州市,否,是,综合类,公办,574,574,493,577,596,621
中国海洋大学,山东,青岛市,是,是,综合类,公办,619,590,608,584,618,630
天津大学,天津,天津市,是,是,综合类,公办,644,610,630,597,642,639
南开大学,天津,天津市,是,是,综合类,公办,651,623,638,608,648,649
湖南师范大学,湖南,长沙市,否,是,师范类,公办,578,576,575,577,591,621
河北经贸大学,河北,石家庄市,否,否,财经类,公办,469,475,489,523,474,560
河北大学,河北,保定市,否,否,综合类,公办,519,497,545,555,558,599
对外经济贸易大学,北京,北京市,否,是,财经类,公办,623,607,618,594,635,639
北京师范大学,北京,北京市,是,是,师范类,公办,643,625,633,608,646,653
西南交通大学,四川,成都市,否,是,理工类,公办,613,585,598,581,607,621
辽宁大学,辽宁,沈阳市,否,是,综合类,公办,577,561,570,563,575,607
北京中医药大学,北京,北京市,否,是,医药类,公办,593,582,583,571,589,624
北京邮电大学,北京,北京市,否,是,理工类,公办,639,587,627,586,637,628
北京航空航天大学,北京,北京市,是,是,理工类,公办,659,615,655,601,662,643
中国人民大学,北京,北京市,是,是,综合类,公办,662,635,657,621,666,660
中央民族大学,北京,北京市,是,是,民族类,公办,615,584,602,590,614,633
湖南大学,湖南,长沙市,是,是,综合类,公办,632,605,616,593,628,637
北京林业大学,北京,北京市,否,是,农林类,公办,597,582,590,575,598,622
武汉大学,湖北,武汉市,是,是,综合类,公办,647,626,643,611,651,654
北京外国语大学,北京,北京市,否,是,语言类,公办,614,595,611,592,629,638
北京交通大学,北京,北京市,否,是,理工类,公办,624,573,607,587,618,630
西北大学,陕西,西安市,否,是,综合类,公办,595,580,584,575,595,620
长安大学,陕西,西安市,否,是,理工类,公办,589,569,578,566,590,609
云南大学,云南,昆明市,否,是,综合类,公办,578,552,568,571,584,618
哈尔滨工业大学,黑龙江,哈尔滨市,是,是,理工类,公办,657,599,640,588,648,629
大连海事大学,辽宁,大连市,否,是,理工类,公办,589,573,577,573,586,617
内蒙古大学,内蒙古,呼和浩特市,否,是,综合类,公办,547,548,511,558,569,602
北京大学,北京,北京市,是,是,综合类,公办,690,651,685,637,694,674
