﻿名称,省,市,985,211,学校类型,学校属性,2023年综合类录取分数,2022年综合类录取分数,2021年综合类录取分数
江苏海洋大学,江苏,连云港市,否,否,理工类,公办,499,472,448
中国人民武装警察部队特种警察学院,北京,北京市,否,否,军事类,公办,528,571,526
中国人民解放军陆军特种作战学院,广西,桂林市,否,否,军事类,公办,574,567,558
浙江大学医学院,浙江,杭州市,是,是,医药类,公办,661,665,661
中国消防救援学院,北京,北京市,否,否,军事类,公办,574,572,557
复旦大学上海医学院,上海,上海市,是,是,医药类,公办,673,675,663
南京审计大学金审学院,江苏,南京市,否,否,财经类,民办,479,462,453
中国石油大学（北京）克拉玛依校区,新疆,克拉玛依市,否,是,理工类,公办,550,516,496
中国社会科学院大学,北京,北京市,否,否,综合类,公办,642,644,637
香港中文大学（深圳）,广东,深圳市,否,否,综合类,内地与港澳台地区合作办学,645,637,635
上海科技大学,上海,上海市,否,否,理工类,公办,653,646,640
中国人民大学（苏州校区）,江苏,苏州市,是,是,综合类,公办,648,643,634
中国科学院大学,北京,北京市,否,否,综合类,公办,675,699,687
大连理工大学盘锦校区,辽宁,盘锦市,是,是,理工类,公办,619,602,600
河北中医药大学,河北,石家庄市,否,否,医药类,公办,549,514,509
北京警察学院,北京,北京市,否,否,政法类,公办,554,526,510
上海纽约大学,上海,上海市,否,否,综合类,中外合作办学,641,622,595
山西传媒学院,山西,晋中市,否,否,艺术类,公办,483,463,440
河北环境工程学院,河北,秦皇岛市,否,否,理工类,公办,476,463,447
华北理工大学冀唐学院,河北,唐山市,否,否,医药类,民办,490,459,441
南昌工学院,江西,南昌市,否,否,理工类,民办,449,437,420
华北理工大学轻工学院,河北,唐山市,否,否,理工类,民办,461,452,430
天津外国语大学滨海外事学院,天津,天津市,否,否,语言类,民办,471,457,440
空军航空大学,吉林,长春市,否,否,军事类,公办,553,591,551
海军工程大学,湖北,武汉市,否,否,军事类,公办,567,554,522
北京第二外国语学院,北京,北京市,否,否,语言类,公办,528,527,529
西安科技大学高新学院,陕西,西安市,否,否,理工类,民办,470,431,413
西安工商学院,陕西,西安市,否,否,综合类,民办,469,455,453
西安交通大学城市学院,陕西,西安市,否,否,理工类,民办,462,444,412
南京航空航天大学金城学院,江苏,南京市,否,否,理工类,民办,472,451,429
哈尔滨华德学院,黑龙江,哈尔滨市,否,否,理工类,民办,448,425,400
昆明理工大学津桥学院,云南,昆明市,否,否,理工类,民办,451,425,400
丽江文化旅游学院,云南,丽江市,否,否,综合类,民办,448,425,400
青岛农业大学海都学院,山东,烟台市,否,否,综合类,民办,458,438,411
西南财经大学天府学院,四川,绵阳市,否,否,财经类,民办,464,442,422
四川大学锦江学院,四川,眉山市,否,否,综合类,民办,463,446,423
成都大学,四川,成都市,否,否,综合类,公办,533,511,506
湖南文理学院芙蓉学院,湖南,常德市,否,否,综合类,民办,478,455,431
江西财经大学现代经济管理学院,江西,九江市,否,否,财经类,民办,464,446,419
南昌医学院,江西,南昌市,否,否,医药类,公办,530,498,476
南昌航空大学科技学院,江西,九江市,否,否,理工类,民办,462,452,419
赣东学院,江西,抚州市,否,否,综合类,公办,480,457,439
赣南科技学院,江西,赣州市,否,否,理工类,公办,473,455,432
南昌交通学院,江西,南昌市,否,否,理工类,民办,465,439,422
江西农业大学南昌商学院,江西,九江市,否,否,综合类,民办,464,445,412
大连东软信息学院,辽宁,大连市,否,否,理工类,民办,448,425,400
大连医科大学中山学院,辽宁,大连市,否,否,医药类,民办,522,482,453
锦州医科大学医疗学院,辽宁,锦州市,否,否,医药类,民办,484,457,436
辽宁何氏医学院,辽宁,沈阳市,否,否,医药类,民办,456,432,404
山西晋中理工学院,山西,晋中市,否,否,理工类,民办,460,444,407
山西工学院,山西,朔州市,否,否,理工类,公办,475,464,445
长春财经学院,吉林,长春市,否,否,财经类,民办,463,442,416
天津财经大学珠江学院,天津,天津市,否,否,综合类,民办,467,451,429
天津理工大学中环信息学院,天津,天津市,否,否,综合类,民办,465,450,428
北京科技大学天津学院,天津,天津市,否,否,综合类,民办,469,454,431
天津医科大学临床医学院,天津,天津市,否,否,医药类,民办,491,473,456
天津商业大学宝德学院,天津,天津市,否,否,财经类,民办,470,454,433
西安建筑科技大学华清学院,陕西,西安市,否,否,理工类,民办,448,427,400
无锡太湖学院,江苏,无锡市,否,否,综合类,民办,461,438,419
齐鲁医药学院,山东,淄博市,否,否,医药类,民办,511,462,449
山东石油化工学院,山东,东营市,否,否,理工类,公办,481,464,443
湖南财政经济学院,湖南,长沙市,否,否,财经类,公办,492,473,449
湖南工学院,湖南,衡阳市,否,否,理工类,公办,473,461,441
郑州工程技术学院,河南,郑州市,否,否,理工类,公办,476,461,443
厦门大学嘉庚学院,福建,漳州市,否,否,综合类,民办,470,462,442
武警海警学院,浙江,宁波市,否,否,政法类,公办,534,589,568
桂林航天工业学院,广西,桂林市,否,否,理工类,公办,479,463,443
沈阳工学院,辽宁,抚顺市,否,否,理工类,民办,470,433,405
吕梁学院,山西,吕梁市,否,否,综合类,公办,477,462,439
长春人文学院,吉林,长春市,否,否,综合类,民办,469,448,440
吉林建筑科技学院,吉林,长春市,否,否,理工类,民办,448,425,402
天津仁爱学院,天津,天津市,否,否,综合类,民办,454,453,426
河北工程大学科信学院,河北,邯郸市,否,否,理工类,民办,471,459,435
石家庄铁道大学四方学院,河北,石家庄市,否,否,理工类,民办,481,458,438
河北医科大学临床学院,河北,石家庄市,否,否,医药类,民办,495,470,475
大连财经学院,辽宁,大连市,否,否,财经类,民办,461,450,420
河北东方学院,河北,廊坊市,否,否,综合类,民办,462,443,438
河南城建学院,河南,平顶山市,否,否,理工类,公办,471,460,440
沧州交通学院,河北,沧州市,否,否,理工类,民办,464,446,416
哈尔滨工业大学（威海）,山东,威海市,是,是,理工类,公办,639,631,621
北京第二外国语学院中瑞酒店管理学院,北京,北京市,否,否,综合类,民办,448,425,400
珠海科技学院,广东,珠海市,否,否,综合类,民办,469,444,422
长春建筑学院,吉林,长春市,否,否,理工类,民办,448,425,400
河北地质大学华信学院,河北,石家庄市,否,否,综合类,民办,461,447,424
北京中医药大学东方学院,河北,廊坊市,否,否,医药类,民办,479,461,448
燕京理工学院,河北,廊坊市,否,否,理工类,民办,479,459,438
西交利物浦大学,江苏,苏州市,否,否,综合类,中外合作办学,601,578,586
三亚学院,海南,三亚市,否,否,综合类,民办,458,426,400
黑龙江外国语学院,黑龙江,哈尔滨市,否,否,语言类,民办,448,425,400
中国人民解放军海军航空大学,山东,烟台市,否,否,军事类,公办,530,557,539
长春电子科技学院,吉林,长春市,否,否,理工类,民办,448,425,400
陆军工程大学,江苏,南京市,否,否,军事类,公办,541,537,528
中国人民解放军战略支援部队航天工程大学,北京,北京市,否,否,军事类,公办,571,569,540
陆军防化学院,北京,北京市,否,否,军事类,公办,529,549,543
大连理工大学城市学院,辽宁,大连市,否,否,理工类,民办,448,428,400
北京理工大学珠海学院,广东,珠海市,否,否,理工类,民办,474,457,435
昆明医科大学海源学院,云南,昆明市,否,否,医药类,民办,501,474,440
北京师范大学-香港浸会大学联合国际学院,广东,珠海市,否,否,综合类,内地与港澳台地区合作办学,581,555,546
长春科技学院,吉林,长春市,否,否,综合类,民办,475,438,406
辽宁对外经贸学院,辽宁,大连市,否,否,财经类,民办,448,425,400
长沙医学院,湖南,长沙市,否,否,医药类,民办,493,455,429
济宁医学院,山东,济宁市,否,否,医药类,公办,552,551,515
火箭军工程大学,陕西,西安市,否,否,军事类,公办,551,532,520
中国人民解放军空军工程大学,陕西,西安市,否,否,军事类,公办,534,557,540
陆军装甲兵学院,北京,北京市,否,否,军事类,公办,527,521,529
中国人民解放军陆军军医大学,重庆,重庆市,否,否,军事类,公办,542,573,562
中国人民解放军战略支援部队信息工程大学,河南,郑州市,否,否,军事类,公办,592,573,556
山东大学（威海）,山东,威海市,是,是,综合类,公办,631,623,616
东北大学秦皇岛分校,河北,秦皇岛市,是,是,理工类,公办,608,593,584
北京大学医学部,北京,北京市,是,是,医药类,公办,660,659,650
宁波诺丁汉大学,浙江,宁波市,否,否,综合类,中外合作办学,602,570,558
上海师范大学天华学院,上海,上海市,否,否,综合类,民办,448,425,419
集美大学诚毅学院,福建,厦门市,否,否,综合类,民办,467,448,424
武警工程大学,陕西,西安市,否,否,军事类,公办,561,530,536
山东航空学院,山东,滨州市,否,否,综合类,公办,490,459,414
安徽中医药大学,安徽,合肥市,否,否,医药类,公办,545,520,501
洛阳理工学院,河南,洛阳市,否,否,理工类,公办,491,468,446
武汉城市学院,湖北,武汉市,否,否,理工类,民办,472,444,428
保定理工学院,河北,保定市,否,否,理工类,民办,457,440,432
湖北医药学院药护学院,湖北,十堰市,否,否,医药类,民办,475,453,413
武昌理工学院,湖北,武汉市,否,否,综合类,民办,467,432,408
郑州工商学院,河南,郑州市,否,否,财经类,民办,463,445,432
山东中医药大学,山东,济南市,否,否,医药类,公办,583,562,533
南京特殊教育师范学院,江苏,南京市,否,否,师范类,公办,509,489,454
南京警察学院,江苏,南京市,否,否,政法类,公办,536,495,452
电子科技大学成都学院,四川,成都市,否,否,理工类,民办,465,452,420
三峡大学科技学院,湖北,宜昌市,否,否,综合类,民办,471,437,424
北京邮电大学世纪学院,北京,北京市,否,否,综合类,民办,448,425,400
北京工业大学耿丹学院,北京,北京市,否,否,综合类,民办,448,425,400
北京金融科技学院,北京,北京市,否,否,财经类,民办,448,425,400
武汉华夏理工学院,湖北,武汉市,否,否,理工类,民办,454,434,400
塔里木大学,新疆,自治区直辖县级行政区划,否,否,综合类,公办,467,446,416
文华学院,湖北,武汉市,否,否,综合类,民办,448,429,404
重庆工商大学,重庆,重庆市,否,否,财经类,公办,518,504,504
湖南人文科技学院,湖南,娄底市,否,否,综合类,公办,477,458,434
浙江传媒学院,浙江,杭州市,否,否,艺术类,公办,552,537,535
哈尔滨师范大学,黑龙江,哈尔滨市,否,否,师范类,公办,548,540,529
厦门理工学院,福建,厦门市,否,否,理工类,公办,516,493,474
金陵科技学院,江苏,南京市,否,否,理工类,公办,486,464,447
沈阳工程学院,辽宁,沈阳市,否,否,理工类,公办,483,464,445
广东金融学院,广东,广州市,否,否,财经类,公办,501,480,463
长沙学院,湖南,长沙市,否,否,综合类,公办,489,463,444
福建中医药大学,福建,福州市,否,否,医药类,公办,552,536,521
福建医科大学,福建,福州市,否,否,医药类,公办,573,555,546
重庆交通大学,重庆,重庆市,否,否,理工类,公办,514,504,493
大庆师范学院,黑龙江,大庆市,否,否,师范类,公办,477,463,442
上海商学院,上海,上海市,否,否,财经类,公办,508,496,492
重庆科技大学,重庆,重庆市,否,否,理工类,公办,521,461,460
武汉科技大学,湖北,武汉市,否,否,综合类,公办,566,537,532
中国矿业大学（北京）,北京,北京市,否,是,理工类,公办,595,588,584
南方医科大学,广东,广州市,否,否,医药类,公办,593,583,573
中国人民解放军国防科技大学,湖南,长沙市,是,是,军事类,公办,634,607,585
中国人民解放军空军军医大学,陕西,西安市,否,是,军事类,公办,578,582,574
海军军医大学,上海,上海市,否,是,军事类,公办,570,588,584
贵州大学,贵州,贵阳市,否,是,综合类,公办,577,555,548
西南大学,重庆,重庆市,否,是,综合类,公办,597,592,586
山西中医药大学,山西,晋中市,否,否,医药类,公办,538,527,520
郑州警察学院,河南,郑州市,否,否,政法类,公办,527,507,477
北京信息科技大学,北京,北京市,否,否,理工类,公办,525,509,499
首都经济贸易大学,北京,北京市,否,否,财经类,公办,566,554,554
河南中医药大学,河南,郑州市,否,否,医药类,公办,551,525,511
江西科技学院,江西,南昌市,否,否,综合类,民办,449,425,400
南昌理工学院,江西,南昌市,否,否,综合类,民办,455,431,413
南昌工程学院,江西,南昌市,否,否,理工类,公办,485,463,445
北京体育大学,北京,北京市,否,是,体育类,公办,567,573,568
西安思源学院,陕西,西安市,否,否,综合类,民办,456,435,400
河南师范大学,河南,新乡市,否,否,师范类,公办,499,536,526
中国石油大学（北京）,北京,北京市,否,是,理工类,公办,599,585,582
华北电力大学,北京,北京市,否,是,理工类,公办,617,611,611
中国地质大学（北京）,北京,北京市,否,是,理工类,公办,603,598,590
吉利学院,四川,成都市,否,否,理工类,民办,448,425,400
首都师范大学科德学院,北京,北京市,否,否,艺术类,民办,448,425,400
南通大学,江苏,南通市,否,否,综合类,公办,545,517,500
辽宁工程技术大学,辽宁,阜新市,否,否,理工类,公办,486,463,437
成都东软学院,四川,成都市,否,否,理工类,民办,455,432,406
河北外国语学院,河北,石家庄市,否,否,语言类,民办,449,425,401
哈尔滨金融学院,黑龙江,哈尔滨市,否,否,财经类,公办,479,462,443
河北金融学院,河北,保定市,否,否,财经类,公办,481,462,448
北华航天工业学院,河北,廊坊市,否,否,理工类,公办,494,476,463
电子科技大学,四川,成都市,是,是,理工类,公办,640,637,635
上海海关学院,上海,上海市,否,否,财经类,公办,614,582,575
防灾科技学院,河北,廊坊市,否,否,综合类,公办,490,470,459
衡水学院,河北,衡水市,否,否,综合类,公办,491,475,455
廊坊师范学院,河北,廊坊市,否,否,师范类,公办,512,497,496
山东师范大学,山东,济南市,否,否,师范类,公办,564,549,546
中央司法警官学院,河北,保定市,否,否,政法类,公办,515,477,459
中国人民警察大学,河北,廊坊市,否,否,政法类,公办,536,500,489
石家庄铁道大学,河北,石家庄市,否,否,理工类,公办,524,509,487
河北地质大学,河北,石家庄市,否,否,理工类,公办,498,481,468
华北科技学院,河北,廊坊市,否,否,理工类,公办,479,465,449
河北建筑工程学院,河北,张家口市,否,否,理工类,公办,473,463,445
河北工程大学,河北,邯郸市,否,否,理工类,公办,505,490,473
河北北方学院,河北,张家口市,否,否,综合类,公办,523,506,487
承德医学院,河北,承德市,否,否,医药类,公办,535,507,505
燕山大学,河北,秦皇岛市,否,否,综合类,公办,559,540,546
华北理工大学,河北,唐山市,否,否,综合类,公办,549,547,537
河北医科大学,河北,石家庄市,否,否,医药类,公办,548,537,543
河北师范大学,河北,石家庄市,否,否,师范类,公办,557,545,530
国际关系学院,北京,北京市,否,否,政法类,公办,609,602,594
北京语言大学,北京,北京市,否,否,语言类,公办,593,596,597
华北电力大学保定校区,河北,保定市,否,是,理工类,公办,607,587,595
北京印刷学院,北京,北京市,否,否,理工类,公办,503,497,487
首都师范大学,北京,北京市,否,否,师范类,公办,581,574,572
首都体育学院,北京,北京市,否,否,体育类,公办,498,487,465
北京物资学院,北京,北京市,否,否,财经类,公办,502,496,487
首都医科大学,北京,北京市,否,否,医药类,公办,572,560,555
外交学院,北京,北京市,否,否,语言类,公办,621,627,623
北京石油化工学院,北京,北京市,否,否,综合类,公办,479,468,451
中国劳动关系学院,北京,北京市,否,否,政法类,公办,516,503,493
北京农学院,北京,北京市,否,否,农林类,公办,482,464,448
中国人民公安大学,北京,北京市,否,否,政法类,公办,608,591,565
北京联合大学,北京,北京市,否,否,综合类,公办,493,477,455
中国戏曲学院,北京,北京市,否,否,艺术类,公办,541,531,535
北京协和医学院,北京,北京市,否,否,医药类,公办,567,550,540
北京建筑大学,北京,北京市,否,否,理工类,公办,532,521,516
北京工商大学,北京,北京市,否,否,财经类,公办,540,523,522
中国政法大学,北京,北京市,否,是,政法类,公办,652,630,632
中华女子学院,北京,北京市,否,否,语言类,公办,514,500,487
北京服装学院,北京,北京市,否,否,艺术类,公办,478,471,459
中央财经大学,北京,北京市,否,是,财经类,公办,638,642,638
北京电子科技学院,北京,北京市,否,否,理工类,公办,634,617,607
北京电影学院,北京,北京市,否,否,艺术类,公办,600,604,607
北方工业大学,北京,北京市,否,否,理工类,公办,524,515,512
北京城市学院,北京,北京市,否,否,综合类,民办,457,440,411
中国传媒大学,北京,北京市,否,是,综合类,公办,616,618,619
中国农业大学,北京,北京市,是,是,农林类,公办,629,626,621
北京化工大学,北京,北京市,否,是,理工类,公办,603,595,591
鲁东大学,山东,烟台市,否,否,综合类,公办,484,484,482
烟台大学,山东,烟台市,否,否,综合类,公办,528,510,484
山东第二医科大学,山东,潍坊市,否,否,医药类,公办,542,520,501
山东第一医科大学,山东,济南市,否,否,医药类,公办,572,554,543
齐鲁工业大学,山东,济南市,否,否,理工类,公办,512,489,463
北方民族大学,宁夏,银川市,否,否,综合类,公办,500,472,449
山东农业大学,山东,泰安市,否,否,农林类,公办,561,518,497
山东理工大学,山东,淄博市,否,否,理工类,公办,510,484,471
山东科技大学,山东,青岛市,否,否,理工类,公办,548,523,520
山东财经大学,山东,济南市,否,否,财经类,公办,545,529,528
山东交通学院,山东,济南市,否,否,理工类,公办,485,464,445
桂林理工大学,广西,桂林市,否,否,理工类,公办,490,464,446
桂林电子科技大学,广西,桂林市,否,否,理工类,公办,525,487,468
广西师范大学,广西,桂林市,否,否,师范类,公办,537,528,510
山东建筑大学,山东,济南市,否,否,理工类,公办,517,503,468
贵州财经大学,贵州,贵阳市,否,否,财经类,公办,505,487,470
内蒙古农业大学,内蒙古,呼和浩特市,否,否,农林类,公办,489,463,456
海南医科大学,海南,海口市,否,否,医药类,公办,546,525,499
海南师范大学,海南,海口市,否,否,师范类,公办,508,493,470
青岛理工大学,山东,青岛市,否,否,理工类,公办,521,507,497
青岛科技大学,山东,青岛市,否,否,理工类,公办,526,502,493
内蒙古科技大学,内蒙古,包头市,否,否,综合类,公办,496,472,441
海南大学,海南,海口市,否,是,综合类,公办,577,553,541
甘肃政法大学,甘肃,兰州市,否,否,政法类,公办,499,477,465
兰州财经大学,甘肃,兰州市,否,否,财经类,公办,489,468,448
青岛大学,山东,青岛市,否,否,综合类,公办,572,545,564
西北师范大学,甘肃,兰州市,否,否,师范类,公办,530,532,536
青岛农业大学,山东,青岛市,否,否,农林类,公办,501,479,463
河南财经政法大学,河南,郑州市,否,否,财经类,公办,517,494,483
兰州交通大学,甘肃,兰州市,否,否,理工类,公办,530,504,482
南阳师范学院,河南,南阳市,否,否,师范类,公办,474,455,443
兰州理工大学,甘肃,兰州市,否,否,理工类,公办,503,482,467
新乡医学院,河南,新乡市,否,否,医药类,公办,543,500,492
中原工学院,河南,郑州市,否,否,理工类,公办,468,453,434
西北民族大学,甘肃,兰州市,否,否,综合类,公办,512,483,463
郑州航空工业管理学院,河南,郑州市,否,否,综合类,公办,475,461,443
泉州师范学院,福建,泉州市,否,否,师范类,公办,473,458,440
福建理工大学,福建,福州市,否,否,理工类,公办,492,461,443
集美大学,福建,厦门市,否,否,综合类,公办,507,492,475
福建农林大学,福建,福州市,否,否,农林类,公办,512,510,502
河南工业大学,河南,郑州市,否,否,理工类,公办,487,462,443
华侨大学,福建,泉州市,否,否,综合类,公办,551,528,518
华北水利水电大学,河南,郑州市,否,否,理工类,公办,506,488,471
河南理工大学,河南,焦作市,否,否,理工类,公办,502,482,466
河南农业大学,河南,郑州市,否,否,农林类,公办,499,481,455
河南科技大学,河南,洛阳市,否,否,综合类,公办,529,490,479
河南大学,河南,开封市,否,否,综合类,公办,569,548,537
郑州轻工业大学,河南,郑州市,否,否,理工类,公办,487,468,446
齐齐哈尔医学院,黑龙江,齐齐哈尔市,否,否,医药类,公办,512,486,477
黑龙江科技大学,黑龙江,哈尔滨市,否,否,理工类,公办,483,463,445
武汉体育学院,湖北,武汉市,否,否,体育类,公办,472,464,439
东北石油大学,黑龙江,大庆市,否,否,理工类,公办,486,467,451
湖北经济学院,湖北,武汉市,否,否,财经类,公办,497,480,463
哈尔滨商业大学,黑龙江,哈尔滨市,否,否,财经类,公办,502,483,477
湖北工程学院,湖北,孝感市,否,否,理工类,公办,476,462,443
湖北医药学院,湖北,十堰市,否,否,医药类,公办,522,489,468
武汉轻工大学,湖北,武汉市,否,否,理工类,公办,521,497,485
武汉工程大学,湖北,武汉市,否,否,理工类,公办,523,495,492
三峡大学,湖北,宜昌市,否,否,综合类,公办,536,501,479
哈尔滨医科大学,黑龙江,哈尔滨市,否,否,医药类,公办,604,590,578
长江大学,湖北,荆州市,否,否,综合类,公办,521,501,469
哈尔滨理工大学,黑龙江,哈尔滨市,否,否,理工类,公办,520,499,493
湖北大学,湖北,武汉市,否,否,综合类,公办,532,509,507
齐齐哈尔大学,黑龙江,齐齐哈尔市,否,否,综合类,公办,488,468,443
中南民族大学,湖北,武汉市,否,否,综合类,公办,522,500,484
佳木斯大学,黑龙江,佳木斯市,否,否,综合类,公办,517,483,449
黑龙江大学,黑龙江,哈尔滨市,否,否,综合类,公办,521,505,497
华中师范大学,湖北,武汉市,否,是,师范类,公办,618,610,609
东北林业大学,黑龙江,哈尔滨市,否,是,农林类,公办,576,553,551
华中农业大学,湖北,武汉市,否,是,农林类,公办,596,584,580
湖南文理学院,湖南,常德市,否,否,综合类,公办,474,460,442
中南财经政法大学,湖北,武汉市,否,是,财经类,公办,597,575,577
吉林财经大学,吉林,长春市,否,否,财经类,公办,516,499,494
湖南科技学院,湖南,永州市,否,否,综合类,公办,465,468,444
湖南工商大学,湖南,长沙市,否,否,财经类,公办,515,487,474
衡阳师范学院,湖南,衡阳市,否,否,师范类,公办,524,505,469
湘南学院,湖南,郴州市,否,否,综合类,公办,493,473,454
湖南中医药大学,湖南,长沙市,否,否,医药类,公办,575,560,556
中南林业科技大学,湖南,长沙市,否,否,农林类,公办,504,493,481
湖南工程学院,湖南,湘潭市,否,否,理工类,公办,478,464,441
湖南工业大学,湖南,株洲市,否,否,综合类,公办,496,478,465
湖南城市学院,湖南,益阳市,否,否,综合类,公办,471,460,441
湖南理工学院,湖南,岳阳市,否,否,理工类,公办,483,459,437
吉林建筑大学,吉林,长春市,否,否,理工类,公办,475,463,434
长春工程学院,吉林,长春市,否,否,理工类,公办,474,461,441
东北电力大学,吉林,吉林市,否,否,理工类,公办,549,540,528
湖南农业大学,湖南,长沙市,否,否,农林类,公办,511,494,483
南华大学,湖南,衡阳市,否,否,综合类,公办,533,484,467
吉林师范大学,吉林,四平市,否,否,师范类,公办,541,530,518
长沙理工大学,湖南,长沙市,否,否,理工类,公办,567,538,522
湖南科技大学,湖南,湘潭市,否,否,综合类,公办,511,489,488
湘潭大学,湖南,湘潭市,否,否,综合类,公办,574,548,533
西安培华学院,陕西,西安市,否,否,综合类,民办,460,445,400
长春工业大学,吉林,长春市,否,否,理工类,公办,498,470,452
长春理工大学,吉林,长春市,否,否,理工类,公办,538,504,484
西安体育学院,陕西,西安市,否,否,体育类,公办,485,472,450
长春大学,吉林,长春市,否,否,综合类,公办,486,466,448
西北政法大学,陕西,西安市,否,否,政法类,公办,616,612,600
西安财经大学,陕西,西安市,否,否,财经类,公办,522,506,502
北华大学,吉林,吉林市,否,否,综合类,公办,528,511,502
西安外国语大学,陕西,西安市,否,否,语言类,公办,525,523,527
陕西理工大学,陕西,汉中市,否,否,理工类,公办,507,484,458
宝鸡文理学院,陕西,宝鸡市,否,否,师范类,公办,502,473,438
青海大学,青海,西宁市,否,是,综合类,公办,574,546,544
西安邮电大学,陕西,西安市,否,否,理工类,公办,580,554,547
大理大学,云南,大理白族自治州,否,否,综合类,公办,522,492,476
西安工业大学,陕西,西安市,否,否,理工类,公办,540,519,507
西安工程大学,陕西,西安市,否,否,理工类,公办,508,492,478
陕西科技大学,陕西,西安市,否,否,理工类,公办,522,500,487
云南财经大学,云南,昆明市,否,否,财经类,公办,507,489,488
西安石油大学,陕西,西安市,否,否,理工类,公办,523,497,490
西安科技大学,陕西,西安市,否,否,理工类,公办,525,511,507
西安建筑科技大学,陕西,西安市,否,否,理工类,公办,570,556,562
西安理工大学,陕西,西安市,否,否,理工类,公办,580,555,539
昆明医科大学,云南,昆明市,否,否,医药类,公办,577,550,535
西南林业大学,云南,昆明市,否,否,农林类,公办,493,465,447
云南师范大学,云南,昆明市,否,否,师范类,公办,544,520,508
云南农业大学,云南,昆明市,否,否,农林类,公办,519,481,454
昆明理工大学,云南,昆明市,否,否,理工类,公办,530,498,476
安徽财经大学,安徽,蚌埠市,否,否,财经类,公办,518,505,499
陕西师范大学,陕西,西安市,否,是,师范类,公办,607,596,591
西北农林科技大学,陕西,咸阳市,是,是,农林类,公办,601,590,580
西安交通大学,陕西,西安市,是,是,综合类,公办,639,632,635
上海戏剧学院,上海,上海市,否,否,艺术类,公办,581,580,561
上海音乐学院,上海,上海市,否,否,艺术类,公办,575,566,549
上海体育大学,上海,上海市,否,否,体育类,公办,566,544,524
华东政法大学,上海,上海市,否,否,政法类,公办,610,593,614
安徽建筑大学,安徽,合肥市,否,否,理工类,公办,497,481,459
上海立信会计金融学院,上海,上海市,否,否,财经类,公办,530,517,511
上海对外经贸大学,上海,上海市,否,否,财经类,公办,565,550,553
上海电力大学,上海,上海市,否,否,理工类,公办,582,555,543
安徽师范大学,安徽,芜湖市,否,否,师范类,公办,540,528,522
上海海事大学,上海,上海市,否,否,理工类,公办,552,527,518
上海中医药大学,上海,上海市,否,否,医药类,公办,633,634,568
上海海洋大学,上海,上海市,否,否,农林类,公办,562,544,529
上海理工大学,上海,上海市,否,否,理工类,公办,579,558,557
广东药科大学,广东,广州市,否,否,医药类,公办,528,504,498
广东外语外贸大学,广东,广州市,否,否,语言类,公办,552,542,544
广州中医药大学,广东,广州市,否,否,医药类,公办,581,572,563
广东海洋大学,广东,湛江市,否,否,综合类,公办,498,467,451
华南农业大学,广东,广州市,否,否,综合类,公办,577,559,549
深圳大学,广东,深圳市,否,否,综合类,公办,607,602,593
山西大同大学,山西,大同市,否,否,综合类,公办,495,476,439
太原科技大学,山西,太原市,否,否,理工类,公办,498,465,446
中北大学,山西,太原市,否,否,综合类,公办,513,498,481
山西财经大学,山西,太原市,否,否,财经类,公办,517,510,510
西南医科大学,四川,泸州市,否,否,医药类,公办,561,548,539
四川轻化工大学,四川,自贡市,否,否,理工类,公办,491,468,458
山西师范大学,山西,太原市,否,否,师范类,公办,513,497,493
山西医科大学,山西,太原市,否,否,医药类,公办,544,508,463
成都信息工程大学,四川,成都市,否,否,理工类,公办,529,505,478
山西农业大学,山西,晋中市,否,否,农林类,公办,492,465,448
西南石油大学,四川,成都市,否,否,综合类,公办,579,562,545
中国民用航空飞行学院,四川,德阳市,否,否,理工类,公办,503,470,463
西华师范大学,四川,南充市,否,否,师范类,公办,487,462,459
成都中医药大学,四川,成都市,否,否,医药类,公办,598,598,587
西南科技大学,四川,绵阳市,否,否,理工类,公办,500,481,461
山西大学,山西,太原市,否,否,综合类,公办,577,549,527
浙江财经大学,浙江,杭州市,否,否,财经类,公办,537,517,511
浙江工商大学,浙江,杭州市,否,否,财经类,公办,547,526,516
湖州师范学院,浙江,湖州市,否,否,综合类,公办,503,489,475
杭州师范大学,浙江,杭州市,否,否,综合类,公办,541,541,532
温州医科大学,浙江,温州市,否,否,医药类,公办,590,570,557
浙江农林大学,浙江,杭州市,否,否,农林类,公办,540,521,507
中国计量大学,浙江,杭州市,否,否,理工类,公办,558,523,514
西华大学,四川,成都市,否,否,综合类,公办,511,495,482
浙江理工大学,浙江,杭州市,否,否,理工类,公办,546,534,526
浙江工业大学,浙江,杭州市,否,否,理工类,公办,584,564,554
浙江师范大学,浙江,金华市,否,否,综合类,公办,546,535,527
宁波大学,浙江,宁波市,否,否,综合类,公办,561,548,544
新疆农业大学,新疆,乌鲁木齐市,否,否,农林类,公办,471,452,428
成都理工大学,四川,成都市,否,否,理工类,公办,577,557,549
西南民族大学,四川,成都市,否,否,民族类,公办,519,502,488
中国医科大学,辽宁,沈阳市,否,否,医药类,公办,581,560,549
东北财经大学,辽宁,大连市,否,否,财经类,公办,588,591,592
沈阳农业大学,辽宁,沈阳市,否,否,农林类,公办,510,489,472
沈阳工业大学,辽宁,沈阳市,否,否,理工类,公办,519,497,480
沈阳药科大学,辽宁,沈阳市,否,否,医药类,公办,550,518,510
辽宁师范大学,辽宁,大连市,否,否,师范类,公办,515,504,494
辽宁石油化工大学,辽宁,抚顺市,否,否,理工类,公办,481,463,445
辽宁科技大学,辽宁,鞍山市,否,否,理工类,公办,492,465,447
沈阳师范大学,辽宁,沈阳市,否,否,师范类,公办,490,471,451
大连交通大学,辽宁,大连市,否,否,理工类,公办,511,491,474
大连医科大学,辽宁,大连市,否,否,医药类,公办,606,596,592
大连大学,辽宁,大连市,否,否,综合类,公办,515,498,490
沈阳理工大学,辽宁,沈阳市,否,否,理工类,公办,512,486,473
大连外国语大学,辽宁,大连市,否,否,语言类,公办,519,520,524
渤海大学,辽宁,锦州市,否,否,综合类,公办,486,470,464
沈阳建筑大学,辽宁,沈阳市,否,否,理工类,公办,520,510,514
大连海洋大学,辽宁,大连市,否,否,农林类,公办,489,470,455
沈阳航空航天大学,辽宁,沈阳市,否,否,理工类,公办,515,499,486
大连民族大学,辽宁,大连市,否,否,民族类,公办,480,470,454
锦州医科大学,辽宁,锦州市,否,否,医药类,公办,521,486,516
中国刑事警察学院,辽宁,沈阳市,否,否,政法类,公办,532,514,503
石河子大学,新疆,自治区直辖县级行政区划,否,是,综合类,公办,517,495,481
井冈山大学,江西,吉安市,否,否,综合类,公办,488,469,450
四川美术学院,重庆,重庆市,否,否,艺术类,公办,554,536,539
九江学院,江西,九江市,否,否,综合类,公办,476,459,438
四川外国语大学,重庆,重庆市,否,否,语言类,公办,524,516,511
重庆理工大学,重庆,重庆市,否,否,理工类,公办,513,495,484
上饶师范学院,江西,上饶市,否,否,师范类,公办,487,476,459
江西中医药大学,江西,南昌市,否,否,医药类,公办,535,505,494
重庆邮电大学,重庆,重庆市,否,否,理工类,公办,589,572,558
西南政法大学,重庆,重庆市,否,否,政法类,公办,587,568,591
重庆师范大学,重庆,重庆市,否,否,师范类,公办,537,527,518
重庆医科大学,重庆,重庆市,否,否,医药类,公办,585,569,564
南昌航空大学,江西,南昌市,否,否,理工类,公办,498,481,469
东华理工大学,江西,南昌市,否,否,理工类,公办,485,476,466
江西财经大学,江西,南昌市,否,否,财经类,公办,553,540,544
江西师范大学,江西,南昌市,否,否,师范类,公办,557,536,522
扬州大学,江苏,扬州市,否,否,综合类,公办,567,540,533
江西农业大学,江西,南昌市,否,否,农林类,公办,492,470,457
南京工业大学,江苏,南京市,否,否,理工类,公办,553,533,532
江苏大学,江苏,镇江市,否,否,综合类,公办,568,539,535
南京林业大学,江苏,南京市,否,否,农林类,公办,573,548,545
南京医科大学,江苏,南京市,否,否,医药类,公办,563,545,525
南京信息工程大学,江苏,南京市,否,否,综合类,公办,603,588,580
江西理工大学,江西,赣州市,否,否,理工类,公办,493,472,454
南京财经大学,江苏,南京市,否,否,财经类,公办,533,519,515
苏州科技大学,江苏,苏州市,否,否,综合类,公办,516,495,486
南京中医药大学,江苏,南京市,否,否,医药类,公办,583,563,578
江苏科技大学,江苏,镇江市,否,否,理工类,公办,522,496,503
南京邮电大学,江苏,南京市,否,否,理工类,公办,604,591,583
杭州电子科技大学,浙江,杭州市,否,否,理工类,公办,576,528,526
徐州医科大学,江苏,徐州市,否,否,医药类,公办,589,573,563
华东交通大学,江西,南昌市,否,否,理工类,公办,508,484,466
盐城师范学院,江苏,盐城市,否,否,师范类,公办,477,462,445
南京审计大学,江苏,南京市,否,否,财经类,公办,560,544,539
南京艺术学院,江苏,南京市,否,否,艺术类,公办,547,528,521
常州工学院,江苏,常州市,否,否,理工类,公办,471,462,445
南京晓庄学院,江苏,南京市,否,否,师范类,公办,496,492,470
南京工程学院,江苏,南京市,否,否,理工类,公办,508,494,480
北京科技大学,北京,北京市,否,是,理工类,公办,627,624,620
北京理工大学,北京,北京市,是,是,理工类,公办,646,646,645
东北师范大学,吉林,长春市,否,是,师范类,公办,598,582,581
清华大学,北京,北京市,是,是,综合类,公办,686,688,683
太原理工大学,山西,太原市,否,是,理工类,公办,590,570,570
大连理工大学,辽宁,大连市,是,是,理工类,公办,632,623,617
东北农业大学,黑龙江,哈尔滨市,否,是,农林类,公办,576,548,546
上海外国语大学,上海,上海市,否,是,语言类,公办,625,625,621
东华大学,上海,上海市,否,是,综合类,公办,608,597,594
东北大学,辽宁,沈阳市,是,是,理工类,公办,618,613,608
华东理工大学,上海,上海市,否,是,理工类,公办,621,612,610
复旦大学,上海,上海市,是,是,综合类,公办,671,669,670
华东师范大学,上海,上海市,是,是,师范类,公办,648,647,643
上海财经大学,上海,上海市,否,是,财经类,公办,640,642,639
延边大学,吉林,延边朝鲜族自治州,否,是,综合类,公办,564,543,528
武汉理工大学,湖北,武汉市,否,是,理工类,公办,589,581,573
华中科技大学,湖北,武汉市,是,是,综合类,公办,645,646,637
山东大学,山东,济南市,是,是,综合类,公办,633,628,625
上海交通大学,上海,上海市,是,是,综合类,公办,676,679,672
哈尔滨工程大学,黑龙江,哈尔滨市,否,是,理工类,公办,608,587,574
中南大学,湖南,长沙市,是,是,综合类,公办,627,615,626
吉林大学,吉林,长春市,是,是,综合类,公办,628,624,616
中国地质大学（武汉）,湖北,武汉市,否,是,理工类,公办,586,569,567
中国石油大学（华东）,山东,青岛市,否,是,理工类,公办,590,574,565
重庆大学,重庆,重庆市,是,是,综合类,公办,608,618,613
苏州大学,江苏,苏州市,否,是,综合类,公办,625,614,613
中国药科大学,江苏,南京市,否,是,医药类,公办,609,588,585
河海大学,江苏,南京市,否,是,综合类,公办,592,573,569
南京师范大学,江苏,南京市,否,是,师范类,公办,604,597,589
浙江大学,浙江,杭州市,是,是,综合类,公办,666,669,660
南京农业大学,江苏,南京市,否,是,农林类,公办,584,568,564
南京理工大学,江苏,南京市,否,是,理工类,公办,607,602,600
南京大学,江苏,南京市,是,是,综合类,公办,663,671,664
中国矿业大学,江苏,徐州市,否,是,综合类,公办,582,565,562
东南大学,江苏,南京市,是,是,综合类,公办,646,646,641
南昌大学,江西,南昌市,否,是,综合类,公办,591,573,570
西北工业大学,陕西,西安市,是,是,理工类,公办,633,627,618
暨南大学,广东,广州市,否,是,综合类,公办,613,608,600
华南理工大学,广东,广州市,是,是,综合类,公办,629,628,624
中山大学,广东,广州市,是,是,综合类,公办,643,645,641
福州大学,福建,福州市,否,是,理工类,公办,598,580,576
厦门大学,福建,厦门市,是,是,综合类,公办,645,642,636
西南财经大学,四川,成都市,否,是,财经类,公办,619,611,612
四川农业大学,四川,成都市,否,是,农林类,公办,580,565,549
四川大学,四川,成都市,是,是,综合类,公办,636,635,622
兰州大学,甘肃,兰州市,是,是,综合类,公办,618,615,611
天津农学院,天津,天津市,否,否,农林类,公办,502,474,462
天津城建大学,天津,天津市,否,否,综合类,公办,511,490,482
天津职业技术师范大学,天津,天津市,否,否,师范类,公办,504,500,486
天津中医药大学,天津,天津市,否,否,医药类,公办,572,552,538
中国民航大学,天津,天津市,否,否,理工类,公办,545,532,521
天津外国语大学,天津,天津市,否,否,语言类,公办,539,538,536
江南大学,江苏,无锡市,否,是,综合类,公办,591,576,575
天津商业大学,天津,天津市,否,否,财经类,公办,511,463,447
天津财经大学,天津,天津市,否,否,财经类,公办,563,545,549
天津科技大学,天津,天津市,否,否,理工类,公办,543,521,510
天津理工大学,天津,天津市,否,否,理工类,公办,517,511,505
天津工业大学,天津,天津市,否,否,综合类,公办,586,567,556
天津师范大学,天津,天津市,否,否,师范类,公办,570,559,555
天津医科大学,天津,天津市,否,是,医药类,公办,607,606,583
南京航空航天大学,江苏,南京市,否,是,理工类,公办,589,570,557
上海大学,上海,上海市,否,是,综合类,公办,622,612,617
上海交通大学医学院,上海,上海市,是,是,医药类,公办,669,671,662
新疆大学,新疆,乌鲁木齐市,否,是,综合类,公办,546,521,482
同济大学,上海,上海市,是,是,综合类,公办,654,655,653
安徽医科大学,安徽,合肥市,否,否,医药类,公办,565,544,533
济南大学,山东,济南市,否,否,综合类,公办,546,528,515
安徽农业大学,安徽,合肥市,否,否,农林类,公办,505,499,483
安徽工业大学,安徽,马鞍山市,否,否,理工类,公办,498,475,474
安徽理工大学,安徽,淮南市,否,否,理工类,公办,495,470,451
安徽大学,安徽,合肥市,否,是,综合类,公办,594,588,585
中国科学技术大学,安徽,合肥市,是,是,理工类,公办,671,673,665
滨州医学院,山东,烟台市,否,否,医药类,公办,562,542,529
合肥工业大学,安徽,合肥市,否,是,理工类,公办,587,571,574
郑州大学,河南,郑州市,否,是,综合类,公办,597,587,576
中国海洋大学,山东,青岛市,是,是,综合类,公办,621,609,605
天津大学,天津,天津市,是,是,综合类,公办,644,650,647
南开大学,天津,天津市,是,是,综合类,公办,657,659,656
湖南师范大学,湖南,长沙市,否,是,师范类,公办,588,575,572
西安电子科技大学,陕西,西安市,否,是,理工类,公办,614,603,596
河北经贸大学,河北,石家庄市,否,否,财经类,公办,515,499,500
河北大学,河北,保定市,否,否,综合类,公办,561,531,527
对外经济贸易大学,北京,北京市,否,是,财经类,公办,639,643,643
北京师范大学,北京,北京市,是,是,师范类,公办,649,650,644
西南交通大学,四川,成都市,否,是,理工类,公办,594,582,586
辽宁大学,辽宁,沈阳市,否,是,综合类,公办,585,569,567
北京中医药大学,北京,北京市,否,是,医药类,公办,578,566,558
北京邮电大学,北京,北京市,否,是,理工类,公办,639,636,629
北京航空航天大学,北京,北京市,是,是,理工类,公办,612,596,585
中国人民大学,北京,北京市,是,是,综合类,公办,668,672,665
中央民族大学,北京,北京市,是,是,民族类,公办,617,617,615
湖南大学,湖南,长沙市,是,是,综合类,公办,610,620,617
北京林业大学,北京,北京市,否,是,农林类,公办,609,605,605
武汉大学,湖北,武汉市,是,是,综合类,公办,649,650,645
河北工业大学,天津,天津市,否,是,理工类,公办,591,575,572
中央音乐学院,北京,北京市,否,是,艺术类,公办,336,319,300
北京外国语大学,北京,北京市,否,是,语言类,公办,627,633,622
北京交通大学,北京,北京市,否,是,理工类,公办,623,614,602
西北大学,陕西,西安市,否,是,综合类,公办,616,615,616
长安大学,陕西,西安市,否,是,理工类,公办,586,569,567
云南大学,云南,昆明市,否,是,综合类,公办,593,577,583
哈尔滨工业大学,黑龙江,哈尔滨市,是,是,理工类,公办,631,623,637
大连海事大学,辽宁,大连市,否,是,理工类,公办,581,558,546
内蒙古大学,内蒙古,呼和浩特市,否,是,综合类,公办,575,555,548
北京大学,北京,北京市,是,是,综合类,公办,682,685,677
北京工业大学,北京,北京市,否,是,理工类,公办,594,582,581
