﻿名称,省,市,985,211,学校类型,学校属性,2023年理科录取分数,2023年文科录取分数,2022年理科录取分数,2022年文科录取分数,2021年理科录取分数,2021年文科录取分数
烟台科技学院,山东,烟台市,否,否,综合类,民办,367,369,386,436,362,435
江苏海洋大学,江苏,连云港市,否,否,理工类,公办,494,498,498,517,487,536
江西软件职业技术大学,江西,南昌市,否,否,理工类,民办,130,180,130,130,130,130
福建技术师范学院,福建,福州市,否,否,师范类,公办,411,435,425,462,415,476
郑州西亚斯学院,河南,郑州市,否,否,综合类,民办,377,408,399,444,381,442
西藏农牧学院,西藏,林芝市,否,否,农林类,公办,405,433,424,459,410,466
南京审计大学金审学院,江苏,南京市,否,否,财经类,民办,391,420,410,449,402,453
中国石油大学（北京）克拉玛依校区,新疆,克拉玛依市,否,是,理工类,公办,530,513,521,529,528,551
鄂尔多斯应用技术学院,内蒙古,鄂尔多斯市,否,否,理工类,公办,418,419,429,451,417,458
温州肯恩大学,浙江,温州市,否,否,综合类,中外合作办学,516,499,508,518,509,546
合肥工业大学宣城校区,安徽,宣城市,否,是,综合类,公办,557,534,541,550,556,577
中国人民大学（苏州校区）,江苏,苏州市,是,是,综合类,公办,611,563,594,572,601,600
山西能源学院,山西,晋中市,否,否,理工类,公办,425,426,434,457,419,463
河北中医药大学,河北,石家庄市,否,否,医药类,公办,512,505,503,528,514,543
山东管理学院,山东,济南市,否,否,综合类,公办,416,435,430,454,443,498
四川电影电视学院,四川,成都市,否,否,艺术类,民办,349,411,409,445,130,130
张家口学院,河北,张家口市,否,否,综合类,公办,414,432,432,462,431,483
南昌师范学院,江西,南昌市,否,否,师范类,公办,400,418,437,464,444,490
江西服装学院,江西,南昌市,否,否,艺术类,民办,344,369,373,409,345,393
山西传媒学院,山西,晋中市,否,否,艺术类,公办,406,427,444,469,442,483
河北环境工程学院,河北,秦皇岛市,否,否,理工类,公办,398,421,436,457,437,458
陕西服装工程学院,陕西,咸阳市,否,否,综合类,民办,357,384,377,413,351,394
南昌工学院,江西,南昌市,否,否,理工类,民办,356,403,373,415,343,393
河北科技学院,河北,唐山市,否,否,理工类,民办,349,376,374,411,347,403
山西工商学院,山西,太原市,否,否,财经类,民办,396,418,417,450,410,458
福州外语外贸学院,福建,福州市,否,否,财经类,民办,344,384,373,409,344,393
山东协和学院,山东,济南市,否,否,医药类,民办,373,400,395,432,383,426
郑州升达经贸管理学院,河南,郑州市,否,否,财经类,民办,374,402,392,435,364,434
广东科技学院,广东,东莞市,否,否,综合类,民办,347,369,373,409,343,393
广西外国语学院,广西,南宁市,否,否,语言类,民办,344,369,373,409,343,393
华北理工大学轻工学院,河北,唐山市,否,否,理工类,民办,373,391,394,420,377,393
天津外国语大学滨海外事学院,天津,天津市,否,否,语言类,民办,380,397,403,443,386,448
浙江外国语学院,浙江,杭州市,否,否,语言类,公办,423,480,483,507,495,542
新疆政法学院,新疆,自治区直辖县级行政区划,否,否,政法类,公办,399,434,417,457,410,459
南宁理工学院,广西,南宁市,否,否,理工类,民办,345,383,373,409,343,393
内蒙古科技大学包头师范学院,内蒙古,包头市,否,否,师范类,公办,428,465,442,488,454,499
银川科技学院,宁夏,银川市,否,否,综合类,民办,351,380,373,409,343,393
北京第二外国语学院,北京,北京市,否,否,语言类,公办,535,522,543,552,564,576
广东第二师范学院,广东,广州市,否,否,师范类,公办,436,485,444,508,478,529
福建江夏学院,福建,福州市,否,否,财经类,公办,409,455,436,466,442,501
贵州黔南经济学院,贵州,黔南布依族苗族自治州,否,否,财经类,民办,353,393,373,430,350,427
兴义民族师范学院,贵州,黔西南布依族苗族自治州,否,否,师范类,公办,406,440,421,464,415,469
西安科技大学高新学院,陕西,西安市,否,否,理工类,民办,366,397,385,424,369,406
西安明德理工学院,陕西,西安市,否,否,综合类,民办,376,398,388,421,357,402
西安工商学院,陕西,西安市,否,否,综合类,民办,366,405,383,429,355,419
西安交通大学城市学院,陕西,西安市,否,否,理工类,民办,391,419,411,453,400,454
江苏科技大学苏州理工学院,江苏,苏州市,否,否,理工类,民办,385,408,403,438,385,439
南京邮电大学通达学院,江苏,扬州市,否,否,综合类,民办,391,414,409,445,397,443
江苏师范大学科文学院,江苏,徐州市,否,否,综合类,民办,382,410,401,447,383,448
扬州大学广陵学院,江苏,扬州市,否,否,综合类,民办,389,417,407,449,394,451
苏州大学应用技术学院,江苏,苏州市,否,否,综合类,民办,392,398,409,439,396,434
苏州城市学院,江苏,苏州市,否,否,综合类,公办,465,472,465,486,457,503
南京医科大学康达学院,江苏,连云港市,否,否,医药类,民办,391,415,413,444,399,445
南京师范大学中北学院,江苏,镇江市,否,否,综合类,民办,382,411,403,448,385,451
南京工业大学浦江学院,江苏,南京市,否,否,理工类,民办,387,405,405,442,388,438
南京传媒学院,江苏,南京市,否,否,艺术类,民办,387,381,414,449,400,451
南京航空航天大学金城学院,江苏,南京市,否,否,理工类,民办,388,409,407,443,394,438
南京理工大学紫金学院,江苏,南京市,否,否,理工类,民办,394,418,410,450,400,453
黑龙江财经学院,黑龙江,哈尔滨市,否,否,财经类,民办,350,395,373,411,346,404
哈尔滨广厦学院,黑龙江,哈尔滨市,否,否,综合类,民办,361,396,373,409,359,393
哈尔滨剑桥学院,黑龙江,哈尔滨市,否,否,综合类,民办,344,372,373,409,353,393
黑龙江工商学院,黑龙江,哈尔滨市,否,否,综合类,民办,344,382,373,409,343,393
哈尔滨华德学院,黑龙江,哈尔滨市,否,否,理工类,民办,344,369,373,409,351,398
昆明理工大学津桥学院,云南,昆明市,否,否,理工类,民办,357,401,373,428,343,430
丽江文化旅游学院,云南,丽江市,否,否,综合类,民办,352,385,373,409,344,396
滇池学院,云南,昆明市,否,否,综合类,民办,379,369,390,432,365,426
聊城大学东昌学院,山东,聊城市,否,否,综合类,民办,386,410,400,441,370,434
齐鲁理工学院,山东,济南市,否,否,综合类,民办,371,399,383,423,353,412
青岛工学院,山东,青岛市,否,否,综合类,民办,361,396,379,423,343,400
泰山科技学院,山东,泰安市,否,否,理工类,民办,351,369,373,409,343,427
西南交通大学希望学院,四川,成都市,否,否,综合类,民办,386,409,404,439,386,435
西南财经大学天府学院,四川,绵阳市,否,否,财经类,民办,382,412,403,442,387,440
四川大学锦江学院,四川,眉山市,否,否,综合类,民办,381,408,392,438,343,410
四川文化艺术学院,四川,绵阳市,否,否,艺术类,民办,357,398,373,435,346,413
成都锦城学院,四川,成都市,否,否,综合类,民办,390,415,412,449,399,452
成都外国语学院,四川,成都市,否,否,语言类,民办,363,380,400,442,385,441
成都银杏酒店管理学院,四川,成都市,否,否,财经类,民办,364,389,375,413,347,395
成都理工大学工程技术学院,四川,乐山市,否,否,理工类,民办,388,415,406,445,391,445
成都大学,四川,成都市,否,否,综合类,公办,461,478,439,483,478,529
东莞城市学院,广东,东莞市,否,否,理工类,民办,344,373,373,409,343,393
电子科技大学中山学院,广东,中山市,否,否,理工类,民办,374,375,396,409,372,393
湖南理工学院南湖学院,湖南,岳阳市,否,否,理工类,民办,387,400,404,432,382,426
湖南文理学院芙蓉学院,湖南,常德市,否,否,综合类,民办,383,376,396,445,366,438
南华大学船山学院,湖南,衡阳市,否,否,综合类,民办,385,417,399,448,380,447
湖南科技大学潇湘学院,湖南,湘潭市,否,否,综合类,民办,390,416,411,449,400,452
长沙理工大学城南学院,湖南,长沙市,否,否,理工类,民办,388,383,407,445,395,449
湖南农业大学东方科技学院,湖南,长沙市,否,否,综合类,民办,365,388,402,442,360,439
湘潭理工学院,湖南,湘潭市,否,否,理工类,民办,347,378,375,411,352,401
长沙工业学院,湖南,长沙市,否,否,理工类,公办,389,417,411,448,396,451
湖南第一师范学院,湖南,长沙市,否,否,师范类,公办,437,463,427,458,459,516
湖北恩施学院,湖北,恩施土家族苗族自治州,否,否,综合类,民办,382,402,406,435,389,422
湖北工程学院新技术学院,湖北,孝感市,否,否,综合类,民办,373,369,399,435,376,433
武汉文理学院,湖北,武汉市,否,否,综合类,民办,372,403,398,440,379,440
漯河食品工程职业大学,河南,漯河市,否,否,综合类,民办,130,180,130,130,130,130
南昌大学共青学院,江西,九江市,否,否,综合类,民办,374,412,399,436,369,423
南昌应用技术师范学院,江西,南昌市,否,否,师范类,民办,376,414,387,445,343,396
景德镇艺术职业大学,江西,景德镇市,否,否,艺术类,民办,355,396,373,409,343,417
赣南师范大学科技学院,江西,赣州市,否,否,师范类,民办,386,420,408,451,388,452
江西财经大学现代经济管理学院,江西,九江市,否,否,财经类,民办,371,403,398,439,371,434
南昌医学院,江西,南昌市,否,否,医药类,公办,449,453,462,493,449,495
南昌航空大学科技学院,江西,九江市,否,否,理工类,民办,378,402,399,431,375,407
赣东学院,江西,抚州市,否,否,综合类,公办,404,422,422,457,410,468
赣南科技学院,江西,赣州市,否,否,理工类,公办,413,435,426,459,410,466
南昌交通学院,江西,南昌市,否,否,理工类,民办,364,393,378,416,343,393
江西师范大学科学技术学院,江西,九江市,否,否,综合类,民办,386,413,404,448,391,452
南昌大学科学技术学院,江西,九江市,否,否,综合类,民办,368,369,386,445,357,442
厦门工学院,福建,厦门市,否,否,理工类,民办,352,381,374,409,345,393
合肥城市学院,安徽,合肥市,否,否,理工类,民办,354,410,379,418,343,393
浙江越秀外国语学院,浙江,绍兴市,否,否,语言类,民办,344,369,373,409,343,393
宁波财经学院,浙江,宁波市,否,否,财经类,民办,361,382,381,416,349,404
上海财经大学浙江学院,浙江,金华市,否,否,财经类,民办,387,369,401,439,382,442
温州商学院,浙江,温州市,否,否,财经类,民办,130,256,130,130,130,130
嘉兴南湖学院,浙江,嘉兴市,否,否,财经类,公办,432,472,437,482,444,500
浙江财经大学东方学院,浙江,嘉兴市,否,否,财经类,民办,370,402,396,433,373,420
浙江工商大学杭州商学院,浙江,杭州市,否,否,财经类,民办,367,399,393,440,371,434
绍兴文理学院元培学院,浙江,绍兴市,否,否,综合类,民办,376,414,393,439,367,438
宁波大学科学技术学院,浙江,宁波市,否,否,综合类,民办,366,369,394,432,369,425
浙江师范大学行知学院,浙江,金华市,否,否,综合类,民办,368,406,393,439,368,437
浙江工业大学之江学院,浙江,绍兴市,否,否,理工类,民办,371,396,385,435,358,429
广西中医药大学赛恩斯新医药学院,广西,南宁市,否,否,医药类,民办,388,417,407,447,396,447
柳州工学院,广西,柳州市,否,否,理工类,民办,344,372,373,410,343,394
桂林信息科技学院,广西,桂林市,否,否,理工类,民办,347,369,376,409,353,393
桂林学院,广西,桂林市,否,否,综合类,民办,363,389,385,440,380,442
广西民族师范学院,广西,崇左市,否,否,师范类,公办,399,419,417,454,410,462
甘肃民族师范学院,甘肃,甘南藏族自治州,否,否,师范类,公办,405,435,428,461,417,462
大连东软信息学院,辽宁,大连市,否,否,理工类,民办,360,369,373,409,345,393
沈阳科技学院,辽宁,沈阳市,否,否,理工类,民办,352,376,373,409,343,393
大连医科大学中山学院,辽宁,大连市,否,否,医药类,民办,381,412,408,440,391,434
辽宁何氏医学院,辽宁,沈阳市,否,否,医药类,民办,391,389,405,409,390,393
辽宁中医药大学杏林学院,辽宁,沈阳市,否,否,医药类,民办,388,416,405,440,386,438
沈阳城市建设学院,辽宁,沈阳市,否,否,理工类,民办,348,374,373,409,343,393
辽宁师范大学海华学院,辽宁,大连市,否,否,综合类,民办,375,406,396,432,371,425
大连科技学院,辽宁,大连市,否,否,理工类,民办,363,374,373,409,343,393
沈阳城市学院,辽宁,沈阳市,否,否,综合类,民办,346,389,373,419,343,406
运城职业技术大学,山西,运城市,否,否,综合类,民办,349,377,373,409,130,130
山西科技学院,山西,晋城市,否,否,理工类,公办,402,423,417,453,410,458
山西晋中理工学院,山西,晋中市,否,否,理工类,民办,352,383,383,420,352,412
晋中信息学院,山西,晋中市,否,否,理工类,民办,364,393,391,432,360,416
山西工学院,山西,朔州市,否,否,理工类,公办,399,422,417,451,410,458
内蒙古大学创业学院,内蒙古,呼和浩特市,否,否,综合类,民办,382,419,409,452,397,456
呼和浩特民族学院,内蒙古,呼和浩特市,否,否,民族类,公办,413,444,431,467,415,480
长春大学旅游学院,吉林,长春市,否,否,综合类,民办,344,369,373,409,343,393
长春财经学院,吉林,长春市,否,否,财经类,民办,348,392,373,414,343,393
长春光华学院,吉林,长春市,否,否,综合类,民办,344,386,373,409,343,393
天津天狮学院,天津,天津市,否,否,综合类,民办,354,382,374,426,367,427
天津财经大学珠江学院,天津,天津市,否,否,综合类,民办,372,404,404,445,393,445
天津理工大学中环信息学院,天津,天津市,否,否,综合类,民办,382,400,403,438,382,435
北京科技大学天津学院,天津,天津市,否,否,综合类,民办,376,412,400,443,379,445
天津医科大学临床医学院,天津,天津市,否,否,医药类,民办,391,410,410,442,400,441
天津商业大学宝德学院,天津,天津市,否,否,财经类,民办,344,382,395,438,376,440
民政职业大学,北京,北京市,否,否,政法类,公办,313,340,280,331,166,318
银川能源学院,宁夏,银川市,否,否,理工类,民办,344,374,373,409,343,394
宁夏理工学院,宁夏,石嘴山市,否,否,理工类,民办,352,388,373,415,344,410
西安交通工程学院,陕西,西安市,否,否,理工类,民办,374,385,401,437,381,429
西安信息职业大学,陕西,西安市,否,否,理工类,民办,361,395,379,417,349,130
西安汽车职业大学,陕西,西安市,否,否,理工类,民办,362,385,374,409,343,393
西安欧亚学院,陕西,西安市,否,否,财经类,民办,362,386,385,429,360,416
陕西国际商贸学院,陕西,咸阳市,否,否,财经类,民办,373,401,390,433,362,426
陕西科技大学镐京学院,陕西,咸阳市,否,否,理工类,民办,370,394,392,420,365,404
西安建筑科技大学华清学院,陕西,西安市,否,否,理工类,民办,378,414,403,446,387,444
西北大学现代学院,陕西,西安市,否,否,综合类,民办,390,416,407,445,397,399
无锡太湖学院,江苏,无锡市,否,否,综合类,民办,346,394,394,437,369,432
云南经济管理学院,云南,昆明市,否,否,财经类,民办,366,383,373,410,343,393
昆明文理学院,云南,昆明市,否,否,师范类,民办,346,394,374,428,349,409
昭通学院,云南,昭通市,否,否,综合类,公办,419,430,428,458,417,465
青岛黄海学院,山东,青岛市,否,否,综合类,民办,368,390,378,419,346,405
山东华宇工学院,山东,德州市,否,否,理工类,民办,348,371,373,409,343,404
山东现代学院,山东,济南市,否,否,综合类,民办,360,390,390,426,369,420
山东外事职业大学,山东,威海市,否,否,综合类,民办,212,200,225,130,130,130
山东工程职业技术大学,山东,济南市,否,否,理工类,民办,360,398,375,414,347,415
青岛恒星科技学院,山东,青岛市,否,否,综合类,民办,355,387,373,409,343,393
烟台南山学院,山东,烟台市,否,否,综合类,民办,352,374,393,424,370,430
齐鲁医药学院,山东,淄博市,否,否,医药类,民办,409,414,411,447,396,454
潍坊科技学院,山东,潍坊市,否,否,综合类,民办,365,398,386,430,358,423
山东英才学院,山东,济南市,否,否,综合类,民办,344,373,373,409,343,393
广州城市理工学院,广东,广州市,否,否,理工类,民办,352,374,373,409,343,393
华南农业大学珠江学院,广东,广州市,否,否,综合类,民办,361,396,373,411,343,393
广州华立学院,广东,广州市,否,否,理工类,民办,352,374,373,409,343,401
广州商学院,广东,广州市,否,否,财经类,民办,352,392,373,409,343,396
广东轻工职业技术大学,广东,广州市,否,否,理工类,公办,331,370,347,385,265,192
湖南交通工程学院,湖南,衡阳市,否,否,理工类,民办,357,369,382,419,356,401
湖南应用技术学院,湖南,常德市,否,否,综合类,民办,345,392,373,413,343,393
湖南女子学院,湖南,长沙市,否,否,综合类,公办,431,423,440,456,445,470
长沙师范学院,湖南,长沙市,否,否,师范类,公办,442,448,446,477,428,499
湖南医药学院,湖南,怀化市,否,否,医药类,公办,454,448,450,484,464,491
湖南警察学院,湖南,长沙市,否,否,政法类,公办,403,455,443,469,451,508
湖南财政经济学院,湖南,长沙市,否,否,财经类,公办,430,463,447,484,470,523
武汉生物工程学院,湖北,武汉市,否,否,理工类,民办,384,413,401,439,383,433
武汉晴川学院,湖北,武汉市,否,否,综合类,民办,372,392,394,431,353,433
长江大学文理学院,湖北,荆州市,否,否,综合类,民办,386,408,404,435,390,432
湖北文理学院理工学院,湖北,襄阳市,否,否,理工类,民办,385,390,398,413,370,435
武汉工程大学邮电与信息工程学院,湖北,武汉市,否,否,理工类,民办,381,391,402,433,382,433
武昌工学院,湖北,武汉市,否,否,综合类,民办,376,387,393,420,363,408
湖北商贸学院,湖北,武汉市,否,否,财经类,民办,365,388,385,422,351,418
湖北工业大学工程技术学院,湖北,武汉市,否,否,综合类,民办,381,397,398,422,375,393
武汉工商学院,湖北,武汉市,否,否,综合类,民办,367,398,380,421,343,408
湖北大学知行学院,湖北,武汉市,否,否,理工类,民办,360,415,400,445,377,442
郑州工程技术学院,河南,郑州市,否,否,理工类,公办,430,418,440,461,429,475
河南财政金融学院,河南,郑州市,否,否,财经类,公办,424,445,427,450,448,501
新乡学院,河南,新乡市,否,否,综合类,公办,408,434,425,463,413,477
泉州信息工程学院,福建,泉州市,否,否,理工类,民办,354,374,374,409,348,393
厦门华厦学院,福建,厦门市,否,否,综合类,民办,364,391,376,428,349,420
闽南理工学院,福建,泉州市,否,否,理工类,民办,344,369,373,409,343,393
福建农林大学金山学院,福建,福州市,否,否,综合类,民办,382,386,397,429,359,413
福州大学至诚学院,福建,福州市,否,否,综合类,民办,374,400,400,433,377,443
闽南科技学院,福建,泉州市,否,否,理工类,民办,344,376,373,409,347,394
福州工商学院,福建,福州市,否,否,财经类,民办,344,379,373,409,343,393
福建师范大学协和学院,福建,福州市,否,否,综合类,民办,369,406,399,438,375,436
阳光学院,福建,福州市,否,否,综合类,民办,344,369,373,409,343,393
厦门大学嘉庚学院,福建,漳州市,否,否,综合类,民办,386,417,409,449,401,463
福建商学院,福建,福州市,否,否,财经类,公办,424,439,438,453,446,498
宁德师范学院,福建,宁德市,否,否,师范类,公办,411,438,433,463,426,478
武夷学院,福建,南平市,否,否,综合类,公办,397,420,427,455,419,473
合肥师范学院,安徽,合肥市,否,否,师范类,公办,466,460,475,489,477,510
金华职业技术大学,浙江,金华市,否,否,综合类,公办,362,413,373,408,333,380
广西警察学院,广西,南宁市,否,否,政法类,公办,414,436,435,477,420,481
桂林旅游学院,广西,桂林市,否,否,财经类,公办,416,434,432,468,427,488
桂林航天工业学院,广西,桂林市,否,否,理工类,公办,432,418,443,465,449,487
兰州资源环境职业技术大学,甘肃,兰州市,否,否,理工类,公办,396,225,428,130,130,130
兰州文理学院,甘肃,兰州市,否,否,综合类,公办,403,431,425,457,431,488
辽宁理工职业大学,辽宁,锦州市,否,否,理工类,民办,344,373,373,409,130,130
辽宁传媒学院,辽宁,沈阳市,否,否,艺术类,民办,344,369,373,409,343,394
沈阳工学院,辽宁,抚顺市,否,否,理工类,民办,364,385,373,409,343,404
朝阳师范学院,辽宁,朝阳市,否,否,师范类,公办,130,230,130,130,130,130
山西应用科技学院,山西,太原市,否,否,综合类,民办,396,418,417,450,410,458
山西工程科技职业大学,山西,晋中市,否,否,理工类,公办,396,419,411,451,410,458
山西工程技术学院,山西,阳泉市,否,否,理工类,公办,409,427,429,460,416,468
太原学院,山西,太原市,否,否,综合类,公办,414,453,438,479,432,494
山西警察学院,山西,太原市,否,否,政法类,公办,407,430,422,456,414,460
吕梁学院,山西,吕梁市,否,否,综合类,公办,412,437,429,466,419,471
河套学院,内蒙古,巴彦淖尔市,否,否,综合类,公办,407,426,427,456,422,463
吉林警察学院,吉林,长春市,否,否,政法类,公办,414,438,428,459,422,472
吉林工商学院,吉林,长春市,否,否,财经类,公办,414,454,455,481,456,503
天津仁爱学院,天津,天津市,否,否,综合类,民办,345,404,373,436,377,445
六盘水师范学院,贵州,六盘水市,否,否,师范类,公办,405,427,421,452,411,467
河北工程大学科信学院,河北,邯郸市,否,否,理工类,民办,388,418,409,449,397,452
石家庄铁道大学四方学院,河北,石家庄市,否,否,理工类,民办,393,416,410,449,398,453
河北医科大学临床学院,河北,石家庄市,否,否,医药类,民办,426,424,422,453,418,456
内蒙古鸿德文理学院,内蒙古,呼和浩特市,否,否,综合类,民办,387,415,403,447,383,437
武汉设计工程学院,湖北,武汉市,否,否,艺术类,民办,360,381,378,412,366,393
常州大学怀德学院,江苏,泰州市,否,否,理工类,民办,381,403,398,435,371,429
大连财经学院,辽宁,大连市,否,否,财经类,民办,374,405,382,427,346,412
南通理工学院,江苏,南通市,否,否,综合类,民办,352,370,386,415,355,403
河北东方学院,河北,廊坊市,否,否,综合类,民办,369,382,399,443,371,433
信阳学院,河南,信阳市,否,否,综合类,民办,360,419,401,450,384,453
琼台师范学院,海南,海口市,否,否,师范类,公办,413,433,423,473,436,490
亳州学院,安徽,亳州市,否,否,综合类,公办,396,419,422,450,414,483
河南城建学院,河南,平顶山市,否,否,理工类,公办,422,469,442,483,451,471
郑州工业应用技术学院,河南,郑州市,否,否,理工类,民办,378,412,398,437,374,433
荆楚理工学院,湖北,荆门市,否,否,理工类,公办,408,436,438,459,430,458
重庆第二师范学院,重庆,重庆市,否,否,师范类,公办,439,467,461,498,476,527
重庆电子科技职业大学,重庆,重庆市,否,否,理工类,公办,355,349,368,397,329,375
重庆机电职业技术大学,重庆,重庆市,否,否,理工类,民办,375,403,380,422,130,130
重庆工商大学派斯学院,重庆,重庆市,否,否,财经类,民办,387,401,402,439,379,438
重庆移通学院,重庆,重庆市,否,否,理工类,民办,381,400,403,440,386,439
重庆财经学院,重庆,重庆市,否,否,财经类,民办,389,414,409,448,392,452
重庆外语外事学院,重庆,重庆市,否,否,语言类,民办,355,405,403,444,385,444
重庆对外经贸学院,重庆,重庆市,否,否,财经类,民办,372,414,402,445,383,441
沧州交通学院,河北,沧州市,否,否,理工类,民办,375,389,394,429,366,425
哈尔滨工业大学（威海）,山东,威海市,是,是,理工类,公办,607,541,578,558,599,585
北京第二外国语学院中瑞酒店管理学院,北京,北京市,否,否,综合类,民办,344,369,373,409,343,393
珠海科技学院,广东,珠海市,否,否,综合类,民办,360,398,400,431,386,423
烟台理工学院,山东,烟台市,否,否,综合类,民办,386,412,400,419,369,393
江苏大学京江学院,江苏,镇江市,否,否,综合类,民办,385,408,406,443,390,446
长春工业大学人文信息学院,吉林,长春市,否,否,综合类,民办,351,379,373,409,343,393
西安财经大学行知学院,陕西,西安市,否,否,财经类,民办,384,410,402,441,372,431
长春建筑学院,吉林,长春市,否,否,理工类,民办,344,369,373,409,343,393
河北师范大学汇华学院,河北,石家庄市,否,否,师范类,民办,392,419,414,455,407,458
无锡学院,江苏,无锡市,否,否,理工类,公办,463,465,467,487,454,511
河北地质大学华信学院,河北,石家庄市,否,否,综合类,民办,349,399,386,432,372,434
北京中医药大学东方学院,河北,廊坊市,否,否,医药类,民办,393,416,408,447,397,450
青岛城市学院,山东,青岛市,否,否,理工类,民办,363,385,384,417,356,393
燕京理工学院,河北,廊坊市,否,否,理工类,民办,363,371,377,414,343,412
四川工商学院,四川,成都市,否,否,综合类,民办,371,409,397,440,385,442
海口经济学院,海南,海口市,否,否,综合类,民办,341,365,373,409,343,393
广西艺术学院,广西,南宁市,否,否,艺术类,公办,423,424,438,467,429,479
湖北第二师范学院,湖北,武汉市,否,否,师范类,公办,470,490,478,515,479,534
西交利物浦大学,江苏,苏州市,否,否,综合类,中外合作办学,537,510,521,532,526,551
三亚学院,海南,三亚市,否,否,综合类,民办,344,369,368,413,343,405
黑龙江外国语学院,黑龙江,哈尔滨市,否,否,语言类,民办,344,369,373,409,343,393
河南工程学院,河南,郑州市,否,否,理工类,公办,414,422,429,471,444,495
武汉纺织大学外经贸学院,湖北,武汉市,否,否,综合类,民办,379,414,379,424,343,426
长春电子科技学院,吉林,长春市,否,否,理工类,民办,354,383,373,409,343,393
广州软件学院,广东,广州市,否,否,理工类,民办,388,369,401,409,386,400
大连理工大学城市学院,辽宁,大连市,否,否,理工类,民办,370,380,387,416,356,423
上海外国语大学贤达经济人文学院,上海,上海市,否,否,财经类,民办,344,369,373,409,343,393
北京理工大学珠海学院,广东,珠海市,否,否,理工类,民办,402,418,404,442,390,445
大连工业大学艺术与信息工程学院,辽宁,大连市,否,否,理工类,民办,348,374,373,409,343,399
广州新华学院,广东,广州市,否,否,综合类,民办,364,374,373,409,343,393
昆明城市学院,云南,昆明市,否,否,综合类,民办,357,406,374,430,353,402
山东政法学院,山东,济南市,否,否,政法类,公办,462,489,469,513,487,542
昆明医科大学海源学院,云南,昆明市,否,否,医药类,民办,393,369,402,440,406,445
吉林师范大学博达学院,吉林,四平市,否,否,师范类,民办,344,388,389,439,343,421
北京师范大学-香港浸会大学联合国际学院,广东,珠海市,否,否,综合类,内地与港澳台地区合作办学,518,501,515,525,510,548
长春科技学院,吉林,长春市,否,否,综合类,民办,353,390,373,409,343,393
兰州城市学院,甘肃,兰州市,否,否,综合类,公办,423,446,442,480,441,495
西安医学院,陕西,西安市,否,否,医药类,公办,438,461,441,476,468,497
安康学院,陕西,安康市,否,否,综合类,公办,408,436,429,464,424,476
商洛学院,陕西,商洛市,否,否,综合类,公办,406,438,425,462,414,477
三明学院,福建,三明市,否,否,综合类,公办,411,427,427,458,418,473
贺州学院,广西,贺州市,否,否,综合类,公办,396,428,420,453,410,462
长治学院,山西,长治市,否,否,综合类,公办,420,440,420,460,417,465
丽水学院,浙江,丽水市,否,否,综合类,公办,432,458,435,477,436,499
龙岩学院,福建,龙岩市,否,否,综合类,公办,401,433,425,460,417,478
海南热带海洋学院,海南,三亚市,否,否,综合类,公办,413,435,424,455,403,455
枣庄学院,山东,枣庄市,否,否,综合类,公办,428,439,441,465,426,478
青岛滨海学院,山东,青岛市,否,否,综合类,民办,365,384,388,411,361,393
辽宁对外经贸学院,辽宁,大连市,否,否,财经类,民办,344,369,373,409,343,393
长沙医学院,湖南,长沙市,否,否,医药类,民办,402,416,426,448,414,460
呼伦贝尔学院,内蒙古,呼伦贝尔市,否,否,综合类,公办,401,420,419,453,410,460
宁夏师范大学,宁夏,固原市,否,否,师范类,公办,441,444,444,470,452,500
重庆人文科技学院,重庆,重庆市,否,否,综合类,民办,387,408,404,447,386,445
山东大学（威海）,山东,威海市,是,是,综合类,公办,594,561,580,571,588,598
东北大学秦皇岛分校,河北,秦皇岛市,是,是,理工类,公办,575,524,562,553,573,585
宁波诺丁汉大学,浙江,宁波市,否,否,综合类,中外合作办学,532,506,518,530,524,551
上海师范大学天华学院,上海,上海市,否,否,综合类,民办,345,373,373,409,343,393
集美大学诚毅学院,福建,厦门市,否,否,综合类,民办,385,416,407,449,391,456
山东航空学院,山东,滨州市,否,否,综合类,公办,436,442,436,464,425,489
南京财经大学红山学院,江苏,镇江市,否,否,综合类,民办,373,413,402,445,385,443
湖南涉外经济学院,湖南,长沙市,否,否,财经类,民办,344,371,373,409,343,393
西京学院,陕西,西安市,否,否,理工类,民办,380,404,400,439,381,434
西安翻译学院,陕西,西安市,否,否,语言类,民办,371,404,387,435,349,429
三江学院,江苏,南京市,否,否,综合类,民办,367,386,399,449,380,449
洛阳理工学院,河南,洛阳市,否,否,理工类,公办,430,447,426,450,450,494
武汉城市学院,湖北,武汉市,否,否,理工类,民办,383,416,404,448,387,453
武汉学院,湖北,武汉市,否,否,综合类,民办,358,411,390,436,372,434
保定理工学院,河北,保定市,否,否,理工类,民办,349,387,379,418,349,405
辽宁理工学院,辽宁,锦州市,否,否,理工类,民办,346,380,373,409,343,393
山西医科大学汾阳学院,山西,吕梁市,否,否,医药类,公办,510,435,506,462,509,464
郑州工商学院,河南,郑州市,否,否,财经类,民办,387,413,406,445,381,443
郑州师范学院,河南,郑州市,否,否,师范类,公办,423,444,425,476,465,494
东南大学成贤学院,江苏,南京市,否,否,综合类,民办,391,416,409,448,398,452
武汉工程科技学院,湖北,武汉市,否,否,理工类,民办,381,414,392,430,372,418
山东中医药大学,山东,济南市,否,否,医药类,公办,463,466,469,485,463,538
南京特殊教育师范学院,江苏,南京市,否,否,师范类,公办,399,446,436,474,445,495
太原工业学院,山西,太原市,否,否,理工类,公办,437,429,445,472,435,481
中南林业科技大学涉外学院,湖南,长沙市,否,否,综合类,民办,383,417,410,444,403,436
电子科技大学成都学院,四川,成都市,否,否,理工类,民办,397,417,414,448,403,447
陕西警察学院,陕西,西安市,否,否,政法类,公办,338,358,366,386,327,354
中国矿业大学徐海学院,江苏,徐州市,否,否,综合类,民办,384,414,405,447,386,448
郑州财经学院,河南,郑州市,否,否,财经类,民办,349,401,402,445,386,446
三峡大学科技学院,湖北,宜昌市,否,否,综合类,民办,383,411,400,437,371,432
北京邮电大学世纪学院,北京,北京市,否,否,综合类,民办,368,403,387,435,368,439
北京工业大学耿丹学院,北京,北京市,否,否,综合类,民办,355,380,373,410,343,393
北京金融科技学院,北京,北京市,否,否,财经类,民办,347,369,373,409,343,393
汉口学院,湖北,武汉市,否,否,综合类,民办,379,407,393,442,360,437
武昌首义学院,湖北,武汉市,否,否,理工类,民办,385,403,407,443,391,441
武汉华夏理工学院,湖北,武汉市,否,否,理工类,民办,374,399,391,427,369,419
广州南方学院,广东,广州市,否,否,综合类,民办,344,369,373,409,343,424
天水师范学院,甘肃,天水市,否,否,师范类,公办,418,448,437,473,425,484
陇东学院,甘肃,庆阳市,否,否,综合类,公办,403,427,424,461,411,469
上海电机学院,上海,上海市,否,否,理工类,公办,503,470,504,500,509,531
塔里木大学,新疆,自治区直辖县级行政区划,否,否,综合类,公办,406,450,427,474,410,481
榆林学院,陕西,榆林市,否,否,综合类,公办,405,437,423,458,417,465
曲靖师范学院,云南,曲靖市,否,否,师范类,公办,421,447,443,471,441,494
宜宾学院,四川,宜宾市,否,否,综合类,公办,435,422,440,478,437,495
绵阳师范学院,四川,绵阳市,否,否,师范类,公办,408,465,450,494,460,514
文华学院,湖北,武汉市,否,否,综合类,民办,383,409,400,445,380,447
重庆工商大学,重庆,重庆市,否,否,财经类,公办,490,498,498,524,527,557
湖南人文科技学院,湖南,娄底市,否,否,综合类,公办,399,438,438,478,435,495
辽宁科技学院,辽宁,本溪市,否,否,理工类,公办,414,429,429,457,427,463
浙江传媒学院,浙江,杭州市,否,否,艺术类,公办,446,484,492,516,500,544
南京工业职业技术大学,江苏,南京市,否,否,理工类,公办,447,446,445,467,345,377
淮阴师范学院,江苏,淮安市,否,否,师范类,公办,438,467,446,489,426,500
绥化学院,黑龙江,绥化市,否,否,综合类,公办,422,445,438,472,431,488
哈尔滨师范大学,黑龙江,哈尔滨市,否,否,师范类,公办,428,433,454,494,476,521
厦门理工学院,福建,厦门市,否,否,理工类,公办,465,473,485,505,494,533
湖北经济学院法商学院,湖北,武汉市,否,否,财经类,民办,391,416,404,442,392,439
徐州工程学院,江苏,徐州市,否,否,综合类,公办,458,479,468,502,486,517
金陵科技学院,江苏,南京市,否,否,理工类,公办,447,460,446,476,474,522
吉林医药学院,吉林,吉林市,否,否,医药类,公办,447,451,470,472,458,493
广西财经学院,广西,南宁市,否,否,财经类,公办,456,466,458,484,461,505
黑河学院,黑龙江,黑河市,否,否,综合类,公办,397,432,418,456,410,463
昆明学院,云南,昆明市,否,否,综合类,公办,411,435,428,450,440,480
西安文理学院,陕西,西安市,否,否,综合类,公办,472,474,476,503,489,528
重庆文理学院,重庆,重庆市,否,否,综合类,公办,438,464,479,486,483,528
广西中医药大学,广西,南宁市,否,否,医药类,公办,440,480,474,510,468,513
广东金融学院,广东,广州市,否,否,财经类,公办,485,491,486,512,493,542
长沙学院,湖南,长沙市,否,否,综合类,公办,421,470,454,469,458,518
湖北理工学院,湖北,黄石市,否,否,理工类,公办,421,430,446,450,444,492
阜阳师范大学,安徽,阜阳市,否,否,师范类,公办,404,480,447,498,456,519
福建中医药大学,福建,福州市,否,否,医药类,公办,466,467,445,502,487,519
吉林农业科技学院,吉林,吉林市,否,否,农林类,公办,408,424,430,455,424,476
大庆师范学院,黑龙江,大庆市,否,否,师范类,公办,401,431,423,458,416,465
上海政法学院,上海,上海市,否,否,政法类,公办,510,516,509,535,530,569
上海商学院,上海,上海市,否,否,财经类,公办,442,474,480,511,492,538
重庆科技大学,重庆,重庆市,否,否,理工类,公办,440,451,436,476,464,504
武汉科技大学,湖北,武汉市,否,否,综合类,公办,480,506,529,530,535,557
中国矿业大学（北京）,北京,北京市,否,是,理工类,公办,560,522,545,555,563,585
广东理工学院,广东,肇庆市,否,否,理工类,民办,345,369,373,409,343,393
广东工商职业技术大学,广东,肇庆市,否,否,综合类,民办,344,369,130,130,130,130
广东技术师范大学,广东,广州市,否,否,师范类,公办,460,450,472,499,481,526
肇庆学院,广东,肇庆市,否,否,师范类,公办,411,457,434,477,421,495
南方医科大学,广东,广州市,否,否,医药类,公办,566,514,535,541,569,570
贵州大学,贵州,贵阳市,否,是,综合类,公办,531,532,527,550,545,579
西南大学,重庆,重庆市,否,是,综合类,公办,553,556,548,561,570,591
攀枝花学院,四川,攀枝花市,否,否,综合类,公办,431,418,435,462,428,474
江西应用科技学院,江西,南昌市,否,否,综合类,民办,344,374,373,409,343,393
晋中学院,山西,晋中市,否,否,综合类,公办,411,430,441,479,450,496
运城学院,山西,运城市,否,否,综合类,公办,412,441,439,472,432,483
山西中医药大学,山西,晋中市,否,否,医药类,公办,549,522,542,540,553,565
南昌职业大学,江西,南昌市,否,否,综合类,民办,346,374,130,130,130,130
江西职业技术大学,江西,九江市,否,否,综合类,公办,306,319,331,298,130,130
新余学院,江西,新余市,否,否,综合类,公办,417,439,433,462,422,479
萍乡学院,江西,萍乡市,否,否,综合类,公办,403,423,420,460,410,466
黄淮学院,河南,驻马店市,否,否,综合类,公办,398,442,428,470,410,470
平顶山学院,河南,平顶山市,否,否,综合类,公办,412,441,433,463,436,468
安阳师范学院,河南,安阳市,否,否,师范类,公办,396,449,430,465,440,492
首都经济贸易大学,北京,北京市,否,否,财经类,公办,505,526,535,545,539,580
河南中医药大学,河南,郑州市,否,否,医药类,公办,458,481,458,511,488,530
江西科技学院,江西,南昌市,否,否,综合类,民办,352,388,373,409,343,393
南昌理工学院,江西,南昌市,否,否,综合类,民办,368,399,380,420,346,400
南昌工程学院,江西,南昌市,否,否,理工类,公办,462,436,461,496,482,519
北京体育大学,北京,北京市,否,是,体育类,公办,528,508,541,553,551,577
西安思源学院,陕西,西安市,否,否,综合类,民办,359,406,402,443,386,439
西安外事学院,陕西,西安市,否,否,综合类,民办,376,380,393,432,372,425
南阳理工学院,河南,南阳市,否,否,理工类,公办,459,462,466,486,462,497
安阳工学院,河南,安阳市,否,否,理工类,公办,446,453,447,478,443,489
河南师范大学,河南,新乡市,否,否,师范类,公办,480,497,520,531,530,553
中国石油大学（北京）,北京,北京市,否,是,理工类,公办,580,532,562,558,565,582
华北电力大学,北京,北京市,否,是,理工类,公办,565,546,572,555,582,589
中国地质大学（北京）,北京,北京市,否,是,理工类,公办,553,533,548,558,561,587
吉利学院,四川,成都市,否,否,理工类,民办,380,369,390,432,343,393
首都师范大学科德学院,北京,北京市,否,否,艺术类,民办,344,369,373,409,343,396
四川工业科技学院,四川,德阳市,否,否,综合类,民办,382,395,393,436,370,407
四川文理学院,四川,达州市,否,否,综合类,公办,401,435,426,464,421,482
四川工程职业技术大学,四川,德阳市,否,否,理工类,公办,337,305,346,334,281,293
南通大学,江苏,南通市,否,否,综合类,公办,509,526,522,538,524,563
辽宁工程技术大学,辽宁,阜新市,否,否,理工类,公办,480,490,498,517,505,544
成都东软学院,四川,成都市,否,否,理工类,民办,383,396,403,434,389,437
齐齐哈尔工程学院,黑龙江,齐齐哈尔市,否,否,综合类,民办,344,369,373,409,343,393
黑龙江工业学院,黑龙江,鸡西市,否,否,综合类,公办,398,421,417,452,410,458
哈尔滨信息工程学院,黑龙江,哈尔滨市,否,否,理工类,民办,348,376,373,409,344,406
河北外国语学院,河北,石家庄市,否,否,语言类,民办,347,371,380,418,343,400
河北工程技术学院,河北,石家庄市,否,否,理工类,民办,344,373,380,433,352,425
唐山工业职业技术大学,河北,唐山市,否,否,理工类,公办,326,342,351,364,268,300
哈尔滨职业技术大学,黑龙江,哈尔滨市,否,否,综合类,公办,230,240,130,130,130,130
哈尔滨金融学院,黑龙江,哈尔滨市,否,否,财经类,公办,439,470,447,500,466,522
上海中侨职业技术大学,上海,上海市,否,否,财经类,民办,344,375,373,409,130,130
河北工业职业技术大学,河北,石家庄市,否,否,理工类,公办,410,321,421,363,290,309
河北科技工程职业技术大学,河北,邢台市,否,否,理工类,公办,406,419,422,450,130,130
河北金融学院,河北,保定市,否,否,财经类,公办,396,420,437,469,452,505
邢台医学院,河北,邢台市,否,否,医药类,公办,337,366,368,405,344,381
河北石油职业技术大学,河北,承德市,否,否,理工类,公办,405,421,424,450,410,130
北华航天工业学院,河北,廊坊市,否,否,理工类,公办,453,434,461,468,459,496
上海立达学院,上海,上海市,否,否,财经类,民办,344,369,373,409,343,393
上海建桥学院,上海,上海市,否,否,财经类,民办,344,369,373,409,343,393
电子科技大学,四川,成都市,是,是,理工类,公办,620,548,602,570,620,599
防灾科技学院,河北,廊坊市,否,否,综合类,公办,433,457,441,478,457,510
沧州师范学院,河北,沧州市,否,否,师范类,公办,415,442,430,457,427,490
保定学院,河北,保定市,否,否,综合类,公办,396,432,431,458,442,490
广州工商学院,广东,广州市,否,否,财经类,民办,344,369,373,409,343,393
石家庄学院,河北,石家庄市,否,否,综合类,公办,412,452,423,468,435,497
廊坊师范学院,河北,廊坊市,否,否,师范类,公办,421,478,450,500,455,524
唐山师范学院,河北,唐山市,否,否,师范类,公办,402,428,425,458,418,473
山东师范大学,山东,济南市,否,否,师范类,公办,480,518,509,531,522,560
邢台学院,河北,邢台市,否,否,综合类,公办,407,434,425,467,417,484
唐山学院,河北,唐山市,否,否,理工类,公办,430,450,438,472,433,486
石家庄铁道大学,河北,石家庄市,否,否,理工类,公办,491,505,507,523,509,547
河北地质大学,河北,石家庄市,否,否,理工类,公办,450,471,459,479,486,534
华北科技学院,河北,廊坊市,否,否,理工类,公办,457,461,472,491,475,522
河北建筑工程学院,河北,张家口市,否,否,理工类,公办,431,456,460,481,468,496
河北工程大学,河北,邯郸市,否,否,理工类,公办,494,478,499,458,505,531
承德医学院,河北,承德市,否,否,医药类,公办,470,486,477,511,468,534
燕山大学,河北,秦皇岛市,否,否,综合类,公办,543,516,528,534,547,568
华北理工大学,河北,唐山市,否,否,综合类,公办,483,494,498,517,505,546
河北医科大学,河北,石家庄市,否,否,医药类,公办,597,486,578,505,590,530
河北师范大学,河北,石家庄市,否,否,师范类,公办,480,499,505,524,513,551
北京语言大学,北京,北京市,否,否,语言类,公办,539,531,544,554,557,585
华北电力大学保定校区,河北,保定市,否,是,理工类,公办,564,529,565,552,570,580
北京印刷学院,北京,北京市,否,否,理工类,公办,481,504,501,535,513,560
首都师范大学,北京,北京市,否,否,师范类,公办,586,524,573,550,586,583
北京物资学院,北京,北京市,否,否,财经类,公办,457,484,490,491,497,544
首钢工学院,北京,北京市,否,否,理工类,公办,330,275,351,389,298,358
北京石油化工学院,北京,北京市,否,否,综合类,公办,450,472,478,510,489,531
中国劳动关系学院,北京,北京市,否,否,政法类,公办,442,466,467,505,464,532
北京农学院,北京,北京市,否,否,农林类,公办,459,480,480,475,485,533
北京联合大学,北京,北京市,否,否,综合类,公办,507,516,514,532,529,560
北京工商大学,北京,北京市,否,否,财经类,公办,512,501,525,530,526,564
中国政法大学,北京,北京市,否,是,政法类,公办,564,566,570,579,586,611
中华女子学院,北京,北京市,否,否,语言类,公办,449,498,477,522,488,552
北京服装学院,北京,北京市,否,否,艺术类,公办,445,466,452,505,480,533
中央财经大学,北京,北京市,否,是,财经类,公办,568,570,594,573,604,608
北京城市学院,北京,北京市,否,否,综合类,民办,371,409,399,436,384,434
中国传媒大学,北京,北京市,否,是,综合类,公办,561,520,561,565,583,600
中国农业大学,北京,北京市,是,是,农林类,公办,595,560,575,575,587,603
北京化工大学,北京,北京市,否,是,理工类,公办,573,547,560,554,573,586
鲁东大学,山东,烟台市,否,否,综合类,公办,426,482,477,499,491,533
烟台大学,山东,烟台市,否,否,综合类,公办,492,504,499,525,505,550
山东第二医科大学,山东,潍坊市,否,否,医药类,公办,461,466,472,490,486,505
潍坊学院,山东,潍坊市,否,否,综合类,公办,407,466,441,481,439,497
山东第一医科大学,山东,济南市,否,否,医药类,公办,526,465,484,492,491,513
齐鲁工业大学,山东,济南市,否,否,理工类,公办,511,491,501,517,496,537
北方民族大学,宁夏,银川市,否,否,综合类,公办,448,481,464,499,464,522
宁夏大学,宁夏,银川市,否,是,综合类,公办,523,522,530,539,540,570
广西民族大学,广西,南宁市,否,否,民族类,公办,396,418,456,496,459,519
山东农业大学,山东,泰安市,否,否,农林类,公办,434,475,472,497,481,531
南宁师范大学,广西,南宁市,否,否,师范类,公办,411,479,452,492,467,524
山东理工大学,山东,淄博市,否,否,理工类,公办,457,484,483,489,492,538
玉林师范学院,广西,玉林市,否,否,师范类,公办,418,445,435,477,425,489
山东财经大学,山东,济南市,否,否,财经类,公办,454,490,493,522,502,546
山东交通学院,山东,济南市,否,否,理工类,公办,464,447,455,495,483,515
桂林理工大学,广西,桂林市,否,否,理工类,公办,480,418,498,488,505,503
桂林电子科技大学,广西,桂林市,否,否,理工类,公办,492,492,504,518,531,546
广西师范大学,广西,桂林市,否,否,师范类,公办,444,476,456,492,478,539
广西医科大学,广西,南宁市,否,否,医药类,公办,546,449,557,479,569,489
内蒙古财经大学,内蒙古,呼和浩特市,否,否,财经类,公办,445,482,474,501,478,529
山东建筑大学,山东,济南市,否,否,理工类,公办,460,439,484,497,487,531
山东工商学院,山东,烟台市,否,否,财经类,公办,450,484,447,497,481,528
黔南民族师范学院,贵州,黔南布依族苗族自治州,否,否,师范类,公办,404,437,441,479,428,458
贵州财经大学,贵州,贵阳市,否,否,财经类,公办,430,456,444,488,429,492
内蒙古师范大学,内蒙古,呼和浩特市,否,否,师范类,公办,444,439,445,492,477,523
贵州民族大学,贵州,贵阳市,否,否,民族类,公办,396,481,463,501,466,519
贵州师范大学,贵州,贵阳市,否,否,师范类,公办,443,455,443,507,465,530
海南医科大学,海南,海口市,否,否,医药类,公办,495,459,508,483,518,509
海南师范大学,海南,海口市,否,否,师范类,公办,480,496,498,520,492,537
曲阜师范大学,山东,济宁市,否,否,师范类,公办,480,498,498,528,511,552
青岛理工大学,山东,青岛市,否,否,理工类,公办,494,490,501,525,521,551
内蒙古民族大学,内蒙古,通辽市,否,否,综合类,公办,436,469,446,488,456,506
内蒙古科技大学,内蒙古,包头市,否,否,综合类,公办,438,462,454,487,460,516
海南大学,海南,海口市,否,是,综合类,公办,537,525,517,542,536,579
河西学院,甘肃,张掖市,否,否,综合类,公办,398,434,420,459,410,465
甘肃政法大学,甘肃,兰州市,否,否,政法类,公办,454,500,486,529,495,543
兰州财经大学,甘肃,兰州市,否,否,财经类,公办,437,464,459,476,467,532
青岛大学,山东,青岛市,否,否,综合类,公办,500,513,524,527,529,562
西北师范大学,甘肃,兰州市,否,否,师范类,公办,480,506,503,530,511,553
聊城大学,山东,聊城市,否,否,综合类,公办,462,490,472,506,475,532
许昌学院,河南,许昌市,否,否,理工类,公办,418,446,433,472,423,480
甘肃农业大学,甘肃,兰州市,否,否,农林类,公办,430,457,446,487,446,505
青岛农业大学,山东,青岛市,否,否,农林类,公办,448,473,466,508,486,534
河南财经政法大学,河南,郑州市,否,否,财经类,公办,511,514,504,530,507,549
商丘师范学院,河南,商丘市,否,否,师范类,公办,396,447,431,450,432,495
兰州交通大学,甘肃,兰州市,否,否,理工类,公办,474,475,481,504,495,526
南阳师范学院,河南,南阳市,否,否,师范类,公办,419,453,433,478,423,490
周口师范学院,河南,周口市,否,否,师范类,公办,396,434,430,466,425,487
洛阳师范学院,河南,洛阳市,否,否,综合类,公办,417,460,431,471,458,510
中原工学院,河南,郑州市,否,否,理工类,公办,462,487,455,507,477,492
西北民族大学,甘肃,兰州市,否,否,综合类,公办,452,488,460,510,471,528
郑州航空工业管理学院,河南,郑州市,否,否,综合类,公办,412,454,469,479,476,529
莆田学院,福建,莆田市,否,否,综合类,公办,428,436,436,460,430,486
闽江学院,福建,福州市,否,否,综合类,公办,424,458,433,471,447,508
闽南师范大学,福建,漳州市,否,否,师范类,公办,398,453,444,468,447,516
泉州师范学院,福建,泉州市,否,否,师范类,公办,441,469,459,483,460,522
福建理工大学,福建,福州市,否,否,理工类,公办,464,482,445,493,456,518
福建师范大学,福建,福州市,否,否,师范类,公办,480,508,498,528,522,560
仰恩大学,福建,泉州市,否,否,综合类,民办,370,412,379,437,365,433
集美大学,福建,厦门市,否,否,综合类,公办,497,503,507,519,516,555
西藏民族大学,陕西,咸阳市,否,否,民族类,公办,471,482,461,501,472,513
黄河科技学院,河南,郑州市,否,否,理工类,民办,365,388,376,424,349,422
福建农林大学,福建,福州市,否,否,农林类,公办,493,481,498,522,505,548
河南工业大学,河南,郑州市,否,否,理工类,公办,484,497,498,524,505,551
华侨大学,福建,泉州市,否,否,综合类,公办,480,507,508,526,515,552
河南理工大学,河南,焦作市,否,否,理工类,公办,461,477,475,487,486,537
河南农业大学,河南,郑州市,否,否,农林类,公办,458,421,473,507,484,529
湖北文理学院,湖北,襄阳市,否,否,综合类,公办,403,457,443,474,446,499
河南科技大学,河南,洛阳市,否,否,综合类,公办,460,464,467,501,491,540
河南大学,河南,开封市,否,否,综合类,公办,535,515,528,540,543,574
郑州轻工业大学,河南,郑州市,否,否,理工类,公办,461,482,480,507,494,533
湖北科技学院,湖北,咸宁市,否,否,综合类,公办,422,443,437,466,461,490
黑龙江东方学院,黑龙江,哈尔滨市,否,否,综合类,民办,344,370,373,409,343,393
齐齐哈尔医学院,黑龙江,齐齐哈尔市,否,否,医药类,公办,412,427,426,457,444,464
湖北民族大学,湖北,恩施土家族苗族自治州,否,否,综合类,公办,458,475,446,494,467,517
黑龙江科技大学,黑龙江,哈尔滨市,否,否,理工类,公办,436,444,464,489,470,510
黑龙江工程学院,黑龙江,哈尔滨市,否,否,理工类,公办,402,458,463,477,466,508
武汉体育学院,湖北,武汉市,否,否,体育类,公办,454,445,460,498,462,519
哈尔滨学院,黑龙江,哈尔滨市,否,否,综合类,公办,409,440,427,465,432,492
湖北经济学院,湖北,武汉市,否,否,财经类,公办,443,451,477,512,494,541
哈尔滨商业大学,黑龙江,哈尔滨市,否,否,财经类,公办,480,490,498,522,505,547
湖北工程学院,湖北,孝感市,否,否,理工类,公办,408,440,431,450,441,497
牡丹江师范学院,黑龙江,牡丹江市,否,否,师范类,公办,411,452,438,479,437,495
黑龙江中医药大学,黑龙江,哈尔滨市,否,否,医药类,公办,558,493,544,527,517,549
黄冈师范学院,湖北,黄冈市,否,否,师范类,公办,412,452,451,480,448,500
湖北师范大学,湖北,黄石市,否,否,师范类,公办,449,479,417,490,485,535
湖北医药学院,湖北,十堰市,否,否,医药类,公办,435,462,487,487,483,505
湖北中医药大学,湖北,武汉市,否,否,医药类,公办,444,462,466,500,485,532
武汉轻工大学,湖北,武汉市,否,否,理工类,公办,460,487,488,515,498,541
湖北工业大学,湖北,武汉市,否,否,理工类,公办,499,491,511,524,523,551
武汉纺织大学,湖北,武汉市,否,否,理工类,公办,475,482,451,510,489,532
江汉大学,湖北,武汉市,否,否,综合类,公办,505,500,499,518,497,539
哈尔滨医科大学,黑龙江,哈尔滨市,否,否,医药类,公办,553,507,552,530,568,552
长江大学,湖北,荆州市,否,否,综合类,公办,494,496,498,515,505,539
黑龙江八一农垦大学,黑龙江,大庆市,否,否,农林类,公办,439,462,454,484,447,505
湖北大学,湖北,武汉市,否,否,综合类,公办,509,505,518,532,525,559
齐齐哈尔大学,黑龙江,齐齐哈尔市,否,否,综合类,公办,423,444,448,487,452,507
中南民族大学,湖北,武汉市,否,否,综合类,公办,497,505,504,538,515,560
黑龙江大学,黑龙江,哈尔滨市,否,否,综合类,公办,499,490,502,521,517,548
华中师范大学,湖北,武汉市,否,是,师范类,公办,518,540,561,563,580,594
东北林业大学,黑龙江,哈尔滨市,否,是,农林类,公办,539,520,520,538,543,575
邵阳学院,湖南,邵阳市,否,否,综合类,公办,433,434,430,466,441,484
华中农业大学,湖北,武汉市,否,是,农林类,公办,524,531,548,548,558,582
怀化学院,湖南,怀化市,否,否,综合类,公办,419,435,432,463,427,484
湖南文理学院,湖南,常德市,否,否,综合类,公办,451,460,464,491,463,515
中南财经政法大学,湖北,武汉市,否,是,财经类,公办,535,549,564,556,582,601
吉林财经大学,吉林,长春市,否,否,财经类,公办,480,500,498,520,505,549
吉林外国语大学,吉林,长春市,否,否,语言类,民办,396,418,418,450,410,465
白城师范学院,吉林,白城市,否,否,师范类,公办,417,439,435,472,429,490
湖南科技学院,湖南,永州市,否,否,综合类,公办,416,427,433,463,443,488
通化师范学院,吉林,通化市,否,否,师范类,公办,418,468,439,484,434,496
湖南工商大学,湖南,长沙市,否,否,财经类,公办,480,495,500,525,505,544
衡阳师范学院,湖南,衡阳市,否,否,师范类,公办,407,451,425,472,445,504
吉林工程技术师范学院,吉林,长春市,否,否,师范类,公办,424,418,440,471,433,484
长春中医药大学,吉林,长春市,否,否,医药类,公办,519,505,513,526,518,552
湘南学院,湖南,郴州市,否,否,综合类,公办,454,452,455,468,441,476
中南林业科技大学,湖南,长沙市,否,否,农林类,公办,480,495,498,520,508,549
湖南工程学院,湖南,湘潭市,否,否,理工类,公办,430,484,470,509,471,525
湖南工业大学,湖南,株洲市,否,否,综合类,公办,488,499,498,522,505,543
湖南城市学院,湖南,益阳市,否,否,综合类,公办,396,429,429,450,435,494
湖南理工学院,湖南,岳阳市,否,否,理工类,公办,459,461,473,490,468,524
长春工程学院,吉林,长春市,否,否,理工类,公办,446,447,450,475,463,458
湖南农业大学,湖南,长沙市,否,否,农林类,公办,494,490,498,521,505,546
南华大学,湖南,衡阳市,否,否,综合类,公办,501,508,508,525,507,550
吉林师范大学,吉林,四平市,否,否,师范类,公办,436,453,433,506,468,526
长沙理工大学,湖南,长沙市,否,否,理工类,公办,498,490,516,522,536,554
湖南科技大学,湖南,湘潭市,否,否,综合类,公办,487,490,498,522,509,548
长春师范大学,吉林,长春市,否,否,师范类,公办,451,470,443,471,467,524
吉首大学,湖南,湘西土家族苗族自治州,否,否,综合类,公办,435,480,472,505,479,526
湘潭大学,湖南,湘潭市,否,否,综合类,公办,550,526,541,545,543,574
西安培华学院,陕西,西安市,否,否,综合类,民办,383,416,410,447,385,445
长春工业大学,吉林,长春市,否,否,理工类,公办,453,451,486,494,486,522
长春理工大学,吉林,长春市,否,否,理工类,公办,492,490,507,520,505,545
西安体育学院,陕西,西安市,否,否,体育类,公办,433,452,449,487,455,514
长春大学,吉林,长春市,否,否,综合类,公办,439,463,467,486,474,521
西北政法大学,陕西,西安市,否,否,政法类,公办,533,548,541,556,561,575
西安财经大学,陕西,西安市,否,否,财经类,公办,474,483,495,517,502,545
北华大学,吉林,吉林市,否,否,综合类,公办,462,474,472,504,480,525
西安外国语大学,陕西,西安市,否,否,语言类,公办,480,499,522,525,532,557
青海民族大学,青海,西宁市,否,否,民族类,公办,396,438,428,469,439,479
陕西理工大学,陕西,汉中市,否,否,理工类,公办,520,505,516,525,507,544
青海师范大学,青海,西宁市,否,否,师范类,公办,436,463,460,493,456,503
宝鸡文理学院,陕西,宝鸡市,否,否,师范类,公办,454,448,455,497,462,512
渭南师范学院,陕西,渭南市,否,否,师范类,公办,431,472,448,489,468,514
咸阳师范学院,陕西,咸阳市,否,否,师范类,公办,468,481,486,506,479,525
陕西中医药大学,陕西,咸阳市,否,否,医药类,公办,517,501,518,529,519,550
西藏大学,西藏,拉萨市,否,是,综合类,公办,451,476,472,513,468,532
西安邮电大学,陕西,西安市,否,否,理工类,公办,549,496,532,534,539,553
大理大学,云南,大理白族自治州,否,否,综合类,公办,507,461,509,473,509,504
西安工业大学,陕西,西安市,否,否,理工类,公办,527,500,516,521,525,545
云南警官学院,云南,昆明市,否,否,政法类,公办,446,487,471,508,472,524
西安工程大学,陕西,西安市,否,否,理工类,公办,509,506,509,521,519,540
陕西科技大学,陕西,西安市,否,否,理工类,公办,535,511,524,534,540,564
云南财经大学,云南,昆明市,否,否,财经类,公办,439,468,438,492,482,528
红河学院,云南,红河哈尼族彝族自治州,否,否,综合类,公办,400,439,417,460,416,471
西安石油大学,陕西,西安市,否,否,理工类,公办,480,493,512,530,522,551
西安建筑科技大学,陕西,西安市,否,否,理工类,公办,502,510,500,531,532,561
玉溪师范学院,云南,玉溪市,否,否,师范类,公办,419,462,436,483,440,501
云南中医药大学,云南,昆明市,否,否,医药类,公办,459,465,452,508,488,507
云南民族大学,云南,昆明市,否,否,综合类,公办,455,480,468,508,475,530
云南师范大学,云南,昆明市,否,否,师范类,公办,460,483,432,500,496,543
云南农业大学,云南,昆明市,否,否,农林类,公办,435,469,442,502,472,518
昆明理工大学,云南,昆明市,否,否,理工类,公办,485,480,499,517,511,543
延安大学,陕西,延安市,否,否,综合类,公办,449,476,465,503,469,522
安徽财经大学,安徽,蚌埠市,否,否,财经类,公办,480,498,498,523,511,552
陕西师范大学,陕西,西安市,否,是,师范类,公办,551,550,560,565,575,590
西北农林科技大学,陕西,咸阳市,是,是,农林类,公办,561,543,549,556,561,584
西安交通大学,陕西,西安市,是,是,综合类,公办,634,578,614,583,625,612
上海杉达学院,上海,上海市,否,否,财经类,民办,344,369,373,418,343,414
淮北师范大学,安徽,淮北市,否,否,综合类,公办,447,482,417,501,486,531
上海体育大学,上海,上海市,否,否,体育类,公办,469,482,491,516,494,541
华东政法大学,上海,上海市,否,否,政法类,公办,570,569,569,566,576,592
安徽建筑大学,安徽,合肥市,否,否,理工类,公办,480,504,508,521,484,543
上海立信会计金融学院,上海,上海市,否,否,财经类,公办,507,517,523,534,545,575
上海对外经贸大学,上海,上海市,否,否,财经类,公办,522,529,509,538,545,575
上海应用技术大学,上海,上海市,否,否,理工类,公办,497,469,505,500,521,537
上海海事大学,上海,上海市,否,否,理工类,公办,521,509,503,517,534,565
上海第二工业大学,上海,上海市,否,否,理工类,公办,459,486,475,503,491,538
上海师范大学,上海,上海市,否,否,综合类,公办,486,495,498,517,531,566
上海理工大学,上海,上海市,否,否,理工类,公办,541,503,531,519,547,565
广东财经大学,广东,广州市,否,否,财经类,公办,516,522,519,533,524,555
岭南师范学院,广东,湛江市,否,否,师范类,公办,413,472,456,494,454,514
韩山师范学院,广东,潮州市,否,否,师范类,公办,438,435,452,480,450,498
广州医科大学,广东,广州市,否,否,医药类,公办,587,490,521,528,538,549
广州大学,广东,广州市,否,否,综合类,公办,501,490,518,532,517,561
东莞理工学院,广东,东莞市,否,否,理工类,公办,495,468,504,511,507,530
广东外语外贸大学,广东,广州市,否,否,语言类,公办,538,526,533,549,554,577
广州中医药大学,广东,广州市,否,否,医药类,公办,573,557,563,561,579,591
广东工业大学,广东,广州市,否,否,理工类,公办,523,490,524,527,524,554
五邑大学,广东,江门市,否,否,综合类,公办,463,489,456,513,484,536
深圳大学,广东,深圳市,否,否,综合类,公办,573,539,534,547,567,579
汕头大学,广东,汕头市,否,否,综合类,公办,501,507,509,528,513,552
太原师范学院,山西,晋中市,否,否,师范类,公办,480,491,498,517,463,508
山西大同大学,山西,大同市,否,否,综合类,公办,484,490,498,517,505,543
忻州师范学院,山西,忻州市,否,否,师范类,公办,414,452,455,483,451,495
长治医学院,山西,长治市,否,否,医药类,公办,507,426,508,458,509,465
太原科技大学,山西,太原市,否,否,理工类,公办,480,490,498,519,505,504
中北大学,山西,太原市,否,否,综合类,公办,497,498,507,526,509,549
山西财经大学,山西,太原市,否,否,财经类,公办,511,514,519,535,532,562
四川轻化工大学,四川,自贡市,否,否,理工类,公办,471,457,478,493,485,519
山西师范大学,山西,太原市,否,否,师范类,公办,480,498,507,523,517,549
山西医科大学,山西,太原市,否,否,医药类,公办,584,467,568,490,576,498
成都信息工程大学,四川,成都市,否,否,理工类,公办,486,494,530,522,535,549
山西农业大学,山西,晋中市,否,否,农林类,公办,481,498,498,525,505,548
西南石油大学,四川,成都市,否,否,综合类,公办,552,514,539,532,546,554
中国民用航空飞行学院,四川,德阳市,否,否,理工类,公办,490,490,498,517,505,543
四川师范大学,四川,成都市,否,否,师范类,公办,480,496,498,525,523,559
成都中医药大学,四川,成都市,否,否,医药类,公办,545,531,531,547,545,579
西南科技大学,四川,绵阳市,否,否,理工类,公办,488,498,505,521,514,549
山西大学,山西,太原市,否,否,综合类,公办,508,510,523,536,526,554
浙江万里学院,浙江,宁波市,否,否,理工类,公办,386,412,406,448,384,449
浙江财经大学,浙江,杭州市,否,否,财经类,公办,489,520,527,542,530,565
浙江工商大学,浙江,杭州市,否,否,财经类,公办,480,520,532,534,534,572
温州大学,浙江,温州市,否,否,综合类,公办,500,506,495,519,502,546
绍兴文理学院,浙江,绍兴市,否,否,综合类,公办,476,478,486,509,490,529
台州学院,浙江,台州市,否,否,综合类,公办,448,461,441,477,448,513
湖州师范学院,浙江,湖州市,否,否,综合类,公办,449,447,451,473,448,462
杭州师范大学,浙江,杭州市,否,否,综合类,公办,497,511,501,519,525,567
浙江农林大学,浙江,杭州市,否,否,农林类,公办,491,502,498,518,490,541
中国计量大学,浙江,杭州市,否,否,理工类,公办,524,510,527,542,531,568
西华大学,四川,成都市,否,否,综合类,公办,508,513,517,530,524,555
浙江理工大学,浙江,杭州市,否,否,理工类,公办,480,499,534,517,535,563
浙江师范大学,浙江,金华市,否,否,综合类,公办,495,490,503,534,528,566
宁波大学,浙江,宁波市,否,否,综合类,公办,560,523,546,536,562,576
新疆财经大学,新疆,乌鲁木齐市,否,否,财经类,公办,424,444,449,493,456,509
喀什大学,新疆,喀什地区,否,否,综合类,公办,414,443,431,475,418,482
新疆师范大学,新疆,乌鲁木齐市,否,否,师范类,公办,443,452,462,497,456,519
新疆农业大学,新疆,乌鲁木齐市,否,否,农林类,公办,428,421,443,465,431,503
成都理工大学,四川,成都市,否,否,理工类,公办,547,490,541,527,555,556
西南民族大学,四川,成都市,否,否,民族类,公办,481,508,507,532,516,556
东北财经大学,辽宁,大连市,否,否,财经类,公办,557,551,551,559,570,586
沈阳工业大学,辽宁,沈阳市,否,否,理工类,公办,482,490,504,522,505,545
辽宁师范大学,辽宁,大连市,否,否,师范类,公办,474,489,481,511,502,539
沈阳大学,辽宁,沈阳市,否,否,综合类,公办,440,461,442,489,485,525
沈阳师范大学,辽宁,沈阳市,否,否,师范类,公办,443,447,443,483,457,513
大连交通大学,辽宁,大连市,否,否,理工类,公办,499,479,507,507,516,541
大连大学,辽宁,大连市,否,否,综合类,公办,455,487,462,513,495,542
沈阳理工大学,辽宁,沈阳市,否,否,理工类,公办,497,427,500,495,505,524
大连外国语大学,辽宁,大连市,否,否,语言类,公办,480,490,501,521,515,550
渤海大学,辽宁,锦州市,否,否,综合类,公办,462,475,469,499,481,527
沈阳建筑大学,辽宁,沈阳市,否,否,理工类,公办,487,490,498,517,505,547
大连海洋大学,辽宁,大连市,否,否,农林类,公办,451,461,447,462,486,540
沈阳航空航天大学,辽宁,沈阳市,否,否,理工类,公办,502,451,504,510,510,534
大连民族大学,辽宁,大连市,否,否,民族类,公办,459,468,470,505,480,523
鞍山师范学院,辽宁,鞍山市,否,否,师范类,公办,439,439,450,473,451,495
沈阳体育学院,辽宁,沈阳市,否,否,体育类,公办,421,439,445,489,448,507
石河子大学,新疆,自治区直辖县级行政区划,否,是,综合类,公办,511,509,510,528,518,551
重庆三峡学院,重庆,重庆市,否,否,综合类,公办,460,468,472,503,482,526
井冈山大学,江西,吉安市,否,否,综合类,公办,441,472,464,495,465,515
四川美术学院,重庆,重庆市,否,否,艺术类,公办,458,465,497,506,501,542
九江学院,江西,九江市,否,否,综合类,公办,406,436,427,451,430,490
四川外国语大学,重庆,重庆市,否,否,语言类,公办,480,499,510,522,509,563
宜春学院,江西,宜春市,否,否,综合类,公办,405,430,431,466,429,476
长江师范学院,重庆,重庆市,否,否,师范类,公办,421,479,440,489,469,530
江西科技师范大学,江西,南昌市,否,否,师范类,公办,441,482,453,493,466,517
赣南师范大学,江西,赣州市,否,否,师范类,公办,432,451,417,450,472,524
辽东学院,辽宁,丹东市,否,否,综合类,公办,403,437,421,462,410,470
重庆理工大学,重庆,重庆市,否,否,理工类,公办,475,478,494,514,503,541
上饶师范学院,江西,上饶市,否,否,师范类,公办,419,466,444,487,446,501
江西中医药大学,江西,南昌市,否,否,医药类,公办,512,498,501,532,533,548
景德镇陶瓷大学,江西,景德镇市,否,否,艺术类,公办,462,477,462,492,464,514
西南政法大学,重庆,重庆市,否,否,政法类,公办,573,560,571,562,580,592
重庆师范大学,重庆,重庆市,否,否,师范类,公办,491,502,491,519,504,548
南昌航空大学,江西,南昌市,否,否,理工类,公办,515,469,509,507,508,539
东华理工大学,江西,南昌市,否,否,理工类,公办,506,500,504,524,505,545
江西财经大学,江西,南昌市,否,否,财经类,公办,502,493,498,518,527,562
江西师范大学,江西,南昌市,否,否,师范类,公办,480,493,503,525,512,552
扬州大学,江苏,扬州市,否,否,综合类,公办,497,510,502,530,532,567
南京工业大学,江苏,南京市,否,否,理工类,公办,480,490,530,530,537,560
江苏大学,江苏,镇江市,否,否,综合类,公办,549,529,535,545,548,578
南京林业大学,江苏,南京市,否,否,农林类,公办,499,511,538,525,554,567
江苏师范大学,江苏,徐州市,否,否,师范类,公办,458,488,475,517,493,544
南京信息工程大学,江苏,南京市,否,否,综合类,公办,564,530,549,547,561,578
江西理工大学,江西,赣州市,否,否,理工类,公办,487,503,499,522,505,543
苏州科技大学,江苏,苏州市,否,否,综合类,公办,496,496,514,517,525,551
南京中医药大学,江苏,南京市,否,否,医药类,公办,556,562,528,564,568,591
江苏科技大学,江苏,镇江市,否,否,理工类,公办,486,490,516,525,519,551
杭州电子科技大学,浙江,杭州市,否,否,理工类,公办,534,490,546,531,559,565
华东交通大学,江西,南昌市,否,否,理工类,公办,501,475,504,506,509,540
常州大学,江苏,常州市,否,否,理工类,公办,497,490,498,521,512,548
盐城师范学院,江苏,盐城市,否,否,师范类,公办,459,479,480,493,470,513
淮阴工学院,江苏,淮安市,否,否,理工类,公办,413,441,438,450,439,498
南京审计大学,江苏,南京市,否,否,财经类,公办,519,524,513,545,552,575
江苏理工学院,江苏,常州市,否,否,理工类,公办,460,432,476,511,482,531
常州工学院,江苏,常州市,否,否,理工类,公办,468,447,479,455,484,519
南京晓庄学院,江苏,南京市,否,否,师范类,公办,472,491,494,516,498,540
南京工程学院,江苏,南京市,否,否,理工类,公办,470,487,491,503,501,537
北京科技大学,北京,北京市,否,是,理工类,公办,592,537,573,561,582,592
北京理工大学,北京,北京市,是,是,理工类,公办,637,573,622,581,632,609
东北师范大学,吉林,长春市,否,是,师范类,公办,521,541,557,563,565,588
清华大学,北京,北京市,是,是,综合类,公办,674,634,667,627,672,666
太原理工大学,山西,太原市,否,是,理工类,公办,531,516,534,542,548,572
东北农业大学,黑龙江,哈尔滨市,否,是,农林类,公办,532,522,524,545,540,572
上海外国语大学,上海,上海市,否,是,语言类,公办,569,550,561,569,588,603
东北大学,辽宁,沈阳市,是,是,理工类,公办,576,536,536,563,588,591
华东理工大学,上海,上海市,否,是,理工类,公办,589,549,568,560,582,585
复旦大学,上海,上海市,是,是,综合类,公办,659,616,643,609,650,641
华东师范大学,上海,上海市,是,是,师范类,公办,604,572,598,589,621,620
上海财经大学,上海,上海市,否,是,财经类,公办,591,563,588,552,611,614
延边大学,吉林,延边朝鲜族自治州,否,是,综合类,公办,527,512,524,532,535,559
武汉理工大学,湖北,武汉市,否,是,理工类,公办,558,539,567,558,579,584
山东大学,山东,济南市,是,是,综合类,公办,579,554,581,576,600,608
上海交通大学,上海,上海市,是,是,综合类,公办,660,618,646,613,654,646
哈尔滨工程大学,黑龙江,哈尔滨市,否,是,理工类,公办,589,534,569,540,578,578
中南大学,湖南,长沙市,是,是,综合类,公办,597,564,567,575,592,605
吉林大学,吉林,长春市,是,是,综合类,公办,577,541,533,547,592,604
中国地质大学（武汉）,湖北,武汉市,否,是,理工类,公办,564,540,553,555,563,583
重庆大学,重庆,重庆市,是,是,综合类,公办,592,561,582,575,600,604
苏州大学,江苏,苏州市,否,是,综合类,公办,583,560,572,563,578,594
河海大学,江苏,南京市,否,是,综合类,公办,572,546,546,556,578,588
南京师范大学,江苏,南京市,否,是,师范类,公办,552,554,548,566,577,596
浙江大学,浙江,杭州市,是,是,综合类,公办,657,602,644,601,656,634
南京农业大学,江苏,南京市,否,是,农林类,公办,550,529,541,546,558,582
南京大学,江苏,南京市,是,是,综合类,公办,653,601,639,604,652,638
中国矿业大学,江苏,徐州市,否,是,综合类,公办,558,525,543,551,559,581
东南大学,江苏,南京市,是,是,综合类,公办,631,578,605,585,620,614
南昌大学,江西,南昌市,否,是,综合类,公办,551,542,551,553,561,582
西北工业大学,陕西,西安市,是,是,理工类,公办,623,561,602,567,609,596
暨南大学,广东,广州市,否,是,综合类,公办,560,533,544,545,579,593
华南理工大学,广东,广州市,是,是,综合类,公办,603,494,586,571,602,601
中山大学,广东,广州市,是,是,综合类,公办,616,578,589,584,610,613
福州大学,福建,福州市,否,是,理工类,公办,553,533,547,550,562,583
厦门大学,福建,厦门市,是,是,综合类,公办,611,576,595,586,610,619
西南财经大学,四川,成都市,否,是,财经类,公办,577,529,554,567,585,596
四川大学,四川,成都市,是,是,综合类,公办,583,540,539,579,602,609
华南师范大学,广东,广州市,否,是,师范类,公办,552,546,525,549,568,586
兰州大学,甘肃,兰州市,是,是,综合类,公办,566,525,550,564,584,592
天津农学院,天津,天津市,否,否,农林类,公办,459,458,451,491,465,519
天津体育学院,天津,天津市,否,否,体育类,公办,425,436,447,495,458,514
天津城建大学,天津,天津市,否,否,综合类,公办,461,455,457,514,488,538
天津职业技术师范大学,天津,天津市,否,否,师范类,公办,498,468,503,481,508,532
天津中医药大学,天津,天津市,否,否,医药类,公办,557,490,529,522,564,546
中国民航大学,天津,天津市,否,否,理工类,公办,523,512,512,529,524,559
天津外国语大学,天津,天津市,否,否,语言类,公办,482,493,501,521,523,558
江南大学,江苏,无锡市,否,是,综合类,公办,564,548,554,555,567,582
天津商业大学,天津,天津市,否,否,财经类,公办,484,491,498,524,509,550
天津财经大学,天津,天津市,否,否,财经类,公办,496,506,505,528,531,571
天津科技大学,天津,天津市,否,否,理工类,公办,493,504,498,531,515,558
天津理工大学,天津,天津市,否,否,理工类,公办,480,484,530,507,533,542
天津师范大学,天津,天津市,否,否,师范类,公办,485,501,498,522,524,563
南京航空航天大学,江苏,南京市,否,是,理工类,公办,596,553,577,561,590,593
上海大学,上海,上海市,否,是,综合类,公办,586,555,572,562,586,598
新疆大学,新疆,乌鲁木齐市,否,是,综合类,公办,515,512,521,530,535,565
同济大学,上海,上海市,是,是,综合类,公办,610,586,614,591,632,622
济南大学,山东,济南市,否,否,综合类,公办,494,503,498,524,510,552
安徽农业大学,安徽,合肥市,否,否,农林类,公办,486,493,498,519,505,547
安徽大学,安徽,合肥市,否,是,综合类,公办,559,490,552,556,563,584
合肥工业大学,安徽,合肥市,否,是,理工类,公办,568,539,558,549,566,578
郑州大学,河南,郑州市,否,是,综合类,公办,554,531,546,558,564,587
中国海洋大学,山东,青岛市,是,是,综合类,公办,577,536,562,563,586,592
天津大学,天津,天津市,是,是,综合类,公办,611,573,586,582,613,612
南开大学,天津,天津市,是,是,综合类,公办,626,587,604,591,623,623
湖南师范大学,湖南,长沙市,否,是,师范类,公办,555,545,539,560,565,586
西安电子科技大学,陕西,西安市,否,是,理工类,公办,611,539,593,559,605,585
河北大学,河北,保定市,否,否,综合类,公办,480,490,508,529,509,553
对外经济贸易大学,北京,北京市,否,是,财经类,公办,600,565,576,535,612,614
北京师范大学,北京,北京市,是,是,师范类,公办,615,590,595,594,617,626
西南交通大学,四川,成都市,否,是,理工类,公办,567,511,557,559,580,587
辽宁大学,辽宁,沈阳市,否,是,综合类,公办,562,532,551,550,559,583
北京中医药大学,北京,北京市,否,是,医药类,公办,558,545,538,556,560,584
北京邮电大学,北京,北京市,否,是,理工类,公办,619,554,602,564,612,592
北京航空航天大学,北京,北京市,是,是,理工类,公办,647,581,630,588,641,617
中国人民大学,北京,北京市,是,是,综合类,公办,651,610,625,607,650,640
中央民族大学,北京,北京市,是,是,民族类,公办,573,550,555,569,586,601
湖南大学,湖南,长沙市,是,是,综合类,公办,575,537,584,576,596,604
北京林业大学,北京,北京市,否,是,农林类,公办,542,543,546,552,564,588
武汉大学,湖北,武汉市,是,是,综合类,公办,604,588,610,594,625,630
河北工业大学,天津,天津市,否,是,理工类,公办,564,534,548,551,570,580
中央音乐学院,北京,北京市,否,是,艺术类,公办,297,314,313,338,287,321
北京外国语大学,北京,北京市,否,是,语言类,公办,528,550,572,553,584,606
北京交通大学,北京,北京市,否,是,理工类,公办,594,557,574,563,587,597
西北大学,陕西,西安市,否,是,综合类,公办,569,546,560,560,570,589
长安大学,陕西,西安市,否,是,理工类,公办,573,537,548,555,565,583
云南大学,云南,昆明市,否,是,综合类,公办,550,525,542,546,559,583
哈尔滨工业大学,黑龙江,哈尔滨市,是,是,理工类,公办,634,561,609,567,624,597
大连海事大学,辽宁,大连市,否,是,理工类,公办,564,532,552,551,562,581
内蒙古大学,内蒙古,呼和浩特市,否,是,综合类,公办,517,505,529,544,541,570
北京大学,北京,北京市,是,是,综合类,公办,679,624,665,618,675,649
