﻿名称,省,市,985,211,学校类型,学校属性,2023年理科录取分数,2023年文科录取分数,2022年理科录取分数,2022年文科录取分数,2021年理科录取分数,2021年文科录取分数
江苏海洋大学,江苏,连云港市,否,否,理工类,公办,537,553,520,545,519,571
江西软件职业技术大学,江西,南昌市,否,否,理工类,民办,445,472,440,472,443,496
福建技术师范学院,福建,福州市,否,否,师范类,公办,486,518,474,513,481,534
复旦大学上海医学院,上海,上海市,是,是,医药类,公办,681,590,662,578,674,604
南京审计大学金审学院,江苏,南京市,否,否,财经类,民办,473,506,465,504,466,535
中国石油大学（北京）克拉玛依校区,新疆,克拉玛依市,否,是,理工类,公办,558,559,546,553,550,585
深圳技术大学,广东,深圳市,否,否,理工类,公办,576,564,560,552,568,583
中国社会科学院大学,北京,北京市,否,否,综合类,公办,549,598,602,588,622,624
香港中文大学（深圳）,广东,深圳市,否,否,综合类,内地与港澳台地区合作办学,625,605,607,588,623,623
温州肯恩大学,浙江,温州市,否,否,综合类,中外合作办学,523,542,516,534,527,570
合肥工业大学宣城校区,安徽,宣城市,否,是,综合类,公办,586,577,571,567,589,597
江苏第二师范学院,江苏,南京市,否,否,师范类,公办,514,541,504,532,517,564
河北中医药大学,河北,石家庄市,否,否,医药类,公办,504,536,498,529,495,558
山东管理学院,山东,济南市,否,否,综合类,公办,483,512,447,508,493,554
武警警官学院,四川,成都市,否,否,军事类,公办,560,577,544,563,558,593
张家口学院,河北,张家口市,否,否,综合类,公办,474,507,468,490,459,537
南昌师范学院,江西,南昌市,否,否,师范类,公办,489,525,481,517,492,548
江西服装学院,江西,南昌市,否,否,艺术类,民办,445,472,440,472,443,496
成都师范学院,四川,成都市,否,否,师范类,公办,497,530,492,524,506,561
山西传媒学院,山西,晋中市,否,否,艺术类,公办,481,487,481,512,488,544
河北环境工程学院,河北,秦皇岛市,否,否,理工类,公办,472,504,467,497,452,530
陕西服装工程学院,陕西,咸阳市,否,否,综合类,民办,445,477,440,474,443,496
南昌工学院,江西,南昌市,否,否,理工类,民办,447,480,440,478,443,498
河北科技学院,河北,唐山市,否,否,理工类,民办,445,485,453,487,450,511
山西工商学院,山西,太原市,否,否,财经类,民办,458,491,442,486,458,516
安徽外国语学院,安徽,合肥市,否,否,语言类,民办,452,484,440,488,457,518
福州外语外贸学院,福建,福州市,否,否,财经类,民办,445,483,440,480,450,515
广东科技学院,广东,东莞市,否,否,综合类,民办,458,478,451,481,443,496
广西外国语学院,广西,南宁市,否,否,语言类,民办,445,482,440,486,452,514
华北理工大学轻工学院,河北,唐山市,否,否,理工类,民办,457,484,456,485,446,500
陕西学前师范学院,陕西,西安市,否,否,师范类,公办,473,513,465,510,480,540
天津外国语大学滨海外事学院,天津,天津市,否,否,语言类,民办,468,489,447,489,470,523
浙江外国语学院,浙江,杭州市,否,否,语言类,公办,509,536,509,530,522,568
南宁理工学院,广西,南宁市,否,否,理工类,民办,446,483,445,481,447,496
内蒙古科技大学包头师范学院,内蒙古,包头市,否,否,师范类,公办,468,507,464,501,449,529
北京第二外国语学院,北京,北京市,否,否,语言类,公办,551,570,522,568,572,607
福建江夏学院,福建,福州市,否,否,财经类,公办,506,536,495,525,506,560
衢州学院,浙江,衢州市,否,否,综合类,公办,495,523,482,516,484,532
宁夏大学新华学院,宁夏,银川市,否,否,综合类,民办,461,496,453,486,457,520
贵阳人文科技学院,贵州,贵阳市,否,否,民族类,民办,457,494,447,493,443,515
贵州黔南经济学院,贵州,黔南布依族苗族自治州,否,否,财经类,民办,456,492,448,494,443,515
兴义民族师范学院,贵州,黔西南布依族苗族自治州,否,否,师范类,公办,470,504,467,502,470,520
西安科技大学高新学院,陕西,西安市,否,否,理工类,民办,449,484,441,484,443,506
西安明德理工学院,陕西,西安市,否,否,综合类,民办,446,479,440,479,443,505
西安工商学院,陕西,西安市,否,否,综合类,民办,445,481,440,483,443,502
南通大学杏林学院,江苏,南通市,否,否,综合类,民办,462,494,454,492,443,517
江苏科技大学苏州理工学院,江苏,苏州市,否,否,理工类,民办,468,500,456,500,443,526
南京邮电大学通达学院,江苏,扬州市,否,否,综合类,民办,472,499,463,494,459,496
江苏师范大学科文学院,江苏,徐州市,否,否,综合类,民办,467,501,459,500,443,516
扬州大学广陵学院,江苏,扬州市,否,否,综合类,民办,468,502,459,498,443,517
苏州科技大学天平学院,江苏,苏州市,否,否,综合类,民办,478,504,467,502,465,519
苏州大学应用技术学院,江苏,苏州市,否,否,综合类,民办,469,498,459,494,461,516
苏州城市学院,江苏,苏州市,否,否,综合类,公办,516,535,501,529,502,556
南京医科大学康达学院,江苏,连云港市,否,否,医药类,民办,473,498,460,495,470,520
南京师范大学中北学院,江苏,镇江市,否,否,综合类,民办,468,503,459,501,460,524
南京工业大学浦江学院,江苏,南京市,否,否,理工类,民办,469,497,457,492,443,496
南京理工大学紫金学院,江苏,南京市,否,否,理工类,民办,478,508,468,509,476,545
黑龙江财经学院,黑龙江,哈尔滨市,否,否,财经类,民办,445,479,440,479,450,506
黑龙江工程学院昆仑旅游学院,黑龙江,哈尔滨市,否,否,理工类,民办,445,472,440,472,443,496
哈尔滨石油学院,黑龙江,哈尔滨市,否,否,理工类,民办,446,475,440,472,443,496
哈尔滨剑桥学院,黑龙江,哈尔滨市,否,否,综合类,民办,445,472,440,480,443,505
黑龙江工商学院,黑龙江,哈尔滨市,否,否,综合类,民办,445,472,440,472,443,496
哈尔滨华德学院,黑龙江,哈尔滨市,否,否,理工类,民办,445,472,440,475,443,496
昆明理工大学津桥学院,云南,昆明市,否,否,理工类,民办,450,489,440,488,453,517
丽江文化旅游学院,云南,丽江市,否,否,综合类,民办,445,486,440,485,443,507
滇池学院,云南,昆明市,否,否,综合类,民办,453,497,440,492,463,496
文山学院,云南,文山壮族苗族自治州,否,否,综合类,公办,472,503,463,502,476,528
聊城大学东昌学院,山东,聊城市,否,否,综合类,民办,465,494,458,493,451,513
青岛工学院,山东,青岛市,否,否,综合类,民办,451,490,445,488,449,510
泰山科技学院,山东,泰安市,否,否,理工类,民办,445,479,440,479,443,496
西南财经大学天府学院,四川,绵阳市,否,否,财经类,民办,468,500,465,499,459,522
四川大学锦江学院,四川,眉山市,否,否,综合类,民办,469,491,463,491,464,531
四川文化艺术学院,四川,绵阳市,否,否,艺术类,民办,445,490,440,479,459,517
成都锦城学院,四川,成都市,否,否,综合类,民办,471,496,463,500,444,528
成都外国语学院,四川,成都市,否,否,语言类,民办,470,492,468,487,470,538
成都银杏酒店管理学院,四川,成都市,否,否,财经类,民办,457,490,447,480,447,513
成都理工大学工程技术学院,四川,乐山市,否,否,理工类,民办,466,496,456,494,443,523
成都大学,四川,成都市,否,否,综合类,公办,521,545,507,536,519,574
新疆科技学院,新疆,巴音郭楞蒙古自治州,否,否,财经类,公办,469,501,451,498,465,522
东莞城市学院,广东,东莞市,否,否,理工类,民办,452,479,444,481,443,500
电子科技大学中山学院,广东,中山市,否,否,理工类,民办,465,485,459,486,465,496
衡阳师范学院南岳学院,湖南,衡阳市,否,否,师范类,民办,473,502,464,501,472,528
湖南中医药大学湘杏学院,湖南,岳阳市,否,否,医药类,民办,476,507,466,503,458,527
湖南工程学院应用技术学院,湖南,湘潭市,否,否,理工类,民办,459,496,450,496,461,518
湖南理工学院南湖学院,湖南,岳阳市,否,否,理工类,民办,467,497,464,493,461,496
湖南文理学院芙蓉学院,湖南,常德市,否,否,综合类,民办,473,500,465,499,461,522
南华大学船山学院,湖南,衡阳市,否,否,综合类,民办,468,500,454,495,458,496
湘潭大学兴湘学院,湖南,湘潭市,否,否,综合类,民办,471,499,458,501,443,524
湖南工业大学科技学院,湖南,株洲市,否,否,综合类,民办,471,498,462,496,462,517
湖南科技大学潇湘学院,湖南,湘潭市,否,否,综合类,民办,471,501,461,502,455,531
长沙理工大学城南学院,湖南,长沙市,否,否,理工类,民办,473,502,467,501,470,526
湖南农业大学东方科技学院,湖南,长沙市,否,否,综合类,民办,465,499,450,499,472,524
湘潭理工学院,湖南,湘潭市,否,否,理工类,民办,455,488,458,490,460,513
长沙工业学院,湖南,长沙市,否,否,理工类,公办,470,503,463,501,465,528
湖南第一师范学院,湖南,长沙市,否,否,师范类,公办,517,546,508,535,525,565
湖北恩施学院,湖北,恩施土家族苗族自治州,否,否,综合类,民办,468,493,454,490,458,507
湖北工程学院新技术学院,湖北,孝感市,否,否,综合类,民办,465,498,457,495,452,515
武汉文理学院,湖北,武汉市,否,否,综合类,民办,467,502,458,500,447,525
南昌大学共青学院,江西,九江市,否,否,综合类,民办,460,495,452,492,461,517
南昌应用技术师范学院,江西,南昌市,否,否,师范类,民办,456,491,449,487,443,496
景德镇艺术职业大学,江西,景德镇市,否,否,艺术类,民办,445,478,440,477,443,501
赣南师范大学科技学院,江西,赣州市,否,否,师范类,民办,467,500,462,498,466,521
江西财经大学现代经济管理学院,江西,九江市,否,否,财经类,民办,460,495,451,491,455,515
南昌医学院,江西,南昌市,否,否,医药类,公办,479,505,471,501,478,528
南昌航空大学科技学院,江西,九江市,否,否,理工类,民办,460,492,450,489,456,514
赣东学院,江西,抚州市,否,否,综合类,公办,474,505,468,502,471,528
赣南科技学院,江西,赣州市,否,否,理工类,公办,477,508,469,503,473,529
南昌交通学院,江西,南昌市,否,否,理工类,民办,448,484,440,481,443,496
江西师范大学科学技术学院,江西,九江市,否,否,综合类,民办,465,500,458,497,462,522
江西农业大学南昌商学院,江西,九江市,否,否,综合类,民办,458,493,449,490,456,514
南昌大学科学技术学院,江西,九江市,否,否,综合类,民办,464,498,452,495,456,516
厦门工学院,福建,厦门市,否,否,理工类,民办,458,490,450,486,443,498
马鞍山学院,安徽,马鞍山市,否,否,理工类,民办,468,493,461,491,463,513
浙江越秀外国语学院,浙江,绍兴市,否,否,语言类,民办,447,488,445,490,453,515
宁波财经学院,浙江,宁波市,否,否,财经类,民办,464,486,459,489,471,519
上海财经大学浙江学院,浙江,金华市,否,否,财经类,民办,464,499,459,499,456,531
温州商学院,浙江,温州市,否,否,财经类,民办,451,482,441,481,457,509
浙江财经大学东方学院,浙江,嘉兴市,否,否,财经类,民办,460,493,454,492,443,512
浙江工商大学杭州商学院,浙江,杭州市,否,否,财经类,民办,461,494,455,490,443,498
温州理工学院,浙江,温州市,否,否,理工类,公办,512,533,498,524,497,550
绍兴文理学院元培学院,浙江,绍兴市,否,否,综合类,民办,455,492,446,493,460,517
湖州学院,浙江,湖州市,否,否,综合类,公办,503,524,488,520,486,539
宁波大学科学技术学院,浙江,宁波市,否,否,综合类,民办,460,495,452,492,460,496
浙江师范大学行知学院,浙江,金华市,否,否,综合类,民办,461,496,451,497,443,522
浙江工业大学之江学院,浙江,绍兴市,否,否,理工类,民办,463,495,454,495,465,520
广西中医药大学赛恩斯新医药学院,广西,南宁市,否,否,医药类,民办,468,502,454,497,460,516
柳州工学院,广西,柳州市,否,否,理工类,民办,448,480,446,485,450,513
桂林信息科技学院,广西,桂林市,否,否,理工类,民办,449,478,440,480,443,507
桂林学院,广西,桂林市,否,否,综合类,民办,457,491,451,492,443,518
广西民族师范学院,广西,崇左市,否,否,师范类,公办,472,504,467,500,469,530
辽宁财贸学院,辽宁,葫芦岛市,否,否,财经类,民办,445,475,440,473,443,496
大连东软信息学院,辽宁,大连市,否,否,理工类,民办,452,473,446,475,443,499
沈阳科技学院,辽宁,沈阳市,否,否,理工类,民办,445,479,441,480,443,498
大连医科大学中山学院,辽宁,大连市,否,否,医药类,民办,464,478,457,474,443,496
辽宁何氏医学院,辽宁,沈阳市,否,否,医药类,民办,464,328,454,164,443,150
辽宁中医药大学杏林学院,辽宁,沈阳市,否,否,医药类,民办,464,496,456,490,446,496
沈阳城市建设学院,辽宁,沈阳市,否,否,理工类,民办,445,475,440,472,443,496
辽宁师范大学海华学院,辽宁,大连市,否,否,综合类,民办,447,487,440,486,443,496
大连科技学院,辽宁,大连市,否,否,理工类,民办,452,298,444,270,443,279
沈阳城市学院,辽宁,沈阳市,否,否,综合类,民办,445,478,440,474,443,509
山西晋中理工学院,山西,晋中市,否,否,理工类,民办,459,490,452,489,462,509
内蒙古大学创业学院,内蒙古,呼和浩特市,否,否,综合类,民办,454,491,444,485,450,515
长春大学旅游学院,吉林,长春市,否,否,综合类,民办,445,473,440,472,443,496
长春财经学院,吉林,长春市,否,否,财经类,民办,445,480,441,477,443,496
长春光华学院,吉林,长春市,否,否,综合类,民办,445,479,440,478,443,496
天津天狮学院,天津,天津市,否,否,综合类,民办,449,474,443,487,443,509
天津财经大学珠江学院,天津,天津市,否,否,综合类,民办,459,493,451,493,443,517
天津理工大学中环信息学院,天津,天津市,否,否,综合类,民办,458,491,450,490,443,508
北京科技大学天津学院,天津,天津市,否,否,综合类,民办,459,496,449,495,454,520
天津商业大学宝德学院,天津,天津市,否,否,财经类,民办,455,490,442,489,454,514
民政职业大学,北京,北京市,否,否,政法类,公办,371,381,345,363,334,388
宁夏理工学院,宁夏,石嘴山市,否,否,理工类,民办,457,489,449,487,443,496
西安交通工程学院,陕西,西安市,否,否,理工类,民办,456,480,447,487,451,509
西安信息职业大学,陕西,西安市,否,否,理工类,民办,445,477,440,472,443,150
西安汽车职业大学,陕西,西安市,否,否,理工类,民办,445,474,440,472,443,496
西安欧亚学院,陕西,西安市,否,否,财经类,民办,446,481,443,482,443,505
陕西国际商贸学院,陕西,咸阳市,否,否,财经类,民办,448,483,442,484,444,508
无锡太湖学院,江苏,无锡市,否,否,综合类,民办,457,492,448,490,457,516
云南经济管理学院,云南,昆明市,否,否,财经类,民办,455,491,445,487,443,505
昆明文理学院,云南,昆明市,否,否,师范类,民办,461,494,456,493,453,516
普洱学院,云南,普洱市,否,否,综合类,公办,479,513,470,507,469,534
青岛恒星科技学院,山东,青岛市,否,否,综合类,民办,454,480,450,477,443,496
齐鲁医药学院,山东,淄博市,否,否,医药类,民办,471,501,461,497,458,524
山东石油化工学院,山东,东营市,否,否,理工类,公办,490,522,479,508,478,530
济宁学院,山东,济宁市,否,否,综合类,公办,500,526,485,521,489,547
新疆天山职业技术大学,新疆,乌鲁木齐市,否,否,综合类,民办,454,485,446,489,447,513
广东外语外贸大学南国商学院,广东,广州市,否,否,综合类,民办,455,488,448,487,443,520
广州华商学院,广东,广州市,否,否,财经类,民办,458,486,459,484,460,496
广州城市理工学院,广东,广州市,否,否,理工类,民办,461,481,452,472,443,540
广州华立学院,广东,广州市,否,否,理工类,民办,456,483,445,481,443,496
广州商学院,广东,广州市,否,否,财经类,民办,464,507,453,503,474,545
广东轻工职业技术大学,广东,广州市,否,否,理工类,公办,436,429,419,422,422,432
湖南汽车工程职业大学,湖南,株洲市,否,否,理工类,公办,358,334,325,286,215,238
湖南女子学院,湖南,长沙市,否,否,综合类,公办,500,518,488,517,494,547
湖南医药学院,湖南,怀化市,否,否,医药类,公办,510,524,495,520,498,547
湖南财政经济学院,湖南,长沙市,否,否,财经类,公办,515,537,505,530,520,563
武汉生物工程学院,湖北,武汉市,否,否,理工类,民办,468,498,462,497,466,523
武汉晴川学院,湖北,武汉市,否,否,综合类,民办,472,491,463,493,456,516
荆州学院,湖北,荆州市,否,否,理工类,民办,458,490,451,489,443,496
长江大学文理学院,湖北,荆州市,否,否,综合类,民办,468,497,457,497,443,521
湖北师范大学文理学院,湖北,黄石市,否,否,师范类,民办,463,499,456,497,443,509
武汉工程大学邮电与信息工程学院,湖北,武汉市,否,否,理工类,民办,460,491,452,488,443,496
武昌工学院,湖北,武汉市,否,否,综合类,民办,468,489,465,487,462,509
湖北商贸学院,湖北,武汉市,否,否,财经类,民办,454,487,445,487,448,510
湖北工业大学工程技术学院,湖北,武汉市,否,否,综合类,民办,464,491,453,489,443,497
武汉工商学院,湖北,武汉市,否,否,综合类,民办,464,497,454,490,443,542
湖北大学知行学院,湖北,武汉市,否,否,理工类,民办,467,501,460,497,443,520
郑州工程技术学院,河南,郑州市,否,否,理工类,公办,484,504,474,498,480,536
河南财政金融学院,河南,郑州市,否,否,财经类,公办,496,524,489,522,495,554
福州理工学院,福建,福州市,否,否,理工类,民办,447,478,440,475,449,507
泉州信息工程学院,福建,泉州市,否,否,理工类,民办,450,482,446,484,448,509
泉州职业技术大学,福建,泉州市,否,否,综合类,民办,453,482,443,478,447,508
厦门华厦学院,福建,厦门市,否,否,综合类,民办,457,498,445,493,462,496
闽南理工学院,福建,泉州市,否,否,理工类,民办,455,485,450,488,456,512
福建农林大学金山学院,福建,福州市,否,否,综合类,民办,461,491,452,494,458,513
福州大学至诚学院,福建,福州市,否,否,综合类,民办,465,500,456,497,451,499
闽南科技学院,福建,泉州市,否,否,理工类,民办,451,488,446,492,458,519
福州工商学院,福建,福州市,否,否,财经类,民办,455,489,448,486,443,515
福建师范大学协和学院,福建,福州市,否,否,综合类,民办,465,497,460,500,465,523
阳光学院,福建,福州市,否,否,综合类,民办,446,480,440,480,457,518
厦门大学嘉庚学院,福建,漳州市,否,否,综合类,民办,471,503,464,503,448,524
武夷学院,福建,南平市,否,否,综合类,公办,487,512,481,511,498,537
安徽新华学院,安徽,合肥市,否,否,综合类,民办,454,489,447,485,443,496
池州学院,安徽,池州市,否,否,综合类,公办,462,506,481,513,491,539
浙江广厦建设职业技术大学,浙江,金华市,否,否,理工类,民办,445,475,440,473,443,497
浙江树人学院,浙江,杭州市,否,否,综合类,民办,457,480,444,490,462,514
金华职业技术大学,浙江,金华市,否,否,综合类,公办,437,428,432,427,431,441
武警海警学院,浙江,宁波市,否,否,政法类,公办,569,595,563,561,556,606
南宁学院,广西,南宁市,否,否,理工类,民办,451,489,449,487,443,520
广西警察学院,广西,南宁市,否,否,政法类,公办,491,508,482,518,480,542
桂林旅游学院,广西,桂林市,否,否,财经类,公办,476,490,469,499,455,525
桂林航天工业学院,广西,桂林市,否,否,理工类,公办,488,506,482,507,485,535
广西科技师范学院,广西,来宾市,否,否,师范类,公办,481,515,471,510,477,539
辽宁理工职业大学,辽宁,锦州市,否,否,理工类,民办,446,473,440,472,150,150
辽宁传媒学院,辽宁,沈阳市,否,否,艺术类,民办,445,479,446,480,443,496
沈阳工学院,辽宁,抚顺市,否,否,理工类,民办,452,343,444,313,443,496
朝阳师范学院,辽宁,朝阳市,否,否,师范类,公办,338,356,283,333,150,323
山西应用科技学院,山西,太原市,否,否,综合类,民办,458,491,440,485,461,513
太原学院,山西,太原市,否,否,综合类,公办,473,525,457,517,479,546
吕梁学院,山西,吕梁市,否,否,综合类,公办,471,505,463,503,469,530
河套学院,内蒙古,巴彦淖尔市,否,否,综合类,公办,469,501,446,499,469,525
长春人文学院,吉林,长春市,否,否,综合类,民办,445,481,440,481,443,496
吉林建筑科技学院,吉林,长春市,否,否,理工类,民办,445,473,440,472,443,496
吉林警察学院,吉林,长春市,否,否,政法类,公办,491,526,392,407,357,403
吉林工商学院,吉林,长春市,否,否,财经类,公办,474,503,467,499,454,541
天津仁爱学院,天津,天津市,否,否,综合类,民办,446,488,441,487,443,505
六盘水师范学院,贵州,六盘水市,否,否,师范类,公办,473,507,466,506,473,534
石家庄铁道大学四方学院,河北,石家庄市,否,否,理工类,民办,468,497,462,493,446,523
河北经贸大学经济管理学院,河北,石家庄市,否,否,财经类,民办,466,500,458,496,443,496
内蒙古鸿德文理学院,内蒙古,呼和浩特市,否,否,综合类,民办,450,488,444,476,443,512
贵州师范学院,贵州,贵阳市,否,否,师范类,公办,476,523,469,518,480,544
贵州商学院,贵州,贵阳市,否,否,财经类,公办,472,494,469,511,443,541
常州大学怀德学院,江苏,泰州市,否,否,理工类,民办,463,494,452,491,455,513
集宁师范学院,内蒙古,乌兰察布市,否,否,师范类,公办,470,503,458,500,473,526
大连财经学院,辽宁,大连市,否,否,财经类,民办,447,484,440,483,450,510
南通理工学院,江苏,南通市,否,否,综合类,民办,450,477,448,486,451,514
信阳学院,河南,信阳市,否,否,综合类,民办,464,502,458,501,467,524
中原科技学院,河南,郑州市,否,否,师范类,民办,467,499,454,497,450,521
琼台师范学院,海南,海口市,否,否,师范类,公办,482,518,475,514,487,547
郑州工业应用技术学院,河南,郑州市,否,否,理工类,民办,463,491,454,489,448,514
荆楚理工学院,湖北,荆门市,否,否,理工类,公办,493,507,480,498,485,547
重庆工程学院,重庆,重庆市,否,否,理工类,民办,483,498,473,498,475,521
重庆第二师范学院,重庆,重庆市,否,否,师范类,公办,503,531,496,528,504,560
重庆电子科技职业大学,重庆,重庆市,否,否,理工类,公办,412,396,400,399,391,416
重庆机电职业技术大学,重庆,重庆市,否,否,理工类,民办,458,487,445,486,457,510
重庆工商大学派斯学院,重庆,重庆市,否,否,财经类,民办,465,495,456,493,455,519
重庆移通学院,重庆,重庆市,否,否,理工类,民办,466,492,458,492,443,517
重庆财经学院,重庆,重庆市,否,否,财经类,民办,472,504,467,505,478,534
重庆外语外事学院,重庆,重庆市,否,否,语言类,民办,458,494,459,496,465,525
重庆对外经贸学院,重庆,重庆市,否,否,财经类,民办,460,499,459,497,452,524
上海视觉艺术学院,上海,上海市,否,否,艺术类,民办,458,495,463,472,486,549
珠海科技学院,广东,珠海市,否,否,综合类,民办,471,500,466,498,479,539
南京师范大学泰州学院,江苏,泰州市,否,否,师范类,民办,465,503,458,500,454,512
江苏大学京江学院,江苏,镇江市,否,否,综合类,民办,469,499,459,494,443,508
长春工业大学人文信息学院,吉林,长春市,否,否,综合类,民办,445,474,440,472,443,496
西安财经大学行知学院,陕西,西安市,否,否,财经类,民办,453,489,447,487,451,512
长春建筑学院,吉林,长春市,否,否,理工类,民办,445,475,440,474,443,496
无锡学院,江苏,无锡市,否,否,理工类,公办,517,537,501,528,499,555
河北地质大学华信学院,河北,石家庄市,否,否,综合类,民办,453,490,443,487,450,506
北京中医药大学东方学院,河北,廊坊市,否,否,医药类,民办,468,498,454,493,458,517
青岛城市学院,山东,青岛市,否,否,理工类,民办,451,484,444,485,443,496
海口经济学院,海南,海口市,否,否,综合类,民办,443,472,440,473,446,496
浙江水利水电学院,浙江,杭州市,否,否,理工类,公办,510,535,498,529,510,557
湖北第二师范学院,湖北,武汉市,否,否,师范类,公办,510,539,502,532,513,564
浙江机电职业技术大学,浙江,杭州市,否,否,理工类,公办,418,392,401,383,391,405
四川警察学院,四川,泸州市,否,否,政法类,公办,508,534,499,528,499,551
西交利物浦大学,江苏,苏州市,否,否,综合类,中外合作办学,549,554,526,540,542,576
三亚学院,海南,三亚市,否,否,综合类,民办,445,472,445,484,443,496
黑龙江外国语学院,黑龙江,哈尔滨市,否,否,语言类,民办,445,474,440,473,443,500
河南工程学院,河南,郑州市,否,否,理工类,公办,489,520,480,515,489,550
武汉纺织大学外经贸学院,湖北,武汉市,否,否,综合类,民办,458,489,446,486,443,496
长春电子科技学院,吉林,长春市,否,否,理工类,民办,445,478,440,472,443,496
广州软件学院,广东,广州市,否,否,理工类,民办,496,482,487,482,486,499
上海外国语大学贤达经济人文学院,上海,上海市,否,否,财经类,民办,445,474,440,472,443,497
北京理工大学珠海学院,广东,珠海市,否,否,理工类,民办,498,521,481,515,491,541
广州应用科技学院,广东,广州市,否,否,综合类,民办,457,487,447,484,453,496
大连工业大学艺术与信息工程学院,辽宁,大连市,否,否,理工类,民办,445,475,440,472,443,496
广州新华学院,广东,广州市,否,否,综合类,民办,457,486,451,487,443,496
武汉体育学院体育科技学院,湖北,武汉市,否,否,体育类,民办,445,483,453,491,454,510
昆明城市学院,云南,昆明市,否,否,综合类,民办,453,491,446,489,448,512
山东政法学院,山东,济南市,否,否,政法类,公办,502,534,503,530,511,564
昆明医科大学海源学院,云南,昆明市,否,否,医药类,民办,476,494,469,496,478,514
吉林师范大学博达学院,吉林,四平市,否,否,师范类,民办,445,472,443,482,443,496
北京师范大学-香港浸会大学联合国际学院,广东,珠海市,否,否,综合类,内地与港澳台地区合作办学,538,548,525,537,537,575
长春科技学院,吉林,长春市,否,否,综合类,民办,447,475,440,472,443,496
安顺学院,贵州,安顺市,否,否,综合类,公办,472,512,470,507,466,533
西安医学院,陕西,西安市,否,否,医药类,公办,542,504,509,513,522,524
菏泽学院,山东,菏泽市,否,否,综合类,公办,477,511,466,510,480,535
安康学院,陕西,安康市,否,否,综合类,公办,473,508,469,507,458,533
商洛学院,陕西,商洛市,否,否,综合类,公办,472,505,441,504,476,530
三明学院,福建,三明市,否,否,综合类,公办,493,524,483,519,490,552
长治学院,山西,长治市,否,否,综合类,公办,475,508,467,506,477,534
北部湾大学,广西,钦州市,否,否,综合类,公办,488,526,481,520,484,550
丽水学院,浙江,丽水市,否,否,综合类,公办,497,528,484,523,487,555
百色学院,广西,百色市,否,否,综合类,公办,473,505,466,502,471,530
梧州学院,广西,梧州市,否,否,综合类,公办,472,506,456,503,491,531
龙岩学院,福建,龙岩市,否,否,综合类,公办,480,520,477,521,488,548
海南热带海洋学院,海南,三亚市,否,否,综合类,公办,486,514,468,508,486,550
辽宁对外经贸学院,辽宁,大连市,否,否,财经类,民办,445,472,440,479,443,496
长沙医学院,湖南,长沙市,否,否,医药类,民办,507,522,500,519,511,541
呼伦贝尔学院,内蒙古,呼伦贝尔市,否,否,综合类,公办,468,502,462,498,462,525
重庆人文科技学院,重庆,重庆市,否,否,综合类,民办,461,502,458,500,470,525
中国人民解放军战略支援部队信息工程大学,河南,郑州市,否,否,军事类,公办,612,592,568,585,580,591
香港中文大学,香港,新界,否,否,综合类,公办,657,626,633,604,642,623
山东大学（威海）,山东,威海市,是,是,综合类,公办,617,608,594,589,608,621
宁波诺丁汉大学,浙江,宁波市,否,否,综合类,中外合作办学,550,549,531,540,544,582
集美大学诚毅学院,福建,厦门市,否,否,综合类,民办,481,511,468,510,491,549
安徽中医药大学,安徽,合肥市,否,否,医药类,公办,504,532,486,527,443,556
南京财经大学红山学院,江苏,镇江市,否,否,综合类,民办,462,499,453,497,445,520
宁波工程学院,浙江,宁波市,否,否,理工类,公办,515,529,501,524,510,559
西京学院,陕西,西安市,否,否,理工类,民办,454,487,445,489,452,511
常熟理工学院,江苏,苏州市,否,否,理工类,公办,499,529,483,527,474,554
三江学院,江苏,南京市,否,否,综合类,民办,456,472,457,499,468,522
洛阳理工学院,河南,洛阳市,否,否,理工类,公办,502,513,484,505,443,551
武汉城市学院,湖北,武汉市,否,否,理工类,民办,463,491,456,490,443,496
武汉学院,湖北,武汉市,否,否,综合类,民办,464,502,452,501,483,534
保定理工学院,河北,保定市,否,否,理工类,民办,452,483,440,484,455,510
辽宁理工学院,辽宁,锦州市,否,否,理工类,民办,449,483,442,476,443,517
武汉东湖学院,湖北,武汉市,否,否,综合类,民办,475,505,462,498,452,519
武昌理工学院,湖北,武汉市,否,否,综合类,民办,462,497,457,496,461,517
郑州工商学院,河南,郑州市,否,否,财经类,民办,468,498,460,496,443,521
郑州师范学院,河南,郑州市,否,否,师范类,公办,493,536,460,528,517,555
东南大学成贤学院,江苏,南京市,否,否,综合类,民办,476,501,459,497,455,527
武汉工程科技学院,湖北,武汉市,否,否,理工类,民办,331,312,294,267,480,500
南京理工大学泰州科技学院,江苏,泰州市,否,否,理工类,民办,471,494,463,491,467,514
山东中医药大学,山东,济南市,否,否,医药类,公办,509,541,502,529,504,562
南京特殊教育师范学院,江苏,南京市,否,否,师范类,公办,475,527,480,522,486,552
南京警察学院,江苏,南京市,否,否,政法类,公办,577,472,546,552,554,572
电子科技大学成都学院,四川,成都市,否,否,理工类,民办,485,495,477,496,487,528
中国矿业大学徐海学院,江苏,徐州市,否,否,综合类,民办,468,498,458,496,443,496
三峡大学科技学院,湖北,宜昌市,否,否,综合类,民办,466,496,457,492,443,504
汉口学院,湖北,武汉市,否,否,综合类,民办,351,494,451,490,443,499
武昌首义学院,湖北,武汉市,否,否,理工类,民办,467,497,460,496,447,513
武汉华夏理工学院,湖北,武汉市,否,否,理工类,民办,461,490,453,488,443,496
广州南方学院,广东,广州市,否,否,综合类,民办,457,499,447,495,465,510
天水师范学院,甘肃,天水市,否,否,师范类,公办,468,505,467,496,465,535
陇东学院,甘肃,庆阳市,否,否,综合类,公办,471,505,467,503,456,529
上海电机学院,上海,上海市,否,否,理工类,公办,544,549,529,543,547,578
塔里木大学,新疆,自治区直辖县级行政区划,否,否,综合类,公办,469,503,463,500,458,519
榆林学院,陕西,榆林市,否,否,综合类,公办,472,509,463,505,472,531
曲靖师范学院,云南,曲靖市,否,否,师范类,公办,473,514,466,509,480,547
绵阳师范学院,四川,绵阳市,否,否,师范类,公办,483,525,470,522,488,551
文华学院,湖北,武汉市,否,否,综合类,民办,466,499,457,495,443,499
重庆工商大学,重庆,重庆市,否,否,财经类,公办,550,560,537,548,558,592
贵阳学院,贵州,贵阳市,否,否,综合类,公办,490,523,477,515,470,541
湖南人文科技学院,湖南,娄底市,否,否,综合类,公办,485,513,477,506,483,536
浙江传媒学院,浙江,杭州市,否,否,艺术类,公办,510,542,515,541,526,577
南京工业职业技术大学,江苏,南京市,否,否,理工类,公办,501,516,482,507,396,437
绥化学院,黑龙江,绥化市,否,否,综合类,公办,472,503,466,501,459,516
哈尔滨师范大学,黑龙江,哈尔滨市,否,否,师范类,公办,529,556,528,550,547,580
厦门理工学院,福建,厦门市,否,否,理工类,公办,559,552,540,542,555,561
湖北经济学院法商学院,湖北,武汉市,否,否,财经类,民办,460,494,450,492,443,496
徐州工程学院,江苏,徐州市,否,否,综合类,公办,510,527,499,521,504,496
金陵科技学院,江苏,南京市,否,否,理工类,公办,515,533,503,524,508,561
吉林医药学院,吉林,吉林市,否,否,医药类,公办,487,504,475,501,479,519
广西财经学院,广西,南宁市,否,否,财经类,公办,502,532,483,522,492,559
黑河学院,黑龙江,黑河市,否,否,综合类,公办,471,503,465,501,453,515
昆明学院,云南,昆明市,否,否,综合类,公办,488,525,477,518,486,551
西安文理学院,陕西,西安市,否,否,综合类,公办,493,511,487,487,505,554
赤峰学院,内蒙古,赤峰市,否,否,综合类,公办,469,504,462,500,452,527
重庆文理学院,重庆,重庆市,否,否,综合类,公办,509,528,499,527,509,561
伊犁师范大学,新疆,伊犁哈萨克自治州,否,否,师范类,公办,469,503,458,501,469,525
河池学院,广西,河池市,否,否,综合类,公办,473,505,466,502,475,522
广西中医药大学,广西,南宁市,否,否,医药类,公办,490,537,463,528,494,555
广东金融学院,广东,广州市,否,否,财经类,公办,519,540,510,534,515,564
长沙学院,湖南,长沙市,否,否,综合类,公办,515,533,505,522,516,564
湖北理工学院,湖北,黄石市,否,否,理工类,公办,509,522,494,517,496,548
安庆师范大学,安徽,安庆市,否,否,师范类,公办,507,522,507,532,512,560
吉林农业科技学院,吉林,吉林市,否,否,农林类,公办,472,503,465,501,443,520
大庆师范学院,黑龙江,大庆市,否,否,师范类,公办,470,503,465,501,460,508
上海政法学院,上海,上海市,否,否,政法类,公办,563,574,560,570,578,608
上海商学院,上海,上海市,否,否,财经类,公办,540,551,533,547,540,580
武汉科技大学,湖北,武汉市,否,否,综合类,公办,578,569,559,554,571,591
中国矿业大学（北京）,北京,北京市,否,是,理工类,公办,584,587,574,576,592,612
广州科技职业技术大学,广东,广州市,否,否,综合类,民办,449,475,440,472,275,237
广东理工学院,广东,肇庆市,否,否,理工类,民办,453,477,447,475,461,505
广东工商职业技术大学,广东,肇庆市,否,否,综合类,民办,445,476,440,477,443,501
广东白云学院,广东,广州市,否,否,综合类,民办,460,487,449,486,459,504
广东培正学院,广东,广州市,否,否,财经类,民办,453,480,440,480,455,496
广东技术师范大学,广东,广州市,否,否,师范类,公办,513,538,502,530,510,562
广东警官学院,广东,广州市,否,否,政法类,公办,525,546,511,539,521,574
南方医科大学,广东,广州市,否,否,医药类,公办,594,560,558,546,584,589
江西飞行学院,江西,南昌市,否,否,其他,公办,332,321,288,272,274,276
中国人民解放军国防科技大学,湖南,长沙市,是,是,军事类,公办,640,640,613,566,629,637
贵州大学,贵州,贵阳市,否,是,综合类,公办,578,575,558,564,572,597
西南大学,重庆,重庆市,否,是,综合类,公办,596,597,577,583,599,616
攀枝花学院,四川,攀枝花市,否,否,综合类,公办,503,508,495,508,499,533
西昌学院,四川,凉山彝族自治州,否,否,综合类,公办,478,491,468,508,478,535
江西应用科技学院,江西,南昌市,否,否,综合类,民办,445,475,440,474,443,497
晋中学院,山西,晋中市,否,否,综合类,公办,472,512,461,508,487,532
运城学院,山西,运城市,否,否,综合类,公办,472,506,447,505,475,531
山西中医药大学,山西,晋中市,否,否,医药类,公办,488,531,464,522,495,555
南昌职业大学,江西,南昌市,否,否,综合类,民办,445,473,440,472,443,496
江西职业技术大学,江西,九江市,否,否,综合类,公办,390,391,377,378,351,374
新余学院,江西,新余市,否,否,综合类,公办,475,507,466,504,476,533
景德镇学院,江西,景德镇市,否,否,综合类,公办,473,505,464,502,472,531
萍乡学院,江西,萍乡市,否,否,综合类,公办,473,506,464,502,472,530
郑州警察学院,河南,郑州市,否,否,政法类,公办,538,536,520,505,517,553
黄淮学院,河南,驻马店市,否,否,综合类,公办,474,504,470,506,475,536
河南科技学院,河南,新乡市,否,否,综合类,公办,482,523,471,514,475,539
平顶山学院,河南,平顶山市,否,否,综合类,公办,472,509,466,504,469,528
北京信息科技大学,北京,北京市,否,否,理工类,公办,577,567,559,558,574,591
安阳师范学院,河南,安阳市,否,否,师范类,公办,495,527,485,520,494,547
信阳师范大学,河南,信阳市,否,否,师范类,公办,483,526,471,517,472,551
首都经济贸易大学,北京,北京市,否,否,财经类,公办,575,589,560,575,583,611
江西警察学院,江西,南昌市,否,否,政法类,公办,510,535,498,528,502,557
河南中医药大学,河南,郑州市,否,否,医药类,公办,502,536,486,526,509,552
豫章师范学院,江西,南昌市,否,否,师范类,公办,480,519,472,512,479,538
江西科技学院,江西,南昌市,否,否,综合类,民办,448,481,441,481,448,505
南昌理工学院,江西,南昌市,否,否,综合类,民办,459,488,451,487,452,509
南昌工程学院,江西,南昌市,否,否,理工类,公办,524,545,515,538,524,567
北京体育大学,北京,北京市,否,是,体育类,公办,568,579,554,571,569,606
西安思源学院,陕西,西安市,否,否,综合类,民办,445,489,449,492,449,513
西安外事学院,陕西,西安市,否,否,综合类,民办,454,483,447,483,445,514
天津中德应用技术大学,天津,天津市,否,否,理工类,公办,497,526,487,521,493,546
南阳理工学院,河南,南阳市,否,否,理工类,公办,487,516,470,510,449,538
安阳工学院,河南,安阳市,否,否,理工类,公办,477,507,467,506,476,533
河南师范大学,河南,新乡市,否,否,师范类,公办,519,555,514,546,541,581
中国石油大学（北京）,北京,北京市,否,是,理工类,公办,596,591,571,576,589,610
华北电力大学,北京,北京市,否,是,理工类,公办,608,594,591,579,612,613
吉利学院,四川,成都市,否,否,理工类,民办,458,482,453,488,453,508
汉江师范学院,湖北,十堰市,否,否,师范类,公办,492,525,483,519,486,547
四川文理学院,四川,达州市,否,否,综合类,公办,481,513,474,511,486,548
四川工程职业技术大学,四川,德阳市,否,否,理工类,公办,395,375,383,342,372,309
南通大学,江苏,南通市,否,否,综合类,公办,565,563,548,552,554,584
四川旅游学院,四川,成都市,否,否,综合类,公办,486,522,474,516,488,541
成都东软学院,四川,成都市,否,否,理工类,民办,502,485,490,504,496,513
齐齐哈尔工程学院,黑龙江,齐齐哈尔市,否,否,综合类,民办,445,472,440,472,443,496
黑龙江工业学院,黑龙江,鸡西市,否,否,综合类,公办,471,502,463,499,465,526
哈尔滨信息工程学院,黑龙江,哈尔滨市,否,否,理工类,民办,445,473,440,472,443,496
河北外国语学院,河北,石家庄市,否,否,语言类,民办,445,478,450,488,449,515
哈尔滨职业技术大学,黑龙江,哈尔滨市,否,否,综合类,公办,322,303,195,215,150,150
哈尔滨金融学院,黑龙江,哈尔滨市,否,否,财经类,公办,472,505,467,508,477,539
上海中侨职业技术大学,上海,上海市,否,否,财经类,民办,445,472,440,472,446,501
河北科技工程职业技术大学,河北,邢台市,否,否,理工类,公办,473,503,462,486,235,198
河北金融学院,河北,保定市,否,否,财经类,公办,481,511,475,509,499,557
邢台医学院,河北,邢台市,否,否,医药类,公办,383,373,378,367,361,363
北华航天工业学院,河北,廊坊市,否,否,理工类,公办,510,472,497,518,501,549
上海兴伟学院,上海,上海市,否,否,综合类,民办,445,472,440,472,443,496
上海立达学院,上海,上海市,否,否,财经类,民办,449,477,444,475,443,496
上海建桥学院,上海,上海市,否,否,财经类,民办,457,482,449,484,458,514
电子科技大学,四川,成都市,是,是,理工类,公办,637,605,618,587,632,622
上海海关学院,上海,上海市,否,否,财经类,公办,608,590,581,576,585,602
防灾科技学院,河北,廊坊市,否,否,综合类,公办,500,525,491,522,503,554
沧州师范学院,河北,沧州市,否,否,师范类,公办,486,516,477,513,480,542
保定学院,河北,保定市,否,否,综合类,公办,474,522,447,519,492,550
深圳职业技术大学,广东,深圳市,否,否,综合类,公办,445,428,439,432,438,451
广州工商学院,广东,广州市,否,否,财经类,民办,450,477,446,481,444,498
廊坊师范学院,河北,廊坊市,否,否,师范类,公办,474,525,462,521,480,553
唐山师范学院,河北,唐山市,否,否,师范类,公办,475,508,470,508,475,534
山东师范大学,山东,济南市,否,否,师范类,公办,551,565,541,552,556,587
中国人民警察大学,河北,廊坊市,否,否,政法类,公办,589,574,565,529,566,599
石家庄铁道大学,河北,石家庄市,否,否,理工类,公办,539,558,526,548,546,581
河北地质大学,河北,石家庄市,否,否,理工类,公办,504,524,491,516,492,560
华北科技学院,河北,廊坊市,否,否,理工类,公办,490,517,496,508,509,553
河北工程大学,河北,邯郸市,否,否,理工类,公办,537,532,525,523,541,558
燕山大学,河北,秦皇岛市,否,否,综合类,公办,567,566,544,553,560,590
华北理工大学,河北,唐山市,否,否,综合类,公办,525,547,514,541,536,577
河北师范大学,河北,石家庄市,否,否,师范类,公办,530,561,520,550,541,583
国际关系学院,北京,北京市,否,否,政法类,公办,594,594,581,582,595,615
北京语言大学,北京,北京市,否,否,语言类,公办,569,590,559,579,578,611
华北电力大学保定校区,河北,保定市,否,是,理工类,公办,602,580,583,574,598,611
北京印刷学院,北京,北京市,否,否,理工类,公办,536,559,520,550,547,586
首都师范大学,北京,北京市,否,否,师范类,公办,586,590,569,578,585,610
北京物资学院,北京,北京市,否,否,财经类,公办,539,553,528,545,550,585
外交学院,北京,北京市,否,否,语言类,公办,615,605,604,588,622,626
中国劳动关系学院,北京,北京市,否,否,政法类,公办,512,538,506,532,515,566
中国人民公安大学,北京,北京市,否,否,政法类,公办,612,605,588,587,600,611
北京联合大学,北京,北京市,否,否,综合类,公办,557,565,541,554,555,592
北京工商大学,北京,北京市,否,否,财经类,公办,562,558,549,549,566,596
中国政法大学,北京,北京市,否,是,政法类,公办,607,626,607,599,629,633
中华女子学院,北京,北京市,否,否,语言类,公办,510,534,504,532,510,564
中央财经大学,北京,北京市,否,是,财经类,公办,619,610,605,598,631,632
北京城市学院,北京,北京市,否,否,综合类,民办,472,497,464,526,466,557
中国传媒大学,北京,北京市,否,是,综合类,公办,594,604,584,592,603,626
北京化工大学,北京,北京市,否,是,理工类,公办,599,588,580,575,599,612
鲁东大学,山东,烟台市,否,否,综合类,公办,507,542,499,535,509,564
烟台大学,山东,烟台市,否,否,综合类,公办,537,569,524,557,553,589
潍坊学院,山东,潍坊市,否,否,综合类,公办,496,527,474,523,443,552
山东第一医科大学,山东,济南市,否,否,医药类,公办,518,516,496,513,487,523
北方民族大学,宁夏,银川市,否,否,综合类,公办,522,537,512,538,519,559
宁夏大学,宁夏,银川市,否,是,综合类,公办,562,567,545,559,565,589
广西民族大学,广西,南宁市,否,否,民族类,公办,491,530,487,524,492,561
山东农业大学,山东,泰安市,否,否,农林类,公办,503,529,491,472,481,558
南宁师范大学,广西,南宁市,否,否,师范类,公办,503,537,498,531,498,561
山东理工大学,山东,淄博市,否,否,理工类,公办,531,535,520,530,531,560
玉林师范学院,广西,玉林市,否,否,师范类,公办,473,515,467,513,474,543
桂林医学院,广西,桂林市,否,否,医药类,公办,511,507,498,511,517,540
山东科技大学,山东,青岛市,否,否,理工类,公办,555,559,547,548,559,585
山东财经大学,山东,济南市,否,否,财经类,公办,553,563,540,553,543,585
山东交通学院,山东,济南市,否,否,理工类,公办,500,528,483,513,498,558
桂林理工大学,广西,桂林市,否,否,理工类,公办,526,523,509,525,510,556
桂林电子科技大学,广西,桂林市,否,否,理工类,公办,568,542,548,533,556,560
广西师范大学,广西,桂林市,否,否,师范类,公办,541,560,519,546,517,565
内蒙古财经大学,内蒙古,呼和浩特市,否,否,财经类,公办,478,522,472,516,488,551
山东建筑大学,山东,济南市,否,否,理工类,公办,511,523,502,530,508,562
山东工商学院,山东,烟台市,否,否,财经类,公办,518,549,514,543,525,578
遵义师范学院,贵州,遵义市,否,否,师范类,公办,490,522,482,520,483,547
贵州财经大学,贵州,贵阳市,否,否,财经类,公办,504,533,479,514,494,551
内蒙古师范大学,内蒙古,呼和浩特市,否,否,师范类,公办,476,507,458,494,487,552
遵义医科大学,贵州,遵义市,否,否,医药类,公办,575,529,560,517,572,551
贵州民族大学,贵州,贵阳市,否,否,民族类,公办,490,523,474,513,499,555
贵州师范大学,贵州,贵阳市,否,否,师范类,公办,492,529,483,516,455,559
海南医科大学,海南,海口市,否,否,医药类,公办,570,520,554,518,567,555
海南师范大学,海南,海口市,否,否,师范类,公办,533,556,526,549,547,582
曲阜师范大学,山东,济宁市,否,否,师范类,公办,533,557,522,548,537,581
内蒙古民族大学,内蒙古,通辽市,否,否,综合类,公办,474,513,455,510,473,543
内蒙古科技大学,内蒙古,包头市,否,否,综合类,公办,474,508,452,513,477,548
海南大学,海南,海口市,否,是,综合类,公办,575,578,552,563,558,600
河西学院,甘肃,张掖市,否,否,综合类,公办,471,503,467,502,468,524
甘肃政法大学,甘肃,兰州市,否,否,政法类,公办,509,536,505,531,505,565
兰州财经大学,甘肃,兰州市,否,否,财经类,公办,502,527,489,515,507,562
青岛大学,山东,青岛市,否,否,综合类,公办,568,570,548,561,566,595
临沂大学,山东,临沂市,否,否,综合类,公办,498,535,485,529,495,559
西北师范大学,甘肃,兰州市,否,否,师范类,公办,521,552,509,545,545,583
聊城大学,山东,聊城市,否,否,综合类,公办,503,541,487,529,481,559
许昌学院,河南,许昌市,否,否,理工类,公办,481,510,470,507,475,530
青岛农业大学,山东,青岛市,否,否,农林类,公办,498,531,482,523,443,558
河南财经政法大学,河南,郑州市,否,否,财经类,公办,536,565,525,553,552,588
商丘师范学院,河南,商丘市,否,否,师范类,公办,474,524,449,522,488,551
兰州交通大学,甘肃,兰州市,否,否,理工类,公办,540,534,528,529,542,561
南阳师范学院,河南,南阳市,否,否,师范类,公办,483,525,472,520,476,546
周口师范学院,河南,周口市,否,否,师范类,公办,488,498,481,517,484,543
洛阳师范学院,河南,洛阳市,否,否,综合类,公办,488,529,483,524,490,552
西北民族大学,甘肃,兰州市,否,否,综合类,公办,491,531,507,530,521,557
郑州航空工业管理学院,河南,郑州市,否,否,综合类,公办,492,524,483,518,491,555
莆田学院,福建,莆田市,否,否,综合类,公办,498,507,483,503,488,536
闽江学院,福建,福州市,否,否,综合类,公办,532,555,529,548,540,580
闽南师范大学,福建,漳州市,否,否,师范类,公办,508,539,501,533,511,565
泉州师范学院,福建,泉州市,否,否,师范类,公办,492,533,486,528,489,561
福建师范大学,福建,福州市,否,否,师范类,公办,556,572,543,558,557,587
仰恩大学,福建,泉州市,否,否,综合类,民办,454,489,450,493,464,517
集美大学,福建,厦门市,否,否,综合类,公办,565,574,554,564,569,598
黄河科技学院,河南,郑州市,否,否,理工类,民办,461,491,453,491,443,515
福建农林大学,福建,福州市,否,否,农林类,公办,530,535,509,522,538,547
河南工业大学,河南,郑州市,否,否,理工类,公办,538,537,531,543,544,581
华侨大学,福建,泉州市,否,否,综合类,公办,563,570,547,557,559,594
河南理工大学,河南,焦作市,否,否,理工类,公办,543,533,525,521,542,559
河南农业大学,河南,郑州市,否,否,农林类,公办,511,530,504,524,509,557
湖北文理学院,湖北,襄阳市,否,否,综合类,公办,503,531,483,524,503,558
河南科技大学,河南,洛阳市,否,否,综合类,公办,514,534,507,521,515,561
河南大学,河南,开封市,否,否,综合类,公办,568,571,548,559,566,595
郑州轻工业大学,河南,郑州市,否,否,理工类,公办,556,533,536,527,534,559
湖北科技学院,湖北,咸宁市,否,否,综合类,公办,488,515,474,509,503,553
黑龙江东方学院,黑龙江,哈尔滨市,否,否,综合类,民办,445,477,440,477,443,500
湖北民族大学,湖北,恩施土家族苗族自治州,否,否,综合类,公办,487,528,484,525,500,556
黑龙江工程学院,黑龙江,哈尔滨市,否,否,理工类,公办,476,504,466,505,443,544
武汉体育学院,湖北,武汉市,否,否,体育类,公办,500,529,493,526,495,559
哈尔滨学院,黑龙江,哈尔滨市,否,否,综合类,公办,472,509,461,506,479,543
东北石油大学,黑龙江,大庆市,否,否,理工类,公办,527,546,516,541,530,576
湖北经济学院,湖北,武汉市,否,否,财经类,公办,513,533,505,530,520,565
哈尔滨商业大学,黑龙江,哈尔滨市,否,否,财经类,公办,518,551,515,544,527,578
湖北工程学院,湖北,孝感市,否,否,理工类,公办,500,526,484,518,484,556
牡丹江师范学院,黑龙江,牡丹江市,否,否,师范类,公办,469,504,466,502,452,514
黑龙江中医药大学,黑龙江,哈尔滨市,否,否,医药类,公办,518,550,509,542,528,584
黄冈师范学院,湖北,黄冈市,否,否,师范类,公办,498,535,488,531,491,556
湖北师范大学,湖北,黄石市,否,否,师范类,公办,513,543,509,535,515,565
湖北医药学院,湖北,十堰市,否,否,医药类,公办,510,513,505,512,503,542
湖北中医药大学,湖北,武汉市,否,否,医药类,公办,508,534,503,527,515,563
湖北工业大学,湖北,武汉市,否,否,理工类,公办,569,553,550,551,565,583
三峡大学,湖北,宜昌市,否,否,综合类,公办,553,559,540,547,551,584
江汉大学,湖北,武汉市,否,否,综合类,公办,557,562,538,550,540,579
哈尔滨医科大学,黑龙江,哈尔滨市,否,否,医药类,公办,571,547,525,541,576,576
长江大学,湖北,荆州市,否,否,综合类,公办,546,561,532,551,548,583
湖北大学,湖北,武汉市,否,否,综合类,公办,568,568,551,555,567,593
齐齐哈尔大学,黑龙江,齐齐哈尔市,否,否,综合类,公办,484,504,469,519,478,549
中南民族大学,湖北,武汉市,否,否,综合类,公办,560,571,549,558,565,593
佳木斯大学,黑龙江,佳木斯市,否,否,综合类,公办,471,515,464,509,443,522
黑龙江大学,黑龙江,哈尔滨市,否,否,综合类,公办,555,556,541,547,551,583
华中师范大学,湖北,武汉市,否,是,师范类,公办,595,598,584,584,599,616
东北林业大学,黑龙江,哈尔滨市,否,是,农林类,公办,571,572,552,560,566,594
邵阳学院,湖南,邵阳市,否,否,综合类,公办,491,515,481,515,493,542
华中农业大学,湖北,武汉市,否,是,农林类,公办,586,589,567,575,585,611
怀化学院,湖南,怀化市,否,否,综合类,公办,505,524,492,517,493,547
湖南文理学院,湖南,常德市,否,否,综合类,公办,504,523,488,518,502,559
中南财经政法大学,湖北,武汉市,否,是,财经类,公办,590,605,590,589,612,623
吉林财经大学,吉林,长春市,否,否,财经类,公办,497,532,491,519,508,562
吉林外国语大学,吉林,长春市,否,否,语言类,民办,452,481,450,491,443,505
白城师范学院,吉林,白城市,否,否,师范类,公办,470,504,465,502,457,521
湖南科技学院,湖南,永州市,否,否,综合类,公办,500,502,490,526,505,554
通化师范学院,吉林,通化市,否,否,师范类,公办,472,505,463,502,469,529
湖南工商大学,湖南,长沙市,否,否,财经类,公办,545,559,537,552,551,585
衡阳师范学院,湖南,衡阳市,否,否,师范类,公办,508,536,501,529,510,561
吉林工程技术师范学院,吉林,长春市,否,否,师范类,公办,461,502,465,497,448,529
湘南学院,湖南,郴州市,否,否,综合类,公办,508,530,495,523,499,550
湖南中医药大学,湖南,长沙市,否,否,医药类,公办,539,555,509,545,554,581
中南林业科技大学,湖南,长沙市,否,否,农林类,公办,532,552,509,545,550,584
湖南工程学院,湖南,湘潭市,否,否,理工类,公办,509,522,493,520,492,547
湖南工业大学,湖南,株洲市,否,否,综合类,公办,546,555,531,547,546,582
湖南城市学院,湖南,益阳市,否,否,综合类,公办,494,506,484,519,494,555
湖南理工学院,湖南,岳阳市,否,否,理工类,公办,537,548,524,539,533,567
长春工程学院,吉林,长春市,否,否,理工类,公办,484,504,470,500,471,543
东北电力大学,吉林,吉林市,否,否,理工类,公办,568,534,553,527,559,559
湖南农业大学,湖南,长沙市,否,否,农林类,公办,535,553,532,547,548,581
南华大学,湖南,衡阳市,否,否,综合类,公办,551,561,536,549,548,581
吉林师范大学,吉林,四平市,否,否,师范类,公办,491,530,484,528,482,559
长沙理工大学,湖南,长沙市,否,否,理工类,公办,575,568,556,555,569,592
湖南科技大学,湖南,湘潭市,否,否,综合类,公办,553,562,537,551,558,584
长春师范大学,吉林,长春市,否,否,师范类,公办,487,526,481,523,496,556
吉首大学,湖南,湘西土家族苗族自治州,否,否,综合类,公办,535,556,525,546,533,577
湘潭大学,湖南,湘潭市,否,否,综合类,公办,577,574,558,561,569,595
西安培华学院,陕西,西安市,否,否,综合类,民办,455,489,455,491,454,513
长春工业大学,吉林,长春市,否,否,理工类,公办,503,525,492,517,512,556
长春理工大学,吉林,长春市,否,否,理工类,公办,555,547,542,539,552,579
长春大学,吉林,长春市,否,否,综合类,公办,502,522,488,516,492,557
西北政法大学,陕西,西安市,否,否,政法类,公办,567,596,559,576,572,610
西安财经大学,陕西,西安市,否,否,财经类,公办,546,559,532,549,535,578
北华大学,吉林,吉林市,否,否,综合类,公办,489,530,480,526,491,557
西安外国语大学,陕西,西安市,否,否,语言类,公办,541,561,542,559,566,598
青海民族大学,青海,西宁市,否,否,民族类,公办,481,522,474,516,482,547
陕西理工大学,陕西,汉中市,否,否,理工类,公办,512,525,504,522,513,555
青海师范大学,青海,西宁市,否,否,师范类,公办,486,525,477,521,443,551
宝鸡文理学院,陕西,宝鸡市,否,否,师范类,公办,478,520,468,515,460,545
渭南师范学院,陕西,渭南市,否,否,师范类,公办,479,515,468,509,476,536
咸阳师范学院,陕西,咸阳市,否,否,师范类,公办,481,513,477,511,483,545
陕西中医药大学,陕西,咸阳市,否,否,医药类,公办,533,557,528,544,536,572
西安邮电大学,陕西,西安市,否,否,理工类,公办,567,552,524,537,523,568
大理大学,云南,大理白族自治州,否,否,综合类,公办,508,531,494,526,499,556
西安工业大学,陕西,西安市,否,否,理工类,公办,554,559,532,548,556,577
云南警官学院,云南,昆明市,否,否,政法类,公办,508,534,494,526,500,556
云南财经大学,云南,昆明市,否,否,财经类,公办,504,533,502,526,510,564
红河学院,云南,红河哈尼族彝族自治州,否,否,综合类,公办,472,505,463,501,473,531
西安石油大学,陕西,西安市,否,否,理工类,公办,547,557,534,546,546,570
玉溪师范学院,云南,玉溪市,否,否,师范类,公办,461,518,478,506,487,544
云南中医药大学,云南,昆明市,否,否,医药类,公办,506,534,498,525,504,562
西南林业大学,云南,昆明市,否,否,农林类,公办,494,528,486,521,493,558
云南民族大学,云南,昆明市,否,否,综合类,公办,510,526,503,517,513,559
云南师范大学,云南,昆明市,否,否,师范类,公办,509,542,506,536,517,567
云南农业大学,云南,昆明市,否,否,农林类,公办,507,527,478,518,496,556
昆明理工大学,云南,昆明市,否,否,理工类,公办,568,549,551,539,565,569
合肥大学,安徽,合肥市,否,否,综合类,公办,511,527,501,519,510,557
延安大学,陕西,延安市,否,否,综合类,公办,506,534,500,528,506,558
安徽财经大学,安徽,蚌埠市,否,否,财经类,公办,543,559,530,549,558,591
陕西师范大学,陕西,西安市,否,是,师范类,公办,589,590,573,579,593,613
西北农林科技大学,陕西,咸阳市,是,是,农林类,公办,586,592,571,579,590,612
西安交通大学,陕西,西安市,是,是,综合类,公办,648,616,621,598,636,630
上海杉达学院,上海,上海市,否,否,财经类,民办,476,488,470,489,482,539
淮北师范大学,安徽,淮北市,否,否,综合类,公办,513,540,505,533,515,564
上海体育大学,上海,上海市,否,否,体育类,公办,522,545,511,544,497,570
华东政法大学,上海,上海市,否,否,政法类,公办,599,605,575,584,599,621
安徽建筑大学,安徽,合肥市,否,否,理工类,公办,518,551,528,539,542,563
上海立信会计金融学院,上海,上海市,否,否,财经类,公办,569,584,560,571,582,607
上海对外经贸大学,上海,上海市,否,否,财经类,公办,579,584,565,569,585,604
上海应用技术大学,上海,上海市,否,否,理工类,公办,552,554,534,543,557,590
安徽师范大学,安徽,芜湖市,否,否,师范类,公办,540,565,531,553,551,585
上海海事大学,上海,上海市,否,否,理工类,公办,572,576,557,565,575,602
上海第二工业大学,上海,上海市,否,否,理工类,公办,561,546,546,556,560,587
上海师范大学,上海,上海市,否,否,综合类,公办,560,574,562,575,582,605
上海海洋大学,上海,上海市,否,否,农林类,公办,569,566,549,551,561,593
上海理工大学,上海,上海市,否,否,理工类,公办,583,569,567,542,586,598
广东财经大学,广东,广州市,否,否,财经类,公办,573,582,559,567,575,604
嘉应学院,广东,梅州市,否,否,综合类,公办,488,518,480,515,496,546
惠州学院,广东,惠州市,否,否,综合类,公办,499,540,497,533,497,562
岭南师范学院,广东,湛江市,否,否,师范类,公办,497,528,484,525,484,560
韶关学院,广东,韶关市,否,否,综合类,公办,491,523,481,523,494,552
韩山师范学院,广东,潮州市,否,否,师范类,公办,493,515,486,519,491,544
广州医科大学,广东,广州市,否,否,医药类,公办,571,572,557,558,578,590
广东外语外贸大学,广东,广州市,否,否,语言类,公办,568,578,546,568,578,600
广州中医药大学,广东,广州市,否,否,医药类,公办,563,573,538,557,577,568
广东工业大学,广东,广州市,否,否,理工类,公办,575,565,562,561,577,595
深圳大学,广东,深圳市,否,否,综合类,公办,603,598,585,580,603,617
汕头大学,广东,汕头市,否,否,综合类,公办,567,573,544,562,551,600
太原师范学院,山西,晋中市,否,否,师范类,公办,482,525,479,523,497,552
山西大同大学,山西,大同市,否,否,综合类,公办,487,505,479,489,488,544
忻州师范学院,山西,忻州市,否,否,师范类,公办,472,512,469,510,472,539
太原科技大学,山西,太原市,否,否,理工类,公办,512,522,500,515,504,554
中北大学,山西,太原市,否,否,综合类,公办,550,550,533,547,551,582
山西财经大学,山西,太原市,否,否,财经类,公办,540,560,527,551,547,585
四川轻化工大学,四川,自贡市,否,否,理工类,公办,535,533,521,527,533,559
山西师范大学,山西,太原市,否,否,师范类,公办,497,534,498,532,506,562
山西医科大学,山西,太原市,否,否,医药类,公办,565,540,517,529,569,545
成都信息工程大学,四川,成都市,否,否,理工类,公办,578,556,563,548,564,584
山西农业大学,山西,晋中市,否,否,农林类,公办,486,525,480,523,505,552
中国民用航空飞行学院,四川,德阳市,否,否,理工类,公办,505,519,500,522,508,550
西华师范大学,四川,南充市,否,否,师范类,公办,521,551,514,544,536,579
四川师范大学,四川,成都市,否,否,师范类,公办,543,566,532,553,558,590
西南科技大学,四川,绵阳市,否,否,理工类,公办,552,553,537,547,555,580
山西大学,山西,太原市,否,否,综合类,公办,562,567,545,553,554,586
浙江万里学院,浙江,宁波市,否,否,理工类,公办,487,512,478,514,495,547
浙江财经大学,浙江,杭州市,否,否,财经类,公办,567,573,557,562,575,601
浙江工商大学,浙江,杭州市,否,否,财经类,公办,560,576,545,572,556,606
温州大学,浙江,温州市,否,否,综合类,公办,545,560,516,539,522,571
绍兴文理学院,浙江,绍兴市,否,否,综合类,公办,507,531,496,523,510,562
台州学院,浙江,台州市,否,否,综合类,公办,508,527,489,522,505,559
湖州师范学院,浙江,湖州市,否,否,综合类,公办,536,553,528,545,546,581
杭州师范大学,浙江,杭州市,否,否,综合类,公办,560,569,544,557,560,598
浙江农林大学,浙江,杭州市,否,否,农林类,公办,548,567,535,553,550,586
中国计量大学,浙江,杭州市,否,否,理工类,公办,571,567,551,564,565,597
浙江科技大学,浙江,杭州市,否,否,理工类,公办,543,550,529,546,546,582
西华大学,四川,成都市,否,否,综合类,公办,549,562,526,553,554,585
嘉兴大学,浙江,嘉兴市,否,否,综合类,公办,515,542,498,532,509,565
浙江理工大学,浙江,杭州市,否,否,理工类,公办,576,569,559,555,574,597
浙江师范大学,浙江,金华市,否,否,综合类,公办,563,572,547,560,565,599
新疆财经大学,新疆,乌鲁木齐市,否,否,财经类,公办,473,513,465,515,478,546
喀什大学,新疆,喀什地区,否,否,综合类,公办,469,503,463,501,461,527
新疆师范大学,新疆,乌鲁木齐市,否,否,师范类,公办,518,538,509,532,519,563
成都理工大学,四川,成都市,否,否,理工类,公办,571,567,555,554,568,591
西南民族大学,四川,成都市,否,否,民族类,公办,551,564,536,552,557,590
东北财经大学,辽宁,大连市,否,否,财经类,公办,560,576,559,566,579,607
辽宁师范大学,辽宁,大连市,否,否,师范类,公办,484,534,503,531,497,560
沈阳大学,辽宁,沈阳市,否,否,综合类,公办,502,518,491,473,504,558
沈阳师范大学,辽宁,沈阳市,否,否,师范类,公办,504,516,491,515,500,538
大连交通大学,辽宁,大连市,否,否,理工类,公办,538,539,535,530,552,564
大连大学,辽宁,大连市,否,否,综合类,公办,539,537,529,530,548,564
大连外国语大学,辽宁,大连市,否,否,语言类,公办,518,549,527,543,549,590
渤海大学,辽宁,锦州市,否,否,综合类,公办,509,532,499,527,507,560
大连民族大学,辽宁,大连市,否,否,民族类,公办,494,523,503,519,519,555
鞍山师范学院,辽宁,鞍山市,否,否,师范类,公办,470,504,467,501,456,529
中国刑事警察学院,辽宁,沈阳市,否,否,政法类,公办,596,594,575,573,575,593
石河子大学,新疆,自治区直辖县级行政区划,否,是,综合类,公办,541,557,528,546,542,581
重庆三峡学院,重庆,重庆市,否,否,综合类,公办,503,530,498,527,511,561
井冈山大学,江西,吉安市,否,否,综合类,公办,536,547,522,541,531,574
四川美术学院,重庆,重庆市,否,否,艺术类,公办,515,531,508,533,540,563
赣南医科大学,江西,赣州市,否,否,医药类,公办,529,538,521,529,536,534
九江学院,江西,九江市,否,否,综合类,公办,477,509,471,507,481,537
四川外国语大学,重庆,重庆市,否,否,语言类,公办,554,562,547,568,575,605
宜春学院,江西,宜春市,否,否,综合类,公办,483,515,470,508,479,536
长江师范学院,重庆,重庆市,否,否,师范类,公办,490,538,481,531,501,560
江西科技师范大学,江西,南昌市,否,否,师范类,公办,530,550,518,539,528,568
赣南师范大学,江西,赣州市,否,否,师范类,公办,523,549,517,539,543,569
辽东学院,辽宁,丹东市,否,否,综合类,公办,471,505,465,501,468,529
重庆理工大学,重庆,重庆市,否,否,理工类,公办,567,560,548,550,562,588
上饶师范学院,江西,上饶市,否,否,师范类,公办,474,516,471,513,481,543
江西中医药大学,江西,南昌市,否,否,医药类,公办,518,541,509,534,519,564
景德镇陶瓷大学,江西,景德镇市,否,否,艺术类,公办,518,535,509,529,519,563
西南政法大学,重庆,重庆市,否,否,政法类,公办,594,599,581,583,600,619
重庆师范大学,重庆,重庆市,否,否,师范类,公办,549,567,541,554,558,588
南昌航空大学,江西,南昌市,否,否,理工类,公办,542,553,533,545,545,581
东华理工大学,江西,南昌市,否,否,理工类,公办,519,539,515,538,527,569
江西财经大学,江西,南昌市,否,否,财经类,公办,562,570,553,563,571,594
江西师范大学,江西,南昌市,否,否,师范类,公办,562,572,549,562,562,589
扬州大学,江苏,扬州市,否,否,综合类,公办,566,573,547,563,566,599
江西农业大学,江西,南昌市,否,否,农林类,公办,521,543,516,550,527,577
南京工业大学,江苏,南京市,否,否,理工类,公办,573,572,551,560,571,594
江苏大学,江苏,镇江市,否,否,综合类,公办,575,570,557,552,572,598
南京林业大学,江苏,南京市,否,否,农林类,公办,569,574,548,563,565,596
南京医科大学,江苏,南京市,否,否,医药类,公办,567,567,561,556,564,586
江苏师范大学,江苏,徐州市,否,否,师范类,公办,517,545,508,536,520,568
南京信息工程大学,江苏,南京市,否,否,综合类,公办,598,570,570,558,579,590
江西理工大学,江西,赣州市,否,否,理工类,公办,531,542,519,533,530,566
南京财经大学,江苏,南京市,否,否,财经类,公办,561,576,544,566,534,605
苏州科技大学,江苏,苏州市,否,否,综合类,公办,561,564,544,552,556,586
江苏科技大学,江苏,镇江市,否,否,理工类,公办,564,563,546,553,565,588
华东交通大学,江西,南昌市,否,否,理工类,公办,540,558,541,552,551,583
常州大学,江苏,常州市,否,否,理工类,公办,541,562,528,550,519,585
南京审计大学,江苏,南京市,否,否,财经类,公办,585,588,573,572,591,613
江苏理工学院,江苏,常州市,否,否,理工类,公办,515,527,505,518,509,561
南京晓庄学院,江苏,南京市,否,否,师范类,公办,519,539,508,536,517,565
南京工程学院,江苏,南京市,否,否,理工类,公办,521,536,510,530,521,565
北京科技大学,北京,北京市,否,是,理工类,公办,611,598,591,581,610,616
北京理工大学,北京,北京市,是,是,理工类,公办,648,616,624,597,639,629
东北师范大学,吉林,长春市,否,是,师范类,公办,592,594,579,580,590,613
清华大学,北京,北京市,是,是,综合类,公办,689,659,670,644,685,664
东北农业大学,黑龙江,哈尔滨市,否,是,农林类,公办,567,570,546,560,564,593
上海外国语大学,上海,上海市,否,是,语言类,公办,597,607,588,595,614,627
东北大学,辽宁,沈阳市,是,是,理工类,公办,614,599,591,584,610,617
华东理工大学,上海,上海市,否,是,理工类,公办,606,596,586,581,605,615
复旦大学,上海,上海市,是,是,综合类,公办,679,647,662,628,677,653
华东师范大学,上海,上海市,是,是,师范类,公办,624,618,613,602,633,634
上海财经大学,上海,上海市,否,是,财经类,公办,623,611,607,599,634,637
延边大学,吉林,延边朝鲜族自治州,否,是,综合类,公办,568,563,548,545,563,592
武汉理工大学,湖北,武汉市,否,是,理工类,公办,603,593,585,578,601,613
华中科技大学,湖北,武汉市,是,是,综合类,公办,633,617,621,599,640,631
山东大学,山东,济南市,是,是,综合类,公办,616,613,603,595,623,626
上海交通大学,上海,上海市,是,是,综合类,公办,685,649,666,626,665,655
哈尔滨工程大学,黑龙江,哈尔滨市,否,是,理工类,公办,603,577,580,565,595,593
中南大学,湖南,长沙市,是,是,综合类,公办,616,613,600,595,617,626
吉林大学,吉林,长春市,是,是,综合类,公办,612,608,597,593,611,626
中国地质大学（武汉）,湖北,武汉市,否,是,理工类,公办,595,591,577,576,590,612
重庆大学,重庆,重庆市,是,是,综合类,公办,618,611,600,594,617,625
苏州大学,江苏,苏州市,否,是,综合类,公办,608,606,593,589,608,622
中国药科大学,江苏,南京市,否,是,医药类,公办,594,584,574,576,588,610
河海大学,江苏,南京市,否,是,综合类,公办,600,594,579,581,596,615
南京师范大学,江苏,南京市,否,是,师范类,公办,593,596,579,586,598,617
浙江大学,浙江,杭州市,是,是,综合类,公办,668,638,652,622,665,647
南京大学,江苏,南京市,是,是,综合类,公办,664,639,643,621,660,647
中国矿业大学,江苏,徐州市,否,是,综合类,公办,593,589,574,574,586,609
东南大学,江苏,南京市,是,是,综合类,公办,642,621,618,600,633,629
南昌大学,江西,南昌市,否,是,综合类,公办,576,579,568,567,580,601
西北工业大学,陕西,西安市,是,是,理工类,公办,634,602,607,584,624,618
暨南大学,广东,广州市,否,是,综合类,公办,602,602,584,588,603,622
华南理工大学,广东,广州市,是,是,综合类,公办,626,608,610,591,627,625
中山大学,广东,广州市,是,是,综合类,公办,638,624,610,603,618,635
福州大学,福建,福州市,否,是,理工类,公办,600,597,582,580,596,613
厦门大学,福建,厦门市,是,是,综合类,公办,629,621,612,609,630,640
西南财经大学,四川,成都市,否,是,财经类,公办,598,602,587,586,605,620
四川大学,四川,成都市,是,是,综合类,公办,622,616,605,599,622,631
华南师范大学,广东,广州市,否,是,师范类,公办,593,593,578,582,597,615
兰州大学,甘肃,兰州市,是,是,综合类,公办,602,599,584,584,602,618
广西大学,广西,南宁市,否,是,综合类,公办,574,575,558,561,572,597
天津体育学院,天津,天津市,否,否,体育类,公办,491,516,485,522,485,551
天津职业技术师范大学,天津,天津市,否,否,师范类,公办,491,525,482,519,471,559
天津中医药大学,天津,天津市,否,否,医药类,公办,552,560,531,550,555,585
中国民航大学,天津,天津市,否,否,理工类,公办,557,562,544,552,557,587
天津外国语大学,天津,天津市,否,否,语言类,公办,536,562,543,555,561,588
江南大学,江苏,无锡市,否,是,综合类,公办,599,595,581,579,596,613
天津商业大学,天津,天津市,否,否,财经类,公办,543,563,531,554,552,586
天津财经大学,天津,天津市,否,否,财经类,公办,555,565,550,559,571,592
天津科技大学,天津,天津市,否,否,理工类,公办,560,561,540,552,559,586
天津工业大学,天津,天津市,否,否,综合类,公办,574,569,556,557,569,589
天津师范大学,天津,天津市,否,否,师范类,公办,545,567,543,561,560,595
南京航空航天大学,江苏,南京市,否,是,理工类,公办,616,597,595,580,609,617
上海大学,上海,上海市,否,是,综合类,公办,606,597,591,584,607,620
新疆大学,新疆,乌鲁木齐市,否,是,综合类,公办,557,563,517,553,556,583
同济大学,上海,上海市,是,是,综合类,公办,647,624,626,603,649,635
济南大学,山东,济南市,否,否,综合类,公办,551,560,546,556,561,590
安徽农业大学,安徽,合肥市,否,否,农林类,公办,537,537,525,531,533,564
安徽工业大学,安徽,马鞍山市,否,否,理工类,公办,547,551,534,545,549,581
安徽大学,安徽,合肥市,否,是,综合类,公办,592,586,572,573,590,610
滨州医学院,山东,烟台市,否,否,医药类,公办,509,520,493,513,463,548
合肥工业大学,安徽,合肥市,否,是,理工类,公办,598,582,578,566,594,600
郑州大学,河南,郑州市,否,是,综合类,公办,588,591,571,577,589,612
中国海洋大学,山东,青岛市,是,是,综合类,公办,609,601,589,586,606,620
天津大学,天津,天津市,是,是,综合类,公办,626,612,606,596,623,625
南开大学,天津,天津市,是,是,综合类,公办,634,625,620,605,641,636
湖南师范大学,湖南,长沙市,否,是,师范类,公办,581,591,572,578,593,614
河北大学,河北,保定市,否,否,综合类,公办,561,562,543,534,561,590
对外经济贸易大学,北京,北京市,否,是,财经类,公办,615,615,602,593,618,625
北京师范大学,北京,北京市,是,是,师范类,公办,628,628,611,610,635,641
西南交通大学,四川,成都市,否,是,理工类,公办,607,594,585,581,601,614
辽宁大学,辽宁,沈阳市,否,是,综合类,公办,573,579,562,569,582,609
北京中医药大学,北京,北京市,否,是,医药类,公办,589,590,571,579,590,604
北京邮电大学,北京,北京市,否,是,理工类,公办,627,600,609,585,626,618
北京航空航天大学,北京,北京市,是,是,理工类,公办,661,620,637,600,651,631
中国人民大学,北京,北京市,是,是,综合类,公办,663,643,640,626,661,650
中央民族大学,北京,北京市,是,是,民族类,公办,600,603,587,586,605,624
湖南大学,湖南,长沙市,是,是,综合类,公办,617,610,599,593,616,626
北京林业大学,北京,北京市,否,是,农林类,公办,574,590,575,573,591,612
武汉大学,湖北,武汉市,是,是,综合类,公办,641,628,619,611,639,641
北京外国语大学,北京,北京市,否,是,语言类,公办,598,606,598,589,614,628
北京交通大学,北京,北京市,否,是,理工类,公办,614,600,591,586,611,622
西北大学,陕西,西安市,否,是,综合类,公办,588,592,569,578,591,612
长安大学,陕西,西安市,否,是,理工类,公办,588,586,566,573,585,609
云南大学,云南,昆明市,否,是,综合类,公办,584,588,569,575,587,611
大连海事大学,辽宁,大连市,否,是,理工类,公办,584,590,563,573,583,610
北京大学,北京,北京市,是,是,综合类,公办,688,658,670,638,684,661
