﻿名称,省,市,985,211,学校类型,学校属性,2023年理科录取分数,2023年文科录取分数,2022年理科录取分数,2022年文科录取分数,2021年理科录取分数,2021年文科录取分数
烟台科技学院,山东,烟台市,否,否,综合类,民办,386,409,389,422,383,455
江苏海洋大学,江苏,连云港市,否,否,理工类,公办,433,464,440,480,430,492
西藏农牧学院,西藏,林芝市,否,否,农林类,公办,404,460,409,456,395,461
南京审计大学金审学院,江苏,南京市,否,否,财经类,民办,420,471,426,469,417,479
中国石油大学（北京）克拉玛依校区,新疆,克拉玛依市,否,是,理工类,公办,489,522,486,513,472,522
深圳技术大学,广东,深圳市,否,否,理工类,公办,501,523,518,519,516,533
鄂尔多斯应用技术学院,内蒙古,鄂尔多斯市,否,否,理工类,公办,410,461,415,458,404,464
中国社会科学院大学,北京,北京市,否,否,综合类,公办,597,595,598,592,615,620
温州肯恩大学,浙江,温州市,否,否,综合类,中外合作办学,447,489,458,485,449,499
合肥工业大学宣城校区,安徽,宣城市,否,是,综合类,公办,523,543,550,540,548,557
中国人民大学（苏州校区）,江苏,苏州市,是,是,综合类,公办,653,625,650,616,652,629
河北中医药大学,河北,石家庄市,否,否,医药类,公办,429,490,440,478,432,491
山东管理学院,山东,济南市,否,否,综合类,公办,420,464,424,463,412,451
张家口学院,河北,张家口市,否,否,综合类,公办,409,471,422,464,419,469
南昌师范学院,江西,南昌市,否,否,师范类,公办,412,455,428,473,422,483
成都师范学院,四川,成都市,否,否,师范类,公办,432,483,445,481,438,495
山西传媒学院,山西,晋中市,否,否,艺术类,公办,409,456,417,468,412,475
河北环境工程学院,河北,秦皇岛市,否,否,理工类,公办,411,462,419,459,391,452
华北理工大学冀唐学院,河北,唐山市,否,否,医药类,民办,422,459,424,458,404,461
陕西服装工程学院,陕西,咸阳市,否,否,综合类,民办,355,415,358,410,346,406
南昌工学院,江西,南昌市,否,否,理工类,民办,372,447,373,434,362,428
河北科技学院,河北,唐山市,否,否,理工类,民办,364,424,365,424,385,421
山西工商学院,山西,太原市,否,否,财经类,民办,394,452,396,448,390,453
福州外语外贸学院,福建,福州市,否,否,财经类,民办,349,412,344,421,362,436
山东协和学院,山东,济南市,否,否,医药类,民办,395,449,392,444,389,443
广西外国语学院,广西,南宁市,否,否,语言类,民办,344,424,353,425,371,429
华北理工大学轻工学院,河北,唐山市,否,否,理工类,民办,359,417,362,415,343,406
陕西学前师范学院,陕西,西安市,否,否,师范类,公办,410,470,424,466,416,476
天津外国语大学滨海外事学院,天津,天津市,否,否,语言类,民办,356,437,399,402,382,456
新疆政法学院,新疆,自治区直辖县级行政区划,否,否,政法类,公办,404,463,413,459,400,462
南宁理工学院,广西,南宁市,否,否,理工类,民办,353,418,359,412,341,414
银川科技学院,宁夏,银川市,否,否,综合类,民办,360,418,360,413,349,409
北京第二外国语学院,北京,北京市,否,否,语言类,公办,455,526,539,545,541,532
福建江夏学院,福建,福州市,否,否,财经类,公办,426,479,441,474,432,484
宁夏大学新华学院,宁夏,银川市,否,否,综合类,民办,393,456,389,446,386,456
兴义民族师范学院,贵州,黔西南布依族苗族自治州,否,否,师范类,公办,405,463,415,459,406,465
西安理工大学高科学院,陕西,西安市,否,否,理工类,民办,384,416,393,427,374,426
西安科技大学高新学院,陕西,西安市,否,否,理工类,民办,386,442,387,443,369,445
西安明德理工学院,陕西,西安市,否,否,综合类,民办,370,418,373,411,371,406
西安工商学院,陕西,西安市,否,否,综合类,民办,353,418,357,412,345,406
西安交通大学城市学院,陕西,西安市,否,否,理工类,民办,396,441,405,452,393,458
扬州大学广陵学院,江苏,扬州市,否,否,综合类,民办,404,460,400,454,386,452
南京航空航天大学金城学院,江苏,南京市,否,否,理工类,民办,404,462,408,458,398,462
南京理工大学紫金学院,江苏,南京市,否,否,理工类,民办,412,462,414,459,405,467
黑龙江财经学院,黑龙江,哈尔滨市,否,否,财经类,民办,350,414,353,404,355,430
哈尔滨石油学院,黑龙江,哈尔滨市,否,否,理工类,民办,379,414,389,407,375,410
哈尔滨广厦学院,黑龙江,哈尔滨市,否,否,综合类,民办,367,417,365,410,350,409
昆明理工大学津桥学院,云南,昆明市,否,否,理工类,民办,356,414,352,403,375,444
丽江文化旅游学院,云南,丽江市,否,否,综合类,民办,354,416,351,409,349,415
滇池学院,云南,昆明市,否,否,综合类,民办,369,440,371,430,356,414
聊城大学东昌学院,山东,聊城市,否,否,综合类,民办,399,456,398,450,387,458
齐鲁理工学院,山东,济南市,否,否,综合类,民办,380,441,375,433,362,433
青岛农业大学海都学院,山东,烟台市,否,否,综合类,民办,399,441,394,407,391,449
青岛工学院,山东,青岛市,否,否,综合类,民办,375,440,380,429,364,422
泰山科技学院,山东,泰安市,否,否,理工类,民办,350,409,345,423,359,425
西南交通大学希望学院,四川,成都市,否,否,综合类,民办,400,452,402,439,388,417
西南财经大学天府学院,四川,绵阳市,否,否,财经类,民办,398,453,405,447,391,440
四川大学锦江学院,四川,眉山市,否,否,综合类,民办,400,454,403,450,395,451
绵阳城市学院,四川,绵阳市,否,否,理工类,民办,395,445,396,443,362,440
成都锦城学院,四川,成都市,否,否,综合类,民办,402,452,407,458,393,464
成都外国语学院,四川,成都市,否,否,语言类,民办,395,447,399,451,394,454
成都银杏酒店管理学院,四川,成都市,否,否,财经类,民办,377,432,388,407,372,443
成都理工大学工程技术学院,四川,乐山市,否,否,理工类,民办,403,450,399,444,344,441
成都大学,四川,成都市,否,否,综合类,公办,452,491,451,487,447,499
新疆科技学院,新疆,巴音郭楞蒙古自治州,否,否,财经类,公办,406,461,412,458,401,463
新疆理工学院,新疆,阿克苏地区,否,否,理工类,公办,406,461,412,458,401,462
东莞城市学院,广东,东莞市,否,否,理工类,民办,338,407,372,409,359,415
电子科技大学中山学院,广东,中山市,否,否,理工类,民办,374,415,382,410,375,428
湖南理工学院南湖学院,湖南,岳阳市,否,否,理工类,民办,395,462,405,457,394,463
湖南文理学院芙蓉学院,湖南,常德市,否,否,综合类,民办,403,459,403,439,397,449
南华大学船山学院,湖南,衡阳市,否,否,综合类,民办,406,459,411,452,399,459
湘潭大学兴湘学院,湖南,湘潭市,否,否,综合类,民办,402,457,402,452,349,446
湖南科技大学潇湘学院,湖南,湘潭市,否,否,综合类,民办,409,458,410,455,402,461
长沙理工大学城南学院,湖南,长沙市,否,否,理工类,民办,403,459,406,455,394,455
湖南农业大学东方科技学院,湖南,长沙市,否,否,综合类,民办,394,453,401,451,393,457
湖南第一师范学院,湖南,长沙市,否,否,师范类,公办,415,488,419,481,438,494
武汉文理学院,湖北,武汉市,否,否,综合类,民办,402,459,411,453,400,458
南昌大学共青学院,江西,九江市,否,否,综合类,民办,391,455,399,450,387,451
江西财经大学现代经济管理学院,江西,九江市,否,否,财经类,民办,399,457,405,451,385,444
南昌医学院,江西,南昌市,否,否,医药类,公办,434,482,441,476,432,490
南昌航空大学科技学院,江西,九江市,否,否,理工类,民办,402,453,404,448,396,449
赣东学院,江西,抚州市,否,否,综合类,公办,412,464,419,460,407,466
赣南科技学院,江西,赣州市,否,否,理工类,公办,415,464,421,459,409,467
南昌交通学院,江西,南昌市,否,否,理工类,民办,379,439,373,431,341,426
江西师范大学科学技术学院,江西,九江市,否,否,综合类,民办,400,460,400,456,394,451
江西农业大学南昌商学院,江西,九江市,否,否,综合类,民办,395,450,387,444,391,444
南昌大学科学技术学院,江西,九江市,否,否,综合类,民办,396,458,401,453,380,455
厦门工学院,福建,厦门市,否,否,理工类,民办,364,423,363,414,360,414
合肥城市学院,安徽,合肥市,否,否,理工类,民办,383,445,384,435,354,423
蚌埠工商学院,安徽,蚌埠市,否,否,财经类,民办,392,452,405,448,385,456
马鞍山学院,安徽,马鞍山市,否,否,理工类,民办,397,443,399,435,382,438
宁波财经学院,浙江,宁波市,否,否,财经类,民办,371,432,376,428,375,438
上海财经大学浙江学院,浙江,金华市,否,否,财经类,民办,396,461,401,454,396,477
浙江工商大学杭州商学院,浙江,杭州市,否,否,财经类,民办,391,448,397,453,395,458
浙江工业大学之江学院,浙江,绍兴市,否,否,理工类,民办,391,451,389,439,394,428
广西中医药大学赛恩斯新医药学院,广西,南宁市,否,否,医药类,民办,397,456,402,448,389,450
柳州工学院,广西,柳州市,否,否,理工类,民办,344,412,355,431,354,432
桂林信息科技学院,广西,桂林市,否,否,理工类,民办,351,410,353,406,341,427
桂林学院,广西,桂林市,否,否,综合类,民办,376,442,347,407,387,452
兰州工商学院,甘肃,兰州市,否,否,财经类,民办,358,430,392,444,357,435
甘肃民族师范学院,甘肃,甘南藏族自治州,否,否,师范类,公办,408,468,422,467,410,473
辽宁财贸学院,辽宁,葫芦岛市,否,否,财经类,民办,346,414,347,408,343,406
大连东软信息学院,辽宁,大连市,否,否,理工类,民办,380,411,383,407,373,406
沈阳科技学院,辽宁,沈阳市,否,否,理工类,民办,351,414,352,412,345,411
辽宁何氏医学院,辽宁,沈阳市,否,否,医药类,民办,399,428,402,425,391,429
辽宁中医药大学杏林学院,辽宁,沈阳市,否,否,医药类,民办,399,452,401,445,390,447
沈阳城市建设学院,辽宁,沈阳市,否,否,理工类,民办,349,413,350,409,345,407
辽宁师范大学海华学院,辽宁,大连市,否,否,综合类,民办,361,428,364,424,359,433
沈阳城市学院,辽宁,沈阳市,否,否,综合类,民办,347,422,347,417,350,417
山西晋中理工学院,山西,晋中市,否,否,理工类,民办,397,446,397,442,392,440
晋中信息学院,山西,晋中市,否,否,理工类,民办,395,447,400,443,383,445
山西工学院,山西,朔州市,否,否,理工类,公办,413,464,420,460,408,465
内蒙古大学创业学院,内蒙古,呼和浩特市,否,否,综合类,民办,405,461,403,459,386,464
呼和浩特民族学院,内蒙古,呼和浩特市,否,否,民族类,公办,411,468,416,456,406,473
长春大学旅游学院,吉林,长春市,否,否,综合类,民办,344,412,346,403,343,411
长春财经学院,吉林,长春市,否,否,财经类,民办,346,417,352,415,345,407
天津天狮学院,天津,天津市,否,否,综合类,民办,351,412,356,408,353,431
天津财经大学珠江学院,天津,天津市,否,否,综合类,民办,390,449,392,440,361,410
天津理工大学中环信息学院,天津,天津市,否,否,综合类,民办,390,446,392,445,377,449
北京科技大学天津学院,天津,天津市,否,否,综合类,民办,392,456,395,450,386,452
天津商业大学宝德学院,天津,天津市,否,否,财经类,民办,387,446,385,441,367,438
民政职业大学,北京,北京市,否,否,政法类,公办,334,429,328,347,274,380
宁夏理工学院,宁夏,石嘴山市,否,否,理工类,民办,380,438,376,427,352,434
西安交通工程学院,陕西,西安市,否,否,理工类,民办,359,415,364,415,354,406
西安信息职业大学,陕西,西安市,否,否,理工类,民办,346,412,350,405,341,406
西安汽车职业大学,陕西,西安市,否,否,理工类,民办,344,411,344,403,341,406
西安欧亚学院,陕西,西安市,否,否,财经类,民办,368,424,368,418,353,413
陕西国际商贸学院,陕西,咸阳市,否,否,财经类,民办,362,423,364,417,351,411
陕西科技大学镐京学院,陕西,咸阳市,否,否,理工类,民办,359,416,360,410,347,406
西安建筑科技大学华清学院,陕西,西安市,否,否,理工类,民办,391,453,399,451,388,457
西北大学现代学院,陕西,西安市,否,否,综合类,民办,358,433,362,429,353,435
无锡太湖学院,江苏,无锡市,否,否,综合类,民办,382,442,391,441,382,447
云南经济管理学院,云南,昆明市,否,否,财经类,民办,362,425,376,425,367,418
昆明文理学院,云南,昆明市,否,否,师范类,民办,374,451,387,445,367,448
昭通学院,云南,昭通市,否,否,综合类,公办,414,464,420,460,410,466
青岛黄海学院,山东,青岛市,否,否,综合类,民办,364,415,345,414,373,432
山东外国语职业技术大学,山东,日照市,否,否,语言类,民办,349,412,350,408,345,409
青岛恒星科技学院,山东,青岛市,否,否,综合类,民办,341,415,376,408,363,413
烟台南山学院,山东,烟台市,否,否,综合类,民办,390,436,357,400,387,450
齐鲁医药学院,山东,淄博市,否,否,医药类,民办,407,452,407,447,386,468
山东英才学院,山东,济南市,否,否,综合类,民办,345,413,350,406,345,409
山东石油化工学院,山东,东营市,否,否,理工类,公办,421,476,423,466,410,467
济宁学院,山东,济宁市,否,否,综合类,公办,345,410,377,409,327,387
新疆天山职业技术大学,新疆,乌鲁木齐市,否,否,综合类,民办,389,442,387,447,392,452
广东外语外贸大学南国商学院,广东,广州市,否,否,综合类,民办,375,403,380,419,369,432
广州商学院,广东,广州市,否,否,财经类,民办,346,411,348,405,353,421
湖南汽车工程职业大学,湖南,株洲市,否,否,理工类,公办,271,321,278,276,222,318
湖南女子学院,湖南,长沙市,否,否,综合类,公办,429,463,429,442,421,477
长沙师范学院,湖南,长沙市,否,否,师范类,公办,402,476,426,472,420,481
湖南医药学院,湖南,怀化市,否,否,医药类,公办,437,484,436,475,438,475
湖南财政经济学院,湖南,长沙市,否,否,财经类,公办,419,481,433,477,433,489
武汉生物工程学院,湖北,武汉市,否,否,理工类,民办,402,456,412,450,403,456
武汉晴川学院,湖北,武汉市,否,否,综合类,民办,390,439,396,436,381,438
荆州学院,湖北,荆州市,否,否,理工类,民办,378,434,386,436,371,422
长江大学文理学院,湖北,荆州市,否,否,综合类,民办,430,457,432,452,416,453
湖北文理学院理工学院,湖北,襄阳市,否,否,理工类,民办,379,448,399,444,389,449
湖北师范大学文理学院,湖北,黄石市,否,否,师范类,民办,397,460,399,454,381,457
武昌工学院,湖北,武汉市,否,否,综合类,民办,383,435,387,413,373,441
湖北商贸学院,湖北,武汉市,否,否,财经类,民办,396,453,400,444,355,427
湖北大学知行学院,湖北,武汉市,否,否,理工类,民办,394,459,401,451,394,450
郑州工程技术学院,河南,郑州市,否,否,理工类,公办,406,461,416,458,407,433
河南财政金融学院,河南,郑州市,否,否,财经类,公办,425,440,433,467,426,479
新乡学院,河南,新乡市,否,否,综合类,公办,408,462,418,460,404,460
泉州信息工程学院,福建,泉州市,否,否,理工类,民办,351,412,356,419,360,420
厦门华厦学院,福建,厦门市,否,否,综合类,民办,336,416,386,421,374,439
福州大学至诚学院,福建,福州市,否,否,综合类,民办,387,453,386,439,381,433
闽南科技学院,福建,泉州市,否,否,理工类,民办,366,415,351,401,378,446
阳光学院,福建,福州市,否,否,综合类,民办,341,418,354,407,357,415
厦门大学嘉庚学院,福建,漳州市,否,否,综合类,民办,397,459,408,458,406,458
福建警察学院,福建,福州市,否,否,政法类,公办,430,486,435,471,430,489
武夷学院,福建,南平市,否,否,综合类,公办,407,461,419,460,418,467
安徽文达信息工程学院,安徽,合肥市,否,否,理工类,民办,373,438,385,423,371,439
合肥师范学院,安徽,合肥市,否,否,师范类,公办,410,468,427,464,409,472
桂林旅游学院,广西,桂林市,否,否,财经类,公办,408,461,415,459,351,464
桂林航天工业学院,广西,桂林市,否,否,理工类,公办,422,461,430,459,420,465
广西科技师范学院,广西,来宾市,否,否,师范类,公办,413,466,421,461,411,467
兰州资源环境职业技术大学,甘肃,兰州市,否,否,理工类,公办,408,368,413,329,162,259
兰州文理学院,甘肃,兰州市,否,否,综合类,公办,417,472,429,471,421,479
山西应用科技学院,山西,太原市,否,否,综合类,民办,396,445,389,442,388,441
山西工程科技职业大学,山西,晋中市,否,否,理工类,公办,310,361,252,342,216,279
太原学院,山西,太原市,否,否,综合类,公办,406,464,422,460,416,471
吕梁学院,山西,吕梁市,否,否,综合类,公办,409,465,416,460,404,467
吉林建筑科技学院,吉林,长春市,否,否,理工类,民办,350,412,346,402,347,441
吉林工商学院,吉林,长春市,否,否,财经类,公办,410,461,418,460,407,473
天津仁爱学院,天津,天津市,否,否,综合类,民办,353,428,352,414,351,431
六盘水师范学院,贵州,六盘水市,否,否,师范类,公办,407,457,415,459,380,466
河北工程大学科信学院,河北,邯郸市,否,否,理工类,民办,403,458,408,456,396,453
石家庄铁道大学四方学院,河北,石家庄市,否,否,理工类,民办,406,458,412,454,401,461
河北经贸大学经济管理学院,河北,石家庄市,否,否,财经类,民办,406,460,409,454,391,448
河北医科大学临床学院,河北,石家庄市,否,否,医药类,民办,410,461,434,458,423,463
兰州博文科技学院,甘肃,兰州市,否,否,理工类,民办,373,435,374,432,341,415
延安大学西安创新学院,陕西,西安市,否,否,综合类,民办,367,437,369,432,359,436
青海大学昆仑学院,青海,西宁市,否,否,理工类,公办,395,450,399,445,388,448
常州大学怀德学院,江苏,泰州市,否,否,理工类,民办,398,448,400,443,391,443
大连财经学院,辽宁,大连市,否,否,财经类,民办,384,434,389,425,382,450
山东财经大学东方学院,山东,泰安市,否,否,综合类,民办,385,447,388,439,374,433
河北东方学院,河北,廊坊市,否,否,综合类,民办,379,435,387,451,343,423
中原科技学院,河南,郑州市,否,否,师范类,民办,398,459,394,455,374,457
琼台师范学院,海南,海口市,否,否,师范类,公办,403,469,421,467,420,473
河南城建学院,河南,平顶山市,否,否,理工类,公办,404,476,417,468,407,452
郑州工业应用技术学院,河南,郑州市,否,否,理工类,民办,390,447,386,440,393,448
重庆第二师范学院,重庆,重庆市,否,否,师范类,公办,429,468,438,476,431,488
重庆电子科技职业大学,重庆,重庆市,否,否,理工类,公办,364,404,361,405,335,400
重庆工商大学派斯学院,重庆,重庆市,否,否,财经类,民办,397,453,403,450,397,457
重庆移通学院,重庆,重庆市,否,否,理工类,民办,402,452,404,446,389,443
重庆财经学院,重庆,重庆市,否,否,财经类,民办,403,460,413,456,400,459
重庆外语外事学院,重庆,重庆市,否,否,语言类,民办,400,456,402,452,392,457
重庆对外经贸学院,重庆,重庆市,否,否,财经类,民办,401,458,407,453,386,452
沧州交通学院,河北,沧州市,否,否,理工类,民办,394,437,391,442,343,445
珠海科技学院,广东,珠海市,否,否,综合类,民办,385,446,383,438,398,455
烟台理工学院,山东,烟台市,否,否,综合类,民办,398,444,396,421,391,408
长春工业大学人文信息学院,吉林,长春市,否,否,综合类,民办,346,414,350,404,342,413
西安财经大学行知学院,陕西,西安市,否,否,财经类,民办,354,422,364,419,361,420
无锡学院,江苏,无锡市,否,否,理工类,公办,448,489,446,479,433,489
河北地质大学华信学院,河北,石家庄市,否,否,综合类,民办,358,434,348,414,379,444
北京中医药大学东方学院,河北,廊坊市,否,否,医药类,民办,402,456,404,450,386,434
青岛城市学院,山东,青岛市,否,否,理工类,民办,372,411,369,433,350,438
燕京理工学院,河北,廊坊市,否,否,理工类,民办,380,449,386,444,372,450
四川工商学院,四川,成都市,否,否,综合类,民办,403,460,408,458,402,464
海口经济学院,海南,海口市,否,否,综合类,民办,343,409,345,403,341,406
浙江水利水电学院,浙江,杭州市,否,否,理工类,公办,428,470,439,476,430,488
西交利物浦大学,江苏,苏州市,否,否,综合类,中外合作办学,466,504,449,488,444,501
新疆农业职业技术大学,新疆,昌吉回族自治州,否,否,农林类,公办,237,327,232,326,261,415
三亚学院,海南,三亚市,否,否,综合类,民办,340,409,350,402,351,406
河南工程学院,河南,郑州市,否,否,理工类,公办,411,467,424,464,411,476
武汉纺织大学外经贸学院,湖北,武汉市,否,否,综合类,民办,388,448,378,442,356,409
长春电子科技学院,吉林,长春市,否,否,理工类,民办,351,414,350,409,343,407
广州软件学院,广东,广州市,否,否,理工类,民办,381,406,390,412,381,411
大连理工大学城市学院,辽宁,大连市,否,否,理工类,民办,364,417,365,411,359,434
上海外国语大学贤达经济人文学院,上海,上海市,否,否,财经类,民办,338,414,354,400,386,426
北京理工大学珠海学院,广东,珠海市,否,否,理工类,民办,401,449,402,442,391,436
广州新华学院,广东,广州市,否,否,综合类,民办,348,433,379,411,362,436
昆明城市学院,云南,昆明市,否,否,综合类,民办,372,442,382,435,357,425
山东政法学院,山东,济南市,否,否,政法类,公办,429,483,441,480,436,495
昆明医科大学海源学院,云南,昆明市,否,否,医药类,民办,401,444,411,439,393,444
吉林师范大学博达学院,吉林,四平市,否,否,师范类,民办,353,407,350,419,358,423
北京师范大学-香港浸会大学联合国际学院,广东,珠海市,否,否,综合类,内地与港澳台地区合作办学,446,492,455,511,452,528
长春科技学院,吉林,长春市,否,否,综合类,民办,383,425,364,412,347,430
兰州城市学院,甘肃,兰州市,否,否,综合类,公办,410,464,415,460,411,471
西安医学院,陕西,西安市,否,否,医药类,公办,447,489,452,485,501,502
菏泽学院,山东,菏泽市,否,否,综合类,公办,408,472,416,463,405,471
安康学院,陕西,安康市,否,否,综合类,公办,409,466,416,461,409,468
商洛学院,陕西,商洛市,否,否,综合类,公办,410,465,416,460,406,467
三明学院,福建,三明市,否,否,综合类,公办,411,460,415,460,411,469
贺州学院,广西,贺州市,否,否,综合类,公办,407,464,415,460,406,466
长治学院,山西,长治市,否,否,综合类,公办,408,466,422,460,414,472
百色学院,广西,百色市,否,否,综合类,公办,409,464,415,459,405,466
梧州学院,广西,梧州市,否,否,综合类,公办,408,463,414,459,408,466
海南热带海洋学院,海南,三亚市,否,否,综合类,公办,413,464,420,463,413,475
青岛滨海学院,山东,青岛市,否,否,综合类,民办,392,422,392,419,377,419
辽宁对外经贸学院,辽宁,大连市,否,否,财经类,民办,343,410,346,405,341,406
长沙医学院,湖南,长沙市,否,否,医药类,民办,412,455,418,457,411,461
宁夏师范大学,宁夏,固原市,否,否,师范类,公办,408,457,421,466,411,474
重庆人文科技学院,重庆,重庆市,否,否,综合类,民办,401,458,394,457,396,460
山东大学（威海）,山东,威海市,是,是,综合类,公办,557,592,569,585,584,606
宁波诺丁汉大学,浙江,宁波市,否,否,综合类,中外合作办学,489,495,494,512,466,526
集美大学诚毅学院,福建,厦门市,否,否,综合类,民办,398,458,400,455,392,457
山东航空学院,山东,滨州市,否,否,综合类,公办,426,478,423,463,412,476
安徽中医药大学,安徽,合肥市,否,否,医药类,公办,433,489,447,491,410,492
湖南涉外经济学院,湖南,长沙市,否,否,财经类,民办,350,416,344,400,354,437
西京学院,陕西,西安市,否,否,理工类,民办,378,429,381,422,364,414
西安翻译学院,陕西,西安市,否,否,语言类,民办,366,425,373,427,361,420
常熟理工学院,江苏,苏州市,否,否,理工类,公办,434,473,431,476,427,430
三江学院,江苏,南京市,否,否,综合类,民办,386,449,395,447,379,448
洛阳理工学院,河南,洛阳市,否,否,理工类,公办,431,469,432,469,421,478
保定理工学院,河北,保定市,否,否,理工类,民办,373,427,374,417,369,432
郑州工商学院,河南,郑州市,否,否,财经类,民办,403,460,406,454,397,457
郑州师范学院,河南,郑州市,否,否,师范类,公办,418,479,434,468,425,475
东南大学成贤学院,江苏,南京市,否,否,综合类,民办,405,457,407,444,399,460
武汉工程科技学院,湖北,武汉市,否,否,理工类,民办,387,443,386,431,373,428
南京特殊教育师范学院,江苏,南京市,否,否,师范类,公办,421,484,430,474,421,486
太原工业学院,山西,太原市,否,否,理工类,公办,393,463,427,461,416,469
电子科技大学成都学院,四川,成都市,否,否,理工类,民办,408,450,412,442,406,427
陕西警察学院,陕西,西安市,否,否,政法类,公办,293,364,261,323,150,220
中国矿业大学徐海学院,江苏,徐州市,否,否,综合类,民办,401,459,402,455,399,458
郑州财经学院,河南,郑州市,否,否,财经类,民办,403,458,409,452,397,461
三峡大学科技学院,湖北,宜昌市,否,否,综合类,民办,399,456,402,450,377,451
武昌首义学院,湖北,武汉市,否,否,理工类,民办,399,454,406,448,398,440
西安航空学院,陕西,西安市,否,否,理工类,公办,422,464,424,462,414,470
武汉华夏理工学院,湖北,武汉市,否,否,理工类,民办,391,442,397,440,385,432
广州南方学院,广东,广州市,否,否,综合类,民办,368,410,373,403,372,423
天水师范学院,甘肃,天水市,否,否,师范类,公办,397,474,437,468,420,479
陇东学院,甘肃,庆阳市,否,否,综合类,公办,408,465,415,460,410,466
上海电机学院,上海,上海市,否,否,理工类,公办,441,485,445,479,437,496
塔里木大学,新疆,自治区直辖县级行政区划,否,否,综合类,公办,406,463,414,459,412,464
榆林学院,陕西,榆林市,否,否,综合类,公办,418,472,421,464,407,470
成都体育学院,四川,成都市,否,否,体育类,公办,422,467,433,470,428,478
乐山师范学院,四川,乐山市,否,否,师范类,公办,411,476,433,473,417,482
宜宾学院,四川,宜宾市,否,否,综合类,公办,423,472,423,469,409,478
内江师范学院,四川,内江市,否,否,师范类,公办,424,482,435,477,416,480
绵阳师范学院,四川,绵阳市,否,否,师范类,公办,429,474,438,475,428,486
文华学院,湖北,武汉市,否,否,综合类,民办,393,454,403,449,389,451
重庆工商大学,重庆,重庆市,否,否,财经类,公办,480,519,505,518,512,519
湖南人文科技学院,湖南,娄底市,否,否,综合类,公办,425,438,428,459,417,463
浙江传媒学院,浙江,杭州市,否,否,艺术类,公办,440,486,453,489,445,500
绥化学院,黑龙江,绥化市,否,否,综合类,公办,405,463,416,459,406,464
哈尔滨师范大学,黑龙江,哈尔滨市,否,否,师范类,公办,428,477,410,472,435,480
厦门理工学院,福建,厦门市,否,否,理工类,公办,439,486,450,482,441,490
金陵科技学院,江苏,南京市,否,否,理工类,公办,424,473,439,474,434,481
广西财经学院,广西,南宁市,否,否,财经类,公办,405,481,431,475,425,484
昆明学院,云南,昆明市,否,否,综合类,公办,414,456,422,468,363,475
西安文理学院,陕西,西安市,否,否,综合类,公办,437,485,443,481,435,491
赤峰学院,内蒙古,赤峰市,否,否,综合类,公办,410,463,416,460,405,466
重庆文理学院,重庆,重庆市,否,否,综合类,公办,432,487,442,480,435,490
伊犁师范大学,新疆,伊犁哈萨克自治州,否,否,师范类,公办,405,464,416,463,405,467
广西中医药大学,广西,南宁市,否,否,医药类,公办,435,482,437,478,435,486
广东金融学院,广东,广州市,否,否,财经类,公办,440,487,445,481,438,496
长沙学院,湖南,长沙市,否,否,综合类,公办,432,473,440,472,432,487
阜阳师范大学,安徽,阜阳市,否,否,师范类,公办,421,485,432,480,416,481
重庆交通大学,重庆,重庆市,否,否,理工类,公办,466,493,467,522,500,537
吉林农业科技学院,吉林,吉林市,否,否,农林类,公办,408,462,416,459,393,466
上海政法学院,上海,上海市,否,否,政法类,公办,480,530,509,521,518,554
上海商学院,上海,上海市,否,否,财经类,公办,434,477,436,473,436,493
重庆科技大学,重庆,重庆市,否,否,理工类,公办,430,459,442,474,433,481
武汉科技大学,湖北,武汉市,否,否,综合类,公办,528,526,535,524,533,541
中国矿业大学（北京）,北京,北京市,否,是,理工类,公办,538,549,545,548,541,571
南方医科大学,广东,广州市,否,否,医药类,公办,551,530,528,515,535,537
贵州大学,贵州,贵阳市,否,是,综合类,公办,506,514,510,539,503,555
西南大学,重庆,重庆市,否,是,综合类,公办,547,577,555,567,563,600
攀枝花学院,四川,攀枝花市,否,否,综合类,公办,413,472,422,459,407,477
西昌学院,四川,凉山彝族自治州,否,否,综合类,公办,405,464,416,462,399,470
晋中学院,山西,晋中市,否,否,综合类,公办,409,466,418,464,406,470
运城学院,山西,运城市,否,否,综合类,公办,410,468,416,462,405,470
山西中医药大学,山西,晋中市,否,否,医药类,公办,431,491,424,482,430,492
江西职业技术大学,江西,九江市,否,否,综合类,公办,308,386,290,353,220,276
新余学院,江西,新余市,否,否,综合类,公办,417,465,427,460,418,428
萍乡学院,江西,萍乡市,否,否,综合类,公办,408,464,408,460,409,468
黄淮学院,河南,驻马店市,否,否,综合类,公办,410,462,407,466,410,476
河南科技学院,河南,新乡市,否,否,综合类,公办,404,458,421,467,410,471
平顶山学院,河南,平顶山市,否,否,综合类,公办,410,465,417,460,402,466
北京信息科技大学,北京,北京市,否,否,理工类,公办,485,529,523,526,520,530
安阳师范学院,河南,安阳市,否,否,师范类,公办,392,475,424,471,416,478
首都经济贸易大学,北京,北京市,否,否,财经类,公办,541,566,545,563,551,585
河南中医药大学,河南,郑州市,否,否,医药类,公办,442,494,442,485,430,494
江西科技学院,江西,南昌市,否,否,综合类,民办,377,430,385,424,375,421
南昌理工学院,江西,南昌市,否,否,综合类,民办,386,440,388,434,372,436
南昌工程学院,江西,南昌市,否,否,理工类,公办,431,424,441,471,430,480
北京体育大学,北京,北京市,否,是,体育类,公办,456,526,536,544,515,560
西安思源学院,陕西,西安市,否,否,综合类,民办,382,440,390,436,373,431
西安外事学院,陕西,西安市,否,否,综合类,民办,377,432,374,423,357,416
南阳理工学院,河南,南阳市,否,否,理工类,公办,408,465,421,465,416,465
安阳工学院,河南,安阳市,否,否,理工类,公办,412,461,423,459,410,466
河南师范大学,河南,新乡市,否,否,师范类,公办,432,492,454,485,444,497
中国石油大学（北京）,北京,北京市,否,是,理工类,公办,564,558,547,542,545,535
华北电力大学,北京,北京市,否,是,理工类,公办,591,569,573,576,578,598
中国地质大学（北京）,北京,北京市,否,是,理工类,公办,533,563,540,555,541,574
吉利学院,四川,成都市,否,否,理工类,民办,386,422,389,418,392,412
四川工业科技学院,四川,德阳市,否,否,综合类,民办,395,449,402,445,393,444
四川文理学院,四川,达州市,否,否,综合类,公办,405,463,426,467,420,476
四川工程职业技术大学,四川,德阳市,否,否,理工类,公办,336,392,335,315,293,341
南通大学,江苏,南通市,否,否,综合类,公办,435,489,452,486,442,497
四川旅游学院,四川,成都市,否,否,综合类,公办,410,464,413,453,413,473
成都东软学院,四川,成都市,否,否,理工类,民办,396,445,402,434,399,453
河北外国语学院,河北,石家庄市,否,否,语言类,民办,378,440,373,429,378,409
河北工程技术学院,河北,石家庄市,否,否,理工类,民办,377,427,372,425,357,416
哈尔滨职业技术大学,黑龙江,哈尔滨市,否,否,综合类,公办,217,311,313,308,289,324
哈尔滨金融学院,黑龙江,哈尔滨市,否,否,财经类,公办,412,464,424,456,419,479
上海中侨职业技术大学,上海,上海市,否,否,财经类,民办,384,426,384,403,218,314
河北科技工程职业技术大学,河北,邢台市,否,否,理工类,公办,418,337,283,358,241,360
河北金融学院,河北,保定市,否,否,财经类,公办,414,477,430,471,428,481
邢台医学院,河北,邢台市,否,否,医药类,公办,321,387,337,331,315,386
北华航天工业学院,河北,廊坊市,否,否,理工类,公办,432,465,435,465,427,472
上海建桥学院,上海,上海市,否,否,财经类,民办,397,447,396,441,396,433
电子科技大学,四川,成都市,是,是,理工类,公办,628,571,616,582,630,605
防灾科技学院,河北,廊坊市,否,否,综合类,公办,424,466,454,472,443,486
沧州师范学院,河北,沧州市,否,否,师范类,公办,409,463,417,464,405,472
保定学院,河北,保定市,否,否,综合类,公办,409,461,406,462,416,479
邯郸学院,河北,邯郸市,否,否,师范类,公办,407,463,415,457,402,472
衡水学院,河北,衡水市,否,否,综合类,公办,415,462,416,460,406,448
廊坊师范学院,河北,廊坊市,否,否,师范类,公办,394,469,421,470,410,478
唐山师范学院,河北,唐山市,否,否,师范类,公办,403,462,421,459,413,462
山东师范大学,山东,济南市,否,否,师范类,公办,466,515,464,514,446,548
邢台学院,河北,邢台市,否,否,综合类,公办,416,464,428,461,418,470
唐山学院,河北,唐山市,否,否,理工类,公办,423,464,428,461,420,468
石家庄铁道大学,河北,石家庄市,否,否,理工类,公办,461,493,455,497,453,512
河北地质大学,河北,石家庄市,否,否,理工类,公办,413,478,438,479,431,490
华北科技学院,河北,廊坊市,否,否,理工类,公办,429,472,459,470,453,479
河北工程大学,河北,邯郸市,否,否,理工类,公办,419,485,442,479,432,490
燕山大学,河北,秦皇岛市,否,否,综合类,公办,481,508,449,485,493,545
华北理工大学,河北,唐山市,否,否,综合类,公办,438,481,443,480,440,491
河北医科大学,河北,石家庄市,否,否,医药类,公办,439,485,452,480,447,490
河北师范大学,河北,石家庄市,否,否,师范类,公办,448,524,490,532,497,547
北京语言大学,北京,北京市,否,否,语言类,公办,503,575,535,562,534,596
华北电力大学保定校区,河北,保定市,否,是,理工类,公办,576,547,581,541,575,560
北京印刷学院,北京,北京市,否,否,理工类,公办,451,496,468,528,469,541
北京物资学院,北京,北京市,否,否,财经类,公办,424,485,449,483,441,496
北京石油化工学院,北京,北京市,否,否,综合类,公办,440,484,442,467,436,497
中国劳动关系学院,北京,北京市,否,否,政法类,公办,439,490,471,500,482,518
北京联合大学,北京,北京市,否,否,综合类,公办,448,489,463,486,449,500
中国政法大学,北京,北京市,否,是,政法类,公办,585,598,598,601,606,629
中央财经大学,北京,北京市,否,是,财经类,公办,573,614,610,594,624,635
北方工业大学,北京,北京市,否,否,理工类,公办,443,517,528,485,525,549
中国传媒大学,北京,北京市,否,是,综合类,公办,574,551,577,587,579,608
中国农业大学,北京,北京市,是,是,农林类,公办,583,594,572,584,572,606
北京化工大学,北京,北京市,否,是,理工类,公办,558,556,555,548,560,570
鲁东大学,山东,烟台市,否,否,综合类,公办,414,478,441,476,434,494
烟台大学,山东,烟台市,否,否,综合类,公办,433,487,445,486,436,498
潍坊学院,山东,潍坊市,否,否,综合类,公办,415,481,426,473,415,480
山东第一医科大学,山东,济南市,否,否,医药类,公办,438,488,464,478,434,489
北方民族大学,宁夏,银川市,否,否,综合类,公办,425,476,451,476,446,483
宁夏大学,宁夏,银川市,否,是,综合类,公办,451,518,500,535,503,553
广西民族大学,广西,南宁市,否,否,民族类,公办,361,482,432,477,419,486
山东农业大学,山东,泰安市,否,否,农林类,公办,438,483,442,477,436,490
南宁师范大学,广西,南宁市,否,否,师范类,公办,406,486,431,482,426,492
山东理工大学,山东,淄博市,否,否,理工类,公办,437,481,446,481,441,490
山东科技大学,山东,青岛市,否,否,理工类,公办,454,513,472,493,474,533
广西科技大学,广西,柳州市,否,否,理工类,公办,426,470,435,472,420,481
山东财经大学,山东,济南市,否,否,财经类,公办,439,491,453,488,444,501
山东交通学院,山东,济南市,否,否,理工类,公办,428,471,431,474,420,482
桂林理工大学,广西,桂林市,否,否,理工类,公办,427,479,441,474,431,485
桂林电子科技大学,广西,桂林市,否,否,理工类,公办,496,494,493,490,469,503
广西师范大学,广西,桂林市,否,否,师范类,公办,410,469,452,483,438,496
内蒙古财经大学,内蒙古,呼和浩特市,否,否,财经类,公办,436,471,429,471,421,481
山东建筑大学,山东,济南市,否,否,理工类,公办,439,474,444,473,438,496
山东工商学院,山东,烟台市,否,否,财经类,公办,421,481,424,474,426,482
贵州财经大学,贵州,贵阳市,否,否,财经类,公办,432,484,421,463,421,490
内蒙古师范大学,内蒙古,呼和浩特市,否,否,师范类,公办,414,476,352,440,435,495
遵义医科大学,贵州,遵义市,否,否,医药类,公办,433,480,457,472,435,486
海南医科大学,海南,海口市,否,否,医药类,公办,443,489,465,486,480,501
海南师范大学,海南,海口市,否,否,师范类,公办,443,506,453,495,477,529
曲阜师范大学,山东,济宁市,否,否,师范类,公办,410,485,443,485,435,498
青岛理工大学,山东,青岛市,否,否,理工类,公办,442,480,450,485,443,496
青岛科技大学,山东,青岛市,否,否,理工类,公办,480,510,485,510,493,526
内蒙古民族大学,内蒙古,通辽市,否,否,综合类,公办,404,473,424,471,419,480
内蒙古科技大学,内蒙古,包头市,否,否,综合类,公办,419,477,429,474,417,481
海南大学,海南,海口市,否,是,综合类,公办,499,542,458,535,449,564
甘肃政法大学,甘肃,兰州市,否,否,政法类,公办,437,487,445,484,436,494
兰州财经大学,甘肃,兰州市,否,否,财经类,公办,409,474,441,480,435,492
青岛大学,山东,青岛市,否,否,综合类,公办,487,538,513,538,518,560
甘肃中医药大学,甘肃,兰州市,否,否,医药类,公办,423,481,436,473,437,485
临沂大学,山东,临沂市,否,否,综合类,公办,434,488,438,480,424,489
西北师范大学,甘肃,兰州市,否,否,师范类,公办,441,489,453,492,442,497
聊城大学,山东,聊城市,否,否,综合类,公办,426,493,440,484,429,493
青岛农业大学,山东,青岛市,否,否,农林类,公办,428,480,435,480,426,488
商丘师范学院,河南,商丘市,否,否,师范类,公办,409,469,409,468,414,477
兰州交通大学,甘肃,兰州市,否,否,理工类,公办,458,494,454,493,484,505
南阳师范学院,河南,南阳市,否,否,师范类,公办,378,479,432,474,421,480
周口师范学院,河南,周口市,否,否,师范类,公办,415,459,422,468,410,476
洛阳师范学院,河南,洛阳市,否,否,综合类,公办,419,471,434,472,406,484
兰州理工大学,甘肃,兰州市,否,否,理工类,公办,461,499,464,489,453,507
中原工学院,河南,郑州市,否,否,理工类,公办,438,452,440,467,430,480
西北民族大学,甘肃,兰州市,否,否,综合类,公办,421,475,463,490,455,502
郑州航空工业管理学院,河南,郑州市,否,否,综合类,公办,380,481,438,471,423,485
闽江学院,福建,福州市,否,否,综合类,公办,421,467,409,472,427,477
集美大学,福建,厦门市,否,否,综合类,公办,449,506,453,493,446,502
西藏民族大学,陕西,咸阳市,否,否,民族类,公办,439,481,441,478,430,485
黄河科技学院,河南,郑州市,否,否,理工类,民办,399,445,384,407,390,446
福建农林大学,福建,福州市,否,否,农林类,公办,449,499,466,502,471,516
河南工业大学,河南,郑州市,否,否,理工类,公办,436,485,446,485,440,495
华侨大学,福建,泉州市,否,否,综合类,公办,483,528,486,524,496,541
河南农业大学,河南,郑州市,否,否,农林类,公办,442,485,450,482,436,489
湖北文理学院,湖北,襄阳市,否,否,综合类,公办,417,469,428,458,422,483
河南科技大学,河南,洛阳市,否,否,综合类,公办,442,490,453,486,442,495
河南大学,河南,开封市,否,否,综合类,公办,445,499,515,535,513,554
郑州轻工业大学,河南,郑州市,否,否,理工类,公办,434,456,448,481,437,491
湖北民族大学,湖北,恩施土家族苗族自治州,否,否,综合类,公办,431,483,446,476,431,486
黑龙江工程学院,黑龙江,哈尔滨市,否,否,理工类,公办,413,470,416,467,395,475
哈尔滨学院,黑龙江,哈尔滨市,否,否,综合类,公办,397,469,421,464,412,473
东北石油大学,黑龙江,大庆市,否,否,理工类,公办,452,493,466,487,463,519
湖北经济学院,湖北,武汉市,否,否,财经类,公办,436,488,450,486,443,497
哈尔滨商业大学,黑龙江,哈尔滨市,否,否,财经类,公办,443,489,456,491,450,509
黑龙江中医药大学,黑龙江,哈尔滨市,否,否,医药类,公办,450,536,454,524,450,533
黄冈师范学院,湖北,黄冈市,否,否,师范类,公办,428,466,432,475,418,484
湖北师范大学,湖北,黄石市,否,否,师范类,公办,441,488,448,485,441,498
湖北中医药大学,湖北,武汉市,否,否,医药类,公办,444,486,445,480,439,494
武汉工程大学,湖北,武汉市,否,否,理工类,公办,505,522,506,517,502,536
湖北工业大学,湖北,武汉市,否,否,理工类,公办,488,512,488,510,486,526
武汉纺织大学,湖北,武汉市,否,否,理工类,公办,433,484,445,478,436,493
三峡大学,湖北,宜昌市,否,否,综合类,公办,460,508,494,490,477,524
哈尔滨医科大学,黑龙江,哈尔滨市,否,否,医药类,公办,555,499,559,495,450,501
长江大学,湖北,荆州市,否,否,综合类,公办,465,525,459,521,446,535
黑龙江八一农垦大学,黑龙江,大庆市,否,否,农林类,公办,414,473,422,466,406,469
湖北大学,湖北,武汉市,否,否,综合类,公办,443,544,483,531,516,557
齐齐哈尔大学,黑龙江,齐齐哈尔市,否,否,综合类,公办,421,470,428,467,420,472
中南民族大学,湖北,武汉市,否,否,综合类,公办,441,495,481,488,475,446
黑龙江大学,黑龙江,哈尔滨市,否,否,综合类,公办,447,497,486,503,481,527
东北林业大学,黑龙江,哈尔滨市,否,是,农林类,公办,475,529,512,532,510,552
邵阳学院,湖南,邵阳市,否,否,综合类,公办,424,461,422,463,410,471
华中农业大学,湖北,武汉市,否,是,农林类,公办,534,522,529,545,531,562
怀化学院,湖南,怀化市,否,否,综合类,公办,412,467,421,465,410,470
湖南文理学院,湖南,常德市,否,否,综合类,公办,426,463,434,464,430,455
中南财经政法大学,湖北,武汉市,否,是,财经类,公办,559,592,567,573,572,598
吉林财经大学,吉林,长春市,否,否,财经类,公办,429,486,444,480,438,492
吉林外国语大学,吉林,长春市,否,否,语言类,民办,389,447,401,449,400,454
白城师范学院,吉林,白城市,否,否,师范类,公办,412,465,416,461,402,463
湖南科技学院,湖南,永州市,否,否,综合类,公办,416,451,409,466,423,477
湖南工商大学,湖南,长沙市,否,否,财经类,公办,436,488,448,486,441,500
衡阳师范学院,湖南,衡阳市,否,否,师范类,公办,408,476,418,474,420,483
吉林工程技术师范学院,吉林,长春市,否,否,师范类,公办,398,461,419,459,407,465
长春中医药大学,吉林,长春市,否,否,医药类,公办,434,478,437,471,428,454
湘南学院,湖南,郴州市,否,否,综合类,公办,437,472,427,468,423,475
中南林业科技大学,湖南,长沙市,否,否,农林类,公办,452,491,450,486,460,513
湖南工程学院,湖南,湘潭市,否,否,理工类,公办,429,476,430,467,415,458
湖南工业大学,湖南,株洲市,否,否,综合类,公办,460,496,463,497,453,504
湖南城市学院,湖南,益阳市,否,否,综合类,公办,408,463,421,466,366,443
湖南理工学院,湖南,岳阳市,否,否,理工类,公办,429,466,433,479,426,492
长春工程学院,吉林,长春市,否,否,理工类,公办,417,463,420,458,409,467
湖南农业大学,湖南,长沙市,否,否,农林类,公办,449,489,455,497,460,508
南华大学,湖南,衡阳市,否,否,综合类,公办,451,495,473,496,456,508
吉林师范大学,吉林,四平市,否,否,师范类,公办,427,484,439,484,428,493
长沙理工大学,湖南,长沙市,否,否,理工类,公办,494,520,494,524,503,539
湖南科技大学,湖南,湘潭市,否,否,综合类,公办,461,491,457,513,443,530
长春师范大学,吉林,长春市,否,否,师范类,公办,411,478,434,477,422,485
吉首大学,湖南,湘西土家族苗族自治州,否,否,综合类,公办,424,479,438,480,432,490
湘潭大学,湖南,湘潭市,否,否,综合类,公办,443,497,508,533,486,547
西安培华学院,陕西,西安市,否,否,综合类,民办,395,448,400,443,384,438
长春理工大学,吉林,长春市,否,否,理工类,公办,463,498,500,490,501,508
西安体育学院,陕西,西安市,否,否,体育类,公办,410,462,416,460,408,467
长春大学,吉林,长春市,否,否,综合类,公办,433,470,437,476,431,486
西北政法大学,陕西,西安市,否,否,政法类,公办,453,532,523,530,518,543
西安财经大学,陕西,西安市,否,否,财经类,公办,453,497,465,517,465,534
北华大学,吉林,吉林市,否,否,综合类,公办,430,484,439,479,430,488
西安外国语大学,陕西,西安市,否,否,语言类,公办,445,490,490,513,493,533
青海民族大学,青海,西宁市,否,否,民族类,公办,415,461,423,467,418,472
陕西理工大学,陕西,汉中市,否,否,理工类,公办,447,493,454,492,450,508
青海师范大学,青海,西宁市,否,否,师范类,公办,413,475,438,474,426,483
宝鸡文理学院,陕西,宝鸡市,否,否,师范类,公办,419,477,432,476,428,488
渭南师范学院,陕西,渭南市,否,否,师范类,公办,407,470,426,469,419,479
青海大学,青海,西宁市,否,是,综合类,公办,476,510,478,517,469,528
咸阳师范学院,陕西,咸阳市,否,否,师范类,公办,413,475,429,472,424,483
陕西中医药大学,陕西,咸阳市,否,否,医药类,公办,447,494,499,509,500,525
西藏大学,西藏,拉萨市,否,是,综合类,公办,429,481,440,475,428,485
西安邮电大学,陕西,西安市,否,否,理工类,公办,513,493,512,493,507,527
大理大学,云南,大理白族自治州,否,否,综合类,公办,404,479,444,474,428,485
西安工业大学,陕西,西安市,否,否,理工类,公办,479,496,478,503,469,517
西安工程大学,陕西,西安市,否,否,理工类,公办,467,501,466,491,459,504
陕西科技大学,陕西,西安市,否,否,理工类,公办,468,498,490,492,484,526
云南财经大学,云南,昆明市,否,否,财经类,公办,415,482,442,481,436,493
红河学院,云南,红河哈尼族彝族自治州,否,否,综合类,公办,408,463,412,460,406,466
西安石油大学,陕西,西安市,否,否,理工类,公办,467,495,471,508,464,520
楚雄师范学院,云南,楚雄彝族自治州,否,否,师范类,公办,415,466,419,462,410,470
西安科技大学,陕西,西安市,否,否,理工类,公办,448,503,484,496,477,513
西安建筑科技大学,陕西,西安市,否,否,理工类,公办,473,519,497,514,497,527
玉溪师范学院,云南,玉溪市,否,否,师范类,公办,412,467,420,463,407,454
西安理工大学,陕西,西安市,否,否,理工类,公办,498,508,522,508,518,521
云南中医药大学,云南,昆明市,否,否,医药类,公办,429,489,441,482,403,494
西南林业大学,云南,昆明市,否,否,农林类,公办,421,481,431,477,419,487
云南民族大学,云南,昆明市,否,否,综合类,公办,430,484,431,474,424,487
云南师范大学,云南,昆明市,否,否,师范类,公办,431,491,443,480,431,499
延安大学,陕西,延安市,否,否,综合类,公办,452,507,471,512,466,518
安徽财经大学,安徽,蚌埠市,否,否,财经类,公办,444,515,484,511,487,514
陕西师范大学,陕西,西安市,否,是,师范类,公办,486,549,564,574,565,588
西北农林科技大学,陕西,咸阳市,是,是,农林类,公办,518,552,548,546,539,564
西安交通大学,陕西,西安市,是,是,综合类,公办,628,607,620,595,633,618
上海杉达学院,上海,上海市,否,否,财经类,民办,406,438,400,443,389,457
淮北师范大学,安徽,淮北市,否,否,综合类,公办,439,487,439,484,436,497
上海戏剧学院,上海,上海市,否,否,艺术类,公办,569,493,576,543,566,559
华东政法大学,上海,上海市,否,否,政法类,公办,544,588,546,589,582,611
安徽建筑大学,安徽,合肥市,否,否,理工类,公办,437,485,442,479,424,488
上海立信会计金融学院,上海,上海市,否,否,财经类,公办,507,544,516,537,533,536
上海对外经贸大学,上海,上海市,否,否,财经类,公办,521,524,532,545,542,587
上海海洋大学,上海,上海市,否,否,农林类,公办,511,529,506,527,479,532
嘉应学院,广东,梅州市,否,否,综合类,公办,414,473,421,467,412,475
岭南师范学院,广东,湛江市,否,否,师范类,公办,407,462,427,472,407,478
韶关学院,广东,韶关市,否,否,综合类,公办,410,456,421,466,409,475
广东外语外贸大学,广东,广州市,否,否,语言类,公办,493,530,518,532,519,553
广州中医药大学,广东,广州市,否,否,医药类,公办,543,558,491,505,515,560
广东工业大学,广东,广州市,否,否,理工类,公办,507,517,494,484,467,549
五邑大学,广东,江门市,否,否,综合类,公办,440,492,444,488,434,497
深圳大学,广东,深圳市,否,否,综合类,公办,571,573,562,564,555,586
太原师范学院,山西,晋中市,否,否,师范类,公办,427,473,443,477,434,488
山西大同大学,山西,大同市,否,否,综合类,公办,420,486,432,480,423,487
忻州师范学院,山西,忻州市,否,否,师范类,公办,403,469,423,464,415,472
长治医学院,山西,长治市,否,否,医药类,公办,445,468,449,467,433,481
太原科技大学,山西,太原市,否,否,理工类,公办,393,483,448,480,437,486
中北大学,山西,太原市,否,否,综合类,公办,464,495,473,490,463,501
山西财经大学,山西,太原市,否,否,财经类,公办,443,494,465,486,465,531
四川轻化工大学,四川,自贡市,否,否,理工类,公办,442,479,446,471,438,491
山西师范大学,山西,太原市,否,否,师范类,公办,420,476,414,487,432,496
山西医科大学,山西,太原市,否,否,医药类,公办,437,479,451,475,441,482
山西农业大学,山西,晋中市,否,否,农林类,公办,416,475,432,477,416,479
西南石油大学,四川,成都市,否,否,综合类,公办,492,525,508,508,498,548
中国民用航空飞行学院,四川,德阳市,否,否,理工类,公办,438,466,464,466,457,476
四川师范大学,四川,成都市,否,否,师范类,公办,453,489,459,536,512,562
成都中医药大学,四川,成都市,否,否,医药类,公办,485,535,520,543,517,551
西南科技大学,四川,绵阳市,否,否,理工类,公办,441,486,451,485,445,496
山西大学,山西,太原市,否,否,综合类,公办,463,533,501,531,471,540
浙江万里学院,浙江,宁波市,否,否,理工类,公办,406,461,413,456,400,458
浙江财经大学,浙江,杭州市,否,否,财经类,公办,443,499,496,499,447,506
绍兴文理学院,浙江,绍兴市,否,否,综合类,公办,409,482,429,477,417,489
湖州师范学院,浙江,湖州市,否,否,综合类,公办,427,467,436,475,424,484
浙江农林大学,浙江,杭州市,否,否,农林类,公办,455,494,488,516,475,531
中国计量大学,浙江,杭州市,否,否,理工类,公办,481,492,512,540,513,560
西华大学,四川,成都市,否,否,综合类,公办,465,517,478,517,473,532
浙江理工大学,浙江,杭州市,否,否,理工类,公办,521,548,525,533,530,547
浙江师范大学,浙江,金华市,否,否,综合类,公办,446,493,531,544,528,563
宁波大学,浙江,宁波市,否,否,综合类,公办,462,554,534,545,528,568
昌吉学院,新疆,昌吉回族自治州,否,否,综合类,公办,404,462,413,459,396,463
新疆财经大学,新疆,乌鲁木齐市,否,否,财经类,公办,391,466,424,467,419,477
喀什大学,新疆,喀什地区,否,否,综合类,公办,406,463,414,459,404,465
新疆师范大学,新疆,乌鲁木齐市,否,否,师范类,公办,392,475,425,472,417,479
新疆农业大学,新疆,乌鲁木齐市,否,否,农林类,公办,408,468,416,466,390,465
成都理工大学,四川,成都市,否,否,理工类,公办,443,490,448,485,439,498
西南民族大学,四川,成都市,否,否,民族类,公办,444,532,503,527,493,540
东北财经大学,辽宁,大连市,否,否,财经类,公办,536,565,551,551,550,581
沈阳大学,辽宁,沈阳市,否,否,综合类,公办,432,485,441,481,434,495
大连大学,辽宁,大连市,否,否,综合类,公办,440,487,441,485,440,497
大连外国语大学,辽宁,大连市,否,否,语言类,公办,443,494,451,505,495,534
渤海大学,辽宁,锦州市,否,否,综合类,公办,427,484,437,478,438,486
沈阳航空航天大学,辽宁,沈阳市,否,否,理工类,公办,446,479,453,471,445,493
大连民族大学,辽宁,大连市,否,否,民族类,公办,430,476,457,487,450,504
鞍山师范学院,辽宁,鞍山市,否,否,师范类,公办,417,400,426,392,414,240
石河子大学,新疆,自治区直辖县级行政区划,否,是,综合类,公办,471,521,475,518,480,526
重庆三峡学院,重庆,重庆市,否,否,综合类,公办,427,473,437,467,424,486
井冈山大学,江西,吉安市,否,否,综合类,公办,427,477,429,472,419,478
九江学院,江西,九江市,否,否,综合类,公办,411,459,421,462,399,476
四川外国语大学,重庆,重庆市,否,否,语言类,公办,437,488,448,487,446,501
长江师范学院,重庆,重庆市,否,否,师范类,公办,423,492,429,486,423,498
江西科技师范大学,江西,南昌市,否,否,师范类,公办,411,473,429,478,423,489
赣南师范大学,江西,赣州市,否,否,师范类,公办,417,471,400,453,435,489
重庆理工大学,重庆,重庆市,否,否,理工类,公办,455,490,456,486,449,499
上饶师范学院,江西,上饶市,否,否,师范类,公办,409,471,416,467,384,476
江西中医药大学,江西,南昌市,否,否,医药类,公办,439,487,441,478,429,486
景德镇陶瓷大学,江西,景德镇市,否,否,艺术类,公办,434,482,429,475,420,485
西南政法大学,重庆,重庆市,否,否,政法类,公办,559,570,543,563,559,593
重庆师范大学,重庆,重庆市,否,否,师范类,公办,445,499,465,498,460,505
南昌航空大学,江西,南昌市,否,否,理工类,公办,447,481,449,481,443,494
东华理工大学,江西,南昌市,否,否,理工类,公办,456,498,455,496,453,508
江西财经大学,江西,南昌市,否,否,财经类,公办,476,530,479,527,448,562
江西师范大学,江西,南昌市,否,否,师范类,公办,444,489,475,518,499,541
扬州大学,江苏,扬州市,否,否,综合类,公办,488,550,493,540,468,562
江苏大学,江苏,镇江市,否,否,综合类,公办,499,543,514,538,519,561
江苏师范大学,江苏,徐州市,否,否,师范类,公办,433,489,448,486,441,498
南京信息工程大学,江苏,南京市,否,否,综合类,公办,560,536,549,531,540,545
江西理工大学,江西,赣州市,否,否,理工类,公办,458,493,460,489,452,507
南京财经大学,江苏,南京市,否,否,财经类,公办,497,553,524,540,523,548
苏州科技大学,江苏,苏州市,否,否,综合类,公办,440,481,450,485,442,498
江苏科技大学,江苏,镇江市,否,否,理工类,公办,450,506,491,493,483,499
常州大学,江苏,常州市,否,否,理工类,公办,470,516,480,507,476,510
南京审计大学,江苏,南京市,否,否,财经类,公办,547,576,547,574,554,599
江苏理工学院,江苏,常州市,否,否,理工类,公办,428,473,438,470,430,482
南京晓庄学院,江苏,南京市,否,否,师范类,公办,434,484,448,480,438,489
南京工程学院,江苏,南京市,否,否,理工类,公办,440,481,449,477,441,489
北京科技大学,北京,北京市,否,是,理工类,公办,580,564,568,529,574,597
北京理工大学,北京,北京市,是,是,理工类,公办,645,595,624,590,626,613
东北师范大学,吉林,长春市,否,是,师范类,公办,551,573,545,561,549,580
清华大学,北京,北京市,是,是,综合类,公办,699,676,687,655,691,688
太原理工大学,山西,太原市,否,是,理工类,公办,450,489,535,541,537,558
东北农业大学,黑龙江,哈尔滨市,否,是,农林类,公办,474,491,502,531,500,547
上海外国语大学,上海,上海市,否,是,语言类,公办,573,606,574,586,599,623
复旦大学,上海,上海市,是,是,综合类,公办,689,658,668,634,684,659
华东师范大学,上海,上海市,是,是,师范类,公办,571,621,628,605,641,631
上海财经大学,上海,上海市,否,是,财经类,公办,646,635,643,613,660,644
延边大学,吉林,延边朝鲜族自治州,否,是,综合类,公办,453,494,497,525,484,538
武汉理工大学,湖北,武汉市,否,是,理工类,公办,577,556,564,547,565,558
华中科技大学,湖北,武汉市,是,是,综合类,公办,660,612,632,591,646,622
山东大学,山东,济南市,是,是,综合类,公办,581,603,590,590,594,617
上海交通大学,上海,上海市,是,是,综合类,公办,695,650,682,633,688,654
哈尔滨工程大学,黑龙江,哈尔滨市,否,是,理工类,公办,583,545,567,540,567,552
中南大学,湖南,长沙市,是,是,综合类,公办,591,603,581,588,582,613
吉林大学,吉林,长春市,是,是,综合类,公办,578,601,565,587,573,610
中国地质大学（武汉）,湖北,武汉市,否,是,理工类,公办,543,557,540,534,537,570
中国石油大学（华东）,山东,青岛市,否,是,理工类,公办,551,559,540,549,542,569
重庆大学,重庆,重庆市,是,是,综合类,公办,592,600,587,587,591,612
苏州大学,江苏,苏州市,否,是,综合类,公办,576,585,561,579,565,605
河海大学,江苏,南京市,否,是,综合类,公办,569,556,555,552,563,580
南京师范大学,江苏,南京市,否,是,师范类,公办,536,577,549,577,555,601
浙江大学,浙江,杭州市,是,是,综合类,公办,683,642,666,618,673,648
南京农业大学,江苏,南京市,否,是,农林类,公办,524,536,528,544,533,516
南京理工大学,江苏,南京市,否,是,理工类,公办,590,546,579,549,578,570
南京大学,江苏,南京市,是,是,综合类,公办,676,644,658,623,668,649
中国矿业大学,江苏,徐州市,否,是,综合类,公办,522,554,536,550,538,564
东南大学,江苏,南京市,是,是,综合类,公办,635,614,614,599,613,623
南昌大学,江西,南昌市,否,是,综合类,公办,534,541,527,487,452,567
西北工业大学,陕西,西安市,是,是,理工类,公办,615,586,606,578,610,601
暨南大学,广东,广州市,否,是,综合类,公办,567,574,561,567,554,594
华南理工大学,广东,广州市,是,是,综合类,公办,609,597,602,581,606,581
中山大学,广东,广州市,是,是,综合类,公办,627,622,593,605,453,630
福州大学,福建,福州市,否,是,理工类,公办,541,562,545,553,548,573
厦门大学,福建,厦门市,是,是,综合类,公办,613,621,607,605,614,628
西南财经大学,四川,成都市,否,是,财经类,公办,550,592,581,583,590,607
四川大学,四川,成都市,是,是,综合类,公办,589,610,594,600,599,622
华南师范大学,广东,广州市,否,是,师范类,公办,524,560,528,546,550,577
兰州大学,甘肃,兰州市,是,是,综合类,公办,552,573,562,564,568,591
广西大学,广西,南宁市,否,是,综合类,公办,444,534,509,525,507,559
天津职业技术师范大学,天津,天津市,否,否,师范类,公办,426,481,442,477,433,485
中国民航大学,天津,天津市,否,否,理工类,公办,504,526,528,492,534,557
天津外国语大学,天津,天津市,否,否,语言类,公办,443,489,518,521,528,506
江南大学,江苏,无锡市,否,是,综合类,公办,564,561,552,544,552,560
天津商业大学,天津,天津市,否,否,财经类,公办,437,488,448,484,441,498
天津财经大学,天津,天津市,否,否,财经类,公办,468,531,485,520,514,557
天津科技大学,天津,天津市,否,否,理工类,公办,442,486,453,486,446,498
天津工业大学,天津,天津市,否,否,综合类,公办,444,532,534,528,528,545
天津师范大学,天津,天津市,否,否,师范类,公办,443,529,478,540,525,561
南京航空航天大学,江苏,南京市,否,是,理工类,公办,594,570,583,564,582,578
上海大学,上海,上海市,否,是,综合类,公办,583,598,579,584,585,607
新疆大学,新疆,乌鲁木齐市,否,是,综合类,公办,461,517,464,520,477,536
同济大学,上海,上海市,是,是,综合类,公办,663,627,642,609,658,637
济南大学,山东,济南市,否,否,综合类,公办,465,510,512,532,513,552
安徽农业大学,安徽,合肥市,否,否,农林类,公办,435,488,445,483,433,493
安徽大学,安徽,合肥市,否,是,综合类,公办,554,544,544,510,540,568
郑州大学,河南,郑州市,否,是,综合类,公办,538,551,450,542,545,572
中国海洋大学,山东,青岛市,是,是,综合类,公办,582,581,570,570,572,600
天津大学,天津,天津市,是,是,综合类,公办,620,608,607,592,616,614
南开大学,天津,天津市,是,是,综合类,公办,634,629,630,609,651,639
湖南师范大学,湖南,长沙市,否,是,师范类,公办,534,510,538,553,469,571
西安电子科技大学,陕西,西安市,否,是,理工类,公办,598,560,590,552,594,572
河北经贸大学,河北,石家庄市,否,否,财经类,公办,422,482,433,483,435,494
河北大学,河北,保定市,否,否,综合类,公办,447,536,455,530,490,544
对外经济贸易大学,北京,北京市,否,是,财经类,公办,608,622,596,604,643,629
北京师范大学,北京,北京市,是,是,师范类,公办,633,639,620,616,648,644
西南交通大学,四川,成都市,否,是,理工类,公办,566,561,572,565,570,589
辽宁大学,辽宁,沈阳市,否,是,综合类,公办,537,515,533,550,533,575
北京中医药大学,北京,北京市,否,是,医药类,公办,543,578,556,570,565,601
北京邮电大学,北京,北京市,否,是,理工类,公办,616,581,607,563,617,600
北京航空航天大学,北京,北京市,是,是,理工类,公办,668,618,651,594,660,631
中国人民大学,北京,北京市,是,是,综合类,公办,675,650,659,628,668,657
中央民族大学,北京,北京市,是,是,民族类,公办,562,588,565,575,566,603
湖南大学,湖南,长沙市,是,是,综合类,公办,591,599,579,585,583,613
北京林业大学,北京,北京市,否,是,农林类,公办,529,490,543,562,546,592
武汉大学,湖北,武汉市,是,是,综合类,公办,644,638,621,613,643,642
中央音乐学院,北京,北京市,否,是,艺术类,公办,252,302,258,300,256,305
北京外国语大学,北京,北京市,否,是,语言类,公办,582,594,577,588,601,537
北京交通大学,北京,北京市,否,是,理工类,公办,592,576,575,550,579,603
西北大学,陕西,西安市,否,是,综合类,公办,527,563,555,558,552,577
长安大学,陕西,西安市,否,是,理工类,公办,553,555,551,548,548,565
云南大学,云南,昆明市,否,是,综合类,公办,472,548,535,520,534,566
哈尔滨工业大学,黑龙江,哈尔滨市,是,是,理工类,公办,639,588,611,580,621,603
大连海事大学,辽宁,大连市,否,是,理工类,公办,548,547,553,540,546,562
内蒙古大学,内蒙古,呼和浩特市,否,是,综合类,公办,475,505,482,529,491,504
北京大学,北京,北京市,是,是,综合类,公办,702,662,689,641,694,666
