﻿名称,省,市,985,211,学校类型,学校属性,2023年理科录取分数,2023年文科录取分数,2022年理科录取分数,2022年文科录取分数,2021年理科录取分数,2021年文科录取分数
江苏海洋大学,江苏,连云港市,否,否,理工类,公办,527,535,520,544,521,543
江西软件职业技术大学,江西,南昌市,否,否,理工类,民办,433,462,150,150,150,150
福建技术师范学院,福建,福州市,否,否,师范类,公办,479,509,470,516,477,517
中国消防救援学院,北京,北京市,否,否,军事类,公办,581,571,595,565,521,541
郑州西亚斯学院,河南,郑州市,否,否,综合类,民办,466,491,456,494,441,484
西藏农牧学院,西藏,林芝市,否,否,农林类,公办,473,500,463,511,457,510
南京审计大学金审学院,江苏,南京市,否,否,财经类,民办,472,502,466,511,473,511
中国石油大学（北京）克拉玛依校区,新疆,克拉玛依市,否,是,理工类,公办,570,559,551,561,556,562
深圳技术大学,广东,深圳市,否,否,理工类,公办,591,553,576,551,572,553
滇西应用技术大学,云南,大理白族自治州,否,否,综合类,公办,482,507,472,505,479,522
中国社会科学院大学,北京,北京市,否,否,综合类,公办,616,594,621,605,635,609
香港中文大学（深圳）,广东,深圳市,否,否,综合类,内地与港澳台地区合作办学,652,597,635,606,642,610
温州肯恩大学,浙江,温州市,否,否,综合类,中外合作办学,532,539,516,542,521,541
合肥工业大学宣城校区,安徽,宣城市,否,是,综合类,公办,600,570,587,576,591,580
中国人民大学（苏州校区）,江苏,苏州市,是,是,综合类,公办,657,600,648,612,640,611
江苏第二师范学院,江苏,南京市,否,否,师范类,公办,506,526,500,538,509,540
河南牧业经济学院,河南,郑州市,否,否,财经类,公办,473,496,469,512,462,511
营口理工学院,辽宁,营口市,否,否,理工类,公办,478,503,469,511,430,512
河北中医药大学,河北,石家庄市,否,否,医药类,公办,518,537,457,542,518,541
山东农业工程学院,山东,济南市,否,否,农林类,公办,478,508,471,513,470,514
山东管理学院,山东,济南市,否,否,综合类,公办,482,505,473,507,430,523
武警警官学院,四川,成都市,否,否,军事类,公办,583,584,571,587,575,582
四川电影电视学院,四川,成都市,否,否,艺术类,民办,446,471,439,482,439,482
张家口学院,河北,张家口市,否,否,综合类,公办,480,508,446,514,486,516
南昌师范学院,江西,南昌市,否,否,师范类,公办,475,509,487,516,493,512
江西服装学院,江西,南昌市,否,否,艺术类,民办,433,464,426,466,432,476
成都师范学院,四川,成都市,否,否,师范类,公办,500,524,506,536,513,538
山西传媒学院,山西,晋中市,否,否,艺术类,公办,481,483,476,519,479,522
河北环境工程学院,河北,秦皇岛市,否,否,理工类,公办,477,503,431,510,476,513
南昌工学院,江西,南昌市,否,否,理工类,民办,439,484,428,486,430,481
山西工商学院,山西,太原市,否,否,财经类,民办,450,483,442,492,448,491
福州外语外贸学院,福建,福州市,否,否,财经类,民办,433,466,426,466,440,484
山东协和学院,山东,济南市,否,否,医药类,民办,467,484,455,487,437,488
郑州升达经贸管理学院,河南,郑州市,否,否,财经类,民办,444,485,426,487,430,481
广东科技学院,广东,东莞市,否,否,综合类,民办,433,464,426,468,430,474
广西外国语学院,广西,南宁市,否,否,语言类,民办,433,472,426,478,445,474
华北理工大学轻工学院,河北,唐山市,否,否,理工类,民办,435,469,426,466,430,474
陕西学前师范学院,陕西,西安市,否,否,师范类,公办,477,508,426,520,494,526
天津外国语大学滨海外事学院,天津,天津市,否,否,语言类,民办,434,478,426,484,447,501
浙江外国语学院,浙江,杭州市,否,否,语言类,公办,523,536,515,538,554,563
新疆政法学院,新疆,自治区直辖县级行政区划,否,否,政法类,公办,471,504,466,511,469,509
南宁理工学院,广西,南宁市,否,否,理工类,民办,434,473,426,466,430,488
内蒙古科技大学包头师范学院,内蒙古,包头市,否,否,师范类,公办,468,504,470,513,456,512
银川科技学院,宁夏,银川市,否,否,综合类,民办,436,471,426,478,430,477
北京第二外国语学院,北京,北京市,否,否,语言类,公办,575,527,573,583,596,586
齐鲁师范学院,山东,济南市,否,否,师范类,公办,502,511,497,513,498,524
福建江夏学院,福建,福州市,否,否,财经类,公办,487,508,478,505,487,527
衢州学院,浙江,衢州市,否,否,综合类,公办,483,507,472,513,477,514
宁夏大学新华学院,宁夏,银川市,否,否,综合类,民办,444,486,426,490,439,487
贵阳人文科技学院,贵州,贵阳市,否,否,民族类,民办,445,476,434,495,437,485
贵州黔南经济学院,贵州,黔南布依族苗族自治州,否,否,财经类,民办,459,489,426,492,458,489
遵义医科大学医学与科技学院,贵州,遵义市,否,否,医药类,民办,511,505,502,509,495,509
兴义民族师范学院,贵州,黔西南布依族苗族自治州,否,否,师范类,公办,481,505,473,515,474,516
西安科技大学高新学院,陕西,西安市,否,否,理工类,民办,464,481,454,487,455,486
西安明德理工学院,陕西,西安市,否,否,综合类,民办,442,470,426,474,436,478
西安工商学院,陕西,西安市,否,否,综合类,民办,440,480,426,484,440,482
西安交通大学城市学院,陕西,西安市,否,否,理工类,民办,465,492,444,497,430,497
南通大学杏林学院,江苏,南通市,否,否,综合类,民办,444,487,431,490,430,492
江苏科技大学苏州理工学院,江苏,苏州市,否,否,理工类,民办,453,487,436,491,441,492
南京邮电大学通达学院,江苏,扬州市,否,否,综合类,民办,458,490,436,497,430,496
江苏师范大学科文学院,江苏,徐州市,否,否,综合类,民办,449,491,435,504,430,504
扬州大学广陵学院,江苏,扬州市,否,否,综合类,民办,452,496,430,501,445,500
苏州科技大学天平学院,江苏,苏州市,否,否,综合类,民办,465,494,446,493,443,492
苏州大学应用技术学院,江苏,苏州市,否,否,综合类,民办,449,482,430,486,444,486
苏州城市学院,江苏,苏州市,否,否,综合类,公办,503,517,491,526,487,522
南京医科大学康达学院,江苏,连云港市,否,否,医药类,民办,468,494,468,497,430,495
南京师范大学中北学院,江苏,镇江市,否,否,综合类,民办,450,495,427,507,453,508
南京工业大学浦江学院,江苏,南京市,否,否,理工类,民办,448,482,426,487,437,491
南京传媒学院,江苏,南京市,否,否,艺术类,民办,462,458,426,522,501,528
南京航空航天大学金城学院,江苏,南京市,否,否,理工类,民办,453,485,427,491,430,491
南京理工大学紫金学院,江苏,南京市,否,否,理工类,民办,465,501,453,507,453,506
黑龙江财经学院,黑龙江,哈尔滨市,否,否,财经类,民办,433,471,426,474,430,479
黑龙江工程学院昆仑旅游学院,黑龙江,哈尔滨市,否,否,理工类,民办,433,462,426,466,430,474
哈尔滨石油学院,黑龙江,哈尔滨市,否,否,理工类,民办,433,464,426,468,430,474
哈尔滨广厦学院,黑龙江,哈尔滨市,否,否,综合类,民办,433,466,426,466,433,476
哈尔滨剑桥学院,黑龙江,哈尔滨市,否,否,综合类,民办,433,464,426,466,433,475
黑龙江工商学院,黑龙江,哈尔滨市,否,否,综合类,民办,433,461,426,466,430,474
哈尔滨华德学院,黑龙江,哈尔滨市,否,否,理工类,民办,433,461,426,466,430,474
哈尔滨远东理工学院,黑龙江,哈尔滨市,否,否,理工类,民办,433,466,426,468,430,474
昆明理工大学津桥学院,云南,昆明市,否,否,理工类,民办,444,479,426,466,430,491
昆明传媒学院,云南,昆明市,否,否,艺术类,民办,444,479,427,482,439,480
丽江文化旅游学院,云南,丽江市,否,否,综合类,民办,443,476,426,478,430,478
滇池学院,云南,昆明市,否,否,综合类,民办,450,487,430,468,433,485
文山学院,云南,文山壮族苗族自治州,否,否,综合类,公办,476,504,469,511,473,514
保山学院,云南,保山市,否,否,综合类,公办,475,507,480,514,480,515
齐鲁理工学院,山东,济南市,否,否,综合类,民办,440,478,426,475,440,477
青岛工学院,山东,青岛市,否,否,综合类,民办,433,469,426,472,430,479
西南交通大学希望学院,四川,成都市,否,否,综合类,民办,449,480,437,485,441,486
西南财经大学天府学院,四川,绵阳市,否,否,财经类,民办,460,490,449,495,438,496
四川大学锦江学院,四川,眉山市,否,否,综合类,民办,464,493,456,505,450,506
四川文化艺术学院,四川,绵阳市,否,否,艺术类,民办,442,475,426,483,439,483
绵阳城市学院,四川,绵阳市,否,否,理工类,民办,447,472,436,479,430,481
成都锦城学院,四川,成都市,否,否,综合类,民办,520,527,515,538,521,541
成都外国语学院,四川,成都市,否,否,语言类,民办,438,458,426,490,451,498
成都文理学院,四川,成都市,否,否,综合类,民办,466,494,459,500,461,499
成都银杏酒店管理学院,四川,成都市,否,否,财经类,民办,438,469,427,471,430,475
四川传媒学院,四川,成都市,否,否,综合类,民办,452,478,446,489,458,489
成都理工大学工程技术学院,四川,乐山市,否,否,理工类,民办,455,484,442,487,430,485
成都大学,四川,成都市,否,否,综合类,公办,548,548,539,553,542,556
新疆科技学院,新疆,巴音郭楞蒙古自治州,否,否,财经类,公办,473,503,461,510,467,509
湛江科技学院,广东,湛江市,否,否,综合类,民办,434,472,426,467,430,474
东莞城市学院,广东,东莞市,否,否,理工类,民办,433,464,426,466,430,474
电子科技大学中山学院,广东,中山市,否,否,理工类,民办,462,471,458,479,479,474
衡阳师范学院南岳学院,湖南,衡阳市,否,否,师范类,民办,474,503,469,509,469,509
湖南文理学院芙蓉学院,湖南,常德市,否,否,综合类,民办,455,493,440,496,436,493
南华大学船山学院,湖南,衡阳市,否,否,综合类,民办,460,495,439,501,430,493
湖南工业大学科技学院,湖南,株洲市,否,否,综合类,民办,462,488,442,492,434,490
湖南科技大学潇湘学院,湖南,湘潭市,否,否,综合类,民办,465,496,455,509,465,513
长沙理工大学城南学院,湖南,长沙市,否,否,理工类,民办,471,496,461,502,460,510
湖南农业大学东方科技学院,湖南,长沙市,否,否,综合类,民办,464,495,453,495,457,498
湖南第一师范学院,湖南,长沙市,否,否,师范类,公办,500,535,472,534,527,545
湖北恩施学院,湖北,恩施土家族苗族自治州,否,否,综合类,民办,463,500,485,502,463,495
郑州商学院,河南,郑州市,否,否,财经类,民办,446,483,426,487,445,487
景德镇艺术职业大学,江西,景德镇市,否,否,艺术类,民办,437,471,426,469,430,474
江西财经大学现代经济管理学院,江西,九江市,否,否,财经类,民办,448,488,432,500,430,499
南昌医学院,江西,南昌市,否,否,医药类,公办,526,539,523,540,528,536
南昌航空大学科技学院,江西,九江市,否,否,理工类,民办,465,480,449,488,440,480
赣东学院,江西,抚州市,否,否,综合类,公办,472,511,473,514,479,514
赣南科技学院,江西,赣州市,否,否,理工类,公办,490,509,481,515,481,514
南昌交通学院,江西,南昌市,否,否,理工类,民办,443,485,426,483,430,474
江西师范大学科学技术学院,江西,九江市,否,否,综合类,民办,463,500,449,508,435,509
江西农业大学南昌商学院,江西,九江市,否,否,综合类,民办,447,488,433,494,435,494
南昌大学科学技术学院,江西,九江市,否,否,综合类,民办,442,489,427,491,430,474
厦门工学院,福建,厦门市,否,否,理工类,民办,443,474,426,481,441,483
浙江越秀外国语学院,浙江,绍兴市,否,否,语言类,民办,433,464,426,469,432,474
宁波财经学院,浙江,宁波市,否,否,财经类,民办,433,466,426,471,430,482
上海财经大学浙江学院,浙江,金华市,否,否,财经类,民办,443,504,426,503,430,509
温州商学院,浙江,温州市,否,否,财经类,民办,433,472,428,475,431,482
浙江财经大学东方学院,浙江,嘉兴市,否,否,财经类,民办,433,492,426,497,430,505
浙江工商大学杭州商学院,浙江,杭州市,否,否,财经类,民办,436,480,426,479,439,486
温州理工学院,浙江,温州市,否,否,理工类,公办,502,515,489,522,483,518
绍兴文理学院元培学院,浙江,绍兴市,否,否,综合类,民办,442,486,426,483,435,489
湖州学院,浙江,湖州市,否,否,综合类,公办,491,510,478,518,478,517
浙江农林大学暨阳学院,浙江,绍兴市,否,否,农林类,民办,434,485,426,486,430,474
宁波大学科学技术学院,浙江,宁波市,否,否,综合类,民办,433,477,426,485,437,484
浙江师范大学行知学院,浙江,金华市,否,否,综合类,民办,441,480,426,481,430,495
浙江工业大学之江学院,浙江,绍兴市,否,否,理工类,民办,435,487,426,482,430,474
浙大城市学院,浙江,杭州市,否,否,综合类,公办,529,532,527,544,534,549
广西中医药大学赛恩斯新医药学院,广西,南宁市,否,否,医药类,民办,474,504,461,507,462,501
广西民族大学相思湖学院,广西,南宁市,否,否,民族类,民办,447,492,435,495,430,492
柳州工学院,广西,柳州市,否,否,理工类,民办,433,465,426,478,430,474
桂林信息科技学院,广西,桂林市,否,否,理工类,民办,437,467,426,466,430,480
广西民族师范学院,广西,崇左市,否,否,师范类,公办,477,495,466,514,477,515
兰州信息科技学院,甘肃,兰州市,否,否,理工类,民办,440,469,426,474,430,474
兰州工商学院,甘肃,兰州市,否,否,财经类,民办,433,472,433,480,430,477
甘肃民族师范学院,甘肃,甘南藏族自治州,否,否,师范类,公办,476,506,472,514,478,516
大连东软信息学院,辽宁,大连市,否,否,理工类,民办,435,462,426,466,430,474
沈阳科技学院,辽宁,沈阳市,否,否,理工类,民办,433,465,426,467,430,474
辽宁何氏医学院,辽宁,沈阳市,否,否,医药类,民办,473,474,471,474,469,474
辽宁中医药大学杏林学院,辽宁,沈阳市,否,否,医药类,民办,467,492,455,489,461,489
沈阳城市建设学院,辽宁,沈阳市,否,否,理工类,民办,433,463,426,468,430,474
辽宁师范大学海华学院,辽宁,大连市,否,否,综合类,民办,433,472,426,478,432,481
大连科技学院,辽宁,大连市,否,否,理工类,民办,435,464,426,466,433,475
沈阳城市学院,辽宁,沈阳市,否,否,综合类,民办,434,465,426,466,430,479
山西晋中理工学院,山西,晋中市,否,否,理工类,民办,445,470,437,476,432,479
晋中信息学院,山西,晋中市,否,否,理工类,民办,464,482,448,489,444,485
长春大学旅游学院,吉林,长春市,否,否,综合类,民办,433,464,426,466,430,474
长春财经学院,吉林,长春市,否,否,财经类,民办,433,467,426,468,430,474
长春光华学院,吉林,长春市,否,否,综合类,民办,433,473,426,473,430,474
天津天狮学院,天津,天津市,否,否,综合类,民办,433,463,426,470,430,474
天津财经大学珠江学院,天津,天津市,否,否,综合类,民办,438,479,426,480,438,479
天津理工大学中环信息学院,天津,天津市,否,否,综合类,民办,444,471,430,479,430,481
北京科技大学天津学院,天津,天津市,否,否,综合类,民办,443,488,426,492,430,494
天津商业大学宝德学院,天津,天津市,否,否,财经类,民办,436,472,426,474,432,482
天津传媒学院,天津,天津市,否,否,艺术类,民办,438,478,435,482,430,480
民政职业大学,北京,北京市,否,否,政法类,公办,353,436,280,399,254,366
银川能源学院,宁夏,银川市,否,否,理工类,民办,433,466,426,470,430,478
宁夏理工学院,宁夏,石嘴山市,否,否,理工类,民办,437,474,426,471,436,474
贵州黔南科技学院,贵州,黔南布依族苗族自治州,否,否,综合类,民办,451,486,444,483,449,501
贵州警察学院,贵州,贵阳市,否,否,政法类,公办,512,527,506,526,507,527
西安交通工程学院,陕西,西安市,否,否,理工类,民办,460,474,445,484,446,484
西安信息职业大学,陕西,西安市,否,否,理工类,民办,441,471,428,468,431,150
西安汽车职业大学,陕西,西安市,否,否,理工类,民办,440,468,427,466,430,476
西安欧亚学院,陕西,西安市,否,否,财经类,民办,437,474,429,476,430,474
陕西国际商贸学院,陕西,咸阳市,否,否,财经类,民办,443,478,428,482,430,483
陕西科技大学镐京学院,陕西,咸阳市,否,否,理工类,民办,441,473,426,477,438,477
西安建筑科技大学华清学院,陕西,西安市,否,否,理工类,民办,437,484,435,483,446,485
无锡太湖学院,江苏,无锡市,否,否,综合类,民办,434,474,426,484,440,488
云南经济管理学院,云南,昆明市,否,否,财经类,民办,459,487,434,492,430,493
昆明文理学院,云南,昆明市,否,否,师范类,民办,450,482,440,494,430,492
滇西科技师范学院,云南,临沧市,否,否,师范类,公办,478,500,472,515,477,513
昭通学院,云南,昭通市,否,否,综合类,公办,483,509,479,514,479,516
青岛黄海学院,山东,青岛市,否,否,综合类,民办,433,473,426,466,436,479
山东现代学院,山东,济南市,否,否,综合类,民办,433,473,432,475,430,477
山东工程职业技术大学,山东,济南市,否,否,理工类,民办,433,467,426,469,436,478
山东外国语职业技术大学,山东,日照市,否,否,语言类,民办,433,470,426,470,439,476
青岛恒星科技学院,山东,青岛市,否,否,综合类,民办,435,471,426,470,430,475
烟台南山学院,山东,烟台市,否,否,综合类,民办,444,474,426,472,444,488
齐鲁医药学院,山东,淄博市,否,否,医药类,民办,500,485,464,510,439,513
潍坊科技学院,山东,潍坊市,否,否,综合类,民办,447,478,428,482,430,475
山东英才学院,山东,济南市,否,否,综合类,民办,433,468,426,470,430,474
山东石油化工学院,山东,东营市,否,否,理工类,公办,494,512,480,516,478,515
济宁学院,山东,济宁市,否,否,综合类,公办,479,499,462,511,477,510
新疆天山职业技术大学,新疆,乌鲁木齐市,否,否,综合类,民办,443,469,426,482,442,491
新疆工程学院,新疆,乌鲁木齐市,否,否,理工类,公办,473,503,464,509,465,510
广东外语外贸大学南国商学院,广东,广州市,否,否,综合类,民办,433,460,426,466,430,508
广州城市理工学院,广东,广州市,否,否,理工类,民办,436,466,426,472,430,474
广州华立学院,广东,广州市,否,否,理工类,民办,433,463,426,466,430,474
广州商学院,广东,广州市,否,否,财经类,民办,434,476,426,466,430,498
广东轻工职业技术大学,广东,广州市,否,否,理工类,公办,451,464,423,461,417,446
湖南应用技术学院,湖南,常德市,否,否,综合类,民办,439,469,426,482,430,474
湖南汽车工程职业大学,湖南,株洲市,否,否,理工类,公办,346,367,268,322,150,150
长沙师范学院,湖南,长沙市,否,否,师范类,公办,497,521,508,531,514,526
湖南医药学院,湖南,怀化市,否,否,医药类,公办,537,532,528,536,525,536
湖南警察学院,湖南,长沙市,否,否,政法类,公办,516,530,509,534,510,536
湖南财政经济学院,湖南,长沙市,否,否,财经类,公办,512,519,509,524,519,540
武汉生物工程学院,湖北,武汉市,否,否,理工类,民办,470,484,457,486,430,486
武汉晴川学院,湖北,武汉市,否,否,综合类,民办,440,473,426,477,430,485
长江大学文理学院,湖北,荆州市,否,否,综合类,民办,459,489,432,494,463,494
湖北文理学院理工学院,湖北,襄阳市,否,否,理工类,民办,445,489,431,492,430,493
湖北师范大学文理学院,湖北,黄石市,否,否,师范类,民办,456,458,439,502,458,500
武汉工程大学邮电与信息工程学院,湖北,武汉市,否,否,理工类,民办,445,483,428,481,430,482
武昌工学院,湖北,武汉市,否,否,综合类,民办,442,471,426,479,430,480
湖北商贸学院,湖北,武汉市,否,否,财经类,民办,439,472,426,478,430,476
湖北工业大学工程技术学院,湖北,武汉市,否,否,综合类,民办,449,477,430,478,430,474
武汉工商学院,湖北,武汉市,否,否,综合类,民办,449,480,433,487,430,486
湖北大学知行学院,湖北,武汉市,否,否,理工类,民办,454,492,435,496,430,496
郑州工程技术学院,河南,郑州市,否,否,理工类,公办,485,503,478,511,480,515
河南财政金融学院,河南,郑州市,否,否,财经类,公办,483,504,471,466,466,523
泉州信息工程学院,福建,泉州市,否,否,理工类,民办,433,466,426,471,437,477
泉州职业技术大学,福建,泉州市,否,否,综合类,民办,433,467,426,469,437,476
厦门华厦学院,福建,厦门市,否,否,综合类,民办,441,477,430,481,430,493
闽南理工学院,福建,泉州市,否,否,理工类,民办,433,466,426,472,437,480
福建农林大学金山学院,福建,福州市,否,否,综合类,民办,464,480,433,481,430,483
福州大学至诚学院,福建,福州市,否,否,综合类,民办,446,487,426,485,437,493
闽南科技学院,福建,泉州市,否,否,理工类,民办,433,468,426,467,430,487
福州工商学院,福建,福州市,否,否,财经类,民办,433,471,426,466,447,494
福建师范大学协和学院,福建,福州市,否,否,综合类,民办,441,490,431,496,451,494
阳光学院,福建,福州市,否,否,综合类,民办,433,465,426,468,431,481
厦门大学嘉庚学院,福建,漳州市,否,否,综合类,民办,464,497,453,506,440,512
福建商学院,福建,福州市,否,否,财经类,公办,468,504,473,501,487,529
宁德师范学院,福建,宁德市,否,否,师范类,公办,479,508,473,518,474,519
武夷学院,福建,南平市,否,否,综合类,公办,478,503,474,511,472,518
安徽文达信息工程学院,安徽,合肥市,否,否,理工类,民办,439,469,426,468,430,478
安徽新华学院,安徽,合肥市,否,否,综合类,民办,436,475,426,474,430,474
池州学院,安徽,池州市,否,否,综合类,公办,477,505,471,509,471,517
浙江广厦建设职业技术大学,浙江,金华市,否,否,理工类,民办,435,465,426,466,150,150
浙江树人学院,浙江,杭州市,否,否,综合类,民办,433,473,434,479,442,485
金华职业技术大学,浙江,金华市,否,否,综合类,公办,442,488,423,466,420,472
武警海警学院,浙江,宁波市,否,否,政法类,公办,520,594,602,538,593,579
南宁学院,广西,南宁市,否,否,理工类,民办,437,473,426,486,430,474
广西城市职业大学,广西,崇左市,否,否,综合类,民办,433,464,426,469,430,476
桂林旅游学院,广西,桂林市,否,否,财经类,公办,471,505,471,513,476,515
桂林航天工业学院,广西,桂林市,否,否,理工类,公办,501,499,489,514,494,513
广西科技师范学院,广西,来宾市,否,否,师范类,公办,479,509,474,517,479,518
兰州资源环境职业技术大学,甘肃,兰州市,否,否,理工类,公办,471,412,243,371,150,294
甘肃警察学院,甘肃,兰州市,否,否,政法类,公办,349,395,303,376,250,363
兰州文理学院,甘肃,兰州市,否,否,综合类,公办,482,503,471,515,488,516
兰州石化职业技术大学,甘肃,兰州市,否,否,理工类,公办,478,389,465,323,341,150
陇南师范学院,甘肃,陇南市,否,否,师范类,公办,395,444,401,450,398,457
辽宁理工职业大学,辽宁,锦州市,否,否,理工类,民办,437,469,426,466,150,150
辽宁传媒学院,辽宁,沈阳市,否,否,艺术类,民办,433,458,426,474,436,478
沈阳工学院,辽宁,抚顺市,否,否,理工类,民办,438,467,426,466,430,475
朝阳师范学院,辽宁,朝阳市,否,否,师范类,公办,325,344,150,150,327,419
太原学院,山西,太原市,否,否,综合类,公办,477,498,470,516,430,513
吕梁学院,山西,吕梁市,否,否,综合类,公办,473,506,470,515,450,514
长春人文学院,吉林,长春市,否,否,综合类,民办,434,474,426,474,430,474
吉林警察学院,吉林,长春市,否,否,政法类,公办,485,515,483,519,492,522
吉林工商学院,吉林,长春市,否,否,财经类,公办,475,501,470,512,430,515
天津仁爱学院,天津,天津市,否,否,综合类,民办,433,471,426,469,430,474
六盘水师范学院,贵州,六盘水市,否,否,师范类,公办,478,512,472,516,485,520
河北工程大学科信学院,河北,邯郸市,否,否,理工类,民办,471,499,457,503,456,502
石家庄铁道大学四方学院,河北,石家庄市,否,否,理工类,民办,476,490,462,507,469,497
河北医科大学临床学院,河北,石家庄市,否,否,医药类,民办,527,508,522,510,519,507
贵州师范学院,贵州,贵阳市,否,否,师范类,公办,489,512,480,524,484,526
贵州商学院,贵州,贵阳市,否,否,财经类,公办,475,502,471,513,476,512
兰州博文科技学院,甘肃,兰州市,否,否,理工类,民办,437,471,426,467,430,479
青海大学昆仑学院,青海,西宁市,否,否,理工类,公办,457,489,426,497,459,489
常州大学怀德学院,江苏,泰州市,否,否,理工类,民办,447,482,432,486,430,489
大连财经学院,辽宁,大连市,否,否,财经类,民办,434,474,426,472,436,478
南通理工学院,江苏,南通市,否,否,综合类,民办,439,468,426,473,437,481
河北东方学院,河北,廊坊市,否,否,综合类,民办,442,472,426,474,436,484
琼台师范学院,海南,海口市,否,否,师范类,公办,479,509,479,518,485,523
亳州学院,安徽,亳州市,否,否,综合类,公办,470,504,470,511,465,516
河南城建学院,河南,平顶山市,否,否,理工类,公办,476,458,470,518,430,516
郑州工业应用技术学院,河南,郑州市,否,否,理工类,民办,444,479,436,481,430,477
荆楚理工学院,湖北,荆门市,否,否,理工类,公办,508,506,490,515,456,516
重庆工程学院,重庆,重庆市,否,否,理工类,民办,467,484,453,494,430,494
重庆第二师范学院,重庆,重庆市,否,否,师范类,公办,505,523,504,537,513,543
重庆电子科技职业大学,重庆,重庆市,否,否,理工类,公办,423,456,405,450,377,464
重庆机电职业技术大学,重庆,重庆市,否,否,理工类,民办,452,477,431,477,458,485
重庆工商大学派斯学院,重庆,重庆市,否,否,财经类,民办,458,488,449,493,442,495
重庆移通学院,重庆,重庆市,否,否,理工类,民办,460,483,445,486,430,474
重庆财经学院,重庆,重庆市,否,否,财经类,民办,465,496,454,508,435,507
重庆城市科技学院,重庆,重庆市,否,否,综合类,民办,459,492,447,495,430,493
重庆外语外事学院,重庆,重庆市,否,否,语言类,民办,454,486,448,496,452,497
重庆对外经贸学院,重庆,重庆市,否,否,财经类,民办,463,497,454,505,430,503
上海视觉艺术学院,上海,上海市,否,否,艺术类,民办,439,491,426,492,476,507
北京第二外国语学院中瑞酒店管理学院,北京,北京市,否,否,综合类,民办,433,459,426,466,432,474
珠海科技学院,广东,珠海市,否,否,综合类,民办,459,491,448,497,430,491
南京师范大学泰州学院,江苏,泰州市,否,否,师范类,民办,445,499,426,509,444,510
江苏大学京江学院,江苏,镇江市,否,否,综合类,民办,453,490,434,494,430,494
长春工业大学人文信息学院,吉林,长春市,否,否,综合类,民办,433,466,426,466,430,474
西安财经大学行知学院,陕西,西安市,否,否,财经类,民办,451,478,441,487,443,490
长春建筑学院,吉林,长春市,否,否,理工类,民办,433,464,426,466,430,474
无锡学院,江苏,无锡市,否,否,理工类,公办,517,522,502,525,493,519
河北地质大学华信学院,河北,石家庄市,否,否,综合类,民办,438,474,426,466,430,487
北京中医药大学东方学院,河北,廊坊市,否,否,医药类,民办,482,507,460,506,455,508
青岛城市学院,山东,青岛市,否,否,理工类,民办,434,472,426,473,430,474
燕京理工学院,河北,廊坊市,否,否,理工类,民办,436,480,426,482,430,480
四川工商学院,四川,成都市,否,否,综合类,民办,458,487,448,492,448,494
海口经济学院,海南,海口市,否,否,综合类,民办,433,460,426,466,430,474
河北传媒学院,河北,石家庄市,否,否,艺术类,民办,446,483,449,488,430,477
四川音乐学院,四川,成都市,否,否,艺术类,公办,478,458,472,516,502,525
浙江水利水电学院,浙江,杭州市,否,否,理工类,公办,513,511,501,520,506,529
湖北第二师范学院,湖北,武汉市,否,否,师范类,公办,476,520,503,529,508,539
四川警察学院,四川,泸州市,否,否,政法类,公办,525,536,515,539,521,543
西交利物浦大学,江苏,苏州市,否,否,综合类,中外合作办学,564,551,542,549,551,550
三亚学院,海南,三亚市,否,否,综合类,民办,433,465,428,466,430,482
黑龙江外国语学院,黑龙江,哈尔滨市,否,否,语言类,民办,433,464,426,466,430,477
河南工程学院,河南,郑州市,否,否,理工类,公办,482,506,476,514,483,516
武汉纺织大学外经贸学院,湖北,武汉市,否,否,综合类,民办,443,474,429,472,430,474
广州软件学院,广东,广州市,否,否,理工类,民办,438,461,426,471,430,474
大连理工大学城市学院,辽宁,大连市,否,否,理工类,民办,433,463,426,474,436,474
上海外国语大学贤达经济人文学院,上海,上海市,否,否,财经类,民办,433,460,426,466,430,474
北京理工大学珠海学院,广东,珠海市,否,否,理工类,民办,527,531,515,542,523,543
广州应用科技学院,广东,广州市,否,否,综合类,民办,433,472,426,472,430,474
大连工业大学艺术与信息工程学院,辽宁,大连市,否,否,理工类,民办,433,462,426,466,430,474
广州新华学院,广东,广州市,否,否,综合类,民办,439,472,426,478,430,474
武汉体育学院体育科技学院,湖北,武汉市,否,否,体育类,民办,433,462,437,474,430,485
昆明城市学院,云南,昆明市,否,否,综合类,民办,444,486,431,487,430,474
山东政法学院,山东,济南市,否,否,政法类,公办,512,531,505,538,514,541
吉林师范大学博达学院,吉林,四平市,否,否,师范类,民办,442,476,439,484,430,474
北京师范大学-香港浸会大学联合国际学院,广东,珠海市,否,否,综合类,内地与港澳台地区合作办学,554,551,536,555,548,560
长春科技学院,吉林,长春市,否,否,综合类,民办,457,476,426,468,430,474
兰州城市学院,甘肃,兰州市,否,否,综合类,公办,476,504,457,514,480,517
安顺学院,贵州,安顺市,否,否,综合类,公办,479,511,476,517,446,517
西安医学院,陕西,西安市,否,否,医药类,公办,576,511,561,512,555,521
菏泽学院,山东,菏泽市,否,否,综合类,公办,456,504,471,513,470,514
安康学院,陕西,安康市,否,否,综合类,公办,476,504,473,513,474,516
商洛学院,陕西,商洛市,否,否,综合类,公办,477,502,473,514,466,513
三明学院,福建,三明市,否,否,综合类,公办,479,507,470,510,478,517
贺州学院,广西,贺州市,否,否,综合类,公办,478,508,460,515,475,516
长治学院,山西,长治市,否,否,综合类,公办,475,508,471,516,483,517
北部湾大学,广西,钦州市,否,否,综合类,公办,488,508,477,519,457,524
丽水学院,浙江,丽水市,否,否,综合类,公办,484,510,468,519,491,522
百色学院,广西,百色市,否,否,综合类,公办,476,503,470,513,473,515
梧州学院,广西,梧州市,否,否,综合类,公办,476,507,466,513,480,514
龙岩学院,福建,龙岩市,否,否,综合类,公办,479,502,470,516,473,518
海南热带海洋学院,海南,三亚市,否,否,综合类,公办,481,509,465,505,508,524
青岛滨海学院,山东,青岛市,否,否,综合类,民办,451,467,433,471,435,475
辽宁对外经贸学院,辽宁,大连市,否,否,财经类,民办,433,461,426,466,430,474
长沙医学院,湖南,长沙市,否,否,医药类,民办,499,501,454,476,496,510
呼伦贝尔学院,内蒙古,呼伦贝尔市,否,否,综合类,公办,473,503,465,511,473,511
宁夏师范大学,宁夏,固原市,否,否,师范类,公办,479,512,460,519,488,521
贵州工程应用技术学院,贵州,毕节市,否,否,师范类,公办,477,506,470,512,444,515
重庆人文科技学院,重庆,重庆市,否,否,综合类,民办,472,499,468,511,467,511
中国人民解放军战略支援部队信息工程大学,河南,郑州市,否,否,军事类,公办,634,588,610,576,613,579
香港中文大学,香港,新界,否,否,综合类,公办,658,616,650,622,647,610
山东大学（威海）,山东,威海市,是,是,综合类,公办,624,586,620,594,619,598
东北大学秦皇岛分校,河北,秦皇岛市,是,是,理工类,公办,616,579,606,587,612,589
宁波诺丁汉大学,浙江,宁波市,否,否,综合类,中外合作办学,581,559,557,557,558,562
上海师范大学天华学院,上海,上海市,否,否,综合类,民办,433,465,426,478,430,482
集美大学诚毅学院,福建,厦门市,否,否,综合类,民办,462,499,444,501,430,497
安徽中医药大学,安徽,合肥市,否,否,医药类,公办,503,535,490,537,514,541
南京财经大学红山学院,江苏,镇江市,否,否,综合类,民办,444,492,426,495,430,494
宁波工程学院,浙江,宁波市,否,否,理工类,公办,499,509,486,468,492,531
湖南涉外经济学院,湖南,长沙市,否,否,财经类,民办,433,466,426,466,430,481
西京学院,陕西,西安市,否,否,理工类,民办,454,496,441,497,430,491
西安翻译学院,陕西,西安市,否,否,语言类,民办,433,478,433,486,430,474
常熟理工学院,江苏,苏州市,否,否,理工类,公办,499,509,473,505,448,531
三江学院,江苏,南京市,否,否,综合类,民办,434,458,426,503,446,501
洛阳理工学院,河南,洛阳市,否,否,理工类,公办,496,511,482,514,493,517
武汉城市学院,湖北,武汉市,否,否,理工类,民办,444,476,431,479,430,474
宿迁学院,江苏,宿迁市,否,否,综合类,公办,477,509,474,516,483,518
武汉学院,湖北,武汉市,否,否,综合类,民办,446,479,431,481,430,474
保定理工学院,河北,保定市,否,否,理工类,民办,435,471,426,468,435,483
辽宁理工学院,辽宁,锦州市,否,否,理工类,民办,433,468,426,466,430,475
武汉东湖学院,湖北,武汉市,否,否,综合类,民办,449,484,427,484,445,493
武昌理工学院,湖北,武汉市,否,否,综合类,民办,443,484,430,487,430,486
郑州师范学院,河南,郑州市,否,否,师范类,公办,499,501,494,532,498,534
东南大学成贤学院,江苏,南京市,否,否,综合类,民办,469,496,447,504,454,506
武汉工程科技学院,湖北,武汉市,否,否,理工类,民办,441,476,426,476,430,474
南京理工大学泰州科技学院,江苏,泰州市,否,否,理工类,民办,451,482,428,495,430,497
南京特殊教育师范学院,江苏,南京市,否,否,师范类,公办,477,505,479,523,487,526
南京警察学院,江苏,南京市,否,否,政法类,公办,564,558,571,576,560,572
电子科技大学成都学院,四川,成都市,否,否,理工类,民办,464,485,456,501,457,502
陕西警察学院,陕西,西安市,否,否,政法类,公办,432,457,415,459,399,459
中国矿业大学徐海学院,江苏,徐州市,否,否,综合类,民办,449,493,429,498,430,490
郑州财经学院,河南,郑州市,否,否,财经类,民办,451,483,453,495,454,496
三峡大学科技学院,湖北,宜昌市,否,否,综合类,民办,466,498,446,499,430,502
北京邮电大学世纪学院,北京,北京市,否,否,综合类,民办,449,475,438,469,430,499
郑州经贸学院,河南,郑州市,否,否,财经类,民办,445,479,430,485,433,484
北京工业大学耿丹学院,北京,北京市,否,否,综合类,民办,433,467,426,466,436,478
北京金融科技学院,北京,北京市,否,否,财经类,民办,433,468,443,472,437,474
武昌首义学院,湖北,武汉市,否,否,理工类,民办,461,486,449,493,430,474
武汉华夏理工学院,湖北,武汉市,否,否,理工类,民办,442,465,426,481,430,483
广州南方学院,广东,广州市,否,否,综合类,民办,444,474,426,474,430,474
天水师范学院,甘肃,天水市,否,否,师范类,公办,475,511,470,511,461,522
陇东学院,甘肃,庆阳市,否,否,综合类,公办,472,505,471,514,465,514
上海电机学院,上海,上海市,否,否,理工类,公办,533,515,520,524,537,526
塔里木大学,新疆,自治区直辖县级行政区划,否,否,综合类,公办,472,504,466,513,452,510
榆林学院,陕西,榆林市,否,否,综合类,公办,480,512,469,516,478,516
曲靖师范学院,云南,曲靖市,否,否,师范类,公办,481,511,477,516,489,524
成都体育学院,四川,成都市,否,否,体育类,公办,543,535,535,544,536,544
乐山师范学院,四川,乐山市,否,否,师范类,公办,488,516,484,524,491,527
宜宾学院,四川,宜宾市,否,否,综合类,公办,490,515,484,522,487,521
内江师范学院,四川,内江市,否,否,师范类,公办,493,522,495,532,495,527
绵阳师范学院,四川,绵阳市,否,否,师范类,公办,492,518,490,529,500,533
文华学院,湖北,武汉市,否,否,综合类,民办,457,482,441,497,430,495
成都医学院,四川,成都市,否,否,医药类,公办,560,548,552,549,551,549
重庆工商大学,重庆,重庆市,否,否,财经类,公办,540,536,532,554,557,567
湖南人文科技学院,湖南,娄底市,否,否,综合类,公办,478,505,473,513,471,517
辽宁科技学院,辽宁,本溪市,否,否,理工类,公办,478,505,471,512,464,508
浙江传媒学院,浙江,杭州市,否,否,艺术类,公办,503,529,517,550,528,555
南京工业职业技术大学,江苏,南京市,否,否,理工类,公办,483,506,467,510,408,463
淮阴师范学院,江苏,淮安市,否,否,师范类,公办,485,523,471,528,430,530
绥化学院,黑龙江,绥化市,否,否,综合类,公办,472,495,467,511,468,513
哈尔滨师范大学,黑龙江,哈尔滨市,否,否,师范类,公办,520,547,519,554,540,559
厦门理工学院,福建,厦门市,否,否,理工类,公办,520,519,512,537,516,539
湖北经济学院法商学院,湖北,武汉市,否,否,财经类,民办,435,475,426,476,430,483
徐州工程学院,江苏,徐州市,否,否,综合类,公办,483,520,428,524,490,525
金陵科技学院,江苏,南京市,否,否,理工类,公办,512,503,497,523,502,534
吉林医药学院,吉林,吉林市,否,否,医药类,公办,515,502,497,511,487,509
广西财经学院,广西,南宁市,否,否,财经类,公办,476,520,505,528,507,530
黑河学院,黑龙江,黑河市,否,否,综合类,公办,462,504,468,511,468,512
昆明学院,云南,昆明市,否,否,综合类,公办,510,519,491,524,504,532
西安文理学院,陕西,西安市,否,否,综合类,公办,495,507,498,514,508,528
赤峰学院,内蒙古,赤峰市,否,否,综合类,公办,474,504,466,511,449,512
重庆文理学院,重庆,重庆市,否,否,综合类,公办,510,517,507,537,510,541
伊犁师范大学,新疆,伊犁哈萨克自治州,否,否,师范类,公办,465,506,468,513,469,514
河池学院,广西,河池市,否,否,综合类,公办,475,505,471,514,474,513
广西中医药大学,广西,南宁市,否,否,医药类,公办,523,530,506,532,501,537
广东金融学院,广东,广州市,否,否,财经类,公办,521,531,510,538,509,539
湖北理工学院,湖北,黄石市,否,否,理工类,公办,507,507,497,515,506,489
安庆师范大学,安徽,安庆市,否,否,师范类,公办,516,526,501,538,503,538
阜阳师范大学,安徽,阜阳市,否,否,师范类,公办,494,483,482,532,491,532
福建中医药大学,福建,福州市,否,否,医药类,公办,519,538,505,536,521,536
重庆交通大学,重庆,重庆市,否,否,理工类,公办,556,547,542,557,531,560
吉林农业科技学院,吉林,吉林市,否,否,农林类,公办,475,499,469,512,471,511
大庆师范学院,黑龙江,大庆市,否,否,师范类,公办,475,501,464,511,473,512
上海政法学院,上海,上海市,否,否,政法类,公办,572,570,560,573,587,581
上海商学院,上海,上海市,否,否,财经类,公办,505,522,505,535,514,540
重庆科技大学,重庆,重庆市,否,否,理工类,公办,518,513,509,533,515,537
武汉科技大学,湖北,武汉市,否,否,综合类,公办,523,544,553,545,581,566
广州科技职业技术大学,广东,广州市,否,否,综合类,民办,433,463,426,466,430,474
广东理工学院,广东,肇庆市,否,否,理工类,民办,434,465,426,466,438,474
广东工商职业技术大学,广东,肇庆市,否,否,综合类,民办,292,308,150,150,150,150
广东白云学院,广东,广州市,否,否,综合类,民办,434,470,426,469,430,477
广东技术师范大学,广东,广州市,否,否,师范类,公办,500,515,493,532,504,536
广东警官学院,广东,广州市,否,否,政法类,公办,521,534,512,541,526,543
南方医科大学,广东,广州市,否,否,医药类,公办,610,555,535,565,617,567
中国人民解放军国防科技大学,湖南,长沙市,是,是,军事类,公办,655,594,645,621,646,598
贵州大学,贵州,贵阳市,否,是,综合类,公办,572,573,592,579,595,585
西南大学,重庆,重庆市,否,是,综合类,公办,605,582,597,590,606,595
攀枝花学院,四川,攀枝花市,否,否,综合类,公办,546,511,533,518,537,518
西昌学院,四川,凉山彝族自治州,否,否,综合类,公办,480,507,474,516,478,516
江西应用科技学院,江西,南昌市,否,否,综合类,民办,433,465,426,466,437,479
晋中学院,山西,晋中市,否,否,综合类,公办,479,502,472,515,474,514
山西中医药大学,山西,晋中市,否,否,医药类,公办,581,569,569,572,570,570
南昌职业大学,江西,南昌市,否,否,综合类,民办,433,466,426,468,435,477
江西职业技术大学,江西,九江市,否,否,综合类,公办,392,410,295,356,150,298
新余学院,江西,新余市,否,否,综合类,公办,477,502,473,515,481,517
萍乡学院,江西,萍乡市,否,否,综合类,公办,471,501,471,515,469,515
郑州警察学院,河南,郑州市,否,否,政法类,公办,581,570,549,565,548,553
黄淮学院,河南,驻马店市,否,否,综合类,公办,476,503,471,515,476,515
河南科技学院,河南,新乡市,否,否,综合类,公办,483,507,476,517,477,516
平顶山学院,河南,平顶山市,否,否,综合类,公办,472,505,471,514,473,514
北京信息科技大学,北京,北京市,否,否,理工类,公办,588,563,578,575,584,575
安阳师范学院,河南,安阳市,否,否,师范类,公办,487,515,477,522,483,524
信阳师范大学,河南,信阳市,否,否,师范类,公办,482,509,464,514,485,524
首都经济贸易大学,北京,北京市,否,否,财经类,公办,581,561,592,586,608,589
江西警察学院,江西,南昌市,否,否,政法类,公办,506,531,498,529,501,532
河南中医药大学,河南,郑州市,否,否,医药类,公办,527,533,506,546,521,540
豫章师范学院,江西,南昌市,否,否,师范类,公办,478,508,388,514,443,514
江西科技学院,江西,南昌市,否,否,综合类,民办,455,476,445,480,443,483
南昌理工学院,江西,南昌市,否,否,综合类,民办,449,480,435,479,430,479
南昌工程学院,江西,南昌市,否,否,理工类,公办,501,512,485,520,479,524
北京体育大学,北京,北京市,否,是,体育类,公办,590,548,588,582,580,584
西安思源学院,陕西,西安市,否,否,综合类,民办,452,486,441,490,430,495
西安外事学院,陕西,西安市,否,否,综合类,民办,459,480,450,490,454,491
南阳理工学院,河南,南阳市,否,否,理工类,公办,490,508,478,510,487,517
安阳工学院,河南,安阳市,否,否,理工类,公办,480,504,472,512,471,513
河南师范大学,河南,新乡市,否,否,师范类,公办,520,528,538,552,548,554
中国石油大学（北京）,北京,北京市,否,是,理工类,公办,616,579,602,584,605,584
华北电力大学,北京,北京市,否,是,理工类,公办,626,577,612,586,616,586
中国地质大学（北京）,北京,北京市,否,是,理工类,公办,599,577,593,585,596,586
吉利学院,四川,成都市,否,否,理工类,民办,437,465,426,468,430,474
汉江师范学院,湖北,十堰市,否,否,师范类,公办,480,515,475,525,485,526
武汉商学院,湖北,武汉市,否,否,财经类,公办,448,467,494,535,510,537
四川工业科技学院,四川,德阳市,否,否,综合类,民办,445,476,430,476,440,480
四川文理学院,四川,达州市,否,否,综合类,公办,484,512,476,519,486,521
四川工程职业技术大学,四川,德阳市,否,否,理工类,公办,434,460,406,449,378,448
南通大学,江苏,南通市,否,否,综合类,公办,558,556,547,557,558,561
辽宁工程技术大学,辽宁,阜新市,否,否,理工类,公办,528,536,519,541,521,546
阿坝师范学院,四川,阿坝藏族羌族自治州,否,否,师范类,公办,478,508,475,516,478,518
四川民族学院,四川,甘孜藏族自治州,否,否,民族类,公办,476,505,471,514,476,514
四川旅游学院,四川,成都市,否,否,综合类,公办,480,504,474,517,481,519
成都艺术职业大学,四川,成都市,否,否,艺术类,民办,439,471,426,473,443,481
成都东软学院,四川,成都市,否,否,理工类,民办,520,475,515,479,521,488
成都工业学院,四川,成都市,否,否,理工类,公办,502,499,493,518,499,521
齐齐哈尔工程学院,黑龙江,齐齐哈尔市,否,否,综合类,民办,433,462,426,466,430,474
黑龙江工业学院,黑龙江,鸡西市,否,否,综合类,公办,474,500,465,510,464,510
哈尔滨信息工程学院,黑龙江,哈尔滨市,否,否,理工类,民办,433,465,426,467,430,474
河北外国语学院,河北,石家庄市,否,否,语言类,民办,433,463,426,477,430,474
哈尔滨职业技术大学,黑龙江,哈尔滨市,否,否,综合类,公办,295,329,150,241,150,150
哈尔滨金融学院,黑龙江,哈尔滨市,否,否,财经类,公办,476,506,463,512,475,515
上海中侨职业技术大学,上海,上海市,否,否,财经类,民办,433,462,426,466,432,474
河北工业职业技术大学,河北,石家庄市,否,否,理工类,公办,475,502,328,299,150,150
河北科技工程职业技术大学,河北,邢台市,否,否,理工类,公办,478,501,458,507,150,150
河北金融学院,河北,保定市,否,否,财经类,公办,489,475,480,525,491,529
邢台医学院,河北,邢台市,否,否,医药类,公办,413,450,368,441,330,450
河北石油职业技术大学,河北,承德市,否,否,理工类,公办,477,503,464,506,150,150
北华航天工业学院,河北,廊坊市,否,否,理工类,公办,503,504,492,510,497,518
上海兴伟学院,上海,上海市,否,否,综合类,民办,433,458,426,466,430,474
上海立达学院,上海,上海市,否,否,财经类,民办,433,460,426,466,430,474
上海建桥学院,上海,上海市,否,否,财经类,民办,433,465,426,466,430,474
电子科技大学,四川,成都市,是,是,理工类,公办,655,583,646,594,652,596
上海海关学院,上海,上海市,否,否,财经类,公办,540,545,608,591,538,552
防灾科技学院,河北,廊坊市,否,否,综合类,公办,502,515,493,527,498,529
沧州师范学院,河北,沧州市,否,否,师范类,公办,482,509,472,518,482,521
保定学院,河北,保定市,否,否,综合类,公办,477,483,472,517,468,521
深圳职业技术大学,广东,深圳市,否,否,综合类,公办,463,489,445,482,434,487
广州工商学院,广东,广州市,否,否,财经类,民办,435,461,426,467,432,476
邯郸学院,河北,邯郸市,否,否,师范类,公办,474,507,470,510,451,516
衡水学院,河北,衡水市,否,否,综合类,公办,488,505,478,511,481,516
廊坊师范学院,河北,廊坊市,否,否,师范类,公办,478,499,473,515,467,519
唐山师范学院,河北,唐山市,否,否,师范类,公办,479,483,470,511,430,512
山东师范大学,山东,济南市,否,否,师范类,公办,533,540,515,543,570,567
中央司法警官学院,河北,保定市,否,否,政法类,公办,591,570,543,563,569,562
石家庄铁道大学,河北,石家庄市,否,否,理工类,公办,530,538,519,546,542,551
河北地质大学,河北,石家庄市,否,否,理工类,公办,502,512,493,505,503,538
华北科技学院,河北,廊坊市,否,否,理工类,公办,492,507,482,519,494,527
河北建筑工程学院,河北,张家口市,否,否,理工类,公办,478,504,471,510,484,514
河北工程大学,河北,邯郸市,否,否,理工类,公办,510,522,496,533,491,536
承德医学院,河北,承德市,否,否,医药类,公办,561,515,549,517,547,517
燕山大学,河北,秦皇岛市,否,否,综合类,公办,545,546,541,546,573,563
华北理工大学,河北,唐山市,否,否,综合类,公办,532,538,517,540,522,548
河北医科大学,河北,石家庄市,否,否,医药类,公办,618,525,609,535,617,535
河北师范大学,河北,石家庄市,否,否,师范类,公办,525,553,515,559,542,563
国际关系学院,北京,北京市,否,否,政法类,公办,616,581,609,590,616,598
北京语言大学,北京,北京市,否,否,语言类,公办,581,571,591,584,597,587
华北电力大学保定校区,河北,保定市,否,是,理工类,公办,618,556,603,580,606,580
北京印刷学院,北京,北京市,否,否,理工类,公办,527,545,525,568,540,565
首都师范大学,北京,北京市,否,否,师范类,公办,622,581,610,593,615,599
首都体育学院,北京,北京市,否,否,体育类,公办,509,524,497,538,500,545
北京物资学院,北京,北京市,否,否,财经类,公办,534,548,515,558,568,562
外交学院,北京,北京市,否,否,语言类,公办,641,598,634,605,648,610
北京石油化工学院,北京,北京市,否,否,综合类,公办,523,507,518,527,520,532
中国劳动关系学院,北京,北京市,否,否,政法类,公办,524,531,514,540,519,541
中国人民公安大学,北京,北京市,否,否,政法类,公办,655,585,643,593,632,596
北京联合大学,北京,北京市,否,否,综合类,公办,538,532,533,542,531,543
中国戏曲学院,北京,北京市,否,否,艺术类,公办,520,555,559,561,581,572
北京工商大学,北京,北京市,否,否,财经类,公办,568,565,567,574,574,577
中国政法大学,北京,北京市,否,是,政法类,公办,634,610,631,614,641,616
中华女子学院,北京,北京市,否,否,语言类,公办,537,542,536,561,558,558
中央财经大学,北京,北京市,否,是,财经类,公办,643,604,632,613,644,615
北京电影学院,北京,北京市,否,否,艺术类,公办,621,565,612,563,621,600
北京城市学院,北京,北京市,否,否,综合类,民办,464,496,458,505,442,501
中国传媒大学,北京,北京市,否,是,综合类,公办,612,578,604,608,625,609
中国农业大学,北京,北京市,是,是,农林类,公办,628,591,616,602,623,602
北京化工大学,北京,北京市,否,是,理工类,公办,612,576,602,585,606,586
鲁东大学,山东,烟台市,否,否,综合类,公办,500,526,495,536,495,537
烟台大学,山东,烟台市,否,否,综合类,公办,512,533,506,539,514,541
潍坊学院,山东,潍坊市,否,否,综合类,公办,484,514,475,519,472,521
泰山学院,山东,泰安市,否,否,综合类,公办,479,499,472,512,471,512
北方民族大学,宁夏,银川市,否,否,综合类,公办,491,518,479,521,485,523
宁夏大学,宁夏,银川市,否,是,综合类,公办,555,565,553,568,565,569
广西民族大学,广西,南宁市,否,否,民族类,公办,486,511,483,496,493,536
山东农业大学,山东,泰安市,否,否,农林类,公办,546,532,537,534,533,490
南宁师范大学,广西,南宁市,否,否,师范类,公办,492,526,497,534,506,539
山东理工大学,山东,淄博市,否,否,理工类,公办,529,531,517,537,534,542
广西科技大学,广西,柳州市,否,否,理工类,公办,501,507,488,516,492,476
山东财经大学,山东,济南市,否,否,财经类,公办,547,553,515,559,552,541
山东交通学院,山东,济南市,否,否,理工类,公办,497,522,486,524,498,525
桂林理工大学,广西,桂林市,否,否,理工类,公办,537,522,529,531,535,531
广西师范大学,广西,桂林市,否,否,师范类,公办,516,534,507,538,515,546
内蒙古财经大学,内蒙古,呼和浩特市,否,否,财经类,公办,491,520,472,523,494,526
山东建筑大学,山东,济南市,否,否,理工类,公办,528,535,522,538,521,567
山东工商学院,山东,烟台市,否,否,财经类,公办,484,512,426,520,487,524
遵义师范学院,贵州,遵义市,否,否,师范类,公办,468,498,495,527,503,529
黔南民族师范学院,贵州,黔南布依族苗族自治州,否,否,师范类,公办,468,507,475,514,467,517
贵州中医药大学,贵州,贵阳市,否,否,医药类,公办,520,541,517,548,516,547
贵州财经大学,贵州,贵阳市,否,否,财经类,公办,523,530,513,529,521,548
内蒙古师范大学,内蒙古,呼和浩特市,否,否,师范类,公办,483,511,471,479,430,527
遵义医科大学,贵州,遵义市,否,否,医药类,公办,597,520,591,526,596,527
贵州民族大学,贵州,贵阳市,否,否,民族类,公办,500,543,491,547,497,547
贵州师范大学,贵州,贵阳市,否,否,师范类,公办,480,543,523,547,521,540
海南医科大学,海南,海口市,否,否,医药类,公办,593,503,583,532,586,529
海南师范大学,海南,海口市,否,否,师范类,公办,523,537,515,541,530,546
曲阜师范大学,山东,济宁市,否,否,师范类,公办,549,530,549,539,547,543
青岛理工大学,山东,青岛市,否,否,理工类,公办,542,538,527,551,521,554
内蒙古民族大学,内蒙古,通辽市,否,否,综合类,公办,477,500,467,515,430,515
内蒙古科技大学,内蒙古,包头市,否,否,综合类,公办,525,505,519,496,523,526
海南大学,海南,海口市,否,是,综合类,公办,591,572,560,578,560,584
河西学院,甘肃,张掖市,否,否,综合类,公办,474,504,471,515,473,514
甘肃政法大学,甘肃,兰州市,否,否,政法类,公办,557,551,550,554,552,556
兰州财经大学,甘肃,兰州市,否,否,财经类,公办,494,517,445,525,512,538
青岛大学,山东,青岛市,否,否,综合类,公办,567,552,534,555,521,551
甘肃中医药大学,甘肃,兰州市,否,否,医药类,公办,565,548,552,552,551,552
临沂大学,山东,临沂市,否,否,综合类,公办,505,520,486,498,483,535
西北师范大学,甘肃,兰州市,否,否,师范类,公办,538,544,534,548,551,560
聊城大学,山东,聊城市,否,否,综合类,公办,495,524,487,536,480,539
甘肃农业大学,甘肃,兰州市,否,否,农林类,公办,490,514,479,527,491,529
青岛农业大学,山东,青岛市,否,否,农林类,公办,502,519,490,533,485,537
河南财经政法大学,河南,郑州市,否,否,财经类,公办,520,546,538,556,553,559
商丘师范学院,河南,商丘市,否,否,师范类,公办,476,506,470,507,480,526
兰州交通大学,甘肃,兰州市,否,否,理工类,公办,540,539,524,545,528,549
南阳师范学院,河南,南阳市,否,否,师范类,公办,479,513,471,501,474,517
洛阳师范学院,河南,洛阳市,否,否,综合类,公办,484,514,481,518,485,524
兰州理工大学,甘肃,兰州市,否,否,理工类,公办,535,537,519,543,535,549
中原工学院,河南,郑州市,否,否,理工类,公办,486,516,473,522,430,526
西北民族大学,甘肃,兰州市,否,否,综合类,公办,575,511,558,524,555,528
郑州航空工业管理学院,河南,郑州市,否,否,综合类,公办,491,511,480,517,487,474
莆田学院,福建,莆田市,否,否,综合类,公办,491,514,476,520,481,522
闽江学院,福建,福州市,否,否,综合类,公办,494,473,486,526,500,533
闽南师范大学,福建,漳州市,否,否,师范类,公办,481,521,426,532,505,537
泉州师范学院,福建,泉州市,否,否,师范类,公办,476,514,469,530,493,534
福建理工大学,福建,福州市,否,否,理工类,公办,497,520,468,512,480,512
福建师范大学,福建,福州市,否,否,师范类,公办,548,562,523,562,566,568
仰恩大学,福建,泉州市,否,否,综合类,民办,433,489,452,486,450,480
集美大学,福建,厦门市,否,否,综合类,公办,547,556,539,559,544,573
西藏民族大学,陕西,咸阳市,否,否,民族类,公办,495,514,482,518,486,520
福建农林大学,福建,福州市,否,否,农林类,公办,531,542,523,550,527,553
河南工业大学,河南,郑州市,否,否,理工类,公办,529,536,520,542,521,549
华侨大学,福建,泉州市,否,否,综合类,公办,567,557,550,558,531,555
河南理工大学,河南,焦作市,否,否,理工类,公办,533,526,523,535,526,537
河南农业大学,河南,郑州市,否,否,农林类,公办,517,503,506,532,509,534
湖北文理学院,湖北,襄阳市,否,否,综合类,公办,492,521,476,522,477,527
河南科技大学,河南,洛阳市,否,否,综合类,公办,530,536,535,543,543,548
河南大学,河南,开封市,否,否,综合类,公办,532,566,515,574,580,578
郑州轻工业大学,河南,郑州市,否,否,理工类,公办,549,524,539,532,541,534
湖北科技学院,湖北,咸宁市,否,否,综合类,公办,498,506,487,515,490,521
黑龙江东方学院,黑龙江,哈尔滨市,否,否,综合类,民办,433,463,426,468,430,474
齐齐哈尔医学院,黑龙江,齐齐哈尔市,否,否,医药类,公办,521,506,510,512,512,513
湖北民族大学,湖北,恩施土家族苗族自治州,否,否,综合类,公办,489,515,436,527,512,532
黑龙江科技大学,黑龙江,哈尔滨市,否,否,理工类,公办,496,505,486,517,490,522
黑龙江工程学院,黑龙江,哈尔滨市,否,否,理工类,公办,479,504,468,508,430,516
武汉体育学院,湖北,武汉市,否,否,体育类,公办,497,510,482,519,488,522
哈尔滨学院,黑龙江,哈尔滨市,否,否,综合类,公办,474,505,467,513,475,515
东北石油大学,黑龙江,大庆市,否,否,理工类,公办,529,535,519,542,524,545
湖北经济学院,湖北,武汉市,否,否,财经类,公办,510,502,506,535,513,536
哈尔滨商业大学,黑龙江,哈尔滨市,否,否,财经类,公办,524,538,521,543,521,547
湖北工程学院,湖北,孝感市,否,否,理工类,公办,492,506,474,504,468,530
牡丹江师范学院,黑龙江,牡丹江市,否,否,师范类,公办,467,502,470,512,455,513
黑龙江中医药大学,黑龙江,哈尔滨市,否,否,医药类,公办,547,553,542,552,544,558
黄冈师范学院,湖北,黄冈市,否,否,师范类,公办,486,514,478,523,485,523
湖北师范大学,湖北,黄石市,否,否,师范类,公办,519,531,515,541,521,546
湖北医药学院,湖北,十堰市,否,否,医药类,公办,543,514,533,523,528,525
湖北中医药大学,湖北,武汉市,否,否,医药类,公办,527,534,513,533,520,543
武汉轻工大学,湖北,武汉市,否,否,理工类,公办,525,526,515,539,517,540
武汉工程大学,湖北,武汉市,否,否,理工类,公办,565,549,556,556,562,556
湖北工业大学,湖北,武汉市,否,否,理工类,公办,582,537,565,540,571,556
武汉纺织大学,湖北,武汉市,否,否,理工类,公办,533,536,515,538,536,552
三峡大学,湖北,宜昌市,否,否,综合类,公办,551,537,552,546,548,555
江汉大学,湖北,武汉市,否,否,综合类,公办,558,534,510,542,518,542
哈尔滨医科大学,黑龙江,哈尔滨市,否,否,医药类,公办,575,538,595,542,530,547
长江大学,湖北,荆州市,否,否,综合类,公办,539,544,526,551,528,553
黑龙江八一农垦大学,黑龙江,大庆市,否,否,农林类,公办,480,504,469,499,430,520
哈尔滨理工大学,黑龙江,哈尔滨市,否,否,理工类,公办,538,533,522,540,521,548
湖北大学,湖北,武汉市,否,否,综合类,公办,576,563,560,567,569,572
齐齐哈尔大学,黑龙江,齐齐哈尔市,否,否,综合类,公办,483,511,470,517,482,519
中南民族大学,湖北,武汉市,否,否,综合类,公办,542,546,539,541,537,569
黑龙江大学,黑龙江,哈尔滨市,否,否,综合类,公办,532,534,544,551,541,553
华中师范大学,湖北,武汉市,否,是,师范类,公办,604,577,625,602,625,600
东北林业大学,黑龙江,哈尔滨市,否,是,农林类,公办,588,567,582,574,590,578
邵阳学院,湖南,邵阳市,否,否,综合类,公办,482,511,449,516,495,505
华中农业大学,湖北,武汉市,否,是,农林类,公办,597,576,583,584,601,586
怀化学院,湖南,怀化市,否,否,综合类,公办,492,510,481,517,484,518
湖南文理学院,湖南,常德市,否,否,综合类,公办,493,495,478,523,500,536
中南财经政法大学,湖北,武汉市,否,是,财经类,公办,578,585,609,594,617,597
吉林财经大学,吉林,长春市,否,否,财经类,公办,508,529,499,534,508,541
吉林外国语大学,吉林,长春市,否,否,语言类,民办,447,482,443,466,430,512
白城师范学院,吉林,白城市,否,否,师范类,公办,472,501,466,513,477,513
湖南科技学院,湖南,永州市,否,否,综合类,公办,457,506,487,514,496,522
通化师范学院,吉林,通化市,否,否,师范类,公办,471,499,469,512,467,513
湖南工商大学,湖南,长沙市,否,否,财经类,公办,540,539,536,549,538,552
衡阳师范学院,湖南,衡阳市,否,否,师范类,公办,442,518,491,534,502,536
吉林工程技术师范学院,吉林,长春市,否,否,师范类,公办,466,499,468,511,472,511
长春中医药大学,吉林,长春市,否,否,医药类,公办,557,548,538,546,547,556
湘南学院,湖南,郴州市,否,否,综合类,公办,529,514,501,518,437,519
湖南中医药大学,湖南,长沙市,否,否,医药类,公办,548,573,542,561,590,565
中南林业科技大学,湖南,长沙市,否,否,农林类,公办,526,538,515,546,549,551
湖南工程学院,湖南,湘潭市,否,否,理工类,公办,501,506,493,472,500,530
湖南工业大学,湖南,株洲市,否,否,综合类,公办,537,537,529,544,538,552
湖南城市学院,湖南,益阳市,否,否,综合类,公办,487,509,476,466,479,521
长春工程学院,吉林,长春市,否,否,理工类,公办,483,504,470,509,459,514
湖南农业大学,湖南,长沙市,否,否,农林类,公办,538,524,532,539,517,542
吉林师范大学,吉林,四平市,否,否,师范类,公办,477,518,433,532,510,537
长沙理工大学,湖南,长沙市,否,否,理工类,公办,590,552,579,554,586,564
湖南科技大学,湖南,湘潭市,否,否,综合类,公办,535,544,515,548,543,557
长春师范大学,吉林,长春市,否,否,师范类,公办,470,511,483,515,489,532
吉首大学,湖南,湘西土家族苗族自治州,否,否,综合类,公办,532,482,524,533,532,535
湘潭大学,湖南,湘潭市,否,否,综合类,公办,584,566,568,577,573,578
西安培华学院,陕西,西安市,否,否,综合类,民办,464,492,450,495,451,493
长春理工大学,吉林,长春市,否,否,理工类,公办,544,535,525,544,524,546
长春大学,吉林,长春市,否,否,综合类,公办,499,508,493,524,498,527
西北政法大学,陕西,西安市,否,否,政法类,公办,590,581,603,584,611,588
西安财经大学,陕西,西安市,否,否,财经类,公办,555,562,549,566,548,560
北华大学,吉林,吉林市,否,否,综合类,公办,496,521,492,531,495,529
西安外国语大学,陕西,西安市,否,否,语言类,公办,544,545,568,571,581,577
青海民族大学,青海,西宁市,否,否,民族类,公办,486,505,475,519,430,519
陕西理工大学,陕西,汉中市,否,否,理工类,公办,558,522,534,535,533,538
青海师范大学,青海,西宁市,否,否,师范类,公办,506,492,488,526,466,527
宝鸡文理学院,陕西,宝鸡市,否,否,师范类,公办,484,489,473,517,469,523
渭南师范学院,陕西,渭南市,否,否,师范类,公办,476,506,455,515,467,522
青海大学,青海,西宁市,否,是,综合类,公办,563,552,552,557,553,557
咸阳师范学院,陕西,咸阳市,否,否,师范类,公办,475,516,502,525,505,527
陕西中医药大学,陕西,咸阳市,否,否,医药类,公办,557,552,549,551,553,555
西藏大学,西藏,拉萨市,否,是,综合类,公办,576,527,511,540,515,542
西安邮电大学,陕西,西安市,否,否,理工类,公办,593,532,549,542,539,551
大理大学,云南,大理白族自治州,否,否,综合类,公办,513,525,505,531,510,537
西安工业大学,陕西,西安市,否,否,理工类,公办,573,540,561,554,563,556
云南警官学院,云南,昆明市,否,否,政法类,公办,514,534,513,538,515,537
云南财经大学,云南,昆明市,否,否,财经类,公办,514,529,513,541,519,541
红河学院,云南,红河哈尼族彝族自治州,否,否,综合类,公办,476,503,472,513,475,514
西安石油大学,陕西,西安市,否,否,理工类,公办,558,527,554,553,561,557
楚雄师范学院,云南,楚雄彝族自治州,否,否,师范类,公办,479,504,474,514,479,514
西安科技大学,陕西,西安市,否,否,理工类,公办,560,547,545,553,556,556
玉溪师范学院,云南,玉溪市,否,否,师范类,公办,484,508,479,513,491,524
西安理工大学,陕西,西安市,否,否,理工类,公办,596,545,582,550,583,558
云南中医药大学,云南,昆明市,否,否,医药类,公办,518,536,510,550,533,545
西南林业大学,云南,昆明市,否,否,农林类,公办,510,531,501,538,511,540
云南民族大学,云南,昆明市,否,否,综合类,公办,510,498,510,523,514,538
云南师范大学,云南,昆明市,否,否,师范类,公办,533,540,522,547,530,548
云南农业大学,云南,昆明市,否,否,农林类,公办,517,522,485,528,503,533
昆明理工大学,云南,昆明市,否,否,理工类,公办,559,546,537,548,522,558
铜陵学院,安徽,铜陵市,否,否,财经类,公办,484,516,473,518,473,514
合肥大学,安徽,合肥市,否,否,综合类,公办,498,473,482,526,430,530
延安大学,陕西,延安市,否,否,综合类,公办,495,520,488,528,484,538
安徽财经大学,安徽,蚌埠市,否,否,财经类,公办,529,533,515,557,561,566
陕西师范大学,陕西,西安市,否,是,师范类,公办,618,581,609,590,607,591
西北农林科技大学,陕西,咸阳市,是,是,农林类,公办,600,579,596,587,601,590
西安交通大学,陕西,西安市,是,是,综合类,公办,667,604,654,609,655,610
上海杉达学院,上海,上海市,否,否,财经类,民办,433,464,426,466,430,474
淮北师范大学,安徽,淮北市,否,否,综合类,公办,503,523,457,533,508,541
上海戏剧学院,上海,上海市,否,否,艺术类,公办,569,557,604,580,591,574
上海体育大学,上海,上海市,否,否,体育类,公办,518,533,508,526,516,553
华东政法大学,上海,上海市,否,否,政法类,公办,609,582,575,587,607,595
安徽建筑大学,安徽,合肥市,否,否,理工类,公办,526,527,515,544,536,548
上海立信会计金融学院,上海,上海市,否,否,财经类,公办,576,565,582,575,592,577
上海对外经贸大学,上海,上海市,否,否,财经类,公办,581,573,579,580,601,582
上海电力大学,上海,上海市,否,否,理工类,公办,599,557,589,565,590,569
上海应用技术大学,上海,上海市,否,否,理工类,公办,534,542,515,545,555,562
安徽师范大学,安徽,芜湖市,否,否,师范类,公办,520,536,530,558,558,562
上海海事大学,上海,上海市,否,否,理工类,公办,555,558,530,570,575,575
上海第二工业大学,上海,上海市,否,否,理工类,公办,553,537,544,552,560,551
上海师范大学,上海,上海市,否,否,综合类,公办,573,539,567,567,581,579
上海海洋大学,上海,上海市,否,否,农林类,公办,538,551,567,562,576,571
上海工程技术大学,上海,上海市,否,否,理工类,公办,561,526,558,526,569,538
广东财经大学,广东,广州市,否,否,财经类,公办,566,564,560,566,581,571
嘉应学院,广东,梅州市,否,否,综合类,公办,480,505,473,513,484,514
岭南师范学院,广东,湛江市,否,否,师范类,公办,466,478,486,531,498,531
广州大学,广东,广州市,否,否,综合类,公办,597,569,593,576,597,580
东莞理工学院,广东,东莞市,否,否,理工类,公办,562,526,548,533,558,537
广东外语外贸大学,广东,广州市,否,否,语言类,公办,533,559,570,568,573,570
广州中医药大学,广东,广州市,否,否,医药类,公办,580,572,525,563,587,550
广东海洋大学,广东,湛江市,否,否,综合类,公办,531,528,516,535,542,542
广东工业大学,广东,广州市,否,否,理工类,公办,520,547,588,548,590,564
深圳大学,广东,深圳市,否,否,综合类,公办,618,579,604,589,616,591
汕头大学,广东,汕头市,否,否,综合类,公办,578,561,579,564,576,556
太原师范学院,山西,晋中市,否,否,师范类,公办,507,517,503,527,499,530
山西大同大学,山西,大同市,否,否,综合类,公办,487,510,483,512,482,522
忻州师范学院,山西,忻州市,否,否,师范类,公办,467,508,469,518,479,519
长治医学院,山西,长治市,否,否,医药类,公办,529,507,470,513,526,514
太原科技大学,山西,太原市,否,否,理工类,公办,515,523,500,529,502,534
中北大学,山西,太原市,否,否,综合类,公办,544,533,521,550,528,553
川北医学院,四川,南充市,否,否,医药类,公办,549,542,546,545,549,546
山西财经大学,山西,太原市,否,否,财经类,公办,530,545,525,550,525,551
西南医科大学,四川,泸州市,否,否,医药类,公办,543,550,537,553,537,556
四川轻化工大学,四川,自贡市,否,否,理工类,公办,529,536,519,542,524,544
山西师范大学,山西,太原市,否,否,师范类,公办,494,475,489,543,496,542
山西医科大学,山西,太原市,否,否,医药类,公办,606,517,592,525,599,524
成都信息工程大学,四川,成都市,否,否,理工类,公办,546,535,541,542,543,546
山西农业大学,山西,晋中市,否,否,农林类,公办,496,512,519,514,515,533
西南石油大学,四川,成都市,否,否,综合类,公办,583,549,571,551,567,559
中国民用航空飞行学院,四川,德阳市,否,否,理工类,公办,542,517,530,528,521,532
西华师范大学,四川,南充市,否,否,师范类,公办,524,539,522,545,532,549
四川师范大学,四川,成都市,否,否,师范类,公办,531,550,537,561,560,565
成都中医药大学,四川,成都市,否,否,医药类,公办,535,536,526,546,530,545
西南科技大学,四川,绵阳市,否,否,理工类,公办,532,537,523,543,528,549
山西大学,山西,太原市,否,否,综合类,公办,566,559,561,561,540,559
浙江万里学院,浙江,宁波市,否,否,理工类,公办,485,505,476,515,480,513
浙江财经大学,浙江,杭州市,否,否,财经类,公办,569,565,569,560,590,582
浙江工商大学,浙江,杭州市,否,否,财经类,公办,545,572,550,577,584,576
温州大学,浙江,温州市,否,否,综合类,公办,542,534,515,542,523,548
绍兴文理学院,浙江,绍兴市,否,否,综合类,公办,482,514,426,521,499,534
台州学院,浙江,台州市,否,否,综合类,公办,483,516,426,526,496,533
湖州师范学院,浙江,湖州市,否,否,综合类,公办,554,543,552,550,549,549
杭州师范大学,浙江,杭州市,否,否,综合类,公办,536,547,515,551,557,574
浙江农林大学,浙江,杭州市,否,否,农林类,公办,527,549,534,552,552,558
浙江海洋大学,浙江,舟山市,否,否,农林类,公办,515,519,510,534,517,540
中国计量大学,浙江,杭州市,否,否,理工类,公办,583,559,572,568,580,579
西华大学,四川,成都市,否,否,综合类,公办,541,546,534,552,536,556
嘉兴大学,浙江,嘉兴市,否,否,综合类,公办,515,535,499,540,505,540
浙江理工大学,浙江,杭州市,否,否,理工类,公办,590,558,580,565,586,562
浙江师范大学,浙江,金华市,否,否,综合类,公办,560,562,564,573,588,578
宁波大学,浙江,宁波市,否,否,综合类,公办,585,578,585,581,596,583
昌吉学院,新疆,昌吉回族自治州,否,否,综合类,公办,469,501,466,511,461,504
新疆财经大学,新疆,乌鲁木齐市,否,否,财经类,公办,474,509,473,515,473,521
喀什大学,新疆,喀什地区,否,否,综合类,公办,472,503,466,512,468,511
新疆师范大学,新疆,乌鲁木齐市,否,否,师范类,公办,474,524,460,529,486,529
新疆农业大学,新疆,乌鲁木齐市,否,否,农林类,公办,477,506,468,515,466,513
成都理工大学,四川,成都市,否,否,理工类,公办,567,551,565,560,578,563
西南民族大学,四川,成都市,否,否,民族类,公办,532,538,527,559,556,562
东北财经大学,辽宁,大连市,否,否,财经类,公办,596,573,593,571,611,563
辽宁师范大学,辽宁,大连市,否,否,师范类,公办,433,515,494,537,510,542
沈阳大学,辽宁,沈阳市,否,否,综合类,公办,497,510,481,466,502,533
沈阳师范大学,辽宁,沈阳市,否,否,师范类,公办,491,509,481,523,482,534
大连交通大学,辽宁,大连市,否,否,理工类,公办,538,524,515,535,548,537
大连大学,辽宁,大连市,否,否,综合类,公办,512,528,506,537,511,542
沈阳理工大学,辽宁,沈阳市,否,否,理工类,公办,535,512,526,479,536,533
大连外国语大学,辽宁,大连市,否,否,语言类,公办,520,539,523,538,568,564
渤海大学,辽宁,锦州市,否,否,综合类,公办,510,517,498,527,502,536
沈阳航空航天大学,辽宁,沈阳市,否,否,理工类,公办,563,523,546,526,557,534
大连民族大学,辽宁,大连市,否,否,民族类,公办,530,514,523,522,527,522
鞍山师范学院,辽宁,鞍山市,否,否,师范类,公办,463,504,470,512,474,516
中国刑事警察学院,辽宁,沈阳市,否,否,政法类,公办,605,596,621,593,606,584
石河子大学,新疆,自治区直辖县级行政区划,否,是,综合类,公办,550,552,542,555,553,558
重庆三峡学院,重庆,重庆市,否,否,综合类,公办,513,492,505,535,493,538
井冈山大学,江西,吉安市,否,否,综合类,公办,502,508,491,499,500,533
四川美术学院,重庆,重庆市,否,否,艺术类,公办,521,485,515,542,529,535
九江学院,江西,九江市,否,否,综合类,公办,458,505,501,510,489,519
四川外国语大学,重庆,重庆市,否,否,语言类,公办,551,551,576,570,591,582
宜春学院,江西,宜春市,否,否,综合类,公办,479,514,470,516,478,515
长江师范学院,重庆,重庆市,否,否,师范类,公办,496,523,492,536,511,539
江西科技师范大学,江西,南昌市,否,否,师范类,公办,492,543,484,550,486,548
赣南师范大学,江西,赣州市,否,否,师范类,公办,524,536,534,547,545,553
辽东学院,辽宁,丹东市,否,否,综合类,公办,475,499,467,511,443,511
重庆理工大学,重庆,重庆市,否,否,理工类,公办,565,544,552,551,566,559
上饶师范学院,江西,上饶市,否,否,师范类,公办,457,506,476,521,480,525
江西中医药大学,江西,南昌市,否,否,医药类,公办,550,553,552,557,562,555
重庆邮电大学,重庆,重庆市,否,否,理工类,公办,600,564,594,572,601,576
景德镇陶瓷大学,江西,景德镇市,否,否,艺术类,公办,501,516,481,523,485,528
西南政法大学,重庆,重庆市,否,否,政法类,公办,595,586,595,589,613,593
重庆师范大学,重庆,重庆市,否,否,师范类,公办,535,556,566,563,564,563
重庆医科大学,重庆,重庆市,否,否,医药类,公办,552,531,604,568,574,564
南昌航空大学,江西,南昌市,否,否,理工类,公办,563,524,550,530,561,540
江西财经大学,江西,南昌市,否,否,财经类,公办,580,567,577,574,581,583
江西师范大学,江西,南昌市,否,否,师范类,公办,527,561,515,565,558,561
扬州大学,江苏,扬州市,否,否,综合类,公办,535,555,562,565,566,568
江西农业大学,江西,南昌市,否,否,农林类,公办,540,511,531,537,532,534
江苏大学,江苏,镇江市,否,否,综合类,公办,574,558,542,538,522,579
南京林业大学,江苏,南京市,否,否,农林类,公办,565,556,553,560,573,575
江苏师范大学,江苏,徐州市,否,否,师范类,公办,520,533,514,544,520,548
南京信息工程大学,江苏,南京市,否,否,综合类,公办,596,563,587,570,591,573
江西理工大学,江西,赣州市,否,否,理工类,公办,529,535,519,544,534,549
南京财经大学,江苏,南京市,否,否,财经类,公办,571,569,571,578,589,580
苏州科技大学,江苏,苏州市,否,否,综合类,公办,549,545,541,552,560,558
南京中医药大学,江苏,南京市,否,否,医药类,公办,556,573,526,568,587,568
江苏科技大学,江苏,镇江市,否,否,理工类,公办,543,544,525,548,548,551
南京邮电大学,江苏,南京市,否,否,理工类,公办,612,564,591,571,598,577
杭州电子科技大学,浙江,杭州市,否,否,理工类,公办,610,547,598,538,602,572
常州大学,江苏,常州市,否,否,理工类,公办,530,536,518,545,521,551
盐城工学院,江苏,盐城市,否,否,理工类,公办,486,511,474,517,480,515
盐城师范学院,江苏,盐城市,否,否,师范类,公办,480,525,430,531,489,533
淮阴工学院,江苏,淮安市,否,否,理工类,公办,480,509,426,514,486,506
南京审计大学,江苏,南京市,否,否,财经类,公办,587,570,586,578,596,583
江苏理工学院,江苏,常州市,否,否,理工类,公办,503,510,496,500,509,536
常州工学院,江苏,常州市,否,否,理工类,公办,507,506,495,513,502,512
南京晓庄学院,江苏,南京市,否,否,师范类,公办,514,508,505,541,513,542
南京工程学院,江苏,南京市,否,否,理工类,公办,520,514,514,466,520,536
北京科技大学,北京,北京市,否,是,理工类,公办,628,540,612,591,621,595
北京理工大学,北京,北京市,是,是,理工类,公办,670,605,662,607,662,600
东北师范大学,吉林,长春市,否,是,师范类,公办,560,578,608,588,607,588
清华大学,北京,北京市,是,是,综合类,公办,698,647,693,655,696,647
太原理工大学,山西,太原市,否,是,理工类,公办,600,567,590,577,597,581
东北农业大学,黑龙江,哈尔滨市,否,是,农林类,公办,565,562,560,571,562,572
上海外国语大学,上海,上海市,否,是,语言类,公办,621,589,625,611,636,614
东北大学,辽宁,沈阳市,是,是,理工类,公办,620,581,614,588,621,592
华东理工大学,上海,上海市,否,是,理工类,公办,624,579,607,588,621,592
复旦大学,上海,上海市,是,是,综合类,公办,684,629,679,640,683,635
华东师范大学,上海,上海市,是,是,师范类,公办,638,605,647,617,653,622
上海财经大学,上海,上海市,否,是,财经类,公办,646,604,649,614,661,626
延边大学,吉林,延边朝鲜族自治州,否,是,综合类,公办,557,556,547,564,561,565
武汉理工大学,湖北,武汉市,否,是,理工类,公办,617,578,603,585,609,587
华中科技大学,湖北,武汉市,是,是,综合类,公办,665,599,649,608,652,611
山东大学,山东,济南市,是,是,综合类,公办,639,592,628,596,630,607
上海交通大学,上海,上海市,是,是,综合类,公办,686,633,668,643,692,640
哈尔滨工程大学,黑龙江,哈尔滨市,否,是,理工类,公办,625,573,610,578,612,577
中南大学,湖南,长沙市,是,是,综合类,公办,640,592,616,601,627,604
吉林大学,吉林,长春市,是,是,综合类,公办,619,592,595,603,626,603
中国地质大学（武汉）,湖北,武汉市,否,是,理工类,公办,603,576,597,586,602,588
中国石油大学（华东）,山东,青岛市,否,是,理工类,公办,607,575,594,583,602,586
重庆大学,重庆,重庆市,是,是,综合类,公办,627,591,619,601,627,604
苏州大学,江苏,苏州市,否,是,综合类,公办,618,581,584,587,618,593
中国药科大学,江苏,南京市,否,是,医药类,公办,614,566,597,585,609,589
河海大学,江苏,南京市,否,是,综合类,公办,611,580,595,580,609,592
南京师范大学,江苏,南京市,否,是,师范类,公办,608,587,607,600,614,599
浙江大学,浙江,杭州市,是,是,综合类,公办,683,623,677,633,681,632
南京农业大学,江苏,南京市,否,是,农林类,公办,595,575,592,581,597,584
南京理工大学,江苏,南京市,否,是,理工类,公办,630,574,619,582,617,583
南京大学,江苏,南京市,是,是,综合类,公办,678,621,669,632,675,631
中国矿业大学,江苏,徐州市,否,是,综合类,公办,600,575,591,579,599,585
东南大学,江苏,南京市,是,是,综合类,公办,660,604,647,609,646,612
南昌大学,江西,南昌市,否,是,综合类,公办,605,575,593,583,597,585
西北工业大学,陕西,西安市,是,是,理工类,公办,656,585,640,592,640,595
暨南大学,广东,广州市,否,是,综合类,公办,620,582,614,594,603,593
华南理工大学,广东,广州市,是,是,综合类,公办,647,594,633,599,644,594
中山大学,广东,广州市,是,是,综合类,公办,654,609,637,616,634,617
福州大学,福建,福州市,否,是,理工类,公办,600,578,602,589,603,591
厦门大学,福建,厦门市,是,是,综合类,公办,650,609,644,620,643,622
西南财经大学,四川,成都市,否,是,财经类,公办,609,586,608,594,618,598
四川农业大学,四川,成都市,否,是,农林类,公办,573,566,567,571,567,573
四川大学,四川,成都市,是,是,综合类,公办,635,598,635,606,637,607
华南师范大学,广东,广州市,否,是,师范类,公办,539,563,604,589,607,591
兰州大学,甘肃,兰州市,是,是,综合类,公办,619,582,607,590,619,596
广西大学,广西,南宁市,否,是,综合类,公办,587,571,584,575,593,583
天津农学院,天津,天津市,否,否,农林类,公办,518,507,502,514,498,519
天津体育学院,天津,天津市,否,否,体育类,公办,486,506,480,511,485,518
天津职业技术师范大学,天津,天津市,否,否,师范类,公办,482,512,478,529,496,534
天津中医药大学,天津,天津市,否,否,医药类,公办,550,544,533,551,553,554
中国民航大学,天津,天津市,否,否,理工类,公办,563,558,531,573,537,575
天津外国语大学,天津,天津市,否,否,语言类,公办,529,545,540,558,552,565
江南大学,江苏,无锡市,否,是,综合类,公办,613,579,601,583,603,586
天津商业大学,天津,天津市,否,否,财经类,公办,523,537,515,545,535,549
天津财经大学,天津,天津市,否,否,财经类,公办,571,562,570,565,584,569
天津科技大学,天津,天津市,否,否,理工类,公办,547,547,542,554,561,551
天津工业大学,天津,天津市,否,否,综合类,公办,599,565,585,568,588,571
天津师范大学,天津,天津市,否,否,师范类,公办,543,546,521,565,580,572
南京航空航天大学,江苏,南京市,否,是,理工类,公办,635,581,619,587,623,590
上海大学,上海,上海市,否,是,综合类,公办,621,579,607,594,616,601
新疆大学,新疆,乌鲁木齐市,否,是,综合类,公办,550,565,518,568,560,571
同济大学,上海,上海市,是,是,综合类,公办,666,610,659,622,666,623
济南大学,山东,济南市,否,否,综合类,公办,539,545,525,539,521,559
安徽农业大学,安徽,合肥市,否,否,农林类,公办,536,545,539,552,546,554
安徽工业大学,安徽,马鞍山市,否,否,理工类,公办,534,535,522,544,521,546
安徽大学,安徽,合肥市,否,是,综合类,公办,601,576,595,584,603,586
滨州医学院,山东,烟台市,否,否,医药类,公办,502,505,499,522,500,525
合肥工业大学,安徽,合肥市,否,是,理工类,公办,600,572,594,577,604,584
郑州大学,河南,郑州市,否,是,综合类,公办,587,580,596,583,603,587
中国海洋大学,山东,青岛市,是,是,综合类,公办,623,585,612,588,620,597
天津大学,天津,天津市,是,是,综合类,公办,647,600,629,608,647,612
南开大学,天津,天津市,是,是,综合类,公办,656,611,654,622,661,622
湖南师范大学,湖南,长沙市,否,是,师范类,公办,598,576,592,586,602,589
西安电子科技大学,陕西,西安市,否,是,理工类,公办,648,578,636,584,638,583
河北大学,河北,保定市,否,否,综合类,公办,538,557,528,565,571,568
对外经济贸易大学,北京,北京市,否,是,财经类,公办,640,604,629,616,653,615
北京师范大学,北京,北京市,是,是,师范类,公办,649,617,642,625,656,624
西南交通大学,四川,成都市,否,是,理工类,公办,606,578,605,586,610,589
辽宁大学,辽宁,沈阳市,否,是,综合类,公办,598,575,590,540,595,587
北京中医药大学,北京,北京市,否,是,医药类,公办,596,582,590,584,607,582
北京邮电大学,北京,北京市,否,是,理工类,公办,650,582,637,596,644,597
北京航空航天大学,北京,北京市,是,是,理工类,公办,674,606,665,615,671,617
中国人民大学,北京,北京市,是,是,综合类,公办,679,626,668,637,679,634
中央民族大学,北京,北京市,是,是,民族类,公办,606,582,605,596,614,601
湖南大学,湖南,长沙市,是,是,综合类,公办,633,593,622,602,628,606
北京林业大学,北京,北京市,否,是,农林类,公办,602,577,583,583,601,567
武汉大学,湖北,武汉市,是,是,综合类,公办,658,614,646,624,655,627
河北工业大学,天津,天津市,否,是,理工类,公办,603,573,596,578,599,582
中央音乐学院,北京,北京市,否,是,艺术类,公办,310,310,305,305,305,305
北京外国语大学,北京,北京市,否,是,语言类,公办,608,568,628,612,638,613
北京交通大学,北京,北京市,否,是,理工类,公办,633,585,616,592,622,551
西北大学,陕西,西安市,否,是,综合类,公办,605,573,599,588,601,591
长安大学,陕西,西安市,否,是,理工类,公办,607,577,599,584,604,585
云南大学,云南,昆明市,否,是,综合类,公办,590,573,593,585,605,588
大连海事大学,辽宁,大连市,否,是,理工类,公办,600,573,595,584,600,585
内蒙古大学,内蒙古,呼和浩特市,否,是,综合类,公办,522,563,558,566,562,568
北京大学,北京,北京市,是,是,综合类,公办,698,639,694,648,698,641
